-- phpMyAdmin SQL Dump
-- version 5.2.1
-- https://www.phpmyadmin.net/
--
-- Host: 127.0.0.1
-- Generation Time: Jun 10, 2025 at 10:47 PM
-- Server version: 10.4.32-MariaDB
-- PHP Version: 8.2.12

SET SQL_MODE = "NO_AUTO_VALUE_ON_ZERO";
START TRANSACTION;
SET time_zone = "+00:00";


/*!40101 SET @OLD_CHARACTER_SET_CLIENT=@@CHARACTER_SET_CLIENT */;
/*!40101 SET @OLD_CHARACTER_SET_RESULTS=@@CHARACTER_SET_RESULTS */;
/*!40101 SET @OLD_COLLATION_CONNECTION=@@COLLATION_CONNECTION */;
/*!40101 SET NAMES utf8mb4 */;

--
-- Database: `saffoury_paper`
--

DELIMITER $$
--
-- Procedures
--
DROP PROCEDURE IF EXISTS `MinusQuantity`$$
CREATE DEFINER=`root`@`localhost` PROCEDURE `MinusQuantity` (IN `warehouse_id` INT, IN `product_id` INT, IN `new_quantity` DOUBLE, IN `old_quantity` DOUBLE)   BEGIN
DECLARE total DOUBLE;
IF old_quantity > -1 THEN
SET total = old_quantity - new_quantity;
ELSE
SET total = new_quantity;
END IF;
IF NOT EXISTS (
        SELECT 1
        FROM inventory
        WHERE inventory.ProductID = product_id
                AND inventory.WarehouseID = warehouse_id
) THEN -- If not, add the product to the stock table
INSERT INTO inventory (ProductID, WarehouseID, quantity)
VALUES (product_id, warehouse_id, -1*total);
-- Initial quantity from sales
ELSE
UPDATE inventory
set quantity = inventory.quantity - total,date=NOW()
WHERE product_id = inventory.ProductID
        AND warehouse_id = inventory.WarehouseID;
END IF;
END$$

DROP PROCEDURE IF EXISTS `PlusQuantity`$$
CREATE DEFINER=`root`@`localhost` PROCEDURE `PlusQuantity` (IN `warehouse_id` INT, IN `product_id` INT, IN `new_quantity` DOUBLE, IN `old_quantity` DOUBLE)   BEGIN
DECLARE total DOUBLE;
IF old_quantity > -1 THEN
SET total = old_quantity - new_quantity;
ELSE
SET total = new_quantity;
END IF;
IF NOT EXISTS (
        SELECT 1
        FROM inventory
        WHERE inventory.ProductID = product_id
                AND inventory.WarehouseID = warehouse_id
) THEN -- If not, add the product to the stock table
INSERT INTO inventory (ProductID, WarehouseID, quantity)
VALUES (product_id, warehouse_id, total);
-- Initial quantity from sales
ELSE
UPDATE inventory
set quantity = inventory.quantity + total,date = NOW()
WHERE product_id = inventory.ProductID
        AND warehouse_id = inventory.WarehouseID;
END IF;
END$$

DELIMITER ;

-- --------------------------------------------------------

--
-- Table structure for table `account_names`
--

DROP TABLE IF EXISTS `account_names`;
CREATE TABLE `account_names` (
  `iD` int(11) NOT NULL,
  `TypeID` int(11) DEFAULT NULL,
  `name` varchar(50) NOT NULL
) ENGINE=InnoDB DEFAULT CHARSET=utf8 COLLATE=utf8_general_ci;
w
--
-- Dumping data for table `account_names`
--

INSERT  INTO `account_names` (`iD`, `TypeID`, `name`) VALUES
(1, NULL, 'مصاريف صيانة'),
(2, NULL, 'TEST2'),
(3, NULL, 'TEST3'),
(4, NULL, 'TEST4'),
(5, NULL, 'TEST5'),
(6, NULL, 'TEST6'),
(7, NULL, 'TEST7'),
(8, NULL, 'TEST8'),
(9, NULL, 'TEST9'),
(10, NULL, 'TEST10'),
(11, NULL, 'TEST11'),
(12, NULL, 'TEST12'),
(13, NULL, '21 صيانة'),
(14, NULL, 'Test 1'),
(16, NULL, 'Currency'),
(21, NULL, 'toto'),
(22, NULL, 'soso'),
(23, NULL, 'hfk'),
(24, NULL, 'رواتب'),
(25, NULL, 'fuxj you'),
(26, NULL, 'asum'),
(27, NULL, 'زكاة'),
(28, NULL, 'مصاريف هاتف'),
(29, NULL, 'مصاريف منزل'),
(30, NULL, 'ابو يزن'),
(32, NULL, 'اكرم مدخنه (مستودع)'),
(33, NULL, 'اكراميات'),
(34, NULL, 'للتذكرة'),
(35, NULL, 'مصاريف مكتب'),
(36, NULL, 'سامر بهلول'),
(37, NULL, 'ايردات'),
(38, NULL, 'يزن الصفوري'),
(39, NULL, 'تسوية الصندوق'),
(40, NULL, 'ى'),
(41, NULL, 'ينيهي'),
(42, NULL, 'يزينب'),
(43, NULL, 'اجور نقل'),
(44, NULL, 'حبر للطابعة'),
(45, NULL, 'امجد دين'),
(46, NULL, 'مستلزمات الطابعة'),
(47, NULL, 'شراء طابعة'),
(48, NULL, 'مصاريف مكتب ماء مقطرة'),
(49, NULL, 'سلف موظفين'),
(50, NULL, 'مصاريف قص'),
(51, NULL, 'مصاريف سجل'),
(52, NULL, 'مصاريف بانزين'),
(53, NULL, 'قصي الصفوري'),
(54, NULL, 'نسبة نور الدين'),
(55, NULL, 'يزن مسحوبات شخصي'),
(56, NULL, 'نور دين قوصيني'),
(57, NULL, 'اكرامية'),
(58, NULL, 'زكاة بيدالاستاذ قصي'),
(59, NULL, 'زكاة جمعية'),
(60, NULL, 'مصاريف اجرة ستافه'),
(61, NULL, 'سلفه لامجد'),
(62, NULL, 'سلفه يحيى'),
(63, NULL, 'مصاريف سجل التجاري'),
(64, NULL, 'مصاريف بيت ومكتب'),
(65, NULL, 'Chin one paper Co'),
(66, NULL, 'حسام اليوسف');

-- --------------------------------------------------------

--
-- Table structure for table `account_names_types`
--

DROP TABLE IF EXISTS `account_names_types`;
CREATE TABLE `account_names_types` (
  `iD` int(11) NOT NULL,
  `type` varchar(255) NOT NULL,
  `typeAr` varchar(255) NOT NULL
) ENGINE=InnoDB DEFAULT CHARSET=utf8 COLLATE=utf8_general_ci;

--
-- Dumping data for table `account_names_types`
--

INSERT  INTO `account_names_types` (`iD`, `type`, `typeAr`) VALUES
(1, 'CURRENCY', 'عملات'),
(2, 'DISCCOUNT', 'خصومات'),
(3, 'NONE', 'لاشيئ');

-- --------------------------------------------------------

--
-- Table structure for table `audittrail`
--

DROP TABLE IF EXISTS `audittrail`;
CREATE TABLE `audittrail` (
  `id` int(11) NOT NULL,
  `datetime` datetime NOT NULL,
  `script` varchar(80) DEFAULT NULL,
  `user` varchar(80) DEFAULT NULL,
  `action` varchar(80) DEFAULT NULL,
  `table` varchar(80) DEFAULT NULL,
  `field` varchar(80) DEFAULT NULL,
  `keyvalue` longtext DEFAULT NULL,
  `oldvalue` longtext DEFAULT NULL,
  `newvalue` longtext DEFAULT NULL
) ENGINE=InnoDB DEFAULT CHARSET=utf8 COLLATE=utf8_general_ci;

--
-- Dumping data for table `audittrail`
--

INSERT  INTO `audittrail` (`id`, `datetime`, `script`, `user`, `action`, `table`, `field`, `keyvalue`, `oldvalue`, `newvalue`) VALUES
(1, '2019-10-18 09:55:08', '/SaffouryPaper/login.php', '933326882', 'login', '::1', '', '', '', ''),
(2, '2019-10-18 14:53:27', '/SaffouryPaper/login.php', 'K-O-K-Y1', 'login', '::1', '', '', '', ''),
(3, '2019-10-18 20:26:18', '/SaffouryPaper/login.php', 'K-O-K-Y1', 'login', '192.168.1.4', '', '', '', ''),
(4, '2019-10-19 17:21:52', '/SaffouryPaper/login.php', 'K-O-K-Y1', 'login', '192.168.1.8', '', '', '', ''),
(5, '2019-10-20 09:44:58', '/SaffouryPaper/login.php', 'K-O-K-Y1', 'login', '::1', '', '', '', ''),
(6, '2019-10-20 17:44:19', '/SaffouryPaper/api/index.php', 'K-O-K-Y1', 'autologin', '::1', '', '', '', ''),
(7, '2019-10-20 17:45:09', '/SaffouryPaper/api/index.php', 'K-O-K-Y1', 'autologin', '::1', '', '', '', ''),
(8, '2019-10-20 17:45:38', '/SaffouryPaper/api/index.php', 'K-O-K-Y1', 'autologin', '::1', '', '', '', ''),
(9, '2019-10-21 14:27:59', '/SaffouryPaper/api/index.php', 'K-O-K-Y1', 'autologin', '::1', '', '', '', ''),
(10, '2019-10-21 19:56:51', '/SaffouryPaper/api/index.php', '933326882', 'failed attempt: 1', '::1', '', '', '', ''),
(11, '2019-10-21 20:19:33', '/SaffouryPaper/api/index.php', '933326883', 'failed attempt: 1', '::1', '', '', '', ''),
(12, '2019-10-21 20:37:12', '/SaffouryPaper/api/index.php', '933326883', 'autologin', '::1', '', '', '', ''),
(13, '2019-10-22 10:31:19', '/SaffouryPaper/login.php', 'K-O-K-Y1', 'login', '::1', '', '', '', ''),
(14, '2019-10-27 17:00:10', '/SaffouryPaper/login.php', 'K-O-K-Y1', 'login', '::1', '', '', '', '');

-- --------------------------------------------------------

--
-- Table structure for table `cargo_transporters`
--

DROP TABLE IF EXISTS `cargo_transporters`;
CREATE TABLE `cargo_transporters` (
  `iD` int(11) NOT NULL,
  `GovernorateID` int(11) DEFAULT NULL,
  `name` varchar(32) NOT NULL,
  `phone` varchar(10) DEFAULT NULL,
  `maxWeight` float DEFAULT NULL,
  `carNumber` varchar(10) NOT NULL
) ENGINE=InnoDB DEFAULT CHARSET=utf8 COLLATE=utf8_general_ci;

--
-- Dumping data for table `cargo_transporters`
--

INSERT  INTO `cargo_transporters` (`iD`, `GovernorateID`, `name`, `phone`, `maxWeight`, `carNumber`) VALUES
(1, 1, 'محمد احمد', '0988996644', 1.5, '225651'),
(2, 1, 'يوسف العجمي', '0935977536', 1.5, '256621');

-- --------------------------------------------------------

--
-- Table structure for table `countries`
--

DROP TABLE IF EXISTS `countries`;
CREATE TABLE `countries` (
  `iD` int(11) NOT NULL,
  `name` varchar(50) NOT NULL
) ENGINE=InnoDB DEFAULT CHARSET=utf8 COLLATE=utf8_general_ci;

--
-- Dumping data for table `countries`
--

INSERT  INTO `countries` (`iD`, `name`) VALUES
(1, 'Austria'),
(2, 'Germany'),
(4, 'Unknown'),
(3, 'سورية');

-- --------------------------------------------------------

--
-- Table structure for table `countries_manufactures`
--

DROP TABLE IF EXISTS `countries_manufactures`;
CREATE TABLE `countries_manufactures` (
  `iD` int(11) NOT NULL,
  `CountryID` int(11) NOT NULL,
  `ManufactureID` int(11) NOT NULL
) ENGINE=InnoDB DEFAULT CHARSET=utf8 COLLATE=utf8_general_ci;

--
-- Dumping data for table `countries_manufactures`
--

INSERT  INTO `countries_manufactures` (`iD`, `CountryID`, `ManufactureID`) VALUES
(1, 1, 1),
(2, 2, 2),
(3, 3, 3),
(4, 4, 4);

-- --------------------------------------------------------

--
-- Table structure for table `credits`
--

DROP TABLE IF EXISTS `credits`;
CREATE TABLE `credits` (
  `iD` int(11) NOT NULL,
  `CashBoxID` int(11) NOT NULL,
  `EmployeeID` int(11) NOT NULL,
  `CustomerID` int(11) NOT NULL,
  `EqualitiesID` int(11) NOT NULL,
  `date` datetime NOT NULL DEFAULT current_timestamp(),
  `value` decimal(11,2) NOT NULL,
  `fromBox` tinyint(1) NOT NULL DEFAULT 0,
  `comments` text DEFAULT NULL
) ENGINE=InnoDB DEFAULT CHARSET=utf8 COLLATE=utf8_general_ci;

--
-- Dumping data for table `credits`
--

INSERT  INTO `credits` (`iD`, `CashBoxID`, `EmployeeID`, `CustomerID`, `EqualitiesID`, `date`, `value`, `fromBox`, `comments`) VALUES
(181, 1, 1, 928, 1, '2021-07-31 12:00:52', 1000.00, 0, NULL),
(182, 1, 1, 929, 1, '2021-07-31 02:05:59', 100.00, 0, NULL),
(183, 1, 1, 930, 1, '2021-07-31 02:15:18', 3200.00, 0, NULL),
(184, 1, 1, 931, 1, '2021-07-31 02:21:24', 400.00, 0, NULL),
(185, 1, 1, 933, 156, '2021-07-31 02:52:22', 500000.00, 0, NULL),
(188, 1, 1, 937, 167, '2021-08-01 01:02:12', 3240000.00, 0, NULL),
(189, 1, 1, 938, 1, '2021-08-01 03:05:39', 500.00, 0, NULL),
(190, 1, 1, 939, 168, '2021-08-01 03:09:25', 1000000.00, 0, NULL),
(191, 1, 1, 962, 169, '2021-08-01 03:28:55', 188000.00, 0, 'بقيمه ٥٨'),
(192, 1, 1, 962, 1, '2021-08-01 03:32:01', 100.00, 0, NULL),
(193, 1, 1, 962, 1, '2021-08-01 03:32:43', 1342.00, 0, 'دفعه ١١٠٠ يورو '),
(194, 1, 1, 941, 1, '2021-08-01 03:44:58', 3000.00, 0, NULL),
(195, 1, 1, 942, 172, '2021-08-01 04:24:22', 4060000.00, 0, 'رصيد'),
(197, 1, 1, 943, 174, '2021-08-02 02:34:45', 2300000.00, 0, NULL),
(198, 1, 1, 944, 176, '2021-08-02 03:17:32', 2600000.00, 0, NULL),
(199, 1, 1, 944, 1, '2021-08-02 03:19:31', 200.00, 0, NULL),
(200, 1, 1, 945, 178, '2021-08-03 10:03:45', 6500000.00, 0, NULL),
(201, 1, 1, 945, 1, '2021-08-03 10:15:27', 1000.00, 0, NULL),
(202, 1, 1, 946, 179, '2021-08-03 12:03:17', 1250000.00, 0, NULL),
(203, 1, 1, 947, 1, '2021-08-03 12:48:51', 670.00, 0, NULL),
(205, 1, 1, 948, 180, '2021-08-03 12:52:52', 1400000.00, 0, NULL),
(206, 1, 1, 949, 1, '2021-08-03 01:39:50', 750.00, 0, NULL),
(207, 1, 1, 941, 1, '2021-08-03 04:13:29', 2000.00, 0, NULL),
(208, 1, 1, 943, 1, '2021-08-03 04:14:10', 3000.00, 0, NULL),
(209, 1, 1, 937, 1, '2021-08-03 04:15:34', 400.00, 0, NULL),
(210, 1, 1, 937, 181, '2021-08-03 04:15:54', 800000.00, 0, NULL),
(211, 1, 1, 950, 182, '2021-08-04 12:22:45', 3250000.00, 0, NULL),
(212, 1, 1, 951, 183, '2021-08-04 12:25:46', 290000.00, 0, NULL),
(213, 1, 1, 952, 184, '2021-08-04 03:27:17', 900000.00, 0, NULL),
(214, 1, 1, 937, 1, '2021-08-08 12:07:49', 1200.00, 0, NULL),
(215, 1, 1, 952, 185, '2021-08-08 01:22:36', 718000.00, 0, NULL),
(216, 1, 1, 944, 186, '2021-08-08 02:41:51', 3270000.00, 0, NULL),
(217, 1, 1, 953, 1, '2021-08-09 12:09:31', 15000.00, 0, NULL),
(219, 1, 1, 943, 187, '2021-08-09 12:31:07', 8105000.00, 0, NULL),
(220, 1, 1, 953, 188, '2021-08-09 12:33:37', 6550000.00, 0, NULL),
(221, 1, 1, 954, 1, '2021-08-09 09:51:09', 1000.00, 0, NULL),
(222, 1, 1, 956, 1, '2021-08-09 10:46:32', 2586.00, 0, NULL),
(223, 1, 1, 957, 1, '2021-08-09 01:16:59', 400.00, 0, NULL),
(224, 1, 1, 957, 189, '2021-08-09 01:18:40', 328000.00, 0, NULL),
(225, 1, 4, 950, 190, '2021-08-09 03:23:55', 6560000.00, 0, NULL),
(226, 1, 4, 949, 193, '2021-08-10 01:03:15', 650.00, 0, '550 يورو'),
(227, 1, 1, 958, 1, '2021-08-10 01:06:50', 100.00, 0, NULL),
(228, 1, 1, 958, 196, '2021-08-10 01:08:15', 660000.00, 0, NULL),
(229, 1, 4, 943, 198, '2021-08-10 02:12:25', 4400000.00, 0, NULL),
(230, 1, 1, 937, 1, '2021-08-10 02:44:47', 1000.00, 0, NULL),
(231, 1, 1, 948, 199, '2021-08-10 02:47:26', 1006000.00, 0, NULL),
(232, 1, 4, 951, 203, '2021-08-11 17:41:11', 582000.00, 0, NULL),
(233, 1, 4, 937, 204, '2021-08-11 12:46:08', 1000.00, 0, NULL),
(234, 1, 1, 949, 206, '2021-08-11 02:46:18', 1250000.00, 0, NULL),
(235, 1, 1, 959, 1, '2021-08-11 02:52:32', 1745.00, 0, 'رصيد'),
(236, 1, 1, 937, 208, '2021-08-11 03:10:04', 6540000.00, 0, NULL),
(237, 1, 1, 960, 209, '2021-08-11 04:07:01', 1635000.00, 0, NULL),
(247, 1, 1, 941, 1, '2021-08-12 02:03:51', 2500.00, 0, NULL),
(248, 1, 1, 937, 1, '2021-08-12 02:04:08', 1500.00, 0, NULL),
(249, 1, 9, 943, 1, '2021-08-12 03:20:43', 1000.00, 0, NULL),
(250, 1, 1, 961, 1, '2021-08-18 12:41:37', 100.00, 0, 'دفعه ثمن فاتوره ١٣١١ رجعنا ٢٢٦٥٠٠'),
(251, 1, 1, 938, 1, '2021-08-18 13:27:53', 2000.00, 0, NULL),
(252, 1, 1, 953, 1, '2021-08-18 16:17:00', 3000.00, 0, NULL),
(253, 1, 1, 959, 1, '2021-08-18 16:17:17', 5000.00, 0, NULL),
(254, 1, 1, 962, 217, '2021-08-19 00:40:01', 100650000.00, 0, NULL),
(255, 1, 1, 962, 1, '2021-08-19 00:41:45', 2000.00, 0, NULL),
(257, 1, 1, 963, 221, '2021-08-19 00:47:34', 400000.00, 0, 'تكمله ثمن عدد ٢ لبناني غراماج ٢٥٠ فاتوره لسى ماطلعت'),
(258, 1, 1, 964, 1, '2021-08-19 09:25:46', 430.00, 0, 'رصيد'),
(259, 1, 1, 937, 1, '2021-08-19 12:05:39', 1990.00, 0, NULL),
(260, 1, 1, 937, 223, '2021-08-19 12:05:57', 33500.00, 0, NULL),
(262, 1, 1, 966, 1, '2021-08-19 13:40:59', 2000.00, 0, NULL),
(263, 1, 1, 950, 224, '2021-08-21 16:49:47', 6690000.00, 0, NULL),
(264, 1, 1, 948, 225, '2021-08-21 16:51:01', 1000000.00, 0, NULL),
(265, 1, 1, 931, 1, '2021-08-21 16:51:53', 380.00, 0, NULL),
(268, 1, 1, 949, 1, '2021-08-23 12:46:57', 360.00, 0, NULL),
(269, 1, 1, 949, 1, '2021-08-23 12:48:16', 120.00, 0, '١٠٠ و'),
(270, 1, 1, 939, 1, '2021-08-23 13:52:03', 700.00, 0, NULL),
(271, 1, 1, 960, 1, '2021-08-23 13:52:23', 500.00, 0, NULL),
(272, 1, 1, 968, 1, '2021-08-23 14:15:13', 1150.00, 0, NULL),
(273, 1, 1, 944, 232, '2021-08-23 14:22:08', 2704000.00, 0, NULL),
(274, 1, 1, 959, 1, '2021-08-23 15:16:37', 3400.00, 0, NULL),
(275, 1, 1, 969, 1, '2021-08-23 15:17:26', 500.00, 0, 'بيد نور'),
(277, 1, 1, 937, 1, '2021-08-24 09:52:05', 2500.00, 0, NULL),
(278, 1, 1, 950, 237, '2021-08-24 10:22:55', 7119000.00, 0, NULL),
(279, 1, 1, 962, 1, '2021-08-24 11:34:49', 800.00, 0, NULL),
(281, 1, 9, 943, 245, '2021-08-24 15:34:50', 4661000.00, 0, NULL),
(285, 1, 11, 972, 1, '2021-08-26 13:56:38', 390.00, 0, NULL),
(286, 1, 11, 1019, 1, '2021-08-26 13:57:38', 100.00, 0, NULL),
(287, 1, 11, 937, 247, '2021-08-26 13:59:01', 5750000.00, 0, NULL),
(288, 1, 1, 959, 1, '2021-08-26 14:34:51', 4500.00, 0, NULL),
(289, 1, 1, 943, 1, '2021-08-26 15:49:28', 300.00, 0, NULL),
(290, 1, 1, 974, 1, '2021-08-26 17:29:04', 400.00, 0, NULL),
(291, 1, 1, 975, 1, '2021-08-26 17:48:45', 767.00, 0, '٦٥٠ يورو'),
(292, 1, 1, 975, 253, '2021-08-26 17:50:07', 144000.00, 0, NULL),
(293, 1, 1, 977, 1, '2021-08-27 16:18:46', 2340.00, 0, NULL),
(294, 1, 1, 954, 1, '2021-08-28 09:06:33', 1200.00, 0, NULL),
(295, 1, 1, 958, 1, '2021-08-28 09:25:06', 150.00, 0, NULL),
(296, 1, 1, 958, 254, '2021-08-28 09:25:41', 6000.00, 0, 'رصيد  بالات ناشفه'),
(297, 1, 10, 978, 255, '2021-08-28 09:27:12', 1400000.00, 0, NULL),
(298, 1, 1, 974, 256, '2021-08-28 10:02:02', 32000.00, 0, 'رصيد وزن ٤١٠'),
(299, 1, 1, 964, 1, '2021-08-28 11:20:56', 3000.00, 0, 'بيد امجد'),
(300, 1, 1, 972, 1, '2021-08-28 14:22:52', 380.00, 0, NULL),
(301, 1, 1, 970, 1, '2021-08-28 16:13:26', 5000.00, 0, NULL),
(302, 1, 1, 944, 259, '2021-08-28 16:20:18', 2295000.00, 0, NULL),
(303, 1, 10, 953, 1, '2021-08-28 18:28:34', 1850.00, 0, 'بيد نور'),
(304, 1, 1, 979, 1, '2021-08-28 19:28:27', 20000.00, 0, NULL),
(305, 1, 10, 970, 1, '2021-08-28 19:48:30', 7000.00, 0, NULL),
(307, 1, 1, 966, 1, '2021-08-29 14:30:18', 5000.00, 0, '٢٠٠٠ مرتجع فراس دولي \n٣٠٠٠ دفعه'),
(308, 1, 1, 949, 263, '2021-08-29 14:30:45', 5138000.00, 0, NULL),
(309, 1, 1, 950, 265, '2021-08-29 17:44:41', 10000000.00, 0, NULL),
(310, 1, 1, 950, 266, '2021-08-30 10:13:41', 6000000.00, 0, NULL),
(311, 1, 1, 981, 267, '2021-08-30 10:42:55', 3450000.00, 0, NULL),
(312, 1, 1, 968, 1, '2021-08-30 12:46:42', 1000.00, 0, NULL),
(313, 1, 1, 982, 1, '2021-08-30 15:16:06', 2750.00, 0, NULL),
(314, 1, 1, 982, 270, '2021-08-30 15:16:29', 104000.00, 0, 'رصيد'),
(315, 1, 10, 969, 1, '2021-08-30 15:44:17', 1000.00, 0, 'بيد نور'),
(316, 1, 1, 981, 271, '2021-08-31 10:15:52', 476000.00, 0, NULL),
(317, 1, 11, 983, 274, '2021-08-31 16:58:32', 950000.00, 0, NULL),
(318, 1, 10, 968, 1, '2021-08-31 17:30:16', 800.00, 0, 'بيد نور'),
(319, 1, 1, 964, 1, '2021-09-01 10:20:11', 3000.00, 0, NULL),
(320, 1, 10, 939, 1, '2021-09-01 12:57:50', 1050.00, 0, 'بيد نور رصيد حساب باقي ١٢'),
(321, 1, 10, 969, 1, '2021-09-01 14:28:49', 350.00, 0, 'بيد نور باقي ٦٩٨'),
(322, 1, 1, 960, 1, '2021-09-01 14:47:19', 200.00, 0, NULL),
(323, 1, 1, 960, 275, '2021-09-01 14:47:34', 1090000.00, 0, NULL),
(324, 1, 1, 959, 1, '2021-09-01 15:56:57', 2000.00, 0, 'بيد بسام شيباني'),
(325, 1, 1, 966, 1, '2021-09-01 15:57:28', 1500.00, 0, NULL),
(326, 1, 1, 941, 1, '2021-09-01 16:03:35', 2000.00, 0, NULL),
(327, 1, 10, 978, 277, '2021-09-01 17:26:16', 1000000.00, 0, 'بيد نور باقي ٤٤٨'),
(328, 1, 10, 948, 279, '2021-09-02 12:03:59', 1000000.00, 0, 'بيد نور'),
(329, 1, 1, 959, 1, '2021-09-02 13:49:21', 2700.00, 0, NULL),
(330, 1, 10, 933, 1, '2021-09-02 16:25:16', 500.00, 0, 'بيد نور رصيد حساب بالة سابي'),
(333, 1, 1, 984, 1, '2021-09-04 11:05:06', 300.00, 0, NULL),
(334, 1, 10, 974, 1, '2021-09-04 13:14:13', 500.00, 0, NULL),
(335, 1, 10, 974, 294, '2021-09-04 13:14:50', 924000.00, 0, NULL),
(336, 1, 12, 964, 1, '2021-09-04 13:25:46', 1700.00, 0, 'دفعة'),
(337, 1, 1, 943, 1, '2021-09-04 13:57:33', 2400.00, 0, 'دفعه السيد وائل'),
(338, 1, 1, 943, 296, '2021-09-04 13:58:46', 525000.00, 0, 'دفعه من سيد وائل'),
(339, 1, 10, 970, 1, '2021-09-04 14:32:15', 1800.00, 0, 'بيد نور رصيد حساب'),
(340, 1, 10, 968, 1, '2021-09-04 15:09:11', 1150.00, 0, 'بيد نور رصيد حساب'),
(341, 1, 10, 953, 1, '2021-09-04 18:53:08', 1840.00, 0, NULL),
(342, 1, 10, 953, 300, '2021-09-04 18:55:09', 210000.00, 0, NULL),
(344, 1, 10, 937, 1, '2021-09-05 10:17:51', 300.00, 0, 'بيد نور رعبون بالات ناشف بوزن ٧٧٣'),
(345, 1, 10, 937, 1, '2021-09-05 13:05:26', 1500.00, 0, 'بيد نور'),
(346, 1, 10, 931, 1, '2021-09-05 13:59:03', 320.00, 0, 'بيد نور باقي ٥٧'),
(347, 1, 1, 986, 303, '2021-09-05 14:39:22', 2400000.00, 0, NULL),
(348, 1, 10, 943, 1, '2021-09-05 14:49:01', 2000.00, 0, NULL),
(349, 1, 10, 937, 306, '2021-09-05 15:52:14', 561000.00, 0, 'بيد نور رصيد حساب بالات ناشف بسعر 600 الوزن 773'),
(350, 1, 10, 969, 307, '2021-09-05 16:52:51', 1000000.00, 0, NULL),
(351, 1, 10, 939, 1, '2021-09-06 13:20:45', 1000.00, 0, 'بيد نور باقي ١٤٣١'),
(352, 1, 10, 945, 308, '2021-09-06 13:30:34', 6800000.00, 0, NULL),
(353, 1, 10, 969, 1, '2021-09-06 14:41:52', 200.00, 0, 'بيد نور باقي ٢٠٨'),
(354, 1, 10, 978, 309, '2021-09-06 15:03:40', 550000.00, 0, NULL),
(355, 1, 1, 987, 1, '2021-09-06 16:04:53', 3000.00, 0, NULL),
(356, 1, 10, 970, 1, '2021-09-06 21:54:41', 340.00, 0, 'بيد نور رصيد حساب بالة بطال'),
(357, 1, 1, 960, 1, '2021-09-07 10:40:10', 500.00, 0, NULL),
(358, 1, 1, 943, 1, '2021-09-07 10:41:25', 900.00, 0, NULL),
(359, 1, 1, 943, 313, '2021-09-07 10:42:02', 1027000.00, 0, NULL),
(360, 1, 1, 970, 1, '2021-09-07 13:34:17', 200.00, 0, 'بدل المضروب'),
(361, 1, 10, 944, 316, '2021-09-07 14:49:04', 6644700.00, 0, 'بيد نور'),
(362, 1, 1, 988, 1, '2021-09-07 16:13:53', 500.00, 0, NULL),
(363, 1, 1, 950, 320, '2021-09-08 10:16:08', 5175000.00, 0, NULL),
(364, 1, 1, 989, 1, '2021-09-08 14:38:32', 5000.00, 0, NULL),
(365, 1, 1, 964, 1, '2021-09-08 14:48:51', 2880.00, 0, NULL),
(366, 1, 1, 964, 322, '2021-09-08 14:49:23', 3819000.00, 0, NULL),
(367, 1, 11, 966, 1, '2021-09-09 13:23:53', 3000.00, 0, NULL),
(368, 1, 1, 930, 1, '2021-09-09 14:02:35', 2000.00, 0, NULL),
(369, 1, 10, 989, 1, '2021-09-09 14:39:19', 5000.00, 0, NULL),
(370, 1, 9, 984, 1, '2021-09-09 14:50:31', 420.00, 0, NULL),
(371, 1, 10, 943, 1, '2021-09-09 14:58:18', 1000.00, 0, NULL),
(372, 1, 10, 943, 328, '2021-09-09 15:00:28', 1621500.00, 0, NULL),
(373, 1, 9, 949, 329, '2021-09-07 15:01:22', 5198000.00, 0, NULL),
(374, 1, 10, 953, 1, '2021-09-09 15:08:03', 500.00, 0, NULL),
(375, 1, 1, 941, 332, '2021-09-09 16:15:59', 10350000.00, 0, NULL),
(377, 1, 1, 980, 1, '2021-09-09 17:24:22', 10000.00, 0, 'بيد ابو علي الحريري'),
(381, 1, 10, 991, 1, '2021-09-11 10:04:09', 1000.00, 0, 'باقي ٢١'),
(382, 1, 10, 948, 1, '2021-09-11 10:49:28', 300.00, 0, 'بيد نور'),
(383, 1, 10, 939, 1, '2021-09-11 11:34:54', 400.00, 0, 'بيد نور'),
(384, 1, 10, 939, 335, '2021-09-11 11:35:15', 1380000.00, 0, 'بيد نور'),
(385, 1, 11, 943, 1, '2021-09-11 12:12:24', 1000.00, 0, NULL),
(386, 1, 10, 992, 336, '2021-09-11 13:20:54', 4000000.00, 0, 'بيد نور باقي ٣٧٠ من رول عرض ٢٢٠ بوزن ١٥٣٧ وجهين كرفت'),
(387, 1, 10, 937, 1, '2021-09-11 15:00:47', 600.00, 0, 'بيد نور'),
(388, 1, 10, 937, 337, '2021-09-11 15:01:12', 1370000.00, 0, NULL),
(390, 1, 11, 943, 1, '2021-09-12 13:38:51', 2000.00, 0, NULL),
(391, 1, 11, 938, 1, '2021-09-12 13:39:56', 500.00, 0, NULL),
(392, 1, 10, 953, 1, '2021-09-12 14:18:59', 1000.00, 0, NULL),
(393, 1, 1, 977, 1, '2021-09-12 14:24:51', 1300.00, 0, NULL),
(394, 1, 1, 977, 347, '2021-09-12 14:25:06', 235000.00, 0, 'رصيد'),
(395, 1, 10, 989, 1, '2021-09-12 15:25:16', 3500.00, 0, 'باقي ١٥٩٤'),
(396, 1, 10, 978, 349, '2021-09-13 09:09:07', 900000.00, 0, 'بيد نور'),
(397, 1, 1, 943, 351, '2021-09-13 11:49:44', 4152000.00, 0, NULL),
(398, 1, 10, 992, 352, '2021-09-13 12:08:17', 1169000.00, 0, 'بيد نور رصيد حساب رول وجهين كرفت'),
(399, 1, 10, 937, 1, '2021-09-13 14:04:14', 1000.00, 0, 'بيد نور'),
(400, 1, 10, 968, 1, '2021-09-13 16:39:59', 600.00, 0, 'بيد نور دفعة من فاتورة رقم ١٤٥٢'),
(401, 1, 10, 968, 358, '2021-09-13 16:41:10', 45000.00, 0, 'بيد نور دفعة من فاتورة رقم ١٤٥٢ باقي ٢٠٠'),
(404, 1, 1, 987, 1, '2021-09-14 09:37:57', 1851.00, 0, NULL),
(405, 1, 1, 949, 1, '2021-09-14 11:41:01', 600.00, 0, NULL),
(406, 1, 1, 949, 1, '2021-09-14 11:41:14', 177.00, 0, '١٥٠ يويو'),
(407, 1, 10, 955, 360, '2021-09-14 12:53:20', 1563500.00, 0, NULL),
(408, 1, 10, 969, 1, '2021-09-14 13:48:22', 400.00, 0, 'بيد نور باقي ٤٩٩'),
(409, 1, 11, 943, 1, '2021-09-14 15:18:30', 1000.00, 0, NULL),
(410, 1, 9, 941, 1, '2021-09-15 15:53:38', 2000.00, 0, NULL),
(411, 1, 9, 941, 366, '2021-09-15 15:54:01', 3500000.00, 0, NULL),
(412, 1, 9, 943, 367, '2021-09-15 15:54:47', 2950000.00, 0, NULL),
(413, 1, 9, 960, 368, '2021-09-15 15:57:49', 1000000.00, 0, NULL),
(414, 1, 10, 994, 1, '2021-09-16 12:45:39', 500.00, 0, NULL),
(415, 1, 10, 953, 1, '2021-09-16 14:27:19', 1500.00, 0, NULL),
(416, 1, 9, 943, 1, '2021-09-16 14:50:07', 1000.00, 0, NULL),
(417, 1, 10, 989, 375, '2021-09-16 16:05:40', 4800000.00, 0, 'باقي ٢٢٣'),
(418, 1, 10, 969, 1, '2021-09-16 16:42:31', 300.00, 0, 'بيد نور باقي ١٩٩'),
(419, 1, 10, 989, 379, '2021-09-18 10:52:47', 778000.00, 0, 'رصيد'),
(420, 1, 10, 933, 1, '2021-09-18 12:36:48', 400.00, 0, NULL),
(421, 1, 10, 933, 380, '2021-09-18 12:37:14', 568000.00, 0, NULL),
(422, 1, 10, 992, 381, '2021-09-18 13:25:56', 1750000.00, 0, 'بيد نور باقي ٣٦٠'),
(423, 1, 10, 937, 1, '2021-09-18 14:36:07', 1000.00, 0, 'بيد نور'),
(424, 1, 10, 949, 382, '2021-09-18 14:58:53', 4900000.00, 0, NULL),
(425, 1, 10, 968, 383, '2021-09-18 16:15:38', 3485000.00, 0, 'باقي ١١٠٠'),
(427, 1, 1, 943, 1, '2021-09-19 11:58:06', 1000.00, 0, NULL),
(428, 1, 10, 950, 384, '2021-09-19 12:17:13', 4000000.00, 0, NULL),
(429, 1, 10, 939, 1, '2021-09-19 13:45:03', 500.00, 0, NULL),
(430, 1, 10, 970, 391, '2021-09-19 21:48:41', 69500000.00, 0, NULL),
(433, 1, 1, 941, 393, '2021-09-20 11:52:51', 3490000.00, 0, NULL),
(434, 1, 1, 955, 394, '2021-09-20 12:46:32', 3485000.00, 0, NULL),
(435, 1, 1, 964, 395, '2021-09-20 12:46:53', 4524000.00, 0, NULL),
(436, 1, 1, 1001, 1, '2021-09-20 12:47:21', 1000.00, 0, NULL),
(437, 1, 1, 987, 1, '2021-09-20 12:48:02', 1500.00, 0, NULL),
(438, 1, 1, 979, 1, '2021-09-20 12:48:14', 6000.00, 0, NULL),
(439, 1, 1, 964, 1, '2021-09-20 12:51:42', 6780.00, 0, NULL),
(440, 1, 10, 1002, 1, '2021-09-20 14:29:00', 1000.00, 0, 'رعبون بضاعة سولفيت'),
(441, 1, 10, 954, 1, '2021-09-21 09:37:04', 1000.00, 0, NULL),
(442, 1, 1, 943, 1, '2021-09-21 11:32:33', 2000.00, 0, NULL),
(443, 1, 10, 941, 403, '2021-09-21 12:12:22', 3490000.00, 0, NULL),
(444, 1, 1, 1003, 406, '2021-09-21 13:41:41', 70000.00, 0, 'رصيد'),
(445, 1, 1, 943, 1, '2021-09-21 14:24:29', 750.00, 0, NULL),
(446, 1, 1, 957, 408, '2021-09-21 14:25:27', 4000000.00, 0, 'ناقصه ٥٠٠ ليره'),
(447, 1, 1, 943, 410, '2021-09-22 11:13:59', 2617500.00, 0, NULL),
(448, 1, 10, 978, 1, '2021-09-23 09:23:19', 100.00, 0, 'باقي ٧٠٠'),
(449, 1, 10, 934, 1, '2021-09-23 11:25:14', 1000.00, 0, NULL),
(450, 1, 1, 943, 411, '2021-09-23 12:17:11', 19112000.00, 0, 'باقي بقيمه ٥٠٠ بيد ابو صالح'),
(451, 1, 10, 992, 412, '2021-09-23 12:27:44', 1251000.00, 0, 'رصيد حساب'),
(453, 1, 1, 1005, 1, '2021-09-23 12:59:57', 200.00, 0, NULL),
(454, 1, 1, 953, 1, '2021-09-23 13:07:54', 2000.00, 0, 'رصيد حساب'),
(455, 1, 10, 936, 416, '2021-09-23 13:39:46', 7818500.00, 0, NULL),
(456, 1, 10, 985, 417, '2021-09-23 14:05:06', 203000.00, 0, NULL),
(457, 1, 1, 937, 1, '2021-09-23 14:32:52', 800.00, 0, NULL),
(458, 1, 1, 937, 418, '2021-09-23 14:35:38', 690000.00, 0, NULL),
(459, 1, 1, 1002, 1, '2021-09-23 15:01:42', 5000.00, 0, 'رعبون بضاعه سولفيت'),
(460, 1, 1, 989, 1, '2021-09-23 15:37:37', 1100.00, 0, NULL),
(465, 1, 11, 1006, 1, '2021-09-25 11:49:07', 1800.00, 0, NULL),
(466, 1, 1, 987, 1, '2021-09-25 13:43:38', 2180.00, 0, NULL),
(467, 1, 1, 987, 424, '2021-09-25 13:43:51', 52000.00, 0, 'رصيد'),
(468, 1, 1, 979, 1, '2021-09-25 13:45:13', 8000.00, 0, NULL),
(469, 1, 1, 988, 1, '2021-09-25 13:46:35', 800.00, 0, 'رصيد'),
(470, 1, 1, 988, 425, '2021-09-25 13:47:33', 192000.00, 0, NULL),
(471, 1, 1, 957, 426, '2021-09-25 14:07:10', 1218000.00, 0, NULL),
(472, 1, 9, 960, 1, '2021-09-23 14:47:47', 1000.00, 0, NULL),
(473, 1, 10, 994, 1, '2021-09-25 15:08:53', 200.00, 0, NULL),
(474, 1, 10, 994, 429, '2021-09-25 15:09:43', 346000.00, 0, NULL),
(475, 1, 10, 948, 1, '2021-09-25 15:13:14', 590.00, 0, NULL),
(478, 1, 1, 930, 1, '2021-09-26 13:09:17', 1200.00, 0, NULL),
(479, 1, 11, 960, 1, '2021-09-26 13:38:43', 500.00, 0, NULL),
(480, 1, 1, 941, 432, '2021-09-26 13:47:50', 5250000.00, 0, NULL),
(481, 1, 1, 949, 1, '2021-09-26 14:40:40', 710.00, 0, '٦٠٠ يوي'),
(482, 1, 10, 950, 435, '2021-09-26 15:15:21', 3490000.00, 0, NULL),
(483, 1, 1, 954, 1, '2021-09-27 09:33:40', 5000.00, 0, NULL),
(484, 1, 1, 941, 1, '2021-09-27 12:39:40', 1500.00, 0, NULL),
(485, 1, 1, 960, 1, '2021-09-27 13:14:26', 1000.00, 0, NULL),
(486, 1, 1, 941, 1, '2021-09-28 11:28:11', 1000.00, 0, NULL),
(487, 1, 11, 1011, 1, '2021-09-28 14:04:30', 1004.00, 0, NULL),
(488, 1, 11, 943, 442, '2021-09-28 14:06:27', 3490000.00, 0, NULL),
(489, 1, 1, 1004, 1, '2021-09-28 14:44:29', 1650.00, 0, NULL),
(490, 1, 1, 1004, 443, '2021-09-28 14:44:48', 1530000.00, 0, NULL),
(492, 1, 10, 933, 1, '2021-09-28 18:34:19', 200.00, 0, NULL),
(493, 1, 10, 933, 445, '2021-09-28 18:34:39', 500000.00, 0, NULL),
(494, 1, 1, 943, 448, '2021-09-29 11:16:31', 1500000.00, 0, NULL),
(495, 1, 1, 939, 1, '2021-09-29 11:25:11', 200.00, 0, NULL),
(496, 1, 1, 962, 455, '2021-09-30 10:13:33', 1000000.00, 0, 'دفعه بيد نور مشان الطابعه مع ال ٢ مليون'),
(497, 1, 1, 1012, 458, '2021-09-30 14:09:26', 1100000.00, 0, NULL),
(498, 1, 1, 960, 1, '2021-09-30 14:33:46', 1500.00, 0, NULL),
(499, 1, 10, 968, 461, '2021-09-30 17:25:05', 1050000.00, 0, NULL),
(500, 1, 10, 968, 1, '2021-09-30 17:25:45', 250.00, 0, 'باقي ٥٥٠'),
(501, 1, 1, 979, 1, '2021-09-30 21:23:30', 26000.00, 0, NULL),
(502, 1, 1, 979, 462, '2021-09-30 21:23:57', 5200000.00, 0, NULL),
(503, 1, 1, 1013, 463, '2021-09-30 21:33:05', 1300000.00, 0, NULL),
(504, 1, 10, 970, 1, '2021-09-30 22:04:22', 5000.00, 0, NULL),
(505, 1, 1, 962, 1, '2021-10-01 16:31:58', 2100.00, 0, '١٧٥٠ يويو'),
(506, 1, 10, 978, 1, '2021-10-02 08:53:23', 200.00, 0, 'باقي ٦١٢'),
(507, 1, 10, 939, 465, '2021-10-02 12:46:43', 2100000.00, 0, NULL),
(508, 1, 10, 950, 466, '2021-10-02 14:15:24', 3500000.00, 0, NULL),
(509, 1, 1, 1008, 1, '2021-10-02 14:22:49', 3000.00, 0, NULL),
(511, 1, 1, 1013, 468, '2021-10-02 15:10:30', 4200000.00, 0, NULL),
(512, 1, 1, 942, 470, '2021-10-02 15:12:25', 5235000.00, 0, NULL),
(513, 1, 10, 978, 1, '2021-10-03 07:52:09', 400.00, 0, 'باقي ١٠٠'),
(514, 1, 1, 962, 1, '2021-10-03 09:49:54', 6000.00, 0, NULL),
(515, 1, 11, 943, 1, '2021-10-03 13:04:07', 1000.00, 0, NULL),
(516, 1, 11, 941, 1, '2021-10-03 14:30:13', 1000.00, 0, NULL),
(517, 1, 11, 949, 1, '2021-10-03 14:33:53', 826.00, 0, '700 ،€'),
(518, 1, 1, 943, 472, '2021-10-03 14:39:24', 2000000.00, 0, NULL),
(519, 1, 10, 978, 474, '2021-10-04 08:37:30', 1400000.00, 0, NULL),
(520, 1, 1, 960, 1, '2021-10-04 14:15:06', 500.00, 0, NULL),
(521, 1, 1, 996, 1, '2021-10-04 14:15:19', 470.00, 0, NULL),
(522, 1, 1, 943, 1, '2021-10-04 14:32:20', 600.00, 0, NULL),
(523, 1, 1, 943, 477, '2021-10-04 14:32:39', 174000.00, 0, NULL),
(524, 1, 10, 974, 1, '2021-10-04 14:58:13', 1600.00, 0, NULL),
(525, 1, 10, 974, 478, '2021-10-04 15:02:01', 86000.00, 0, NULL),
(527, 1, 1, 950, 481, '2021-10-05 14:29:12', 3485000.00, 0, NULL),
(528, 1, 1, 1015, 482, '2021-10-05 14:29:32', 105000.00, 0, NULL),
(529, 1, 10, 1002, 1, '2021-10-05 15:36:52', 5000.00, 0, 'مجموع الدفعات ١١٠٠٠'),
(530, 1, 10, 959, 1, '2021-10-05 15:56:41', 1010.00, 0, NULL),
(531, 1, 10, 959, 483, '2021-10-05 15:57:32', 17500.00, 0, NULL),
(532, 1, 1, 1014, 1, '2021-10-05 19:53:58', 500.00, 0, NULL),
(533, 1, 1, 945, 1, '2021-10-05 19:54:15', 1000.00, 0, '٤٠٠ $ +٣٥٠ € +1000 kr'),
(534, 1, 1, 938, 1, '2021-10-06 14:03:10', 500.00, 0, NULL),
(535, 1, 9, 941, 489, '2021-10-06 15:12:52', 6000000.00, 0, NULL),
(536, 1, 1, 1019, 490, '2021-10-07 11:05:28', 4580000.00, 0, 'رصيد ثمن فاتوره ١٩٨'),
(537, 1, 1, 1020, 491, '2021-10-07 11:13:50', 500000.00, 0, NULL),
(538, 1, 1, 1010, 1, '2021-10-07 12:34:35', 2200.00, 0, NULL),
(539, 1, 1, 1010, 492, '2021-10-07 12:34:49', 318000.00, 0, 'رصيد كامل'),
(540, 1, 1, 1020, 493, '2021-10-07 12:54:37', 515000.00, 0, 'رصيد'),
(541, 1, 10, 1016, 1, '2021-10-07 13:48:27', 900.00, 0, NULL),
(542, 1, 10, 937, 495, '2021-10-07 14:34:04', 2800000.00, 0, NULL),
(543, 1, 1, 960, 496, '2021-10-07 14:47:00', 2800000.00, 0, NULL),
(544, 1, 1, 960, 1, '2021-10-07 14:47:24', 200.00, 0, NULL),
(545, 1, 1, 970, 1, '2021-10-09 10:04:10', 4150.00, 0, NULL),
(546, 1, 1, 970, 1, '2021-10-09 10:04:50', 825.00, 0, '٧٠٠ يويو'),
(547, 1, 1, 970, 504, '2021-10-09 10:05:10', 87000.00, 0, NULL),
(548, 1, 12, 1008, 1, '2021-10-09 11:26:07', 250.00, 0, NULL),
(549, 1, 12, 1008, 506, '2021-10-09 11:26:55', 343000.00, 0, NULL),
(550, 1, 1, 994, 507, '2021-10-09 14:06:53', 1300000.00, 0, NULL),
(551, 1, 10, 978, 1, '2021-10-09 15:26:12', 300.00, 0, NULL),
(552, 1, 1, 1021, 1, '2021-10-09 16:08:13', 975.00, 0, '٨٥٠ يويو'),
(553, 1, 1, 1021, 1, '2021-10-09 16:08:33', 25.00, 0, NULL),
(554, 1, 1, 1022, 1, '2021-10-09 16:09:25', 1017.00, 0, NULL),
(557, 1, 1, 1020, 511, '2021-10-03 11:39:49', 300000.00, 0, NULL),
(558, 1, 1, 981, 513, '2021-10-10 12:05:50', 833000.00, 0, NULL),
(559, 1, 10, 1023, 1, '2021-10-10 15:03:31', 400.00, 0, NULL),
(561, 1, 10, 1016, 1, '2021-10-10 18:31:53', 50.00, 0, 'رصيد بالة بوزن ١٠٨٩'),
(563, 1, 1, 942, 1, '2021-10-11 10:17:38', 1000.00, 0, NULL),
(564, 1, 9, 1002, 1, '2021-10-11 12:24:08', 9000.00, 0, NULL),
(565, 1, 10, 950, 517, '2021-10-11 12:31:43', 3500000.00, 0, NULL),
(566, 1, 10, 969, 1, '2021-10-11 14:39:03', 700.00, 0, NULL),
(567, 1, 1, 1013, 521, '2021-10-11 16:02:51', 388500.00, 0, NULL),
(569, 1, 10, 968, 1, '2021-10-11 16:39:51', 500.00, 0, NULL),
(570, 1, 1, 979, 1, '2021-10-12 11:14:48', 770.00, 0, NULL),
(571, 1, 1, 987, 1, '2021-10-12 11:16:13', 2000.00, 0, NULL),
(572, 1, 1, 949, 1, '2021-10-12 12:07:17', 754.00, 0, 'بينهم ٣٠٠ الف يو'),
(573, 1, 1, 1001, 1, '2021-10-12 14:29:49', 440.00, 0, 'رصيد'),
(574, 1, 9, 934, 1, '2021-10-12 14:30:05', 400.00, 0, 'بيد ابو علي الحريري'),
(575, 1, 1, 960, 1, '2021-10-13 10:16:27', 1300.00, 0, NULL),
(576, 1, 1, 996, 523, '2021-10-13 10:19:50', 1050000.00, 0, NULL),
(578, 1, 10, 968, 1, '2021-10-13 17:27:24', 500.00, 0, NULL),
(579, 1, 1, 962, 1, '2021-10-14 10:08:57', 5000.00, 0, NULL),
(580, 1, 1, 941, 1, '2021-10-14 12:54:18', 3000.00, 0, NULL),
(581, 1, 10, 970, 1, '2021-10-15 22:37:48', 5000.00, 0, NULL),
(582, 1, 10, 978, 1, '2021-10-17 08:57:10', 300.00, 0, NULL),
(583, 1, 1, 954, 1, '2021-10-17 10:01:56', 9000.00, 0, NULL),
(584, 1, 10, 969, 1, '2021-10-17 14:21:26', 300.00, 0, 'باقي ٧٥'),
(585, 1, 1, 987, 1, '2021-10-17 14:41:03', 1550.00, 0, NULL),
(587, 1, 10, 950, 531, '2021-10-18 11:09:44', 3500000.00, 0, NULL),
(591, 1, 1, 1019, 1, '2021-10-20 11:21:45', 350.00, 0, NULL),
(592, 1, 1, 1019, 545, '2021-10-20 11:22:17', 30000.00, 0, NULL),
(593, 1, 12, 934, 1, '2021-10-02 11:44:10', 1000.00, 0, 'بيد الحريري'),
(594, 1, 10, 939, 1, '2021-10-20 12:20:42', 500.00, 0, 'باقي ١٢٤'),
(595, 1, 1, 960, 1, '2021-10-20 12:50:17', 1000.00, 0, NULL),
(596, 1, 1, 960, 547, '2021-10-20 12:51:05', 3500000.00, 0, NULL),
(597, 1, 10, 969, 1, '2021-10-20 13:51:19', 700.00, 0, NULL),
(598, 1, 1, 1004, 1, '2021-10-20 14:48:03', 1600.00, 0, NULL),
(599, 1, 1, 1004, 548, '2021-10-20 14:48:16', 100000.00, 0, NULL),
(600, 1, 10, 978, 554, '2021-10-21 09:12:41', 1050000.00, 0, NULL),
(601, 1, 11, 1017, 1, '2021-10-21 10:27:26', 1500.00, 0, NULL),
(602, 1, 1, 1027, 1, '2021-10-21 11:15:29', 390.00, 0, NULL),
(603, 1, 10, 938, 1, '2021-10-21 14:02:24', 500.00, 0, NULL),
(604, 1, 1, 941, 564, '2021-10-21 15:49:12', 24360000.00, 0, NULL),
(605, 1, 10, 970, 1, '2021-10-21 20:12:24', 5000.00, 0, NULL),
(606, 1, 1, 962, 1, '2021-10-23 11:40:50', 4000.00, 0, NULL),
(607, 1, 1, 1004, 1, '2021-10-23 13:06:08', 1000.00, 0, NULL),
(608, 1, 1, 960, 1, '2021-10-23 14:05:31', 1000.00, 0, NULL),
(609, 1, 1, 996, 1, '2021-10-23 14:05:57', 300.00, 0, NULL),
(610, 1, 1, 943, 1, '2021-10-23 14:37:32', 1000.00, 0, NULL),
(611, 1, 1, 943, 569, '2021-10-23 14:38:00', 3480000.00, 0, NULL),
(612, 1, 10, 968, 1, '2021-10-23 16:51:07', 200.00, 0, 'باقي ١٥'),
(613, 1, 1, 1008, 1, '2021-10-24 10:54:11', 420.00, 0, 'رصيد'),
(614, 1, 1, 994, 573, '2021-10-24 11:57:17', 1400000.00, 0, NULL),
(615, 1, 10, 1028, 574, '2021-10-24 11:58:11', 1400000.00, 0, NULL),
(616, 1, 1, 942, 1, '2021-10-24 12:45:16', 1300.00, 0, NULL),
(617, 1, 10, 939, 575, '2021-10-24 13:00:20', 435000.00, 0, 'رصيد حساب'),
(618, 1, 1, 1008, 577, '2021-10-25 13:40:04', 17000.00, 0, 'رصيد'),
(619, 1, 10, 972, 1, '2021-10-25 15:04:44', 500.00, 0, NULL),
(620, 1, 10, 972, 578, '2021-10-25 15:05:14', 90000.00, 0, NULL),
(621, 1, 10, 969, 1, '2021-10-25 17:34:45', 300.00, 0, NULL),
(622, 1, 11, 977, 1, '2021-10-25 22:50:07', 4880.00, 0, NULL),
(624, 1, 10, 950, 581, '2021-10-26 11:44:13', 3500000.00, 0, NULL),
(625, 1, 11, 964, 1, '2021-10-26 12:03:21', 3000.00, 0, NULL),
(626, 1, 11, 987, 1, '2021-10-26 12:05:21', 1550.00, 0, NULL),
(627, 1, 11, 1001, 1, '2021-10-26 12:07:56', 300.00, 0, NULL),
(628, 1, 1, 952, 1, '2021-10-26 13:41:59', 200.00, 0, NULL),
(630, 1, 10, 978, 586, '2021-10-27 09:25:53', 1050000.00, 0, NULL),
(631, 1, 10, 937, 1, '2021-10-27 11:19:27', 1500.00, 0, NULL),
(632, 1, 1, 943, 587, '2021-10-27 12:49:11', 4462500.00, 0, NULL),
(633, 1, 1, 941, 1, '2021-10-28 11:24:18', 10000.00, 0, NULL),
(634, 1, 10, 1033, 591, '2021-10-28 11:42:13', 710000.00, 0, 'رصيد بالة لبناني بوزن ٢٢٠كغ'),
(635, 1, 10, 992, 592, '2021-10-28 12:13:50', 1927000.00, 0, NULL),
(636, 1, 10, 1028, 593, '2021-10-28 12:36:26', 1456000.00, 0, 'بالاضافى ١٥ الف اجور نقل'),
(637, 1, 10, 955, 595, '2021-10-28 13:08:36', 160000.00, 0, NULL),
(638, 1, 1, 996, 1, '2021-10-28 13:11:22', 300.00, 0, NULL),
(639, 1, 1, 960, 1, '2021-10-28 13:13:33', 700.00, 0, NULL),
(640, 1, 10, 970, 1, '2021-10-28 22:16:11', 5000.00, 0, NULL),
(641, 1, 10, 978, 599, '2021-10-30 08:53:32', 1050000.00, 0, NULL),
(642, 1, 1, 1013, 1, '2021-10-30 11:48:19', 1380.00, 0, 'بينهم ١٠٠٠ يو'),
(643, 1, 1, 1013, 600, '2021-10-30 11:48:44', 168000.00, 0, 'باقي ٢٠'),
(644, 1, 10, 931, 1, '2021-10-30 12:34:04', 300.00, 0, NULL),
(645, 1, 10, 1028, 603, '2021-10-30 13:14:03', 1000000.00, 0, NULL),
(646, 1, 1, 1004, 1, '2021-10-28 14:09:07', 1400.00, 0, NULL),
(647, 1, 1, 1006, 1, '2021-10-30 14:35:33', 5000.00, 0, NULL),
(649, 1, 1, 966, 1, '2021-10-31 13:48:16', 2500.00, 0, NULL),
(650, 1, 1, 966, 612, '2021-10-31 13:50:42', 3450000.00, 0, 'رصيد'),
(651, 1, 11, 994, 1, '2021-11-01 11:43:37', 1220.00, 0, NULL),
(652, 1, 1, 1019, 1, '2021-11-01 13:01:41', 550.00, 0, NULL),
(653, 1, 10, 969, 1, '2021-11-01 13:31:27', 225.00, 0, NULL),
(654, 1, 1, 1035, 613, '2021-11-01 13:51:43', 1176000.00, 0, NULL),
(655, 1, 10, 978, 1, '2021-11-01 16:23:58', 300.00, 0, NULL),
(656, 1, 1, 977, 1, '2021-11-01 17:44:16', 6700.00, 0, NULL),
(657, 1, 1, 1036, 1, '2021-11-02 09:13:36', 3000.00, 0, NULL),
(658, 1, 10, 1030, 1, '2021-11-02 09:51:51', 500.00, 0, NULL),
(659, 1, 10, 960, 614, '2021-11-02 12:23:56', 1050000.00, 0, NULL),
(660, 1, 1, 1029, 1, '2021-11-02 14:28:40', 650.00, 0, NULL),
(661, 1, 1, 996, 1, '2021-11-02 14:44:50', 500.00, 0, NULL),
(662, 1, 10, 978, 1, '2021-11-03 08:07:25', 700.00, 0, NULL),
(663, 1, 11, 1011, 622, '2021-11-03 11:08:06', 1400000.00, 0, NULL),
(664, 1, 10, 950, 623, '2021-11-03 17:24:02', 1858500.00, 0, 'رصيد حساب'),
(665, 1, 10, 1028, 624, '2021-11-03 17:33:55', 600000.00, 0, NULL),
(666, 1, 1, 941, 1, '2021-11-04 10:29:02', 7000.00, 0, NULL),
(667, 1, 10, 978, 1, '2021-11-04 13:37:40', 400.00, 0, NULL),
(668, 1, 10, 992, 627, '2021-11-04 13:54:02', 830000.00, 0, NULL),
(669, 1, 1, 1004, 628, '2021-11-04 14:30:12', 4610000.00, 0, NULL),
(670, 1, 10, 978, 1, '2021-11-06 09:09:40', 300.00, 0, NULL),
(671, 1, 10, 969, 1, '2021-11-06 14:05:34', 200.00, 0, NULL),
(672, 1, 1, 949, 1, '2021-11-06 14:10:20', 932.00, 0, 'بينهم ٢٠٠ يو'),
(673, 1, 1, 949, 634, '2021-11-06 14:12:20', 100000.00, 0, 'رصيد'),
(674, 1, 10, 931, 1, '2021-11-06 14:51:06', 1000.00, 0, NULL),
(675, 1, 11, 1013, 636, '2021-11-06 17:32:24', 70000.00, 0, NULL),
(676, 1, 10, 1037, 637, '2021-11-07 10:13:52', 98000.00, 0, NULL),
(677, 1, 11, 986, 1, '2021-11-07 11:10:42', 6000.00, 0, NULL),
(678, 1, 9, 937, 1, '2021-11-07 15:09:47', 220.00, 0, NULL),
(679, 1, 9, 937, 641, '2021-11-07 15:10:24', 4000.00, 0, NULL),
(680, 1, 9, 964, 642, '2021-11-07 15:11:01', 745500.00, 0, NULL),
(681, 1, 11, 942, 1, '2021-11-07 17:02:10', 1000.00, 0, NULL),
(682, 1, 11, 942, 643, '2021-11-07 17:03:06', 7000000.00, 0, NULL),
(683, 1, 1, 964, 1, '2021-11-07 17:59:20', 1200.00, 0, NULL),
(684, 1, 10, 978, 1, '2021-11-08 09:48:17', 700.00, 0, NULL),
(685, 1, 1, 1004, 648, '2021-10-28 11:00:15', 4546000.00, 0, NULL),
(686, 1, 9, 1004, 651, '2021-11-08 15:26:36', 3500000.00, 0, NULL),
(689, 1, 1, 972, 1, '2021-11-09 11:45:00', 50.00, 0, 'مرتجع'),
(690, 1, 11, 1014, 1, '2021-11-09 13:19:55', 830.00, 0, NULL),
(691, 1, 1, 960, 1, '2021-11-09 14:41:29', 100.00, 0, NULL),
(692, 1, 1, 960, 655, '2021-11-09 14:43:19', 1400000.00, 0, NULL),
(693, 1, 1, 943, 1, '2021-11-10 10:03:30', 2000.00, 0, NULL),
(694, 1, 1, 943, 657, '2021-11-10 10:04:21', 3490000.00, 0, 'ناقصة ٤٠٠٠'),
(695, 1, 1, 1017, 1, '2021-11-10 11:14:30', 5015.00, 0, NULL),
(696, 1, 1, 979, 1, '2021-11-10 11:14:55', 7000.00, 0, NULL),
(697, 1, 10, 978, 1, '2021-11-09 12:23:14', 300.00, 0, NULL),
(698, 1, 1, 1039, 1, '2021-11-10 13:41:58', 1000.00, 0, NULL),
(699, 1, 10, 931, 1, '2021-11-10 14:50:58', 1000.00, 0, NULL),
(701, 1, 1, 964, 1, '2021-11-10 15:02:48', 487.00, 0, 'بينهم ٤٠٠ يويو'),
(702, 1, 1, 941, 1, '2021-11-11 12:19:36', 5000.00, 0, NULL),
(703, 1, 1, 941, 660, '2021-11-11 13:50:48', 500000.00, 0, NULL),
(705, 1, 1, 964, 662, '2021-11-11 14:54:12', 350000.00, 0, NULL),
(706, 1, 10, 970, 1, '2021-11-11 22:16:19', 3600.00, 0, NULL),
(707, 1, 10, 970, 663, '2021-11-11 22:16:50', 35000.00, 0, NULL),
(708, 1, 10, 978, 1, '2021-11-13 09:23:21', 1100.00, 0, NULL),
(709, 1, 1, 942, 1, '2021-11-13 12:25:43', 2700.00, 0, NULL),
(710, 1, 1, 996, 1, '2021-11-14 10:17:23', 500.00, 0, NULL),
(711, 1, 1, 960, 1, '2021-11-14 10:17:42', 700.00, 0, NULL),
(712, 1, 1, 938, 1, '2021-11-14 12:57:02', 1160.00, 0, '١٠٠٠ يوي'),
(714, 1, 1, 943, 677, '2021-11-15 13:17:02', 3915000.00, 0, NULL),
(715, 1, 1, 1034, 1, '2021-11-15 20:25:02', 1100.00, 0, NULL),
(717, 1, 10, 978, 1, '2021-11-17 09:40:28', 300.00, 0, NULL),
(718, 1, 10, 948, 1, '2021-11-17 13:00:02', 100.00, 0, NULL),
(719, 1, 1, 960, 1, '2021-11-17 13:48:32', 400.00, 0, NULL),
(720, 1, 10, 931, 1, '2021-11-17 14:39:37', 1550.00, 0, NULL),
(721, 1, 1, 1029, 1, '2021-11-17 15:35:26', 10000.00, 0, NULL),
(723, 1, 10, 978, 1, '2021-11-18 09:50:51', 300.00, 0, NULL),
(724, 1, 10, 994, 682, '2021-11-18 10:30:07', 974000.00, 0, NULL),
(725, 1, 10, 994, 1, '2021-11-18 10:30:54', 200.00, 0, NULL),
(726, 1, 1, 979, 1, '2021-11-18 10:34:23', 3000.00, 0, NULL),
(727, 1, 10, 1003, 1, '2021-11-18 12:50:34', 500.00, 0, NULL),
(728, 1, 1, 1026, 1, '2021-11-18 13:48:19', 1500.00, 0, NULL),
(729, 1, 1, 930, 1, '2021-11-18 15:41:13', 2000.00, 0, NULL),
(730, 1, 1, 941, 1, '2021-11-18 15:41:38', 15000.00, 0, NULL),
(731, 1, 1, 966, 1, '2021-11-18 16:27:53', 40000.00, 0, NULL),
(732, 1, 1, 977, 1, '2021-11-18 20:50:41', 2700.00, 0, NULL),
(734, 1, 1, 943, 687, '2021-11-20 14:42:46', 7000000.00, 0, NULL),
(735, 1, 10, 978, 1, '2021-11-22 10:27:13', 300.00, 0, NULL),
(737, 1, 1, 942, 1, '2021-11-23 12:35:20', 2000.00, 0, NULL),
(738, 1, 1, 1003, 1, '2021-11-23 13:51:00', 60.00, 0, NULL),
(739, 1, 1, 960, 1, '2021-11-24 10:36:42', 900.00, 0, NULL),
(740, 1, 1, 960, 706, '2021-11-24 10:37:10', 350000.00, 0, NULL),
(742, 1, 9, 951, 709, '2021-11-24 13:35:52', 1130000.00, 0, NULL),
(743, 1, 1, 941, 1, '2021-11-25 10:59:42', 7000.00, 0, NULL),
(744, 1, 1, 1019, 1, '2021-11-25 11:11:35', 100.00, 0, NULL),
(745, 1, 1, 972, 1, '2021-11-25 12:12:30', 530.00, 0, NULL),
(746, 1, 1, 972, 710, '2021-11-25 12:12:55', 35000.00, 0, 'رصيد'),
(748, 1, 10, 931, 1, '2021-11-27 13:20:49', 1100.00, 0, NULL),
(749, 1, 9, 1003, 715, '2021-11-25 13:24:56', 20000.00, 0, NULL),
(750, 1, 9, 1004, 717, '2021-11-27 14:14:40', 2520000.00, 0, NULL),
(751, 1, 1, 942, 1, '2021-11-28 15:11:55', 1200.00, 0, 'باقي بدي منو ٨٥'),
(753, 1, 10, 1039, 722, '2021-11-29 13:17:41', 1326000.00, 0, NULL),
(754, 1, 12, 1040, 724, '2021-11-30 14:50:12', 894000.00, 0, NULL),
(755, 1, 12, 978, 725, '2021-12-01 09:16:31', 1050000.00, 0, NULL),
(756, 1, 10, 960, 728, '2021-12-02 11:47:23', 350000.00, 0, NULL),
(757, 1, 10, 960, 1, '2021-12-02 11:47:52', 500.00, 0, NULL),
(758, 1, 1, 941, 1, '2021-12-02 13:03:20', 10000.00, 0, NULL),
(759, 1, 10, 1042, 732, '2021-12-04 13:03:29', 2284000.00, 0, 'رصيد الفاتورة'),
(761, 1, 10, 960, 1, '2021-12-05 13:30:23', 777.00, 0, 'قبضت ٨٠٠ \n٧٧٧ رصيد النجم الذهبي\nوالباقي لبلال قدور'),
(762, 1, 10, 972, 1, '2021-12-05 14:27:27', 400.00, 0, NULL),
(763, 1, 10, 972, 734, '2021-12-05 14:28:29', 143500.00, 0, 'رصيد بالة بوزن ٤٤١'),
(764, 1, 10, 972, 1, '2021-12-05 14:28:58', 1500.00, 0, NULL),
(765, 1, 10, 972, 735, '2021-12-05 14:29:20', 3500000.00, 0, NULL),
(766, 1, 10, 929, 736, '2021-12-05 15:00:24', 630000.00, 0, NULL),
(767, 1, 9, 996, 1, '2021-12-05 10:16:21', 23.00, 0, NULL),
(768, 1, 10, 978, 738, '2021-12-06 12:15:56', 1050000.00, 0, NULL),
(769, 1, 1, 1043, 740, '2021-12-07 11:31:02', 30000.00, 0, NULL),
(770, 1, 10, 1035, 741, '2021-12-07 14:04:30', 2362000.00, 0, 'رصيد بالة وجهين كرفت بوزن ٥٦٣'),
(771, 1, 10, 951, 742, '2021-12-08 11:57:15', 980000.00, 0, 'رصيد بالة بوزن ٢٣٩'),
(772, 1, 10, 957, 1, '2021-12-08 12:25:11', 400.00, 0, NULL),
(773, 1, 10, 957, 743, '2021-12-08 12:25:41', 174000.00, 0, NULL),
(774, 1, 9, 1001, 1, '2021-12-08 11:35:39', 100.00, 0, NULL),
(775, 1, 9, 1001, 745, '2021-12-08 11:36:05', 188000.00, 0, NULL),
(776, 1, 10, 959, 1, '2021-12-09 12:39:13', 970.00, 0, NULL),
(777, 1, 10, 959, 748, '2021-12-09 12:39:29', 3500.00, 0, NULL),
(778, 1, 10, 986, 1, '2021-12-09 13:06:53', 500.00, 0, NULL),
(779, 1, 10, 986, 749, '2021-12-09 13:07:12', 126000.00, 0, 'رصيد'),
(780, 1, 10, 996, 1, '2021-12-09 14:11:32', 430.00, 0, NULL),
(781, 1, 10, 1024, 1, '2021-12-11 11:36:35', 300.00, 0, NULL),
(782, 1, 10, 1044, 1, '2021-12-11 11:52:30', 5000.00, 0, NULL),
(783, 1, 10, 942, 1, '2021-12-11 13:51:55', 100.00, 0, NULL),
(784, 1, 10, 978, 1, '2021-12-12 08:22:13', 300.00, 0, NULL),
(785, 1, 9, 972, 1, '2021-12-14 11:14:52', 1500.00, 0, NULL),
(786, 1, 9, 972, 758, '2021-12-14 11:15:11', 1750000.00, 0, NULL),
(787, 1, 9, 980, 1, '2021-12-14 11:16:04', 1600.00, 0, 'بيد ابو علي الحريري'),
(788, 1, 12, 1019, 1, '2021-12-14 12:01:08', 30.00, 0, NULL),
(789, 1, 12, 1019, 759, '2021-12-14 12:01:28', 70000.00, 0, NULL),
(790, 1, 12, 943, 760, '2021-12-14 14:01:49', 7000000.00, 0, NULL),
(792, 1, 9, 1044, 1, '2021-12-14 15:10:37', 1900.00, 0, NULL),
(793, 1, 9, 1044, 761, '2021-12-14 15:11:00', 350000.00, 0, NULL),
(794, 1, 12, 943, 763, '2021-12-15 13:37:18', 10500000.00, 0, NULL),
(795, 1, 12, 1045, 768, '2021-12-16 11:30:15', 262000.00, 0, 'رصيد'),
(797, 1, 9, 1046, 771, '2021-12-16 14:27:03', 14000000.00, 0, NULL),
(798, 1, 10, 938, 1, '2021-12-16 15:49:28', 500.00, 0, NULL),
(799, 1, 9, 1046, 775, '2021-12-16 11:55:00', 2373000.00, 0, NULL),
(800, 1, 9, 959, 1, '2021-12-18 12:03:42', 355.00, 0, NULL),
(801, 1, 9, 1044, 777, '2021-12-16 12:39:36', 3550000.00, 0, NULL),
(802, 1, 10, 1044, 779, '2021-12-19 14:17:06', 3550000.00, 0, NULL),
(803, 1, 9, 1007, 1, '2021-12-19 10:44:21', 1000.00, 0, 'بيد ابو علي الحريري'),
(804, 1, 9, 962, 783, '2021-12-20 10:44:53', 500000.00, 0, 'من اسبوعبن تم دفعا'),
(805, 1, 12, 943, 786, '2021-12-20 12:23:36', 6000000.00, 0, NULL),
(806, 1, 10, 978, 787, '2021-12-21 08:51:38', 1050000.00, 0, NULL),
(807, 1, 9, 972, 789, '2021-12-21 10:59:42', 1800000.00, 0, NULL),
(810, 2, 16, 943, 792, '2021-12-22 13:04:24', 4410000.00, 0, NULL),
(811, 1, 10, 1039, 793, '2021-12-22 15:50:40', 1900000.00, 0, NULL),
(812, 1, 10, 943, 794, '2021-12-22 16:34:39', 6480000.00, 0, NULL),
(814, 1, 12, 1044, 796, '2021-12-22 08:40:27', 3600000.00, 0, NULL),
(815, 1, 10, 1004, 800, '2021-12-23 13:04:07', 54000.00, 0, NULL),
(816, 1, 10, 1004, 1, '2021-12-23 13:04:38', 2485.00, 0, NULL),
(817, 1, 10, 936, 1, '2021-12-23 19:04:12', 5000.00, 0, NULL),
(818, 1, 10, 1042, 1, '2021-12-25 11:32:54', 3400.00, 0, NULL),
(819, 1, 10, 1042, 805, '2021-12-25 11:33:38', 125000.00, 0, NULL),
(820, 2, 16, 943, 806, '2021-12-25 12:53:00', 3960000.00, 0, NULL),
(821, 2, 16, 1008, 807, '2021-12-25 13:19:51', 4000000.00, 0, NULL),
(822, 1, 10, 1016, 1, '2021-12-25 13:36:05', 1040.00, 0, 'رصيد بالة'),
(823, 1, 10, 994, 810, '2021-12-25 15:26:48', 1900000.00, 0, NULL),
(824, 1, 9, 962, 816, '2021-12-26 12:10:51', 4000000.00, 0, NULL),
(825, 2, 16, 994, 1, '2021-12-26 13:48:17', 400.00, 0, NULL),
(826, 1, 10, 1069, 1, '2021-12-26 13:55:20', 6020.00, 0, NULL),
(827, 1, 10, 1069, 818, '2021-12-26 13:56:04', 31500.00, 0, NULL),
(828, 1, 16, 994, 1, '2021-12-27 12:49:49', 1000.00, 0, NULL),
(829, 1, 10, 1071, 1, '2021-12-27 12:51:11', 7600.00, 0, NULL),
(830, 2, 16, 943, 822, '2021-12-27 14:18:48', 3600000.00, 0, NULL),
(831, 1, 16, 1008, 1, '2021-12-27 15:30:32', 700.00, 0, NULL),
(832, 1, 10, 977, 823, '2021-12-27 15:51:20', 5832000.00, 0, NULL),
(833, 1, 10, 978, 824, '2021-12-28 08:19:39', 1080000.00, 0, NULL),
(834, 1, 9, 1030, 1, '2021-12-28 11:34:25', 677.00, 0, NULL),
(835, 2, 16, 994, 829, '2021-12-28 15:01:58', 900000.00, 0, NULL),
(836, 1, 10, 1062, 1, '2021-12-29 08:34:18', 2000.00, 0, NULL),
(837, 1, 16, 962, 1, '2021-12-29 11:48:42', 12000.00, 0, NULL),
(838, 1, 10, 1040, 1, '2021-12-29 13:16:03', 700.00, 0, NULL),
(839, 1, 10, 1040, 831, '2021-12-29 13:16:35', 216000.00, 0, NULL),
(840, 1, 10, 956, 835, '2021-12-29 15:18:30', 29750000.00, 0, NULL),
(841, 1, 10, 956, 1, '2021-12-29 15:19:04', 2500.00, 0, NULL),
(842, 1, 10, 1069, 1, '2021-12-30 10:55:38', 3421.00, 0, 'رصيد'),
(843, 1, 10, 1069, 839, '2021-12-30 10:56:12', 14000.00, 0, NULL),
(844, 2, 16, 994, 840, '2021-12-30 11:44:50', 900000.00, 0, NULL),
(845, 2, 16, 994, 1, '2021-12-30 12:01:26', 100.00, 0, NULL),
(846, 1, 1, 1004, 843, '2021-12-30 14:33:47', 1555000.00, 0, 'رصيد'),
(847, 1, 1, 946, 1, '2021-12-30 14:34:08', 1200.00, 0, NULL),
(848, 2, 16, 943, 1, '2022-01-01 12:01:07', 1600.00, 0, NULL),
(849, 1, 10, 1075, 1, '2021-12-30 13:52:28', 358.00, 0, 'بيد ابو علي'),
(850, 2, 16, 983, 847, '2022-01-02 11:38:53', 5252000.00, 0, NULL),
(851, 1, 10, 1016, 1, '2022-01-02 12:21:14', 480.00, 0, 'رصيد بالة بوزن ٤٠٠كغ'),
(852, 2, 16, 994, 1, '2022-01-02 12:26:00', 300.00, 0, NULL),
(853, 2, 16, 994, 848, '2022-01-02 12:27:30', 1080000.00, 0, NULL),
(855, 1, 10, 946, 1, '2022-01-02 14:25:25', 500.00, 0, NULL),
(856, 2, 16, 972, 1, '2022-01-02 14:46:20', 1250.00, 0, NULL),
(857, 2, 16, 962, 1, '2022-01-03 11:43:18', 2500.00, 0, '750 € = 850 $\n850 + 1650 = 2500 $'),
(858, 2, 16, 960, 1, '2022-01-03 12:44:24', 300.00, 0, NULL),
(859, 1, 16, 994, 1, '2022-01-03 13:06:08', 800.00, 0, NULL),
(860, 2, 16, 946, 1, '2022-01-03 15:26:38', 700.00, 0, NULL),
(861, 2, 16, 994, 854, '2022-01-04 11:12:39', 720000.00, 0, NULL),
(862, 2, 16, 994, 1, '2022-01-04 11:15:30', 300.00, 0, NULL),
(863, 2, 16, 962, 1, '2022-01-04 12:42:29', 700.00, 0, NULL),
(864, 2, 16, 1008, 1, '2022-01-04 14:27:49', 600.00, 0, NULL),
(865, 1, 16, 1044, 1, '2022-01-04 14:57:34', 600.00, 0, NULL),
(866, 2, 16, 938, 1, '2022-01-05 12:34:23', 3000.00, 0, NULL),
(867, 2, 16, 938, 857, '2022-01-05 12:38:12', 3348000.00, 0, NULL),
(868, 2, 16, 962, 1, '2022-01-06 12:28:34', 1767.00, 0, NULL),
(869, 2, 16, 994, 861, '2022-01-06 14:47:14', 2520000.00, 0, NULL),
(870, 1, 10, 978, 870, '2022-01-08 10:45:19', 1000000.00, 0, NULL),
(871, 2, 16, 981, 871, '2022-01-08 13:39:22', 3600000.00, 0, NULL),
(872, 2, 16, 1017, 1, '2022-01-08 15:48:01', 10000.00, 0, 'دفعه مقدمه ثمن ال MG'),
(873, 2, 16, 994, 882, '2022-01-10 11:13:27', 1900000.00, 0, NULL),
(874, 2, 16, 981, 884, '2022-01-10 12:12:35', 2350000.00, 0, 'رصيد حساب'),
(875, 2, 16, 1078, 885, '2022-01-10 13:28:53', 700000.00, 0, NULL),
(876, 2, 16, 959, 1, '2022-01-10 14:01:51', 600.00, 0, 'دفعه مقدمه من السيد فراس'),
(877, 2, 16, 994, 886, '2022-01-10 15:41:02', 1800000.00, 0, NULL),
(878, 2, 16, 1046, 888, '2022-01-10 19:10:40', 29576000.00, 0, 'رصيد ٨٢٥٠ كغ'),
(879, 1, 10, 1062, 890, '2022-01-11 09:20:42', 7000000.00, 0, NULL),
(880, 2, 16, 989, 1, '2022-01-11 13:01:55', 6000.00, 0, NULL),
(881, 2, 16, 1078, 892, '2022-01-11 13:07:52', 2500000.00, 0, NULL),
(882, 2, 16, 986, 1, '2022-01-11 13:34:36', 2500.00, 0, NULL),
(883, 2, 16, 1077, 893, '2022-01-11 13:34:54', 49000.00, 0, NULL),
(884, 2, 16, 1077, 1, '2022-01-11 13:37:07', 1050.00, 0, 'حساب رصيد'),
(885, 1, 10, 1069, 1, '2022-01-11 13:45:48', 2550.00, 0, NULL),
(886, 1, 10, 1069, 894, '2022-01-11 13:46:05', 158000.00, 0, NULL),
(887, 2, 16, 943, 1, '2022-01-11 13:48:33', 600.00, 0, NULL),
(888, 2, 16, 938, 1, '2022-01-11 15:06:03', 2000.00, 0, NULL),
(889, 2, 16, 1044, 1, '2022-01-11 15:28:36', 585.00, 0, '340 € = 385 $ + 200$ = 585 $'),
(890, 2, 16, 994, 896, '2022-01-12 12:49:23', 2520000.00, 0, NULL),
(891, 1, 10, 1069, 1, '2022-01-12 16:11:15', 150.00, 0, NULL),
(892, 1, 10, 1040, 1, '2022-01-13 08:37:51', 1300.00, 0, NULL),
(893, 1, 10, 1033, 1, '2022-01-13 11:03:48', 1370.00, 0, NULL),
(894, 2, 16, 994, 900, '2022-01-13 11:40:57', 2880000.00, 0, NULL),
(895, 2, 16, 959, 1, '2022-01-13 14:14:59', 110.00, 0, 'دفعه رصيد حساب'),
(896, 2, 16, 946, 1, '2022-01-13 14:44:29', 1300.00, 0, NULL),
(897, 2, 16, 930, 1, '2022-01-13 15:22:12', 2424.00, 0, NULL),
(898, 2, 16, 1044, 1, '2022-01-15 12:50:04', 500.00, 0, NULL),
(899, 1, 10, 933, 1, '2022-01-15 13:12:39', 100.00, 0, NULL),
(900, 1, 10, 931, 1, '2022-01-15 14:46:41', 1200.00, 0, NULL),
(901, 2, 16, 980, 1, '2022-01-15 15:11:24', 4730.00, 0, 'بيد ابو علي الحريري'),
(902, 1, 10, 956, 1, '2022-01-15 15:37:31', 1826.00, 0, NULL),
(903, 2, 16, 943, 1, '2022-01-16 12:15:00', 950.00, 0, NULL),
(904, 2, 16, 943, 913, '2022-01-16 12:18:43', 2700000.00, 0, NULL),
(905, 1, 10, 978, 1, '2022-01-16 17:49:10', 300.00, 0, NULL),
(906, 2, 16, 1030, 1, '2022-01-17 11:07:18', 400.00, 0, NULL),
(907, 2, 16, 1030, 914, '2022-01-17 11:07:46', 983000.00, 0, NULL),
(908, 2, 16, 994, 917, '2022-01-17 12:50:39', 5040000.00, 0, NULL),
(909, 2, 16, 946, 1, '2022-01-18 11:13:33', 1000.00, 0, NULL),
(910, 2, 16, 994, 1, '2022-01-18 15:21:45', 300.00, 0, NULL),
(911, 2, 16, 994, 922, '2022-01-18 15:25:43', 1800000.00, 0, NULL),
(912, 1, 1, 1078, 929, '2022-01-20 13:40:34', 2386000.00, 0, NULL),
(913, 2, 16, 1051, 1, '2022-01-22 11:04:07', 2500.00, 0, NULL),
(914, 2, 16, 986, 1, '2022-01-22 11:06:04', 2120.00, 0, NULL),
(915, 2, 16, 986, 934, '2022-01-22 11:06:35', 10500.00, 0, 'رصيد حساب'),
(916, 2, 16, 943, 1, '2022-01-22 11:55:39', 1200.00, 0, 'دفعه ابو صالح'),
(917, 2, 16, 1046, 1, '2022-01-22 16:53:12', 4510.00, 0, NULL),
(918, 1, 10, 958, 1, '2022-01-23 11:16:07', 1000.00, 0, NULL),
(919, 2, 16, 1078, 936, '2022-01-23 12:43:08', 3000000.00, 0, NULL),
(920, 2, 16, 946, 1, '2022-01-23 13:46:22', 500.00, 0, NULL),
(921, 2, 16, 946, 937, '2022-01-23 13:47:36', 114000.00, 0, NULL),
(922, 2, 16, 994, 1, '2022-01-23 14:35:46', 900.00, 0, NULL),
(923, 2, 16, 994, 938, '2022-01-23 14:36:45', 4000000.00, 0, NULL),
(924, 2, 16, 960, 1, '2022-01-23 14:49:52', 400.00, 0, NULL),
(925, 2, 16, 1076, 1, '2022-01-23 15:36:47', 220.00, 0, 'دفعه رصيد حساب'),
(926, 2, 16, 946, 1, '2022-01-24 13:51:12', 800.00, 0, NULL),
(927, 1, 10, 931, 1, '2022-01-24 13:58:09', 80.00, 0, NULL),
(928, 1, 10, 931, 946, '2022-01-24 13:58:25', 20000.00, 0, NULL),
(929, 1, 1, 1044, 947, '2022-01-24 14:41:50', 3600000.00, 0, 'رصيد حتى تاريخه خصم ٦٥ الف بعلم قصي'),
(930, 2, 16, 1078, 948, '2022-01-24 14:53:15', 1080000.00, 0, NULL),
(931, 2, 16, 1017, 1, '2022-01-25 11:35:36', 6600.00, 0, 'رصيد حساب + دفعه مقدمه'),
(932, 2, 16, 943, 954, '2022-01-25 14:24:42', 5040000.00, 0, NULL),
(933, 2, 16, 943, 1, '2022-01-25 14:25:48', 300.00, 0, NULL),
(934, 2, 16, 943, 1, '2022-01-25 14:27:35', 300.00, 0, 'دفعه ثانيه'),
(935, 1, 10, 1017, 1, '2022-01-26 09:26:13', 20000.00, 0, NULL),
(936, 1, 10, 978, 1, '2022-01-26 10:40:47', 210.00, 0, NULL),
(938, 1, 10, 949, 958, '2022-01-26 14:40:02', 1470500.00, 0, NULL),
(939, 2, 16, 994, 1, '2022-01-27 11:24:59', 300.00, 0, NULL),
(940, 2, 16, 994, 959, '2022-01-27 11:25:48', 2880000.00, 0, NULL),
(941, 2, 16, 1078, 967, '2022-01-27 13:03:54', 4250000.00, 0, NULL),
(942, 1, 10, 970, 968, '2022-01-27 20:47:23', 10740000.00, 0, NULL),
(943, 1, 10, 970, 1, '2022-01-27 20:49:01', 1000.00, 0, NULL),
(944, 2, 16, 1029, 1, '2022-01-28 23:12:11', 2550.00, 0, NULL),
(945, 2, 16, 994, 978, '2022-01-29 12:01:41', 1080000.00, 0, NULL),
(946, 2, 16, 994, 1, '2022-01-29 12:02:48', 200.00, 0, NULL),
(947, 2, 16, 943, 1, '2022-01-29 14:00:32', 1550.00, 0, NULL),
(948, 2, 16, 1013, 979, '2022-01-30 12:52:56', 580000.00, 0, 'شراء ٤ ماعون نقدا'),
(949, 2, 16, 972, 1, '2022-01-30 13:25:45', 950.00, 0, NULL),
(950, 2, 16, 1087, 980, '2022-01-30 13:50:55', 10000000.00, 0, 'بيد ابراهيم داود في لاذقيه'),
(951, 2, 16, 994, 981, '2022-01-30 15:11:43', 1260000.00, 0, NULL),
(952, 2, 16, 994, 1, '2022-01-30 15:13:08', 800.00, 0, NULL),
(953, 1, 10, 958, 1, '2022-01-31 09:06:20', 1600.00, 0, NULL),
(954, 1, 10, 958, 982, '2022-01-31 09:06:41', 108000.00, 0, NULL),
(955, 1, 10, 1017, 1, '2022-02-01 10:14:40', 24900.00, 0, NULL),
(956, 1, 10, 1017, 1, '2022-02-01 16:33:51', 100.00, 0, NULL),
(957, 1, 1, 930, 1, '2022-02-02 13:12:48', 800.00, 0, NULL),
(958, 1, 1, 994, 1, '2022-02-03 13:20:39', 1000.00, 0, NULL),
(959, 1, 10, 994, 983, '2022-02-03 13:41:09', 284000.00, 0, NULL),
(960, 1, 1, 946, 1, '2022-02-05 13:19:55', 1500.00, 0, NULL),
(961, 1, 1, 1078, 984, '2022-02-05 13:20:08', 200000.00, 0, NULL),
(962, 1, 1, 943, 985, '2022-02-05 14:34:24', 3150000.00, 0, NULL),
(963, 1, 1, 943, 1, '2022-02-05 14:52:02', 700.00, 0, NULL),
(964, 1, 1, 943, 986, '2022-02-06 14:10:34', 4320000.00, 0, NULL),
(965, 1, 1, 1017, 1, '2022-02-06 14:27:44', 10000.00, 0, NULL),
(966, 1, 1, 994, 987, '2022-02-07 15:40:30', 1440000.00, 0, NULL),
(967, 1, 1, 994, 1, '2022-02-07 15:41:21', 100.00, 0, 'رصيد'),
(968, 1, 1, 943, 1, '2022-02-08 15:15:32', 600.00, 0, NULL),
(969, 1, 10, 978, 988, '2022-02-09 09:12:42', 540000.00, 0, NULL),
(970, 1, 1, 943, 989, '2022-02-10 12:18:30', 3600000.00, 0, NULL),
(971, 1, 1, 944, 1, '2022-02-13 11:37:33', 7000.00, 0, NULL),
(972, 1, 1, 946, 1, '2022-02-13 11:37:58', 1100.00, 0, NULL),
(973, 1, 1, 1078, 990, '2022-02-13 12:06:29', 3400000.00, 0, NULL),
(974, 1, 1, 960, 991, '2022-02-13 13:01:13', 1980000.00, 0, NULL),
(975, 1, 1, 960, 1, '2022-02-13 13:03:09', 100.00, 0, NULL),
(976, 1, 1, 996, 1, '2022-02-13 13:03:20', 500.00, 0, NULL),
(977, 1, 1, 945, 1, '2022-02-13 14:54:51', 300.00, 0, NULL),
(978, 1, 1, 945, 994, '2022-02-13 14:55:13', 60000.00, 0, NULL),
(979, 1, 1, 1089, 995, '2022-02-13 15:35:33', 6650000.00, 0, NULL),
(980, 1, 1, 943, 996, '2022-02-17 14:56:07', 8100000.00, 0, NULL),
(981, 2, 16, 1091, 1, '2022-02-17 13:57:13', 7796.00, 0, 'بيد ابو علي الحريري'),
(982, 2, 16, 1090, 1, '2022-02-17 14:27:10', 50000.00, 0, 'بيد ابو علي الحريري'),
(983, 2, 16, 980, 1, '2022-02-17 15:03:16', 8970.00, 0, 'دفعه رصيد بيد ابو علي الحريري'),
(984, 1, 10, 992, 997, '2022-02-17 16:28:08', 3074000.00, 0, NULL),
(985, 1, 10, 994, 998, '2022-02-19 14:11:08', 3000000.00, 0, NULL),
(986, 1, 1, 944, 1, '2022-02-20 09:39:35', 6800.00, 0, NULL),
(987, 1, 1, 960, 999, '2022-02-20 11:12:41', 3600000.00, 0, NULL),
(988, 1, 10, 1062, 1, '2022-02-23 09:55:09', 75.00, 0, NULL),
(989, 1, 10, 1062, 1000, '2022-02-23 09:55:44', 200000.00, 0, NULL),
(990, 1, 10, 943, 1001, '2022-02-23 13:02:44', 6534000.00, 0, NULL),
(991, 1, 10, 943, 1002, '2022-02-24 13:45:03', 3102500.00, 0, NULL),
(992, 1, 10, 960, 1003, '2022-02-24 14:20:02', 3102500.00, 0, NULL),
(993, 1, 10, 1078, 1004, '2022-02-24 16:26:27', 1200000.00, 0, NULL),
(994, 1, 10, 1094, 1005, '2022-02-24 16:27:01', 3500000.00, 0, NULL),
(995, 1, 10, 994, 1, '2022-02-26 10:20:07', 200.00, 0, NULL),
(996, 1, 10, 994, 1006, '2022-02-26 10:24:36', 1000000.00, 0, NULL),
(997, 1, 10, 1093, 1007, '2022-02-26 13:19:14', 2078500.00, 0, NULL),
(998, 1, 16, 1090, 1, '2022-02-26 13:41:53', 8263.00, 0, 'بيد ابو علي الحريري  حلب'),
(999, 1, 1, 1046, 1011, '2022-02-26 19:30:04', 54750000.00, 0, NULL),
(1000, 1, 10, 1017, 1, '2022-02-27 11:11:29', 10000.00, 0, NULL),
(1002, 1, 10, 1028, 1013, '2022-02-27 11:51:01', 1400000.00, 0, NULL),
(1003, 1, 1, 996, 1014, '2022-02-27 12:01:27', 1835000.00, 0, NULL),
(1004, 2, 16, 1025, 1, '2022-02-27 13:00:37', 6400.00, 0, 'دفعه بايد ابو علي الحريري'),
(1005, 1, 1, 960, 1015, '2022-02-27 15:17:31', 1000000.00, 0, NULL),
(1006, 1, 1, 944, 1, '2022-02-27 15:20:51', 4280.00, 0, NULL),
(1007, 1, 10, 978, 1, '2022-02-28 15:54:18', 210.00, 0, NULL),
(1008, 1, 10, 1094, 1016, '2022-02-28 16:24:55', 1600000.00, 0, NULL),
(1009, 2, 16, 1091, 1, '2022-02-28 18:01:39', 8600.00, 0, 'بيد ابو علي الحريري حلب'),
(1010, 1, 10, 968, 1017, '2022-03-01 11:38:33', 3800000.00, 0, NULL),
(1011, 1, 10, 1028, 1018, '2022-03-01 12:39:56', 990000.00, 0, NULL),
(1012, 1, 1, 943, 1, '2022-03-01 14:04:05', 1000.00, 0, NULL),
(1013, 1, 1, 943, 1019, '2022-03-01 14:04:35', 1300000.00, 0, NULL),
(1014, 2, 16, 1087, 1, '2022-03-01 15:26:46', 2725.00, 0, 'بيد مسلم (المخلص )'),
(1015, 1, 1, 996, 1, '2022-03-02 15:52:16', 500.00, 0, NULL),
(1016, 1, 11, 1011, 1021, '2022-03-03 12:33:32', 3800000.00, 0, NULL),
(1017, 1, 11, 964, 1022, '2022-03-03 13:04:06', 2280000.00, 0, NULL),
(1018, 1, 10, 994, 1, '2022-03-05 13:45:03', 500.00, 0, NULL),
(1019, 1, 10, 994, 1023, '2022-03-05 13:45:42', 2000000.00, 0, NULL),
(1020, 1, 10, 960, 1024, '2022-03-05 14:35:43', 2000000.00, 0, NULL),
(1021, 1, 10, 996, 1, '2022-03-05 14:36:23', 400.00, 0, NULL),
(1022, 2, 16, 1017, 1025, '2022-03-06 20:36:34', 56250000.00, 0, 'بيد ابو وائل'),
(1023, 1, 10, 1028, 1026, '2022-03-09 13:29:10', 1011000.00, 0, NULL),
(1024, 1, 10, 1088, 1, '2022-03-09 13:34:35', 4100.00, 0, NULL),
(1025, 1, 10, 1078, 1027, '2022-03-09 14:10:06', 454000.00, 0, NULL),
(1026, 1, 1, 944, 1, '2022-03-09 15:53:13', 5020.00, 0, 'رصيد رجعنا ١٦ الف للترصيد وشكرا'),
(1027, 1, 11, 960, 1, '2022-03-10 11:07:17', 1000.00, 0, NULL);
INSERT  INTO `credits` (`iD`, `CashBoxID`, `EmployeeID`, `CustomerID`, `EqualitiesID`, `date`, `value`, `fromBox`, `comments`) VALUES
(1028, 1, 10, 939, 1, '2022-03-10 13:12:44', 810.00, 0, 'رصيد بالة لبناني بوزن ٥٣٩كغ'),
(1029, 1, 11, 1011, 1028, '2022-03-10 14:16:26', 5500000.00, 0, NULL),
(1030, 2, 16, 1087, 1, '2022-03-10 16:48:00', 2805.00, 0, 'دفعه رصيد بيد ابو علي'),
(1031, 1, 10, 1088, 1, '2022-03-12 12:48:06', 6000.00, 0, NULL),
(1032, 1, 10, 994, 1029, '2022-03-12 15:28:11', 1500000.00, 0, NULL),
(1033, 1, 10, 1088, 1, '2022-03-13 13:38:40', 10000.00, 0, NULL),
(1034, 1, 10, 1017, 1, '2022-03-14 10:55:46', 15000.00, 0, NULL),
(1035, 1, 10, 1088, 1, '2022-03-15 12:40:50', 3500.00, 0, NULL),
(1036, 1, 1, 1101, 1, '2022-03-15 12:45:14', 1300.00, 0, NULL),
(1037, 1, 10, 1017, 1, '2022-03-15 13:06:08', 9810.00, 0, NULL),
(1038, 1, 10, 1102, 1, '2022-03-15 13:58:37', 500.00, 0, 'رصيد بالة لبناني بوزن ٣٤٢كغ'),
(1039, 1, 10, 1102, 1030, '2022-03-15 13:59:48', 118500.00, 0, NULL),
(1040, 1, 10, 1085, 1031, '2022-03-15 14:28:05', 1570000.00, 0, NULL),
(1041, 1, 1, 957, 1033, '2022-03-16 11:24:10', 8000000.00, 0, NULL),
(1042, 1, 1, 972, 1, '2022-03-16 13:02:35', 450.00, 0, NULL),
(1043, 1, 1, 972, 1034, '2022-03-16 13:18:43', 1553000.00, 0, NULL),
(1044, 1, 10, 968, 1, '2022-03-16 14:07:51', 2000.00, 0, 'دفعة بضاعة وجهين كرفت بوزن ١٥٠٠كغ'),
(1045, 1, 1, 959, 1, '2022-03-16 14:52:23', 10000.00, 0, NULL),
(1046, 1, 1, 1101, 1, '2022-03-16 15:01:44', 1700.00, 0, NULL),
(1047, 1, 10, 939, 1, '2022-03-17 10:59:13', 200.00, 0, 'رصيد 5 موعين لاصق'),
(1048, 1, 10, 939, 1037, '2022-03-17 11:00:07', 119000.00, 0, NULL),
(1049, 1, 10, 994, 1, '2022-03-17 12:15:17', 1000.00, 0, NULL),
(1050, 1, 10, 937, 1, '2022-03-17 12:43:46', 1000.00, 0, NULL),
(1051, 1, 10, 1100, 1, '2022-03-17 14:46:56', 8000.00, 0, NULL),
(1052, 1, 10, 960, 1, '2022-03-17 14:48:01', 500.00, 0, NULL),
(1053, 1, 10, 1101, 1, '2022-03-17 15:11:34', 1000.00, 0, NULL),
(1054, 1, 10, 954, 1, '2022-03-19 09:19:23', 8000.00, 0, NULL),
(1055, 1, 1, 994, 1, '2022-03-19 12:04:39', 600.00, 0, NULL),
(1056, 1, 1, 994, 1038, '2022-03-19 12:05:15', 1775000.00, 0, NULL),
(1057, 1, 10, 959, 1, '2022-03-19 12:33:09', 5000.00, 0, NULL),
(1058, 1, 1, 1100, 1, '2022-03-19 14:59:28', 5000.00, 0, NULL),
(1059, 1, 10, 996, 1040, '2022-03-19 15:19:35', 1930000.00, 0, NULL),
(1060, 1, 10, 994, 1, '2022-03-20 14:03:16', 500.00, 0, NULL),
(1061, 1, 1, 981, 1043, '2022-03-20 14:52:30', 2500000.00, 0, NULL),
(1062, 1, 1, 943, 1, '2022-03-20 15:17:56', 800.00, 0, NULL),
(1063, 1, 1, 943, 1044, '2022-03-20 15:33:35', 1140000.00, 0, NULL),
(1064, 1, 10, 1102, 1, '2022-03-21 10:18:52', 815.00, 0, NULL),
(1065, 1, 11, 960, 1045, '2022-03-21 11:24:28', 1925000.00, 0, NULL),
(1066, 1, 11, 981, 1046, '2022-03-21 12:14:54', 415000.00, 0, NULL),
(1067, 1, 10, 1036, 1047, '2022-03-21 12:35:38', 7700000.00, 0, NULL),
(1068, 1, 10, 1104, 1048, '2022-03-21 12:55:19', 7000000.00, 0, NULL),
(1069, 1, 10, 1104, 1, '2022-03-21 12:57:06', 700.00, 0, NULL),
(1070, 1, 10, 994, 1, '2022-03-21 14:44:16', 1000.00, 0, NULL),
(1071, 1, 1, 1001, 1, '2022-03-21 19:37:15', 500.00, 0, NULL),
(1072, 1, 1, 957, 1, '2022-03-22 12:12:41', 10000.00, 0, NULL),
(1073, 1, 10, 1088, 1055, '2022-03-22 13:34:02', 885000.00, 0, NULL),
(1074, 1, 10, 946, 1, '2022-03-22 14:07:12', 800.00, 0, NULL),
(1075, 1, 10, 959, 1, '2022-03-22 14:25:51', 1400.00, 0, 'رصيد وخصم الباقي'),
(1076, 1, 10, 1101, 1, '2022-03-22 15:12:55', 1250.00, 0, NULL),
(1077, 1, 10, 955, 1062, '2022-03-22 17:03:34', 340000.00, 0, NULL),
(1078, 1, 10, 939, 1, '2022-03-23 12:47:49', 1100.00, 0, NULL),
(1079, 1, 10, 939, 1063, '2022-03-23 12:48:14', 1958000.00, 0, NULL),
(1080, 1, 10, 937, 1064, '2022-03-23 14:47:56', 3900000.00, 0, NULL),
(1081, 1, 10, 1100, 1, '2022-03-23 15:35:26', 700.00, 0, NULL),
(1082, 1, 10, 939, 1067, '2022-03-24 11:16:04', 1463000.00, 0, NULL),
(1083, 1, 11, 972, 1068, '2022-03-24 11:31:58', 4800000.00, 0, NULL),
(1084, 1, 11, 972, 1069, '2022-03-24 12:55:50', 100000.00, 0, NULL),
(1085, 1, 10, 1104, 1, '2022-03-24 14:21:01', 1040.00, 0, NULL),
(1086, 1, 10, 1028, 1077, '2022-03-24 17:03:21', 1000000.00, 0, NULL),
(1087, 1, 11, 984, 1082, '2022-03-26 15:03:19', 335000.00, 0, NULL),
(1088, 1, 11, 957, 1, '2022-03-27 09:51:57', 2500.00, 0, NULL),
(1089, 1, 11, 957, 1083, '2022-03-27 09:53:43', 5460000.00, 0, NULL),
(1090, 1, 11, 994, 1, '2022-03-27 11:43:56', 1700.00, 0, NULL),
(1091, 1, 11, 957, 1, '2022-03-27 13:14:02', 3700.00, 0, NULL),
(1092, 1, 11, 930, 1, '2022-03-27 15:33:37', 3500.00, 0, NULL),
(1093, 1, 10, 1106, 1084, '2022-03-28 10:27:24', 570000.00, 0, NULL),
(1094, 1, 10, 959, 1, '2022-03-28 12:21:24', 700.00, 0, NULL),
(1095, 1, 10, 937, 1085, '2022-03-28 13:32:07', 3900000.00, 0, NULL),
(1096, 1, 11, 943, 1, '2022-03-29 12:34:59', 1000.00, 0, NULL),
(1097, 1, 11, 994, 1090, '2022-03-29 14:05:31', 3535000.00, 0, NULL),
(1098, 1, 11, 994, 1, '2022-03-29 14:08:59', 100.00, 0, NULL),
(1099, 1, 10, 939, 1091, '2022-03-29 14:59:57', 3610000.00, 0, 'رصيد ٢٠ م لاصق'),
(1100, 1, 11, 994, 1, '2022-03-30 10:55:46', 1000.00, 0, NULL),
(1101, 1, 10, 1101, 1, '2022-03-30 14:07:27', 900.00, 0, NULL),
(1102, 1, 11, 972, 1092, '2022-03-31 11:11:53', 1570000.00, 0, NULL),
(1103, 1, 11, 1085, 1, '2022-03-31 11:24:02', 2000.00, 0, NULL),
(1104, 1, 11, 941, 1, '2022-03-31 11:50:37', 5000.00, 0, NULL),
(1105, 1, 11, 960, 1, '2022-03-31 13:57:20', 800.00, 0, NULL),
(1106, 1, 11, 996, 1, '2022-03-31 13:58:41', 250.00, 0, NULL),
(1107, 1, 11, 996, 1095, '2022-03-31 14:00:18', 50000.00, 0, NULL),
(1108, 1, 11, 1093, 1, '2022-03-31 15:39:37', 1500.00, 0, NULL),
(1109, 1, 11, 1093, 1098, '2022-03-31 15:41:33', 330000.00, 0, NULL),
(1110, 1, 11, 1036, 1, '2022-04-02 12:10:26', 900.00, 0, NULL),
(1111, 1, 10, 1028, 1, '2022-04-02 14:17:24', 310.00, 0, NULL),
(1112, 1, 10, 1028, 1099, '2022-04-02 14:20:54', 8000.00, 0, NULL),
(1113, 1, 1, 952, 1100, '2022-04-03 13:38:19', 500000.00, 0, NULL),
(1114, 1, 11, 1011, 1, '2022-04-03 14:43:08', 700.00, 0, NULL),
(1115, 1, 11, 1011, 1103, '2022-04-03 14:45:23', 5072000.00, 0, NULL),
(1116, 1, 10, 1001, 1104, '2022-04-03 14:57:14', 5000000.00, 0, NULL),
(1117, 2, 16, 1007, 1, '2022-04-03 19:26:21', 4000.00, 0, 'بيد ابو علي الحريري ) حلب'),
(1118, 1, 11, 1023, 1106, '2022-04-04 12:03:45', 5285000.00, 0, NULL),
(1119, 1, 11, 952, 1107, '2022-04-04 12:53:36', 500000.00, 0, NULL),
(1120, 1, 10, 1078, 1113, '2022-04-05 14:12:25', 3870000.00, 0, NULL),
(1121, 1, 10, 972, 1, '2022-04-06 12:27:47', 550.00, 0, NULL),
(1122, 1, 10, 972, 1117, '2022-04-06 12:28:09', 1766000.00, 0, NULL),
(1123, 1, 10, 994, 1118, '2022-04-06 14:06:15', 1265000.00, 0, 'رصيد'),
(1124, 1, 10, 994, 1, '2022-04-06 14:11:05', 500.00, 0, NULL),
(1125, 1, 10, 1101, 1, '2022-04-07 12:26:14', 600.00, 0, NULL),
(1126, 1, 11, 946, 1120, '2022-04-07 15:23:56', 733000.00, 0, NULL),
(1127, 1, 11, 1001, 1, '2022-04-07 17:21:54', 600.00, 0, NULL),
(1128, 2, 16, 1087, 1, '2022-04-07 21:31:51', 5000.00, 0, 'بيد ابو علي الحريري'),
(1129, 1, 11, 954, 1123, '2022-04-09 10:57:47', 5678000.00, 0, NULL),
(1130, 1, 10, 1016, 1, '2022-04-09 13:24:32', 230.00, 0, NULL),
(1131, 1, 10, 1016, 1125, '2022-04-09 13:24:56', 8000.00, 0, NULL),
(1132, 1, 11, 1011, 1126, '2022-04-09 14:39:17', 7410000.00, 0, NULL),
(1133, 1, 11, 941, 1, '2022-04-09 15:19:03', 5000.00, 0, NULL),
(1134, 1, 1, 1078, 1127, '2022-04-09 21:03:10', 4250000.00, 0, NULL),
(1135, 1, 1, 1016, 1, '2022-04-10 10:54:37', 400.00, 0, NULL),
(1136, 1, 10, 931, 1, '2022-04-10 14:57:19', 1400.00, 0, NULL),
(1137, 1, 11, 1039, 1, '2022-04-11 06:57:26', 500.00, 0, NULL),
(1138, 1, 10, 933, 1, '2022-04-11 11:13:08', 420.00, 0, NULL),
(1139, 1, 10, 933, 1130, '2022-04-11 11:13:31', 78500.00, 0, NULL),
(1140, 1, 10, 1001, 1, '2022-04-11 12:46:52', 1740.00, 0, NULL),
(1141, 1, 11, 1036, 1, '2022-04-11 14:31:20', 1200.00, 0, NULL),
(1142, 1, 10, 931, 1, '2022-04-11 15:14:18', 350.00, 0, NULL),
(1143, 1, 10, 931, 1131, '2022-04-11 15:18:46', 19000.00, 0, NULL),
(1144, 1, 10, 957, 1132, '2022-04-11 15:51:33', 12000000.00, 0, NULL),
(1145, 2, 16, 980, 1, '2022-04-11 16:54:41', 7040.00, 0, 'حساب رصيد بيد ابو علي الحريري( حلب)'),
(1146, 1, 11, 994, 1135, '2022-04-12 12:27:34', 2000000.00, 0, NULL),
(1147, 1, 10, 1044, 1137, '2022-04-12 15:39:52', 5772000.00, 0, NULL),
(1148, 1, 10, 957, 1, '2022-04-13 10:19:41', 6400.00, 0, NULL),
(1149, 1, 11, 994, 1138, '2022-04-13 12:02:40', 1000000.00, 0, NULL),
(1150, 1, 11, 1085, 1139, '2022-04-13 12:20:28', 100000.00, 0, NULL),
(1151, 1, 11, 1044, 1140, '2022-04-13 13:12:23', 500000.00, 0, NULL),
(1152, 1, 1, 952, 1141, '2022-04-14 13:09:38', 1000000.00, 0, NULL),
(1153, 1, 11, 1107, 1142, '2022-04-14 14:21:17', 2000000.00, 0, NULL),
(1154, 1, 10, 974, 1143, '2022-04-14 14:48:04', 3200000.00, 0, NULL),
(1155, 1, 10, 974, 1, '2022-04-14 14:48:37', 100.00, 0, NULL),
(1156, 1, 10, 974, 1145, '2022-04-16 11:02:23', 1600000.00, 0, NULL),
(1157, 1, 10, 972, 1146, '2022-04-16 13:35:14', 2680000.00, 0, NULL),
(1158, 1, 11, 957, 1147, '2022-04-17 11:24:59', 6000000.00, 0, NULL),
(1159, 1, 11, 994, 1, '2022-04-17 11:54:25', 500.00, 0, NULL),
(1160, 1, 11, 994, 1148, '2022-04-17 11:55:30', 740000.00, 0, NULL),
(1161, 1, 11, 1101, 1, '2022-04-17 13:12:50', 1080.00, 0, NULL),
(1162, 1, 11, 1101, 1149, '2022-04-17 13:14:16', 67000.00, 0, NULL),
(1163, 1, 11, 957, 1150, '2022-04-17 14:13:39', 9000000.00, 0, NULL),
(1164, 1, 11, 977, 1153, '2022-04-18 00:56:13', 20600000.00, 0, NULL),
(1165, 2, 16, 1007, 1, '2022-04-18 03:56:16', 1700.00, 0, 'بيد ابو علي الحريري حلب'),
(1166, 1, 10, 994, 1, '2022-04-18 12:31:34', 100.00, 0, NULL),
(1167, 1, 10, 994, 1155, '2022-04-18 12:32:24', 168000.00, 0, NULL),
(1168, 1, 11, 1036, 1, '2022-04-19 10:38:13', 1250.00, 0, NULL),
(1169, 1, 11, 1000, 1158, '2022-04-19 12:58:17', 400000.00, 0, 'تسديد سلفه'),
(1170, 1, 10, 1107, 1161, '2022-04-19 14:31:46', 2986500.00, 0, NULL),
(1171, 1, 11, 1006, 1, '2022-04-20 12:10:12', 6500.00, 0, NULL),
(1172, 1, 11, 962, 1, '2022-04-23 14:27:14', 5000.00, 0, NULL),
(1173, 1, 11, 994, 1172, '2022-04-24 13:56:20', 3824000.00, 0, NULL),
(1174, 2, 16, 1087, 1, '2022-04-24 21:24:44', 3900.00, 0, 'بيد ابو علي الحريري حلب'),
(1175, 1, 11, 957, 1173, '2022-04-25 13:30:40', 15400000.00, 0, NULL),
(1176, 1, 11, 1108, 1177, '2022-04-26 12:07:50', 2500000.00, 0, 'صارو بشركة الصفوري باقي من لحساب ١٦٦٠٠٠'),
(1177, 1, 11, 1078, 1180, '2022-04-26 22:46:54', 3000000.00, 0, NULL),
(1178, 1, 10, 974, 1182, '2022-04-28 11:33:16', 750000.00, 0, NULL),
(1179, 2, 16, 1087, 1, '2022-04-28 22:50:34', 2103.00, 0, NULL),
(1180, 1, 11, 1085, 1, '2022-05-01 13:59:36', 1000.00, 0, NULL),
(1181, 1, 11, 957, 1183, '2022-05-01 14:01:47', 19500000.00, 0, NULL),
(1182, 2, 16, 943, 1185, '2022-05-07 14:53:40', 5571000.00, 0, 'ابو صالح الفرفور'),
(1183, 1, 10, 974, 1186, '2022-05-07 16:00:56', 4300000.00, 0, NULL),
(1184, 1, 1, 1085, 1187, '2022-05-08 14:42:39', 3145000.00, 0, NULL),
(1185, 1, 1, 1006, 1, '2022-05-08 21:40:19', 1570.00, 0, 'بيد ابو علي الحريري'),
(1186, 1, 11, 994, 1190, '2022-05-10 13:23:55', 3950000.00, 0, NULL),
(1187, 1, 10, 931, 1, '2022-05-11 14:38:41', 1000.00, 0, NULL),
(1188, 1, 10, 1001, 1, '2022-05-12 09:55:47', 620.00, 0, NULL),
(1189, 1, 10, 1109, 1, '2022-05-12 10:24:48', 2500.00, 0, NULL),
(1190, 1, 11, 960, 1192, '2022-05-12 13:39:56', 1283000.00, 0, NULL),
(1192, 1, 11, 1078, 1, '2022-05-13 13:26:02', 200.00, 0, NULL),
(1193, 1, 11, 1078, 1198, '2022-05-13 13:31:07', 310000.00, 0, NULL),
(1194, 1, 11, 1109, 1199, '2022-05-14 12:31:19', 5000000.00, 0, NULL),
(1195, 1, 11, 960, 1200, '2022-05-14 15:09:19', 2650000.00, 0, NULL),
(1196, 1, 11, 1110, 1, '2022-05-14 22:53:20', 875.00, 0, NULL),
(1197, 1, 10, 1103, 1203, '2022-05-15 09:30:59', 16000000.00, 0, NULL),
(1198, 1, 10, 931, 1, '2022-05-15 12:53:18', 720.00, 0, NULL),
(1199, 1, 10, 1111, 1, '2022-05-15 13:36:27', 200.00, 0, NULL),
(1200, 1, 11, 1035, 1204, '2022-05-15 15:30:11', 4000000.00, 0, NULL),
(1201, 1, 11, 1109, 1205, '2022-05-16 10:02:24', 3250000.00, 0, NULL),
(1202, 1, 11, 966, 1, '2022-05-16 11:30:24', 1500.00, 0, NULL),
(1203, 1, 11, 1109, 1206, '2022-05-17 11:15:44', 3000000.00, 0, NULL),
(1204, 1, 11, 1026, 1, '2022-05-17 13:42:54', 1500.00, 0, NULL),
(1205, 1, 11, 1111, 1207, '2022-05-17 15:41:18', 2700000.00, 0, NULL),
(1206, 1, 10, 977, 1, '2022-05-17 21:59:11', 8400.00, 0, NULL),
(1207, 1, 10, 1112, 1, '2022-05-18 10:42:51', 5100.00, 0, NULL),
(1208, 1, 10, 943, 1, '2022-05-18 14:07:30', 450.00, 0, 'رصيد'),
(1209, 1, 10, 962, 1, '2022-05-18 14:19:42', 5000.00, 0, NULL),
(1210, 1, 10, 1035, 1208, '2022-05-19 11:04:59', 4100000.00, 0, NULL),
(1211, 1, 11, 1113, 1209, '2022-05-19 12:56:07', 1200000.00, 0, NULL),
(1212, 1, 11, 1085, 1, '2022-05-19 14:24:58', 500.00, 0, NULL),
(1213, 1, 10, 1103, 1214, '2022-05-21 13:34:48', 12030000.00, 0, NULL),
(1214, 1, 11, 994, 1213, '2022-05-21 13:50:32', 3555000.00, 0, NULL),
(1215, 1, 11, 994, 1, '2022-05-21 13:52:31', 800.00, 0, NULL),
(1216, 1, 10, 931, 1, '2022-05-21 14:04:08', 1300.00, 0, NULL),
(1217, 1, 1, 1114, 1, '2022-05-21 14:45:25', 28000.00, 0, NULL),
(1218, 1, 10, 1046, 1215, '2022-05-21 15:30:36', 84630000.00, 0, NULL),
(1219, 1, 10, 1046, 1, '2022-05-21 15:31:04', 10000.00, 0, NULL),
(1220, 1, 1, 977, 1, '2022-05-21 20:53:19', 6730.00, 0, NULL),
(1221, 1, 10, 1115, 1216, '2022-05-22 09:43:36', 395000.00, 0, 'رصيد ماعونين لاصق'),
(1222, 1, 10, 1120, 1217, '2022-05-22 11:50:19', 3400000.00, 0, NULL),
(1223, 1, 11, 966, 1, '2022-05-22 12:03:49', 10000.00, 0, NULL),
(1225, 1, 11, 977, 1219, '2022-05-22 22:14:08', 26500000.00, 0, NULL),
(1226, 1, 11, 1109, 1221, '2022-05-23 11:37:21', 2000000.00, 0, NULL),
(1227, 1, 10, 1103, 1222, '2022-05-23 13:25:59', 5500000.00, 0, NULL),
(1228, 1, 10, 994, 1223, '2022-05-23 14:37:12', 750000.00, 0, NULL),
(1229, 1, 10, 994, 1, '2022-05-23 14:38:08', 550.00, 0, NULL),
(1230, 1, 10, 960, 1, '2022-05-23 14:40:00', 1000.00, 0, NULL),
(1231, 1, 10, 1109, 1224, '2022-05-24 11:35:37', 600000.00, 0, NULL),
(1232, 1, 11, 930, 1, '2022-05-24 13:38:41', 1800.00, 0, NULL),
(1234, 1, 11, 1011, 1, '2022-05-25 14:36:43', 1000.00, 0, NULL),
(1235, 1, 11, 966, 1, '2022-05-26 11:20:18', 5000.00, 0, NULL),
(1236, 1, 11, 1018, 1, '2022-05-26 12:03:41', 2000.00, 0, NULL),
(1237, 1, 11, 1018, 1225, '2022-05-26 12:06:53', 4000000.00, 0, NULL),
(1238, 1, 11, 1071, 1, '2022-05-26 12:09:40', 2200.00, 0, 'رصيد حساب باقي له. ٧'),
(1239, 1, 11, 1085, 1226, '2022-05-26 14:22:18', 4000000.00, 0, NULL),
(1240, 1, 10, 931, 1, '2022-05-26 14:30:15', 270.00, 0, 'باقي ٨٥'),
(1241, 1, 11, 966, 1, '2022-05-29 11:57:20', 5000.00, 0, NULL),
(1242, 1, 10, 970, 1, '2022-05-29 12:32:39', 1000.00, 0, NULL),
(1243, 1, 10, 970, 1233, '2022-05-29 12:33:29', 6100000.00, 0, NULL),
(1244, 1, 1, 970, 1, '2022-05-29 14:11:00', 4500.00, 0, NULL),
(1245, 1, 10, 957, 1, '2022-05-29 15:11:48', 1500.00, 0, NULL),
(1246, 1, 10, 984, 1234, '2022-05-29 15:43:07', 738000.00, 0, NULL),
(1247, 1, 10, 1121, 1235, '2022-05-29 15:45:48', 329000.00, 0, 'رصيد فاتورة رقم ٦٨٤'),
(1248, 1, 11, 941, 1, '2022-05-30 12:41:04', 2500.00, 0, NULL),
(1249, 1, 11, 960, 1, '2022-05-30 13:56:11', 500.00, 0, NULL),
(1250, 1, 11, 1109, 1238, '2022-06-01 13:46:30', 5000000.00, 0, NULL),
(1251, 1, 11, 1109, 1239, '2022-06-01 13:54:18', 70000.00, 0, 'رصيد'),
(1252, 1, 10, 957, 1240, '2022-06-01 14:05:56', 5800000.00, 0, NULL),
(1253, 1, 10, 966, 1, '2022-06-02 12:21:40', 5000.00, 0, NULL),
(1254, 1, 10, 1102, 1, '2022-06-04 09:48:48', 1500.00, 0, NULL),
(1255, 1, 10, 1102, 1241, '2022-06-04 09:49:07', 1100000.00, 0, NULL),
(1256, 1, 11, 970, 1, '2022-06-04 12:13:39', 4980.00, 0, NULL),
(1257, 1, 11, 994, 1, '2022-06-04 14:46:14', 400.00, 0, NULL),
(1258, 1, 11, 994, 1242, '2022-06-04 14:50:48', 400000.00, 0, NULL),
(1259, 1, 10, 931, 1, '2022-06-04 15:05:25', 900.00, 0, 'باقي ٥٠'),
(1260, 1, 10, 1001, 1, '2022-06-05 11:52:22', 1000.00, 0, NULL),
(1261, 1, 10, 1085, 1, '2022-06-05 12:16:15', 1700.00, 0, 'رصيد'),
(1262, 1, 11, 1018, 1, '2022-06-05 12:45:13', 2000.00, 0, NULL),
(1263, 1, 11, 1007, 1, '2022-06-05 13:32:13', 800.00, 0, 'بيد ابوعلي الحريري'),
(1264, 1, 11, 1026, 1, '2022-06-05 13:47:40', 1000.00, 0, NULL),
(1265, 1, 10, 1111, 1, '2022-06-05 14:58:56', 660.00, 0, NULL),
(1266, 1, 10, 1111, 1243, '2022-06-05 14:59:44', 320000.00, 0, NULL),
(1267, 1, 11, 941, 1244, '2022-06-05 16:58:29', 12000000.00, 0, 'تحويل بنك'),
(1268, 1, 10, 989, 1, '2022-06-06 12:09:55', 3200.00, 0, NULL),
(1269, 1, 10, 943, 1247, '2022-06-06 13:13:13', 7980000.00, 0, NULL),
(1270, 1, 10, 931, 1, '2022-06-06 14:18:27', 2520.00, 0, NULL),
(1271, 1, 11, 966, 1, '2022-06-06 14:25:37', 1600.00, 0, NULL),
(1272, 1, 10, 957, 1, '2022-06-06 14:37:05', 1500.00, 0, NULL),
(1273, 1, 10, 994, 1248, '2022-06-06 15:43:11', 5600000.00, 0, NULL),
(1274, 2, 11, 1124, 1, '2022-06-08 08:54:38', 11000.00, 0, NULL),
(1275, 1, 10, 970, 1251, '2022-06-08 09:41:28', 3200000.00, 0, 'رصيد'),
(1276, 1, 10, 989, 1, '2022-06-08 11:04:47', 1300.00, 0, NULL),
(1277, 1, 10, 989, 1252, '2022-06-08 11:05:14', 160000.00, 0, NULL),
(1278, 1, 11, 994, 1, '2022-06-08 15:23:59', 1300.00, 0, NULL),
(1279, 1, 11, 994, 1253, '2022-06-08 15:25:46', 2468000.00, 0, NULL),
(1280, 1, 10, 1109, 1254, '2022-06-09 11:13:55', 500000.00, 0, NULL),
(1281, 1, 10, 943, 1255, '2022-06-09 15:13:19', 3373000.00, 0, 'رصيد حساب'),
(1282, 1, 10, 969, 1258, '2022-06-09 20:07:15', 10000000.00, 0, NULL),
(1283, 1, 10, 1109, 1259, '2022-06-12 10:43:36', 1500000.00, 0, NULL),
(1284, 1, 11, 1036, 1, '2022-06-12 13:44:27', 1000.00, 0, NULL),
(1285, 1, 11, 1036, 1262, '2022-06-12 13:45:21', 400000.00, 0, 'رصيد'),
(1286, 1, 10, 1102, 1263, '2022-06-12 13:51:56', 7005000.00, 0, NULL),
(1287, 1, 11, 960, 1, '2022-06-13 13:19:43', 1000.00, 0, 'تاريخ الاحد ١٢/٦'),
(1288, 1, 10, 957, 1264, '2022-06-13 15:50:41', 5496000.00, 0, NULL),
(1289, 1, 10, 941, 1, '2022-06-13 16:10:18', 3000.00, 0, NULL),
(1290, 1, 10, 984, 1266, '2022-06-14 11:53:13', 640000.00, 0, NULL),
(1291, 1, 10, 966, 1, '2022-06-14 11:54:11', 3000.00, 0, NULL),
(1292, 1, 10, 1128, 1, '2022-06-14 13:52:58', 1250.00, 0, NULL),
(1293, 1, 10, 1128, 1267, '2022-06-14 13:56:59', 1400000.00, 0, NULL),
(1294, 1, 10, 980, 1, '2022-06-14 15:39:34', 3100.00, 0, NULL),
(1295, 1, 11, 1036, 1268, '2022-06-14 15:40:32', 780000.00, 0, NULL),
(1296, 1, 11, 1026, 1, '2022-06-15 11:02:17', 2000.00, 0, NULL),
(1297, 1, 10, 980, 1, '2022-06-15 11:54:14', 3000.00, 0, NULL),
(1298, 1, 11, 981, 1, '2022-06-15 13:02:07', 200.00, 0, NULL),
(1299, 1, 11, 981, 1269, '2022-06-15 13:03:04', 212000.00, 0, NULL),
(1300, 1, 11, 980, 1, '2022-06-15 16:33:29', 5193.00, 0, 'بيد ابو علي الحريري بحلب'),
(1301, 1, 10, 969, 1, '2022-06-16 12:16:01', 320.00, 0, NULL),
(1302, 1, 10, 969, 1270, '2022-06-16 12:16:46', 40000.00, 0, NULL),
(1303, 1, 10, 931, 1271, '2022-06-16 12:59:33', 200000.00, 0, NULL),
(1304, 1, 10, 974, 1272, '2022-06-16 13:33:33', 5000000.00, 0, NULL),
(1305, 1, 10, 957, 1, '2022-06-16 14:42:01', 770.00, 0, NULL),
(1306, 1, 10, 957, 1273, '2022-06-16 14:43:05', 72000.00, 0, NULL),
(1307, 1, 10, 964, 1, '2022-06-16 15:31:59', 1900.00, 0, NULL),
(1308, 1, 10, 964, 1274, '2022-06-16 15:32:33', 4060000.00, 0, 'رصيد'),
(1309, 1, 10, 966, 1275, '2022-06-16 15:40:16', 1945500.00, 0, NULL),
(1310, 1, 10, 974, 1276, '2022-06-18 15:40:44', 2500000.00, 0, NULL),
(1311, 1, 10, 1102, 1, '2022-06-19 11:27:31', 1500.00, 0, NULL),
(1312, 1, 11, 1001, 1, '2022-06-19 12:30:08', 1000.00, 0, NULL),
(1313, 1, 11, 1001, 1277, '2022-06-19 12:31:26', 2000000.00, 0, NULL),
(1314, 1, 10, 1102, 1278, '2022-06-19 12:35:55', 912000.00, 0, NULL),
(1315, 1, 10, 972, 1279, '2022-06-19 12:36:19', 1340000.00, 0, NULL),
(1316, 1, 10, 972, 1, '2022-06-19 12:36:47', 565.00, 0, NULL),
(1317, 1, 10, 931, 1280, '2022-06-19 13:16:52', 3500000.00, 0, 'رصيد'),
(1318, 1, 10, 968, 1, '2022-06-20 14:28:27', 200.00, 0, NULL),
(1319, 1, 10, 968, 1282, '2022-06-20 14:29:02', 716000.00, 0, 'باقي ٦٠٠ الف'),
(1320, 2, 16, 966, 1, '2022-06-20 14:43:04', 2000.00, 0, NULL),
(1321, 2, 16, 966, 1285, '2022-06-20 14:44:16', 3900000.00, 0, NULL),
(1322, 1, 10, 974, 1284, '2022-06-20 14:47:08', 4000000.00, 0, NULL),
(1323, 1, 10, 1042, 1286, '2022-06-20 15:31:41', 7000000.00, 0, NULL),
(1324, 1, 10, 1089, 1, '2022-06-20 16:21:54', 2020.00, 0, NULL),
(1325, 2, 16, 1130, 1, '2022-06-20 22:23:35', 800.00, 0, 'بيد ابو علي الحريري حلب'),
(1326, 1, 10, 1131, 1, '2022-06-21 09:25:32', 100.00, 0, 'ثمن ماعونين لاصق'),
(1327, 1, 10, 966, 1, '2022-06-21 11:08:27', 2000.00, 0, NULL),
(1329, 1, 11, 960, 1290, '2022-06-21 13:33:43', 4000000.00, 0, NULL),
(1330, 1, 10, 1042, 1291, '2022-06-21 13:40:48', 858000.00, 0, NULL),
(1331, 1, 10, 1132, 1, '2022-06-22 16:13:59', 3500.00, 0, NULL),
(1332, 1, 10, 1026, 1, '2022-06-23 10:59:35', 1000.00, 0, 'رصيد'),
(1333, 1, 10, 1132, 1, '2022-06-23 11:59:53', 1566.00, 0, NULL),
(1334, 1, 10, 1036, 1, '2022-06-23 13:20:07', 1500.00, 0, NULL),
(1335, 1, 10, 974, 1295, '2022-06-23 14:46:00', 1000000.00, 0, 'باقي ١٤٣ ليوم السبت'),
(1336, 1, 11, 966, 1296, '2022-06-23 15:52:35', 3946500.00, 0, NULL),
(1337, 1, 11, 966, 1297, '2022-06-23 15:54:14', 3500.00, 0, NULL),
(1338, 2, 16, 980, 1, '2022-06-23 19:04:38', 10000.00, 0, 'بيد ابو علي الحريري( حلب )'),
(1339, 1, 11, 1128, 1298, '2022-06-24 11:43:32', 6000500.00, 0, NULL),
(1340, 2, 16, 1130, 1, '2022-06-23 13:50:01', 2260.00, 0, 'بيد ابو علي الحريري حلب'),
(1341, 1, 10, 931, 1299, '2022-06-25 15:44:21', 1104000.00, 0, NULL),
(1342, 1, 10, 969, 1300, '2022-06-25 16:29:08', 3000000.00, 0, NULL),
(1343, 1, 10, 968, 1301, '2022-06-25 16:45:44', 600000.00, 0, NULL),
(1344, 1, 10, 974, 1302, '2022-06-26 11:00:35', 5500000.00, 0, NULL),
(1345, 1, 10, 1018, 1, '2022-06-26 12:08:05', 4600.00, 0, NULL),
(1346, 1, 10, 1018, 1303, '2022-06-26 12:09:10', 1500000.00, 0, NULL),
(1347, 1, 11, 1128, 1, '2022-06-26 23:01:51', 100.00, 0, NULL),
(1348, 1, 11, 1127, 1306, '2022-06-26 23:03:43', 336000.00, 0, NULL),
(1349, 1, 10, 969, 1307, '2022-06-27 13:35:38', 3576000.00, 0, NULL),
(1350, 2, 16, 966, 1308, '2022-06-27 15:39:18', 5460000.00, 0, NULL),
(1351, 2, 16, 1133, 1, '2022-06-27 20:41:39', 1150.00, 0, 'بيد ابو علي الحريري حلب'),
(1352, 1, 10, 1102, 1, '2022-06-28 09:46:10', 4210.00, 0, NULL),
(1353, 1, 10, 1102, 1309, '2022-06-28 09:47:37', 19000.00, 0, NULL),
(1354, 1, 10, 1131, 1310, '2022-06-28 10:58:34', 400000.00, 0, NULL),
(1355, 1, 10, 974, 1311, '2022-06-28 11:27:42', 1364000.00, 0, 'رصيد'),
(1356, 2, 16, 1134, 1, '2022-06-27 12:00:41', 100.00, 0, NULL),
(1357, 2, 16, 1134, 1312, '2022-06-28 12:01:21', 100000.00, 0, 'رصيد قرضة'),
(1358, 1, 10, 1036, 1, '2022-06-28 14:13:28', 910.00, 0, NULL),
(1359, 2, 16, 1133, 1, '2022-06-28 23:39:11', 1700.00, 0, 'بيد ابو علي الحريري حلب'),
(1360, 1, 10, 931, 1313, '2022-06-29 12:17:52', 920000.00, 0, NULL),
(1361, 1, 10, 1109, 1, '2022-06-30 10:06:22', 300.00, 0, NULL),
(1362, 1, 10, 1135, 1, '2022-06-30 15:05:45', 500.00, 0, NULL),
(1363, 1, 10, 958, 1, '2022-07-02 10:26:58', 540.00, 0, NULL),
(1364, 2, 16, 980, 1, '2022-07-02 12:16:47', 7825.00, 0, 'بيد ابو علي الحريري حلب'),
(1365, 2, 16, 980, 1, '2022-07-02 16:53:03', 100.00, 0, 'رصيد دفعه احمد مجوز'),
(1366, 1, 10, 1036, 1, '2022-07-03 10:38:31', 1000.00, 0, 'رصيد'),
(1367, 2, 16, 1109, 1314, '2022-07-04 11:34:50', 1000000.00, 0, NULL),
(1368, 1, 10, 958, 1, '2022-07-04 14:25:39', 100.00, 0, NULL),
(1369, 1, 10, 958, 1315, '2022-07-04 14:25:55', 72000.00, 0, NULL),
(1370, 2, 16, 980, 1316, '2022-07-04 17:26:56', 20000000.00, 0, 'بمستودع الصفوري بيد يزن'),
(1371, 1, 11, 1135, 1317, '2022-07-07 13:25:14', 4000000.00, 0, NULL),
(1372, 2, 16, 980, 1, '2022-07-07 15:34:57', 1143.00, 0, 'بيد ابو علي الحريري'),
(1373, 1, 10, 1128, 1318, '2022-07-16 15:29:55', 9515500.00, 0, NULL),
(1374, 1, 10, 1109, 1319, '2022-07-17 14:55:06', 700000.00, 0, NULL),
(1375, 1, 10, 972, 1320, '2022-07-17 14:56:26', 2000000.00, 0, NULL),
(1376, 1, 10, 972, 1, '2022-07-17 14:57:14', 500.00, 0, NULL),
(1377, 1, 10, 1018, 1321, '2022-07-18 12:57:52', 1800000.00, 0, NULL),
(1378, 1, 10, 1128, 1322, '2022-07-18 14:53:38', 7000000.00, 0, NULL),
(1379, 1, 10, 931, 1323, '2022-07-18 15:17:26', 520000.00, 0, NULL),
(1380, 2, 16, 1035, 1324, '2022-07-19 13:31:57', 4500000.00, 0, NULL),
(1381, 1, 10, 949, 1, '2022-07-19 15:34:48', 3560.00, 0, NULL),
(1383, 1, 10, 949, 1325, '2022-07-19 15:37:30', 1248000.00, 0, NULL),
(1384, 1, 10, 1128, 1326, '2022-07-20 15:32:14', 980000.00, 0, NULL),
(1385, 1, 10, 972, 1329, '2022-07-21 19:11:14', 3935500.00, 0, NULL),
(1386, 2, 16, 1124, 1, '2022-07-23 02:03:33', 9900.00, 0, 'دفعه من يزن الصفوري الى مؤسسه الصفوري الى صندوق البيت'),
(1387, 1, 10, 960, 1328, '2022-07-23 20:15:07', 1500000.00, 0, NULL),
(1388, 2, 16, 960, 1, '2022-07-24 13:27:01', 500.00, 0, NULL),
(1389, 2, 16, 941, 1330, '2022-07-24 14:23:28', 6500000.00, 0, 'رصيد'),
(1390, 2, 16, 981, 1331, '2022-07-24 14:27:27', 1195000.00, 0, 'رصيد'),
(1391, 1, 10, 1136, 1334, '2022-07-24 14:36:11', 2000000.00, 0, NULL),
(1392, 2, 16, 1035, 1333, '2022-07-24 14:58:17', 2008000.00, 0, 'رصيد'),
(1393, 1, 10, 931, 1, '2022-07-26 12:57:46', 350.00, 0, NULL),
(1394, 1, 10, 1019, 1336, '2022-07-26 12:58:36', 205000.00, 0, NULL),
(1395, 2, 16, 960, 1, '2022-07-27 13:12:16', 300.00, 0, NULL),
(1396, 2, 16, 1115, 1339, '2022-07-27 13:42:53', 888000.00, 0, NULL),
(1397, 1, 10, 992, 1340, '2022-07-27 13:55:07', 3550000.00, 0, NULL),
(1398, 2, 16, 1137, 1341, '2022-07-27 15:26:01', 1560000.00, 0, NULL),
(1399, 1, 10, 1109, 1, '2022-07-28 10:52:17', 300.00, 0, NULL),
(1400, 1, 10, 972, 1, '2022-07-30 12:12:09', 100.00, 0, NULL),
(1401, 1, 10, 972, 1342, '2022-07-30 12:12:26', 1328000.00, 0, NULL),
(1402, 1, 10, 1138, 1343, '2022-07-31 10:01:39', 192000.00, 0, NULL),
(1403, 1, 10, 992, 1344, '2022-08-01 13:52:08', 4668500.00, 0, NULL),
(1404, 1, 10, 1128, 1345, '2022-08-01 17:30:21', 3755000.00, 0, NULL),
(1405, 1, 10, 972, 1, '2022-08-02 12:34:10', 825.00, 0, NULL),
(1406, 1, 10, 972, 1346, '2022-08-02 12:34:49', 1000000.00, 0, NULL),
(1407, 1, 10, 1046, 1347, '2022-08-02 15:21:13', 3755000.00, 0, NULL),
(1408, 1, 10, 1019, 1348, '2022-08-04 13:27:06', 322000.00, 0, NULL),
(1409, 1, 10, 972, 1349, '2022-08-06 14:21:31', 172000.00, 0, NULL),
(1410, 1, 10, 972, 1, '2022-08-06 14:23:57', 500.00, 0, NULL),
(1411, 1, 10, 1035, 1350, '2022-08-07 13:28:26', 4000000.00, 0, NULL),
(1412, 1, 10, 1140, 1351, '2022-08-07 15:51:17', 4250000.00, 0, NULL),
(1413, 1, 10, 1139, 1352, '2022-08-06 14:00:54', 675000.00, 0, NULL),
(1414, 1, 10, 1128, 1, '2022-08-10 14:52:52', 3000.00, 0, NULL),
(1415, 1, 10, 1115, 1353, '2022-08-11 12:21:22', 50000.00, 0, NULL),
(1416, 1, 10, 1140, 1354, '2022-08-11 13:56:28', 450000.00, 0, 'رصيد'),
(1417, 2, 16, 960, 1, '2022-08-11 14:37:44', 1500.00, 0, NULL),
(1418, 2, 16, 1109, 1355, '2022-08-11 14:50:34', 520000.00, 0, 'رصيد حساب'),
(1419, 2, 16, 1115, 1356, '2022-08-13 12:26:30', 140000.00, 0, 'رصيد'),
(1420, 1, 10, 1136, 1357, '2022-08-13 13:32:29', 2541000.00, 0, NULL),
(1421, 1, 10, 1136, 1, '2022-08-13 13:32:58', 100.00, 0, NULL),
(1422, 1, 10, 1128, 1358, '2022-08-14 15:06:06', 2773000.00, 0, NULL),
(1423, 2, 16, 960, 1, '2022-08-15 10:24:35', 500.00, 0, 'رصيد'),
(1424, 2, 16, 1133, 1359, '2022-08-11 10:43:48', 4464000.00, 0, 'بيد تقى نور يزن ابو وائل حوالات هرم'),
(1425, 1, 10, 1035, 1360, '2022-08-15 11:15:45', 5200000.00, 0, NULL),
(1426, 2, 16, 984, 1361, '2022-08-15 13:32:25', 1450000.00, 0, 'رصيد'),
(1427, 1, 10, 1140, 1362, '2022-08-15 18:25:46', 3540000.00, 0, NULL),
(1428, 2, 16, 1026, 1, '2022-08-16 12:50:37', 3933.00, 0, NULL),
(1429, 1, 10, 1128, 1, '2022-08-16 13:24:39', 300.00, 0, NULL),
(1430, 1, 10, 1128, 1363, '2022-08-16 13:25:14', 2135000.00, 0, NULL),
(1431, 1, 10, 1089, 1364, '2022-08-18 11:18:09', 10068000.00, 0, NULL),
(1432, 2, 16, 1019, 1365, '2022-08-18 13:22:11', 450000.00, 0, NULL),
(1433, 2, 16, 972, 1, '2022-08-18 14:06:28', 600.00, 0, NULL),
(1434, 2, 16, 972, 1366, '2022-08-18 14:07:35', 1000000.00, 0, NULL),
(1435, 1, 10, 975, 1, '2022-08-18 14:27:07', 725.00, 0, NULL),
(1436, 1, 10, 975, 1367, '2022-08-18 14:28:01', 337500.00, 0, NULL),
(1437, 1, 10, 1140, 1, '2022-08-18 16:20:41', 2000.00, 0, NULL),
(1438, 2, 16, 1141, 1, '2022-08-19 15:58:36', 1892.00, 0, 'رصيد حساب'),
(1439, 1, 10, 975, 1, '2022-08-20 15:03:24', 970.00, 0, '٩٧٠ €'),
(1440, 1, 10, 975, 1368, '2022-08-20 15:05:04', 118000.00, 0, NULL),
(1441, 1, 10, 1140, 1, '2022-08-23 15:41:55', 1100.00, 0, NULL),
(1442, 1, 10, 1140, 1369, '2022-08-23 15:42:11', 2237500.00, 0, NULL),
(1443, 1, 10, 1133, 1, '2022-08-23 16:13:27', 1500.00, 0, NULL),
(1444, 1, 10, 1133, 1370, '2022-08-23 16:14:09', 1400000.00, 0, NULL),
(1445, 1, 10, 972, 1371, '2022-08-25 13:25:35', 2140000.00, 0, NULL),
(1446, 1, 10, 931, 1372, '2022-08-27 14:02:33', 320000.00, 0, NULL),
(1447, 1, 10, 1035, 1373, '2022-08-28 13:11:49', 5150000.00, 0, NULL),
(1448, 2, 16, 1124, 1, '2022-08-29 09:50:10', 10000.00, 0, 'لصندوق البيت ثم ل يد ابو يزن الصفوري الى ديمه ( مساء )'),
(1449, 1, 10, 972, 1, '2022-08-31 13:52:20', 200.00, 0, NULL),
(1450, 1, 10, 1140, 1, '2022-08-31 15:34:41', 450.00, 0, NULL),
(1451, 1, 10, 972, 1374, '2022-08-31 15:35:34', 894000.00, 0, NULL),
(1452, 1, 10, 1133, 1, '2022-09-01 09:49:29', 1000.00, 0, NULL),
(1453, 1, 10, 1133, 1375, '2022-09-01 09:49:49', 178000.00, 0, NULL),
(1454, 1, 10, 984, 1, '2022-09-04 14:56:59', 500.00, 0, NULL),
(1455, 2, 16, 994, 1376, '2022-09-05 14:03:22', 3800000.00, 0, NULL),
(1456, 2, 16, 994, 1, '2022-09-05 14:04:57', 900.00, 0, NULL),
(1457, 1, 10, 1128, 1, '2022-09-05 10:22:49', 1450.00, 0, NULL),
(1458, 1, 10, 1019, 1377, '2022-09-05 10:23:32', 2679000.00, 0, NULL),
(1459, 1, 10, 1019, 1378, '2022-09-05 10:23:32', 2679000.00, 0, NULL),
(1460, 2, 16, 1142, 1379, '2022-09-06 14:02:14', 2420000.00, 0, 'نقدا'),
(1461, 2, 16, 1124, 1, '2022-09-06 16:30:17', 200.00, 0, 'دفعة للمؤسسه من يزن الصفوري الى صندوق البيت'),
(1462, 1, 10, 1128, 1380, '2022-09-07 10:24:25', 2210000.00, 0, NULL),
(1463, 1, 10, 931, 1, '2022-09-08 15:26:49', 850.00, 0, NULL),
(1464, 1, 10, 1104, 1, '2022-09-10 10:21:30', 1500.00, 0, NULL),
(1465, 1, 10, 1104, 1381, '2022-09-10 10:22:34', 178000.00, 0, NULL),
(1466, 1, 10, 972, 1, '2022-09-10 13:43:50', 900.00, 0, NULL),
(1467, 1, 10, 1128, 1, '2022-09-11 11:19:02', 1540.00, 0, NULL),
(1468, 1, 10, 1124, 1, '2022-09-11 13:24:32', 30000.00, 0, NULL),
(1469, 1, 10, 960, 1, '2022-09-11 14:39:46', 1000.00, 0, NULL),
(1470, 1, 10, 1104, 1382, '2022-09-12 12:22:47', 133000.00, 0, NULL),
(1471, 1, 10, 1104, 1, '2022-09-12 12:23:44', 1300.00, 0, NULL),
(1472, 1, 10, 984, 1383, '2022-09-12 12:24:12', 380000.00, 0, NULL),
(1473, 1, 10, 1017, 1, '2022-09-12 12:24:44', 2440.00, 0, NULL),
(1474, 1, 10, 1036, 1384, '2022-09-12 15:11:19', 1360000.00, 0, NULL),
(1475, 1, 10, 960, 1, '2022-09-13 15:42:31', 1000.00, 0, NULL),
(1476, 1, 10, 1109, 1385, '2022-09-15 14:05:20', 3000000.00, 0, NULL),
(1477, 1, 10, 1035, 1386, '2022-09-15 18:16:32', 4000000.00, 0, NULL),
(1479, 2, 16, 1143, 1388, '2022-09-17 12:27:44', 8182000.00, 0, NULL),
(1480, 2, 16, 1109, 1389, '2022-09-17 15:36:06', 1500000.00, 0, NULL),
(1481, 1, 10, 1109, 1390, '2022-09-20 10:15:28', 1500000.00, 0, NULL),
(1482, 1, 10, 1109, 1391, '2022-09-20 17:52:26', 1250000.00, 0, NULL),
(1483, 1, 10, 1104, 1, '2022-09-21 10:13:23', 1688.00, 0, NULL),
(1484, 1, 10, 1036, 1, '2022-09-21 11:19:46', 2113.00, 0, NULL),
(1485, 1, 11, 1036, 1393, '2022-09-21 11:35:48', 227000.00, 0, NULL),
(1486, 1, 10, 984, 1395, '2022-09-22 11:30:18', 790000.00, 0, NULL),
(1487, 1, 10, 1035, 1396, '2022-09-22 14:30:13', 5000000.00, 0, NULL),
(1488, 1, 10, 1109, 1397, '2022-09-22 15:33:27', 2400000.00, 0, NULL),
(1489, 1, 11, 1036, 1, '2022-09-21 10:17:17', 790.00, 0, NULL),
(1490, 1, 10, 1109, 1398, '2022-09-24 15:18:31', 1000000.00, 0, NULL),
(1491, 1, 10, 1109, 1399, '2022-09-26 14:35:26', 5000000.00, 0, NULL),
(1492, 1, 10, 994, 1, '2022-09-27 15:32:01', 300.00, 0, NULL),
(1493, 1, 10, 994, 1400, '2022-09-27 15:33:24', 941000.00, 0, NULL),
(1494, 1, 11, 931, 1401, '2022-09-27 15:39:11', 1480000.00, 0, NULL),
(1495, 1, 10, 1109, 1402, '2022-09-28 15:24:41', 3000000.00, 0, NULL),
(1496, 1, 10, 1005, 1, '2022-09-29 13:42:34', 200.00, 0, NULL),
(1497, 2, 16, 994, 1403, '2022-09-29 13:56:54', 1596000.00, 0, 'رصيد دفعه مع خصم الباقي ( مشاكل بالورق )'),
(1498, 1, 10, 1035, 1404, '2022-09-29 14:39:08', 3249000.00, 0, NULL),
(1499, 2, 16, 1124, 1, '2022-09-30 22:12:58', 3000.00, 0, 'دفعه من يزن الصفوري'),
(1500, 1, 10, 1109, 1405, '2022-10-01 12:36:48', 1000000.00, 0, NULL),
(1501, 1, 11, 1144, 1406, '2022-10-01 13:19:54', 2500000.00, 0, NULL),
(1502, 1, 10, 1143, 1, '2022-10-02 13:13:52', 9004.00, 0, NULL),
(1503, 1, 10, 1143, 1407, '2022-10-02 13:14:39', 916000.00, 0, NULL),
(1504, 1, 11, 941, 1, '2022-10-03 15:44:57', 570.00, 0, NULL),
(1505, 1, 10, 972, 1, '2022-10-04 12:24:16', 200.00, 0, NULL),
(1506, 1, 10, 972, 1408, '2022-10-04 12:24:35', 176000.00, 0, NULL),
(1507, 1, 10, 1109, 1, '2022-10-05 15:58:35', 100.00, 0, NULL),
(1508, 1, 10, 1115, 1409, '2022-10-06 09:47:50', 630000.00, 0, NULL),
(1509, 1, 10, 1017, 1, '2022-10-06 11:17:21', 2965.00, 0, NULL),
(1510, 1, 10, 1115, 1410, '2022-10-08 10:42:27', 52500.00, 0, NULL),
(1511, 1, 10, 1109, 1411, '2022-10-08 10:52:31', 2000000.00, 0, NULL),
(1512, 1, 10, 1085, 1412, '2022-10-08 14:04:22', 5790000.00, 0, 'رصيد'),
(1513, 1, 10, 960, 1413, '2022-10-08 14:27:45', 2500000.00, 0, NULL),
(1514, 1, 10, 1109, 1414, '2022-10-09 12:20:58', 2000000.00, 0, NULL),
(1515, 1, 11, 1104, 1, '2022-10-10 09:54:10', 800.00, 0, NULL),
(1516, 1, 11, 1104, 1415, '2022-10-10 09:55:40', 145000.00, 0, NULL),
(1517, 1, 10, 960, 1416, '2022-10-10 15:51:36', 1053000.00, 0, 'رصيد'),
(1518, 1, 10, 978, 1418, '2022-10-11 10:10:00', 3155000.00, 0, NULL),
(1519, 1, 10, 1145, 1, '2022-10-11 13:10:26', 800.00, 0, NULL),
(1520, 1, 10, 1109, 1420, '2022-10-11 15:39:48', 1210000.00, 0, 'رصيد'),
(1521, 1, 10, 931, 1421, '2022-10-12 10:03:22', 4050000.00, 0, NULL),
(1523, 1, 10, 978, 1423, '2022-10-13 11:47:43', 2017000.00, 0, NULL),
(1524, 1, 10, 941, 1, '2022-10-13 13:03:56', 700.00, 0, NULL),
(1525, 1, 10, 931, 1424, '2022-10-13 15:20:57', 3435000.00, 0, NULL),
(1526, 1, 10, 941, 1, '2022-10-13 15:54:30', 100.00, 0, NULL),
(1527, 1, 11, 1017, 1, '2022-10-15 10:56:49', 1500.00, 0, NULL),
(1528, 1, 11, 994, 1, '2022-10-15 13:45:43', 400.00, 0, NULL),
(1529, 1, 1, 986, 1426, '2022-10-15 16:44:33', 5250000.00, 0, NULL),
(1530, 1, 10, 994, 1428, '2022-10-18 11:37:47', 1500000.00, 0, 'رصيد'),
(1557, 1, 1, 1003, 83, '2025-05-04 06:24:01', 232.00, 0, NULL),
(1558, 2, 13, 1003, 1, '2025-05-04 06:24:01', 7000.00, 0, NULL);

-- --------------------------------------------------------

--
-- Table structure for table `currency`
--

DROP TABLE IF EXISTS `currency`;
CREATE TABLE `currency` (
  `iD` int(11) NOT NULL,
  `name` varchar(10) NOT NULL,
  `nameAr` varchar(10) NOT NULL
) ENGINE=InnoDB DEFAULT CHARSET=utf8 COLLATE=utf8_general_ci;

--
-- Dumping data for table `currency`
--

INSERT  INTO `currency` (`iD`, `name`, `nameAr`) VALUES
(1, 'S.Y.P', 'S.Y.P'),
(2, 'SYP', 'ل.س');

-- --------------------------------------------------------

--
-- Table structure for table `customers`
--

DROP TABLE IF EXISTS `customers`;
CREATE TABLE `customers` (
  `iD` int(11) NOT NULL,
  `EmployeeID` int(11) DEFAULT NULL,
  `userlevelid` int(11) NOT NULL,
  `name` varchar(100) NOT NULL,
  `phone` varchar(14) DEFAULT NULL,
  `password` varchar(255) DEFAULT NULL,
  `email` varchar(50) DEFAULT NULL,
  `token` text DEFAULT NULL,
  `activated` tinyint(1) NOT NULL DEFAULT 1,
  `date` datetime NOT NULL DEFAULT current_timestamp(),
  `birthday` date DEFAULT NULL,
  `city` varchar(20) DEFAULT NULL,
  `address` text DEFAULT NULL,
  `cash` tinyint(1) NOT NULL DEFAULT 0,
  `comments` text DEFAULT NULL,
  `mainSupplier` tinyint(1) DEFAULT NULL,
  `sellingRatio` float DEFAULT 0,
  `profile` longtext DEFAULT NULL
) ENGINE=InnoDB DEFAULT CHARSET=utf8 COLLATE=utf8_general_ci;

--
-- Dumping data for table `customers`
--

INSERT  INTO `customers` (`iD`, `EmployeeID`, `userlevelid`, `name`, `phone`, `password`, `email`, `token`, `activated`, `date`, `birthday`, `city`, `address`, `cash`, `comments`, `mainSupplier`, `sellingRatio`, `profile`) VALUES
(1, 1, 2, 'Tarek Al-Assadi', '+963944105522', '$2y$10$OpsoqgcYi.1nwT6d.9ShYepsDs/26Oryp8qcTkUnfQFUMYGJ.TBw6', NULL, NULL, 1, '2019-10-06 14:03:17', NULL, 'Damascus ', 'الصناعة', 0, NULL, NULL, 0, NULL),
(29, NULL, 2, 'مؤسسة الصفوري', NULL, '', NULL, NULL, 1, '2021-07-02 12:55:08', NULL, NULL, NULL, 0, NULL, NULL, 0, NULL),
(926, 1, 2, 'sami', '+963933326882', 'VBUL1VLU', NULL, NULL, 1, '2021-07-31 12:41:41', NULL, NULL, NULL, 0, NULL, NULL, 0, NULL),
(928, 1, 2, 'شركة الايمان', NULL, 'Q78AM4AA', NULL, NULL, 1, '2021-07-31 12:00:49', NULL, NULL, NULL, 0, NULL, NULL, 0, NULL),
(929, 10, 2, 'ابو شاكر', '+963944288308', 'PHKUSGUH', NULL, NULL, 0, '2021-07-31 02:05:57', NULL, 'Damascus', NULL, 0, NULL, NULL, 0, NULL),
(930, 1, 2, 'عبدو الشيباني', NULL, 'UP30CGAL', NULL, NULL, 1, '2021-07-31 02:15:16', NULL, NULL, NULL, 0, NULL, NULL, 0, NULL),
(931, 10, 2, 'سعد الدين', '+963944282408', 'AF6GDJJ9', NULL, NULL, 1, '2021-07-31 02:21:22', NULL, 'Damascus', NULL, 0, NULL, NULL, 0, NULL),
(932, 1, 2, 'شركة الصفوري', NULL, '4AZ5S39C', NULL, NULL, 1, '2021-07-31 02:36:58', NULL, NULL, NULL, 0, NULL, NULL, 0, NULL),
(933, 10, 2, 'مطبعة اللوتس', '+963933616660', 'X8BMH6X5', NULL, NULL, 1, '2021-07-31 02:52:20', NULL, 'Damascus', NULL, 0, NULL, NULL, 0, NULL),
(934, 1, 2, 'ابو علي شهيد', NULL, 'XJ1FXDCL', NULL, NULL, 1, '2021-07-31 04:00:53', NULL, NULL, NULL, 0, NULL, NULL, 0, NULL),
(936, 10, 2, 'الطليعة', '+963933214270', 'KZKZAKLI', NULL, NULL, 1, '2021-08-01 11:42:17', NULL, 'Damascus', NULL, 0, NULL, NULL, 0, NULL),
(937, 1, 2, 'العالم العربي', NULL, '0929RQQ4', NULL, NULL, 1, '2021-08-01 01:02:07', NULL, NULL, NULL, 0, NULL, NULL, 0, NULL),
(938, 1, 2, 'مامون ناجي', NULL, 'C9OR25AV', NULL, NULL, 1, '2021-08-01 03:05:38', NULL, NULL, NULL, 0, NULL, NULL, 0, NULL),
(939, 10, 2, 'ابو حيدر', '+963933580029', 'A8YSTRD1', NULL, NULL, 1, '2021-08-01 03:09:22', NULL, 'Damascus', NULL, 0, NULL, NULL, 0, NULL),
(941, 1, 2, 'انس الجوجو', '+963950005518', 'AK1ED2ZO', NULL, NULL, 1, '2021-10-14 22:32:44', NULL, NULL, NULL, 0, NULL, NULL, 0, NULL),
(942, 1, 2, 'جابر شما', NULL, 'XASE9HMZ', NULL, NULL, 1, '2021-08-01 04:24:21', NULL, NULL, NULL, 0, NULL, NULL, 0, NULL),
(943, 1, 2, 'ابو صالح', NULL, 'VTSI63E9', NULL, NULL, 1, '2021-08-02 02:34:42', NULL, NULL, NULL, 0, NULL, NULL, 0, NULL),
(944, 1, 2, 'بشار قباني', NULL, '9XFPSUF8', NULL, NULL, 1, '2021-08-02 03:17:30', NULL, NULL, NULL, 0, NULL, NULL, 0, NULL),
(945, 1, 2, 'انس الفوال', NULL, 'I4YC81TA', NULL, NULL, 1, '2021-08-03 10:03:43', NULL, NULL, NULL, 0, NULL, NULL, 0, NULL),
(946, 1, 2, 'عدنان خضر', NULL, 'XLXSFUA1', NULL, NULL, 1, '2021-08-03 12:03:15', NULL, NULL, NULL, 0, NULL, NULL, 0, NULL),
(947, 10, 2, 'محمد علي ابو يوسف', '+963944982179', 'G8A9XAB6', NULL, NULL, 1, '2021-08-03 12:48:48', NULL, 'Damascus', NULL, 0, NULL, NULL, 0, NULL),
(948, 1, 2, 'ابو اياد عمار', NULL, 'G8A9XAB6', NULL, NULL, 1, '2021-08-03 12:48:48', NULL, NULL, NULL, 0, NULL, NULL, 0, NULL),
(949, 1, 2, 'عماد شاكر', NULL, 'FL9HJ4IB', NULL, NULL, 1, '2021-08-03 01:39:47', NULL, NULL, NULL, 0, NULL, NULL, 0, NULL),
(950, 1, 2, 'جهاد سحلول', NULL, 'CLSK5ZTJ', NULL, NULL, 1, '2021-08-04 12:22:41', NULL, NULL, NULL, 0, NULL, NULL, 0, NULL),
(951, 1, 2, 'طارق بن زياد', NULL, 'UBO1LYYG', NULL, NULL, 1, '2021-08-04 12:25:42', NULL, NULL, NULL, 0, NULL, NULL, 0, NULL),
(952, 1, 2, 'محمد علاوي', NULL, '1O3RLYP4', NULL, NULL, 1, '2021-08-04 03:26:12', NULL, NULL, NULL, 0, NULL, NULL, 0, NULL),
(953, 1, 2, 'نور الدين قوصيني', NULL, '0HXKB0F3', NULL, NULL, 1, '2021-08-09 12:09:29', NULL, NULL, NULL, 0, NULL, NULL, 0, NULL),
(954, 1, 2, 'محمد دعدوش', NULL, '4R3ZRT19', NULL, NULL, 1, '2021-08-09 09:51:04', NULL, NULL, NULL, 0, NULL, NULL, 0, NULL),
(955, 1, 2, 'مطبعة ابن سينا', NULL, 'H20XQ9K2', NULL, NULL, 1, '2021-08-09 10:37:31', NULL, NULL, NULL, 0, NULL, NULL, 0, NULL),
(956, 10, 2, 'غياث التقي', '+963988118060', 'EXK27G1V', NULL, NULL, 1, '2021-08-09 10:46:30', NULL, 'Damascus', NULL, 0, NULL, NULL, 0, NULL),
(957, 1, 2, 'مطبعة الحمرا', NULL, 'JDRC2BJP', NULL, NULL, 1, '2021-08-09 01:16:57', NULL, NULL, NULL, 0, NULL, NULL, 0, NULL),
(958, 10, 2, 'باسل حبوب', '+963991844900', 'HL8O7SHK', NULL, NULL, 1, '2021-08-10 01:06:46', NULL, 'Damascus', NULL, 0, NULL, NULL, 0, NULL),
(959, 1, 2, 'فراس دولي', NULL, '17E039ET', NULL, NULL, 1, '2021-08-11 02:52:30', NULL, NULL, NULL, 0, NULL, NULL, 0, NULL),
(960, 1, 2, 'النجم الذهبي', NULL, '1VBGEPL8', NULL, NULL, 1, '2021-08-11 04:07:00', NULL, NULL, NULL, 0, NULL, NULL, 0, NULL),
(961, 1, 2, 'هيثم جويد', NULL, 'KF6RZ6DB', NULL, NULL, 1, '2021-08-18 12:41:37', NULL, NULL, NULL, 0, NULL, NULL, 0, NULL),
(962, 1, 2, 'مطبعة التاج', NULL, 'BHY54923', NULL, NULL, 1, '2021-08-19 00:40:01', NULL, NULL, NULL, 0, NULL, NULL, 0, NULL),
(963, 10, 2, 'غسان المصري', '+963944232153', 'CPMGBEX6', NULL, NULL, 1, '2021-08-19 00:47:34', NULL, 'Damascus', NULL, 0, NULL, NULL, 0, NULL),
(964, 1, 2, 'الحارث', NULL, '2VI1VYIK', NULL, NULL, 1, '2021-08-19 09:25:46', NULL, NULL, NULL, 0, NULL, NULL, 0, NULL),
(966, 1, 2, 'بسام الشيباني', NULL, 'XGCJMZ7F', NULL, NULL, 1, '2021-08-19 13:40:59', NULL, NULL, NULL, 0, NULL, NULL, 0, NULL),
(967, 1, 2, 'اختبار', NULL, '643QYKII', NULL, NULL, 1, '2021-08-21 20:11:36', NULL, NULL, NULL, 0, NULL, NULL, 0, NULL),
(968, 10, 2, 'مطبعة الرفاعي', '+963934060647', '56LP10HV', NULL, NULL, 1, '2021-08-23 14:15:13', NULL, 'Damascus', NULL, 0, NULL, NULL, 0, NULL),
(969, 10, 2, 'عبد الرحمن سحلول', '+963944390973', 'LPGUI7KQ', NULL, NULL, 1, '2021-08-23 15:17:26', NULL, 'Damascus', NULL, 0, NULL, NULL, 0, NULL),
(970, 10, 2, 'ايمن غنام', '+963988015847', 'BP27HV25', NULL, NULL, 1, '2021-08-24 09:49:37', NULL, 'Damascus', NULL, 0, NULL, NULL, 0, NULL),
(972, 11, 2, 'ابو فارس', NULL, '60Q9E1OF', NULL, NULL, 1, '2021-08-26 13:56:36', NULL, NULL, NULL, 0, NULL, NULL, 0, NULL),
(974, 10, 2, 'شركة مايكب', '+963992230287', 'E9G41V17', NULL, NULL, 1, '2021-08-26 17:29:04', NULL, 'Damascus', NULL, 0, NULL, NULL, 0, NULL),
(975, 10, 2, 'خالد دسوقي', '+963933502640', '5M0270QD', NULL, NULL, 1, '2021-08-26 17:48:44', NULL, 'Damascus', NULL, 0, NULL, NULL, 0, NULL),
(977, 1, 2, 'محمود قضماني', NULL, 'VSE2GKV6', NULL, NULL, 1, '2021-08-27 16:18:45', NULL, NULL, NULL, 0, NULL, NULL, 0, NULL),
(978, 10, 2, 'الفقيه', '+963951788693', 'QSKOP4BV', NULL, NULL, 1, '2021-08-28 09:27:12', NULL, 'Damascus', NULL, 0, NULL, NULL, 0, NULL),
(979, 1, 2, 'حمدان', NULL, '35Q7JIHM', NULL, NULL, 1, '2021-08-28 19:28:27', NULL, NULL, NULL, 0, NULL, NULL, 0, NULL),
(980, 1, 2, 'احمد مجوز', NULL, 'ZFOGX30S', NULL, NULL, 1, '2021-08-28 22:39:51', NULL, NULL, NULL, 0, NULL, NULL, 0, NULL),
(981, 1, 2, 'بلال فاعور', NULL, 'I57U6TR2', NULL, NULL, 1, '2021-08-30 10:42:55', NULL, NULL, NULL, 0, NULL, NULL, 0, NULL),
(982, 1, 2, 'بسام تفكجي', NULL, '6GGI50A8', NULL, NULL, 1, '2021-08-30 15:16:06', NULL, NULL, NULL, 0, NULL, NULL, 0, NULL),
(983, 11, 2, 'مطبعة النجيب', NULL, 'HL43C66R', NULL, NULL, 1, '2021-08-31 16:58:32', NULL, NULL, NULL, 0, NULL, NULL, 0, NULL),
(984, 1, 2, 'ابو حنا', NULL, 'TG0F8253', NULL, NULL, 1, '2021-09-04 11:05:06', NULL, NULL, NULL, 0, NULL, NULL, 0, NULL),
(985, 1, 2, 'منتصر المزيد', NULL, 'RD7JPSRG', NULL, NULL, 1, '2021-09-04 20:54:25', NULL, NULL, NULL, 0, NULL, NULL, 0, NULL),
(986, 1, 2, 'محمد الرومي', NULL, 'DJ4KX0VM', NULL, NULL, 1, '2021-09-05 14:39:21', NULL, NULL, NULL, 0, NULL, NULL, 0, NULL),
(987, 1, 2, 'المتحدة', NULL, 'YAVEE69M', NULL, NULL, 1, '2021-09-06 16:04:53', NULL, NULL, NULL, 0, NULL, NULL, 0, NULL),
(988, 1, 2, 'مطبعة علي', NULL, 'M7ADV1R2', NULL, NULL, 1, '2021-09-07 16:13:53', NULL, NULL, NULL, 0, NULL, NULL, 0, NULL),
(989, 10, 2, 'مطبعة اللحام', '+963933773858', '5BU18IM7', NULL, NULL, 1, '2021-09-08 14:38:32', NULL, 'Damascus', NULL, 0, NULL, NULL, 0, NULL),
(991, 16, 2, 'دار الشام', NULL, 'UUYY4QBH', NULL, NULL, 1, '2021-09-11 10:04:08', NULL, NULL, NULL, 0, NULL, NULL, 0, NULL),
(992, 10, 2, 'مطبعة ميسلون', '+963942257266', 'M4HBEYXT', NULL, NULL, 1, '2021-09-11 13:20:54', NULL, 'Damascus', NULL, 0, NULL, NULL, 0, NULL),
(994, 1, 2, 'عادل عوض', '+963951456196', '4PC6V33G', NULL, NULL, 1, '2021-09-14 11:24:35', NULL, NULL, NULL, 0, NULL, NULL, 0, NULL),
(995, 1, 2, 'عامر فتال قص', NULL, 'SUERZ33Q', NULL, NULL, 1, '2021-09-14 14:21:14', NULL, NULL, NULL, 0, NULL, NULL, 0, NULL),
(996, 4, 2, 'بلال قدور', NULL, '6IYDJ39P', NULL, NULL, 1, '2021-09-16 09:48:24', NULL, NULL, NULL, 0, NULL, NULL, 0, NULL),
(997, 9, 2, 'دفعة للشركة بيد شباط', NULL, 'GVA98PAF', NULL, NULL, 1, '2021-09-16 15:35:48', NULL, NULL, NULL, 0, NULL, NULL, 0, NULL),
(998, 1, 2, 'مباع', NULL, 'GPO5BTST', NULL, NULL, 1, '2021-09-19 10:13:39', NULL, NULL, NULL, 0, NULL, NULL, 0, NULL),
(999, 1, 2, 'مخرج سابقا', NULL, 'CVTGFRAV', NULL, NULL, 1, '2021-09-19 13:12:41', NULL, NULL, NULL, 0, NULL, NULL, 0, NULL),
(1000, 1, 2, 'امجد', NULL, 'G3YAR3EY', NULL, NULL, 1, '2021-09-20 10:21:34', NULL, NULL, NULL, 0, NULL, NULL, 0, NULL),
(1001, 1, 2, 'رضوان لداوي', NULL, 'K97CD7AO', NULL, NULL, 1, '2021-09-20 12:47:21', NULL, NULL, NULL, 0, NULL, NULL, 0, NULL),
(1002, 16, 2, 'مجد حاكمي', '+963933303700', '14KM1YJE', NULL, NULL, 1, '2021-09-20 14:29:00', NULL, NULL, NULL, 0, NULL, NULL, 0, NULL),
(1003, 1, 2, 'ابو جميل دار شام', NULL, 'O5IIC4CM', NULL, NULL, 1, '2021-09-21 13:41:40', NULL, NULL, NULL, 0, NULL, NULL, 0, NULL),
(1004, 1, 2, 'مطبعة الندى', NULL, 'MLBXRVLI', NULL, NULL, 1, '2021-09-21 14:03:04', NULL, NULL, NULL, 0, NULL, NULL, 0, NULL),
(1005, 1, 2, 'ابو محمد نصار', NULL, 'MZC52R6H', NULL, NULL, 1, '2021-09-23 12:59:57', NULL, NULL, NULL, 0, NULL, NULL, 0, NULL),
(1006, 1, 2, 'محمود دوبا', NULL, 'PV2BSXKA', NULL, NULL, 1, '2021-09-24 18:41:25', NULL, NULL, NULL, 0, NULL, NULL, 0, NULL),
(1007, 1, 2, 'عبد الكريم غزال', NULL, '62HYAT06', NULL, NULL, 1, '2021-09-25 16:56:29', NULL, NULL, NULL, 0, NULL, NULL, 0, NULL),
(1008, 1, 2, 'عمار قمحة', NULL, 'OP264AAC', NULL, NULL, 1, '2021-09-27 12:45:59', NULL, NULL, NULL, 0, NULL, NULL, 0, NULL),
(1009, 1, 2, 'مطبعة ابو ابراهيم', NULL, 'VGEC3XAV', NULL, NULL, 1, '2021-09-28 09:24:38', NULL, NULL, NULL, 0, NULL, NULL, 0, NULL),
(1010, 1, 2, 'مطبعة الندى ( ابو ابراهيم )', NULL, 'TUFOY519', NULL, NULL, 1, '2021-09-28 13:23:07', NULL, NULL, NULL, 0, NULL, NULL, 0, NULL),
(1011, 11, 2, 'ابوصالح', NULL, '17X0ZGSU', NULL, NULL, 1, '2021-09-28 14:04:29', NULL, NULL, NULL, 0, NULL, NULL, 0, NULL),
(1012, 1, 2, 'ابو فهد كركتلي', NULL, 'ILEXLM2Y', NULL, NULL, 1, '2021-09-30 10:26:53', NULL, NULL, NULL, 0, NULL, NULL, 0, NULL),
(1013, 1, 2, 'مطبعة الفاكهاني', NULL, 'AZO4I2RU', NULL, NULL, 1, '2021-09-30 14:56:47', NULL, NULL, NULL, 0, NULL, NULL, 0, NULL),
(1014, 1, 2, 'لؤي الفوال', NULL, '5PY7FPVE', NULL, NULL, 1, '2021-10-05 11:13:29', NULL, NULL, NULL, 0, NULL, NULL, 0, NULL),
(1015, 1, 2, 'عصام سليمان', NULL, 'TE14RMYL', NULL, NULL, 1, '2021-10-05 14:29:31', NULL, NULL, NULL, 0, NULL, NULL, 0, NULL),
(1016, 10, 2, 'العاب اليوسف', NULL, '17YQ3R35', NULL, NULL, 1, '2021-10-06 13:49:01', NULL, 'Damascus', NULL, 0, NULL, NULL, 0, NULL),
(1017, 1, 2, 'ايمن صيداوي', NULL, 'QEKVC0HR', NULL, NULL, 1, '2021-10-06 13:56:08', NULL, NULL, NULL, 0, NULL, NULL, 0, NULL),
(1018, 10, 2, 'مطبعة العامر', '+963951331427', 'HIUA2HCC', NULL, NULL, 1, '2021-10-06 16:26:30', NULL, 'Damascus', NULL, 0, NULL, NULL, 0, NULL),
(1019, 1, 2, 'مطبعة العمري', NULL, 'P93LUYYI', NULL, NULL, 1, '2021-10-07 10:56:28', NULL, NULL, NULL, 0, NULL, NULL, 0, NULL),
(1020, 1, 2, 'العلبي', NULL, 'IMZ99F4T', NULL, NULL, 1, '2021-10-07 11:13:50', NULL, NULL, NULL, 0, NULL, NULL, 0, NULL),
(1021, 1, 2, 'الغسق', NULL, 'UQVR494Q', NULL, NULL, 1, '2021-10-09 16:08:13', NULL, NULL, NULL, 0, NULL, NULL, 0, NULL),
(1022, 1, 2, 'القصير', NULL, '8YD2JIE6', NULL, NULL, 1, '2021-10-09 16:09:25', NULL, NULL, NULL, 0, NULL, NULL, 0, NULL),
(1023, 10, 2, 'ابوحيدر', NULL, '65TXPZM9', NULL, NULL, 1, '2021-10-10 11:36:48', NULL, 'Damascus', NULL, 0, NULL, NULL, 0, NULL),
(1024, 1, 2, 'مايا حمامي', NULL, 'HR9OAIR1', NULL, NULL, 1, '2021-10-13 14:37:35', NULL, NULL, NULL, 0, NULL, NULL, 0, NULL),
(1025, 1, 2, 'نادر مدراتي', NULL, '01ZB6EP5', NULL, NULL, 1, '2021-10-13 16:14:58', NULL, NULL, NULL, 0, NULL, NULL, 0, NULL),
(1026, 1, 2, 'عبد الرحمن فلاح', NULL, '1EEZV9I2', NULL, NULL, 1, '2021-10-18 19:41:19', NULL, NULL, NULL, 0, NULL, NULL, 0, NULL),
(1027, 10, 2, 'حيدر اذر بيك', NULL, 'IY93F05D', NULL, NULL, 1, '2021-10-21 11:15:28', NULL, 'Damascus', NULL, 0, NULL, NULL, 0, NULL),
(1028, 1, 2, 'بشار مراياتي', NULL, 'JD26904P', NULL, NULL, 1, '2021-10-23 10:29:41', NULL, NULL, NULL, 0, NULL, NULL, 0, NULL),
(1029, 1, 2, 'مطبعة زكريا', NULL, '701TFS69', NULL, NULL, 1, '2021-10-25 13:36:20', NULL, NULL, NULL, 0, NULL, NULL, 0, NULL),
(1030, 10, 2, 'مصطفى النوري', '+963991290722', 'THA1K8OC', NULL, NULL, 1, '2021-10-26 16:51:56', NULL, 'Damascus', NULL, 0, NULL, NULL, 0, NULL),
(1031, 10, 2, 'مجد تللو', '+963946946000', '6P2C5C7A', NULL, NULL, 1, '2021-10-27 14:48:41', NULL, 'Damascus', NULL, 0, NULL, NULL, 0, NULL),
(1032, 1, 2, 'محمود جاسر', NULL, '60R2EOHY', NULL, NULL, 1, '2021-10-28 10:44:20', NULL, NULL, NULL, 0, NULL, NULL, 0, NULL),
(1033, 10, 2, 'مطبعة الكواكب', '+963933525640', 'ET16LGDM', NULL, NULL, 1, '2021-10-28 11:42:13', NULL, 'Damascus', NULL, 0, NULL, NULL, 0, NULL),
(1034, 1, 2, 'محمود عباس', NULL, '9OG5PQF2', NULL, NULL, 1, '2021-10-30 11:37:05', NULL, NULL, NULL, 0, NULL, NULL, 0, NULL),
(1035, 10, 2, 'نزار بسطاطي', '+963944875413', 'TARFX62D', NULL, NULL, 1, '2021-11-01 13:51:43', NULL, 'Damascus', NULL, 0, NULL, NULL, 0, NULL),
(1036, 1, 2, 'مطبعة الحسام', NULL, 'SFX163KE', NULL, NULL, 1, '2021-11-02 09:13:35', NULL, NULL, NULL, 0, NULL, NULL, 0, NULL),
(1037, 4, 2, 'مطبعة الافراح', NULL, 'D8U82L4B', NULL, NULL, 1, '2021-11-07 09:59:31', NULL, NULL, NULL, 0, NULL, NULL, 0, NULL),
(1039, 4, 2, 'احمد الجوجو', NULL, 'F665K9YU', NULL, NULL, 1, '2021-11-11 12:34:24', NULL, NULL, NULL, 0, NULL, NULL, 0, NULL),
(1040, 10, 2, 'حسام السعدي', '+963933353390', 'TA0YQ9AM', NULL, NULL, 1, '2021-11-30 14:22:36', NULL, 'Damascus', NULL, 0, NULL, NULL, 0, NULL),
(1041, 10, 2, 'رضوان موصللي', '+963933224419', 'Z6I79Q05', NULL, NULL, 1, '2021-12-04 11:46:30', NULL, 'Damascus', NULL, 0, NULL, NULL, 0, NULL),
(1042, 10, 2, 'رضوان موصلي', NULL, 'TCPH6SF9', NULL, NULL, 1, '2021-12-04 11:46:30', NULL, 'Damascus', NULL, 0, NULL, NULL, 0, NULL),
(1043, 1, 2, 'عدنان ديماس', NULL, 'Q2UAD47Q', NULL, NULL, 1, '2021-12-07 11:31:02', NULL, NULL, NULL, 0, NULL, NULL, 0, NULL),
(1044, 16, 2, 'ماهر عابدين', NULL, 'AU7AQSAG', NULL, NULL, 1, '2021-12-11 11:52:29', NULL, NULL, NULL, 0, NULL, NULL, 0, NULL),
(1045, 12, 2, 'زياد سمرا', NULL, '6XEG4JLB', NULL, NULL, 1, '2021-12-16 11:30:14', NULL, NULL, NULL, 0, NULL, NULL, 0, NULL),
(1046, 9, 2, 'عامر فتال', NULL, '1YP2LD46', NULL, NULL, 1, '2021-12-16 14:27:03', NULL, NULL, NULL, 0, NULL, NULL, 0, NULL),
(1047, 4, 2, 'مطبعة دار القمر', NULL, 'ZH0L8ZT9', NULL, NULL, 1, '2021-12-21 15:10:23', NULL, NULL, NULL, 0, NULL, NULL, 0, NULL),
(1050, 4, 2, 'دار القمر', NULL, '3H2ILZQC', NULL, NULL, 1, '2021-12-21 15:12:16', NULL, NULL, NULL, 0, NULL, NULL, 0, NULL),
(1051, 4, 2, 'مطبعة الاصيل', NULL, '19682VDG', NULL, NULL, 1, '2021-12-22 11:17:04', NULL, NULL, NULL, 0, NULL, NULL, 0, NULL),
(1062, 10, 2, 'محمد حبوب', '+963932936464', '6IA6Q6GL', NULL, NULL, 1, '2021-12-25 14:36:49', NULL, 'Damascus', NULL, 0, NULL, NULL, 0, NULL),
(1069, 10, 2, 'ابو اغيد', NULL, '1KC8VZ68', NULL, NULL, 1, '2021-12-26 13:45:40', NULL, 'Damascus', NULL, 0, NULL, NULL, 0, NULL),
(1070, 10, 2, 'ابو اغيد دار القمر', '+963936224401', 'LPGGBO7I', NULL, NULL, 1, '2021-12-26 13:55:19', NULL, 'Damascus', NULL, 0, NULL, NULL, 0, NULL),
(1071, 16, 2, 'حمدي ناصيف', NULL, 'CXIJ6910', NULL, NULL, 1, '2021-12-27 12:51:11', NULL, NULL, NULL, 0, NULL, NULL, 0, NULL),
(1072, 4, 2, 'مستودع الصفوري', NULL, 'BKD5D9AB', NULL, NULL, 1, '2021-12-27 14:53:51', NULL, NULL, NULL, 0, NULL, NULL, 0, NULL),
(1073, 9, 2, 'محمد ناصيف', NULL, 'LSKR08QC', NULL, NULL, 1, '2021-12-28 10:21:01', NULL, NULL, NULL, 0, NULL, NULL, 0, NULL),
(1074, 4, 2, 'مطبعة سوار الشام', NULL, 'U5FMLGU7', NULL, NULL, 1, '2021-12-30 12:08:21', NULL, NULL, NULL, 0, NULL, NULL, 0, NULL),
(1075, 16, 2, 'حبيب جقي', NULL, 'FTX8X1UU', NULL, NULL, 1, '2022-01-01 13:52:22', NULL, NULL, NULL, 0, NULL, NULL, 0, NULL),
(1076, 4, 2, 'معتز التيناوي', NULL, '3PTFYPUE', NULL, NULL, 1, '2022-01-01 15:30:59', NULL, NULL, NULL, 0, NULL, NULL, 0, NULL),
(1077, 4, 2, 'مطبعة ابوزيد', NULL, 'K1DYHZT4', NULL, NULL, 1, '2022-01-06 10:56:46', NULL, NULL, NULL, 0, NULL, NULL, 0, NULL),
(1078, 10, 2, 'عبد القادر النابلسي', '+963934573146', 'QLEPHPKG', NULL, NULL, 1, '2022-01-10 13:28:53', NULL, 'Damascus', NULL, 0, NULL, NULL, 0, NULL),
(1085, 4, 2, 'حازم رشواني', NULL, 'USTF5CFC', NULL, NULL, 1, '2022-01-11 12:45:18', NULL, NULL, NULL, 0, NULL, NULL, 0, NULL),
(1086, 4, 2, 'حسام اليبرودي', NULL, 'C3IBK9P3', NULL, NULL, 1, '2022-01-12 15:03:51', NULL, NULL, NULL, 0, NULL, NULL, 0, NULL),
(1087, 4, 2, 'فراس غزال', NULL, '3YBLMFQV', NULL, NULL, 1, '2022-01-17 13:35:28', NULL, NULL, NULL, 0, NULL, NULL, 0, NULL),
(1088, 4, 2, 'محمد الصيداوي', NULL, '14FIT92B', NULL, NULL, 1, '2022-02-12 13:53:06', NULL, NULL, NULL, 0, NULL, NULL, 0, NULL),
(1089, 10, 2, 'صالح شنواني ( مطبعة الشنواني )', '+963944504008', '7SX1VORY', NULL, NULL, 1, '2022-02-13 15:19:43', NULL, 'Damascus', NULL, 0, NULL, NULL, 0, NULL),
(1090, 4, 2, 'احمد العقاد', NULL, '7E2ZU1S2', NULL, NULL, 1, '2022-02-15 14:34:11', NULL, NULL, NULL, 0, NULL, NULL, 0, NULL),
(1091, 4, 2, 'عبد الباسط مدراتي', NULL, '8BUJHG78', NULL, NULL, 1, '2022-02-16 08:53:44', NULL, NULL, NULL, 0, NULL, NULL, 0, NULL),
(1092, 4, 2, 'مطبعة الثراء', NULL, 'XB96LH5C', NULL, NULL, 1, '2022-02-16 15:20:06', NULL, NULL, NULL, 0, NULL, NULL, 0, NULL),
(1093, 4, 2, 'مطبعة العلي', NULL, 'JDT2BI3E', NULL, NULL, 1, '2022-02-20 08:06:33', NULL, NULL, NULL, 0, NULL, NULL, 0, NULL),
(1094, 16, 2, 'باسل عبد الرؤوف', NULL, 'D5G094C4', NULL, NULL, 1, '2022-02-24 16:27:01', NULL, NULL, NULL, 0, NULL, NULL, 0, NULL),
(1095, 4, 2, 'احمد نجيب', NULL, 'LJ6Q89KT', NULL, NULL, 1, '2022-03-01 15:30:04', NULL, NULL, NULL, 0, NULL, NULL, 0, NULL),
(1096, 4, 2, 'مطصفى قضماني', NULL, 'EXDJ4RS1', NULL, NULL, 1, '2022-03-10 10:43:04', NULL, NULL, NULL, 0, NULL, NULL, 0, NULL),
(1097, 1, 2, 'test user', NULL, '6G064BYY', NULL, NULL, 1, '2022-03-10 18:12:41', NULL, NULL, NULL, 0, NULL, NULL, 0, NULL),
(1098, 1, 2, 'test 2dd', NULL, '6G064BYY', NULL, NULL, 1, '2022-03-10 18:12:41', NULL, NULL, NULL, 0, NULL, NULL, 0, NULL),
(1099, 1, 2, 'test s', NULL, '6G064BYY', NULL, NULL, 1, '2022-03-10 18:12:41', NULL, NULL, NULL, 0, NULL, NULL, 0, NULL),
(1100, 1, 2, 'ولاء انس الجوجو', NULL, '5FHRXKYB', NULL, NULL, 1, '2022-03-14 12:33:28', NULL, NULL, NULL, 0, NULL, NULL, 0, NULL),
(1101, 1, 2, 'رياض الحمصي', NULL, 'F54DYDDG', NULL, NULL, 1, '2022-03-15 12:45:11', NULL, NULL, NULL, 0, NULL, NULL, 0, NULL),
(1102, 10, 2, 'مطبعة الشيباني', '+963933544236', 'QDG4R3H7', NULL, NULL, 1, '2022-03-15 13:58:37', NULL, 'Damascus', NULL, 0, NULL, NULL, 0, NULL),
(1103, 1, 2, 'مطبعة الحمر', NULL, 'MFJIVV3I', NULL, NULL, 1, '2022-03-16 11:24:07', NULL, NULL, NULL, 0, NULL, NULL, 0, NULL),
(1104, 10, 2, 'أنس غنام', '+963932546065', 'V9SHPDQJ', NULL, NULL, 1, '2022-03-21 12:55:19', NULL, 'Damascus', NULL, 0, NULL, NULL, 0, NULL),
(1105, 10, 2, 'ايوحيدر', NULL, '1IIP558O', NULL, NULL, 1, '2022-03-24 11:33:17', NULL, 'Damascus', NULL, 0, NULL, NULL, 0, NULL),
(1106, 16, 2, 'ابو مصطفى مشغل خياطة', NULL, '2BQF7EFF', NULL, NULL, 1, '2022-03-28 10:27:23', NULL, NULL, NULL, 0, NULL, NULL, 0, NULL),
(1107, 10, 2, 'مطبعة بروفا', '+963988307788', 'M3LGRMRH', NULL, NULL, 1, '2022-04-14 14:21:17', NULL, 'Damascus', NULL, 0, NULL, NULL, 0, NULL),
(1108, 11, 2, 'رافي الاسد', NULL, 'RHMV7S62', NULL, NULL, 1, '2022-04-26 12:07:49', NULL, NULL, NULL, 0, NULL, NULL, 0, NULL),
(1109, 10, 2, 'ابو وائل البابيدي', '+963933339957', '7V9F29MV', NULL, NULL, 1, '2022-05-12 10:24:47', NULL, 'Damascus', NULL, 0, NULL, NULL, 0, NULL),
(1110, 11, 2, 'فيصل الدايه', NULL, 'PQOS2MLS', NULL, NULL, 1, '2022-05-14 22:53:19', NULL, NULL, NULL, 0, NULL, NULL, 0, NULL),
(1111, 16, 2, 'حسن الحلاق', NULL, 'MO0AA66A', NULL, NULL, 1, '2022-05-15 13:36:26', NULL, NULL, NULL, 0, NULL, NULL, 0, NULL),
(1112, 4, 2, 'امجد طوالبه', NULL, 'HR3HA8M9', NULL, NULL, 1, '2022-05-18 10:16:38', NULL, NULL, NULL, 0, NULL, NULL, 0, NULL),
(1113, 11, 2, 'شباط زبون', NULL, 'TAKM7HYP', NULL, NULL, 1, '2022-05-19 12:56:06', NULL, NULL, NULL, 0, NULL, NULL, 0, NULL),
(1114, 1, 2, 'احمد فلاح', NULL, '259OPTT5', NULL, NULL, 1, '2022-05-21 14:45:22', NULL, NULL, NULL, 0, NULL, NULL, 0, NULL),
(1115, 4, 2, 'ابو محمد شباط', NULL, 'Q06E2SK6', NULL, NULL, 1, '2022-05-22 09:36:33', NULL, NULL, NULL, 0, NULL, NULL, 0, NULL),
(1120, 10, 2, 'نعيم شنار', '+963945566230', '8KF4RK3M', NULL, NULL, 1, '2022-05-22 11:50:18', NULL, 'Damascus', NULL, 0, NULL, NULL, 0, NULL),
(1121, 4, 2, 'سامر دباس', NULL, 'PZC416XO', NULL, NULL, 1, '2022-05-29 15:36:16', NULL, NULL, NULL, 0, NULL, NULL, 0, NULL),
(1124, 11, 2, 'يزن الصفوري', NULL, 'IFK1JV41', NULL, NULL, 1, '2022-06-08 08:53:19', NULL, NULL, NULL, 0, NULL, NULL, 0, NULL),
(1125, 16, 2, 'مسلم قطرميز', NULL, 'RFEHDDL9', NULL, NULL, 1, '2022-06-12 11:00:27', NULL, NULL, NULL, 0, NULL, NULL, 0, NULL),
(1126, 1, 2, 'المهندس مازن الدخيل', NULL, '81S8XRUH', NULL, NULL, 1, '2022-06-13 15:55:07', NULL, NULL, NULL, 0, NULL, NULL, 0, NULL),
(1127, 10, 2, 'ابو علي تلّو', NULL, 'XL5747LH', NULL, NULL, 1, '2022-06-14 13:07:43', NULL, 'Damascus', NULL, 0, NULL, NULL, 0, NULL),
(1128, 10, 2, 'ابو علي تللو', '+963933371553', 'QD9VH2LP', NULL, NULL, 1, '2022-06-14 13:52:57', NULL, 'Damascus', NULL, 0, NULL, NULL, 0, NULL),
(1130, 16, 2, 'علي شهيد', NULL, 'VSEDOSZ2', NULL, NULL, 1, '2022-06-20 22:23:35', NULL, NULL, NULL, 0, NULL, NULL, 0, NULL),
(1131, 10, 2, 'محمد دعبول', '+963933255749', 'EP553KBY', NULL, NULL, 1, '2022-06-21 09:25:32', NULL, 'Damascus', NULL, 0, NULL, NULL, 0, NULL),
(1132, 4, 2, 'معاذ الدهام', NULL, 'J1J5OOA4', NULL, NULL, 1, '2022-06-22 15:05:45', NULL, NULL, NULL, 0, NULL, NULL, 0, NULL),
(1133, 16, 2, 'حسن قطان', NULL, 'UVAOS1DR', NULL, NULL, 1, '2022-06-27 20:41:39', NULL, NULL, NULL, 0, NULL, NULL, 0, NULL),
(1134, 16, 2, 'اكرم مدخنة', NULL, 'XP1J2KBG', NULL, NULL, 1, '2022-06-28 12:00:10', NULL, NULL, NULL, 0, NULL, NULL, 0, NULL),
(1135, 10, 2, 'ابوعامر تللو', '+9639333315123', 'TVC0Y7S4', NULL, NULL, 1, '2022-06-30 15:05:44', NULL, 'Damascus', NULL, 0, NULL, NULL, 0, NULL),
(1136, 10, 2, 'ابو عامر تللو', NULL, 'HF6DHA3F', NULL, NULL, 1, '2022-07-03 13:55:32', NULL, 'Damascus', NULL, 0, NULL, NULL, 0, NULL),
(1137, 16, 2, 'ابو يزن الصفوري', NULL, '7EST4D01', NULL, NULL, 1, '2022-07-27 15:26:01', NULL, NULL, NULL, 0, NULL, NULL, 0, NULL),
(1138, 4, 2, 'ايمن دعبول', NULL, '9198J02O', NULL, NULL, 1, '2022-07-31 09:24:06', NULL, NULL, NULL, 0, NULL, NULL, 0, NULL),
(1139, 4, 2, 'بسام القاعد', NULL, '5UX0JSO7', NULL, NULL, 1, '2022-08-06 10:32:12', NULL, NULL, NULL, 0, NULL, NULL, 0, NULL),
(1140, 10, 2, 'مطبعة البدر', '+963998912289', 'C34JB92X', NULL, NULL, 1, '2022-08-07 15:51:16', NULL, 'Damascus', NULL, 0, NULL, NULL, 0, NULL),
(1141, 4, 2, 'مصطفى قضماني', NULL, '329QYT9A', NULL, NULL, 1, '2022-08-15 12:26:01', NULL, NULL, NULL, 0, NULL, NULL, 0, NULL),
(1142, 10, 2, 'محمد علي دعبول', NULL, 'ITBGRSDE', NULL, NULL, 1, '2022-09-06 14:02:14', NULL, 'Damascus', NULL, 0, NULL, NULL, 0, NULL),
(1143, 4, 2, 'شركة شاهين', NULL, '7K1MAT8J', NULL, NULL, 1, '2022-09-15 12:47:25', NULL, NULL, NULL, 0, NULL, NULL, 0, NULL),
(1144, 10, 2, 'ابووائل لبابيدي', NULL, '5PFJ81AC', NULL, NULL, 1, '2022-10-01 13:19:54', NULL, 'Damascus', NULL, 0, NULL, NULL, 0, NULL),
(1145, 10, 2, 'مطبعة الحجي', '+963933559880', '8UDB1R4Z', NULL, NULL, 1, '2022-10-11 13:03:08', NULL, 'Damascus', NULL, 0, NULL, NULL, 0, NULL),
(1146, 10, 2, 'مطبعة المدينة', '+963992699588', 'DPPRYDYX', NULL, NULL, 1, '2022-10-19 14:31:42', NULL, 'Damascus', NULL, 0, NULL, NULL, 0, NULL),
(1147, 4, 2, 'حسام تقي الدين', NULL, 'V64M9GMQ', NULL, NULL, 1, '2022-11-05 14:18:27', NULL, NULL, NULL, 0, NULL, NULL, 0, NULL),
(1148, 1, 2, 'انس غنام', NULL, 'MAZLGYB1', NULL, NULL, 1, '2022-11-07 09:39:28', NULL, NULL, NULL, 0, NULL, NULL, 0, NULL),
(1149, 4, 2, 'مطبعة الزهراء', NULL, 'PQ1OVF8E', NULL, NULL, 1, '2022-11-08 10:27:27', NULL, NULL, NULL, 0, NULL, NULL, 0, NULL);

-- --------------------------------------------------------

--
-- Stand-in structure for view `customers_balances`
-- (See below for the actual view)
--
DROP VIEW IF EXISTS `customers_balances`;
CREATE TABLE `customers_balances` (
`iD` int(11)
,`totalCredits` double(20,3)
,`totalDebits` double(20,3)
,`totalOrders` double(21,4)
,`totalPurchases` double(20,3)
,`balance` double(21,4)
);

-- --------------------------------------------------------

--
-- Table structure for table `customers_contacts`
--

DROP TABLE IF EXISTS `customers_contacts`;
CREATE TABLE `customers_contacts` (
  `iD` int(11) NOT NULL,
  `CustomerID` int(11) NOT NULL,
  `name` varchar(50) DEFAULT NULL,
  `phone` varchar(20) DEFAULT NULL
) ENGINE=InnoDB DEFAULT CHARSET=utf8 COLLATE=utf8_general_ci;

-- --------------------------------------------------------

--
-- Table structure for table `customers_request_sizes`
--

DROP TABLE IF EXISTS `customers_request_sizes`;
CREATE TABLE `customers_request_sizes` (
  `iD` int(11) NOT NULL,
  `CustomerID` int(11) NOT NULL,
  `EmployeeID` int(11) NOT NULL,
  `date` datetime NOT NULL DEFAULT current_timestamp(),
  `comments` text DEFAULT NULL
) ENGINE=InnoDB DEFAULT CHARSET=utf8 COLLATE=utf8_general_ci;

--
-- Dumping data for table `customers_request_sizes`
--

INSERT  INTO `customers_request_sizes` (`iD`, `CustomerID`, `EmployeeID`, `date`, `comments`) VALUES
(10, 1099, 1, '2022-03-10 18:52:31', 'rvdd');

-- --------------------------------------------------------

--
-- Table structure for table `customers_request_sizes_details`
--

DROP TABLE IF EXISTS `customers_request_sizes_details`;
CREATE TABLE `customers_request_sizes_details` (
  `iD` int(11) NOT NULL,
  `CustomerReqID` int(11) NOT NULL,
  `SizeID` int(11) NOT NULL,
  `date` datetime NOT NULL DEFAULT current_timestamp()
) ENGINE=InnoDB DEFAULT CHARSET=utf8 COLLATE=utf8_general_ci;

--
-- Dumping data for table `customers_request_sizes_details`
--

INSERT  INTO `customers_request_sizes_details` (`iD`, `CustomerReqID`, `SizeID`, `date`) VALUES
(13, 10, 1255, '2022-03-10 00:00:00');

-- --------------------------------------------------------

--
-- Table structure for table `customs_declarations`
--

DROP TABLE IF EXISTS `customs_declarations`;
CREATE TABLE `customs_declarations` (
  `iD` int(11) NOT NULL,
  `EmployeeID` int(11) NOT NULL,
  `number` varchar(200) NOT NULL,
  `date` datetime NOT NULL DEFAULT current_timestamp(),
  `fromCountry` varchar(50) DEFAULT NULL,
  `fromName` varchar(50) DEFAULT NULL,
  `comments` text DEFAULT NULL
) ENGINE=InnoDB DEFAULT CHARSET=utf8 COLLATE=utf8_general_ci;

--
-- Dumping data for table `customs_declarations`
--

INSERT  INTO `customs_declarations` (`iD`, `EmployeeID`, `number`, `date`, `fromCountry`, `fromName`, `comments`) VALUES
(19, 1, '20212821', '2021-07-07 07:22:09', NULL, NULL, 'سابي وجهين مطلي'),
(20, 1, '2021246', '2021-08-08 11:56:41', 'Belgium', 'sappi', 'بيان سابي 8-8-2021'),
(22, 1, '20217008', '2021-08-19 10:32:43', NULL, NULL, 'بيان لبناني'),
(24, 1, '2021266', '2021-08-21 09:58:35', NULL, NULL, 'بيان برشلوني'),
(25, 1, '2021584', '2021-08-28 13:22:45', NULL, NULL, 'C2S BOARD'),
(26, 1, '2018199', '2021-09-27 10:15:28', NULL, NULL, NULL),
(27, 1, '3232563232332', '2023-01-26 15:30:34', NULL, NULL, NULL),
(28, 1, '34211231231235456465', '2023-01-26 15:52:53', NULL, NULL, NULL),
(29, 1, '121235324', '2023-01-26 15:58:04', NULL, NULL, NULL);

-- --------------------------------------------------------

--
-- Table structure for table `customs_declarations_images`
--

DROP TABLE IF EXISTS `customs_declarations_images`;
CREATE TABLE `customs_declarations_images` (
  `iD` int(11) NOT NULL,
  `CustomsDeclarationID` int(11) NOT NULL,
  `image` text NOT NULL,
  `comments` text DEFAULT NULL
) ENGINE=InnoDB DEFAULT CHARSET=utf8 COLLATE=utf8_general_ci;

--
-- Dumping data for table `customs_declarations_images`
--

INSERT  INTO `customs_declarations_images` (`iD`, `CustomsDeclarationID`, `image`, `comments`) VALUES
(16, 19, 'saffoury.com/SaffouryPaper2/Images/4d2e38c11806ac4de1dd41f73b908da4.jpg', NULL),
(17, 19, 'saffoury.com/SaffouryPaper2/Images/55577ed250176feb307b78b56a3191d1.jpg', NULL),
(18, 20, '/home/saffoury/public_html/SaffouryPaper2/Images/6b78f95cb78673c2e40ce43a1154e45b.jpg', NULL),
(19, 20, '/home/saffoury/public_html/SaffouryPaper2/Images/14074c77be456445820cc3107301ceb8.jpg', NULL),
(20, 20, '/home/saffoury/public_html/SaffouryPaper2/Images/40e090d6a382555bfa221db462764e16.jpg', NULL),
(22, 22, '/home1/saffoury/public_html/SaffouryPaper2/Images/1b902222e2326dea64ea569b777ceda3.jpg', NULL),
(23, 22, '/home1/saffoury/public_html/SaffouryPaper2/Images/4fead9e745140f5b408529b9547f6b54.jpg', NULL),
(24, 24, 'saffoury.com/SaffouryPaper2/Images/a3a1dddf0272852aea933570b9444d7e.jpg', NULL),
(25, 24, 'saffoury.com/SaffouryPaper2/Images/c25b8da5fdf2fd34299ff8ab37aaf890.jpg', NULL),
(26, 25, 'saffoury.com/SaffouryPaper2/Images/b8a72315ad592e0d41e8b6dda4677cea.jpg', NULL),
(27, 25, '/home1/saffoury/public_html/SaffouryPaper2/Images/838d6835aabce6c0d7570620c9a793c9.jpg', NULL),
(28, 26, '/home1/saffoury/public_html/SaffouryPaper2/Images/b3e2507d087abc6bebb3328b0a624ba0.jpg', NULL),
(29, 26, '/home1/saffoury/public_html/SaffouryPaper2/Images/df90c30e59d875c3609c2203d5c3398b.jpg', NULL),
(30, 26, '/home1/saffoury/public_html/SaffouryPaper2/Images/f783342ebfda9a6e20c52566fd2695f8.jpg', NULL);

-- --------------------------------------------------------

--
-- Table structure for table `cut_requests`
--

DROP TABLE IF EXISTS `cut_requests`;
CREATE TABLE `cut_requests` (
  `iD` int(11) NOT NULL,
  `ProductID` int(11) NOT NULL,
  `EmployeeID` int(11) DEFAULT NULL,
  `CustomerID` int(11) DEFAULT NULL,
  `date` datetime NOT NULL DEFAULT current_timestamp(),
  `comments` text DEFAULT NULL,
  `cut_status` enum('PENDING','PROCESSING','COMPLETED','') NOT NULL DEFAULT 'PENDING',
  `quantity` double NOT NULL
) ENGINE=InnoDB DEFAULT CHARSET=utf8 COLLATE=utf8_general_ci;

--
-- Dumping data for table `cut_requests`
--

INSERT  INTO `cut_requests` (`iD`, `ProductID`, `EmployeeID`, `CustomerID`, `date`, `comments`, `cut_status`, `quantity`) VALUES
(3, 1414, 1, NULL, '2021-08-31 01:16:41', NULL, 'COMPLETED', 512),
(8, 1506, 1, 941, '2021-09-14 10:12:18', NULL, 'COMPLETED', 452),
(9, 1529, 1, 978, '2021-09-14 10:19:31', NULL, 'COMPLETED', 370),
(10, 1517, 1, 978, '2021-09-14 10:22:58', NULL, 'COMPLETED', 543),
(11, 1516, 1, 941, '2021-09-14 12:43:48', NULL, 'COMPLETED', 2393),
(12, 1507, 4, 966, '2021-09-14 13:14:07', NULL, 'COMPLETED', 395),
(13, 1513, 1, 966, '2021-09-18 09:18:19', NULL, 'COMPLETED', 947),
(14, 1683, 1, 954, '2021-09-21 09:32:13', NULL, 'COMPLETED', 2206),
(15, 1687, 1, 1004, '2021-09-21 14:03:02', NULL, 'COMPLETED', 2623),
(16, 1682, 1, 943, '2021-09-23 13:43:49', NULL, 'COMPLETED', 669),
(17, 1684, 1, 977, '2021-09-25 14:30:39', NULL, 'COMPLETED', 1588),
(18, 1530, 1, 949, '2021-09-26 16:53:13', NULL, 'COMPLETED', 372),
(19, 1505, 1, 1008, '2021-09-27 12:45:57', NULL, 'COMPLETED', 336),
(20, 1503, 1, 1008, '2021-09-27 12:48:49', NULL, 'COMPLETED', 287),
(21, 1679, 1, 1009, '2021-09-28 09:24:35', NULL, 'COMPLETED', 1213),
(22, 1680, 1, 1009, '2021-09-28 09:27:18', NULL, 'COMPLETED', 1737),
(23, 1683, 1, 954, '2021-09-28 15:11:10', NULL, 'COMPLETED', 592),
(24, 1681, 1, 954, '2021-09-28 15:11:42', NULL, 'COMPLETED', 1667),
(25, 1504, 1, 977, '2021-09-30 10:47:54', NULL, 'COMPLETED', 654),
(26, 1683, 1, 1013, '2021-09-30 14:56:45', NULL, 'COMPLETED', 2169),
(27, 1514, 1, 968, '2021-10-02 10:24:32', NULL, 'COMPLETED', 1556),
(28, 1681, 1, 942, '2021-10-02 13:05:00', NULL, 'COMPLETED', 4749),
(29, 1681, 1, 978, '2021-10-03 08:13:33', NULL, 'COMPLETED', 2234),
(30, 1540, 1, 962, '2021-10-03 10:07:54', NULL, 'COMPLETED', 301),
(32, 1681, 1, 954, '2021-10-03 18:50:34', NULL, 'COMPLETED', 1600),
(33, 1683, 1, 954, '2021-10-03 18:51:16', NULL, 'COMPLETED', 1500),
(34, 1681, 1, 934, '2021-10-04 14:30:21', NULL, 'COMPLETED', 855),
(35, 1682, 1, 1017, '2021-10-06 13:56:04', NULL, 'COMPLETED', 2491),
(36, 1684, 1, 1017, '2021-10-06 14:41:42', NULL, 'COMPLETED', 1358),
(38, 1684, 1, 941, '2021-10-14 12:50:03', 'رول واحد', 'COMPLETED', 753),
(41, 1684, 4, 980, '2021-10-18 13:55:45', NULL, 'COMPLETED', 2907),
(42, 1682, 4, 980, '2021-10-18 14:52:52', NULL, 'COMPLETED', 1816),
(43, 1512, 1, 960, '2021-10-20 13:58:45', NULL, 'COMPLETED', 555),
(44, 1825, 1, 1028, '2021-10-23 10:29:33', 'عدد 2 رول بكميه 1 طن', 'COMPLETED', 971),
(45, 1825, 1, 977, '2021-10-24 23:12:29', 'حوالي 20 الف طبق', 'COMPLETED', 3027),
(46, 1828, 1, 977, '2021-10-24 23:14:49', '2 رول حوالي  1 طن', 'COMPLETED', 1117),
(47, 1828, 1, 977, '2021-10-24 23:15:48', '2 رول حوالي 1 طن', 'COMPLETED', 1118),
(48, 1830, 1, 977, '2021-10-24 01:57:19', 'حوالي 10 الاف طبق', 'COMPLETED', 3246),
(49, 1824, 1, 942, '2021-10-24 15:58:19', 'التحميل من المعمل', 'COMPLETED', 2801),
(50, 1827, 10, 932, '2021-10-24 23:28:24', NULL, 'COMPLETED', 7631),
(52, 1825, 10, 980, '2021-10-24 23:33:22', NULL, 'COMPLETED', 2097),
(53, 1684, 10, 980, '2021-10-24 23:35:33', NULL, 'COMPLETED', 2365),
(54, 1830, 1, 1029, '2021-10-25 13:36:18', 'رول واحد فقط', 'COMPLETED', 785),
(55, 1827, 10, 978, '2021-10-26 07:48:55', NULL, 'COMPLETED', 872),
(57, 1510, 1, 966, '2021-10-26 15:27:23', NULL, 'PENDING', 1500),
(59, 1687, 1, 1004, '2021-10-27 12:12:55', NULL, 'COMPLETED', 1693),
(60, 1825, 1, 1030, '2021-10-27 12:15:55', NULL, 'COMPLETED', 509),
(62, 1819, 1, 1032, '2021-10-28 10:44:18', 'بكميه 5 طن تقريبا', 'COMPLETED', 4717),
(63, 1828, 1, 1032, '2021-10-28 10:46:56', 'كامل رصيد الكمية', 'COMPLETED', 7068),
(64, 1830, 1, 1032, '2021-10-28 10:47:34', 'كامل رصيد الكمية', 'COMPLETED', 2552),
(65, 1824, 4, 978, '2021-10-30 10:46:02', '1 رول', 'COMPLETED', 7326),
(66, 1825, 1, 1028, '2021-10-30 11:30:18', 'عدد 1 رول', 'COMPLETED', 518),
(67, 1825, 1, 1034, '2021-10-30 11:37:04', 'اصغر رول عدد واحد', 'COMPLETED', 528),
(69, 1824, 1, 941, '2021-10-30 12:47:01', 'عدد 1 رول', 'COMPLETED', 725),
(70, 1824, 1, 942, '2021-10-31 09:46:50', 'عدد 2 رول', 'COMPLETED', 3670),
(72, 1683, 4, 1034, '2021-11-02 14:32:29', NULL, 'COMPLETED', 625),
(73, 1824, 4, 978, '2021-11-04 14:14:31', '٢ رول', 'COMPLETED', 5760),
(74, 1819, 4, 932, '2021-11-07 10:49:58', NULL, 'COMPLETED', 2450),
(76, 1502, 1, 960, '2021-11-16 21:08:11', NULL, 'COMPLETED', 721),
(77, 1824, 1, 932, '2021-11-17 13:55:35', NULL, 'COMPLETED', 2571),
(79, 1826, 1, 1036, '2021-11-18 11:58:41', NULL, 'COMPLETED', 617),
(80, 1826, 1, NULL, '2021-11-23 11:36:53', NULL, 'COMPLETED', 725),
(81, 1539, 4, 959, '2021-12-08 11:10:24', NULL, 'COMPLETED', 236),
(82, 1542, 4, 959, '2021-12-08 11:11:19', NULL, 'COMPLETED', 300),
(83, 1826, 4, 1039, '2021-12-20 14:57:08', NULL, 'COMPLETED', 504),
(84, 1826, 4, 941, '2021-12-20 14:58:36', NULL, 'COMPLETED', 612),
(85, 1826, 4, 1042, '2021-12-20 14:59:38', NULL, 'COMPLETED', 2560),
(86, 1536, 4, 960, '2021-12-21 12:16:38', NULL, 'COMPLETED', 269),
(88, 1912, 4, 1011, '2021-12-21 13:47:31', NULL, 'COMPLETED', 3526),
(89, 1919, 4, 1011, '2021-12-21 13:49:24', NULL, 'COMPLETED', 2212),
(90, 1918, 4, 1011, '2021-12-21 13:50:36', NULL, 'COMPLETED', 809),
(91, 1927, 4, 1007, '2021-12-21 14:01:30', NULL, 'COMPLETED', 2947),
(92, 1922, 4, 1007, '2021-12-21 14:05:41', NULL, 'COMPLETED', 2910),
(93, 1926, 4, 1007, '2021-12-21 14:06:47', NULL, 'COMPLETED', 3104),
(94, 1924, 4, 1007, '2021-12-21 14:11:04', NULL, 'COMPLETED', 554),
(95, 1919, 4, 1047, '2021-12-21 15:10:22', NULL, 'COMPLETED', 721),
(96, 1918, 4, 1047, '2021-12-21 15:12:15', NULL, 'COMPLETED', 826),
(97, 1918, 4, 1047, '2021-12-21 15:15:53', NULL, 'COMPLETED', 1888),
(98, 1918, 4, 1047, '2021-12-21 15:17:12', NULL, 'COMPLETED', 594),
(99, 1916, 4, 1047, '2021-12-21 15:20:30', NULL, 'COMPLETED', 629),
(100, 1909, 4, 1008, '2021-12-22 13:50:41', NULL, 'COMPLETED', 510),
(101, 1913, 4, 1008, '2021-12-22 13:51:46', 'رول واحد', 'COMPLETED', 801),
(102, 1918, 4, 1016, '2021-12-22 15:21:25', NULL, 'COMPLETED', 802),
(103, 1915, 4, 1036, '2021-12-23 12:19:35', NULL, 'COMPLETED', 1495),
(104, 1919, 10, 936, '2021-12-23 13:51:19', 'رصيد الكمية', 'COMPLETED', 2077),
(106, 1909, 10, 936, '2021-12-23 15:21:34', NULL, 'COMPLETED', 1933),
(107, 1924, 4, 1011, '2021-12-23 15:34:52', NULL, 'COMPLETED', 572),
(108, 1916, 4, 1040, '2021-12-25 11:55:51', NULL, 'COMPLETED', 606),
(109, 1920, 4, 1011, '2021-12-25 13:02:24', NULL, 'COMPLETED', 1911),
(110, 1921, 4, 1011, '2021-12-25 13:16:01', NULL, 'COMPLETED', 1611),
(111, 1920, 4, 1011, '2021-12-25 13:32:43', NULL, 'COMPLETED', 943),
(112, 1910, 4, 1062, '2021-12-25 14:36:48', NULL, 'COMPLETED', 560),
(114, 1910, 4, 941, '2021-12-25 14:48:00', NULL, 'COMPLETED', 1697),
(116, 1920, 4, 994, '2021-12-25 15:32:17', NULL, 'COMPLETED', 949),
(117, 1532, 4, 1016, '2021-12-26 10:45:29', NULL, 'COMPLETED', 426),
(119, 1912, 4, 1069, '2021-12-26 15:36:53', NULL, 'COMPLETED', 2926),
(120, 1924, 4, 1007, '2021-12-26 15:45:12', NULL, 'COMPLETED', 536),
(121, 1915, 4, 936, '2021-12-27 13:58:35', NULL, 'COMPLETED', 1398),
(122, 1913, 4, 1072, '2021-12-27 14:53:48', NULL, 'COMPLETED', 6326),
(123, 1915, 4, 1008, '2021-12-27 15:09:07', NULL, 'COMPLETED', 504),
(124, 1920, 4, 1011, '2021-12-28 09:10:12', NULL, 'COMPLETED', 981),
(125, 1923, 4, 1062, '2021-12-29 11:59:45', NULL, 'COMPLETED', 1081),
(128, 1920, 4, 994, '2021-12-30 12:02:41', NULL, 'COMPLETED', 1043),
(129, 1916, 4, 994, '2021-12-30 12:03:40', NULL, 'COMPLETED', 540),
(130, 1916, 4, 930, '2021-12-30 12:08:20', NULL, 'COMPLETED', 647),
(132, 1924, 4, 1007, '2021-12-30 12:53:09', NULL, 'PENDING', 1125),
(133, 1921, 4, 1007, '2021-12-30 12:54:24', NULL, 'COMPLETED', 1712),
(134, 1916, 4, 1069, '2021-12-30 12:58:17', NULL, 'COMPLETED', 612),
(135, 1915, 4, 1069, '2021-12-30 13:16:35', NULL, 'COMPLETED', 1489),
(136, 1923, 4, 983, '2022-01-01 10:50:27', NULL, 'COMPLETED', 1651),
(138, 1825, 4, 1030, '2022-01-02 11:25:22', NULL, 'COMPLETED', 519),
(139, 1911, 4, 946, '2022-01-02 13:43:36', NULL, 'COMPLETED', 743),
(140, 1920, 4, 1040, '2022-01-03 08:37:12', NULL, 'COMPLETED', 976),
(141, 1920, 4, 994, '2022-01-03 13:07:01', NULL, 'COMPLETED', 927),
(142, 1920, 4, 994, '2022-01-03 13:08:35', NULL, 'COMPLETED', 913),
(143, 1542, 4, 941, '2022-01-03 15:23:51', NULL, 'COMPLETED', 285),
(144, 1824, 4, 962, '2022-01-04 12:43:42', NULL, 'COMPLETED', 1927),
(145, 1511, 4, 960, '2022-01-05 11:12:30', NULL, 'COMPLETED', 718),
(146, 1917, 4, 981, '2022-01-05 14:17:54', NULL, 'COMPLETED', 1341),
(147, 1917, 4, 1072, '2022-01-06 10:50:13', NULL, 'COMPLETED', 4112),
(148, 1925, 4, 1077, '2022-01-06 10:56:43', NULL, 'COMPLETED', 806),
(149, 1926, 4, 1051, '2022-01-06 12:40:41', NULL, 'COMPLETED', 511),
(150, 1911, 4, 1051, '2022-01-06 12:42:00', NULL, 'COMPLETED', 560),
(151, 1914, 4, 1072, '2022-01-09 14:03:20', NULL, 'COMPLETED', 2734),
(152, 1911, 4, 930, '2022-01-10 11:27:55', NULL, 'COMPLETED', 730),
(153, 1911, 4, 994, '2022-01-10 11:40:53', NULL, 'COMPLETED', 622),
(154, 1911, 4, 994, '2022-01-10 11:41:30', NULL, 'COMPLETED', 732),
(155, 1925, 4, 1078, '2022-01-10 13:42:55', NULL, 'COMPLETED', 782),
(156, 1925, 4, 1078, '2022-01-10 13:44:18', NULL, 'COMPLETED', 1507),
(157, 1925, 4, 1078, '2022-01-10 13:44:57', NULL, 'COMPLETED', 807),
(158, 1825, 4, 1033, '2022-01-10 14:49:05', NULL, 'COMPLETED', 1045),
(159, 1914, 4, 994, '2022-01-10 15:41:18', NULL, 'COMPLETED', 844),
(160, 1542, 4, 959, '2022-01-11 11:08:21', NULL, 'COMPLETED', 588),
(161, 1914, 4, 989, '2022-01-11 12:09:19', NULL, 'COMPLETED', 4593),
(162, 1916, 4, 930, '2022-01-18 14:05:41', NULL, 'COMPLETED', 640),
(163, 1925, 4, 1087, '2022-01-19 13:55:12', NULL, 'COMPLETED', 1598),
(164, 1924, 4, 1087, '2022-01-19 13:56:05', NULL, 'COMPLETED', 1672),
(165, 1921, 4, 1087, '2022-01-19 13:56:53', NULL, 'COMPLETED', 2466),
(166, 1922, 4, 958, '2022-01-23 11:08:30', NULL, 'COMPLETED', 1943),
(167, 1924, 4, 1087, '2022-01-24 14:19:00', NULL, 'COMPLETED', 568),
(168, 2065, 4, 1044, '2022-01-24 15:11:05', NULL, 'COMPLETED', 1963),
(169, 2065, 4, 932, '2022-01-29 11:47:00', NULL, 'COMPLETED', 3926),
(170, 1921, 4, 1072, '2022-02-03 13:08:01', NULL, 'COMPLETED', 781),
(172, 2085, 4, 932, '2022-02-08 13:32:20', NULL, 'COMPLETED', 1018),
(173, 2084, 4, 968, '2022-02-08 13:33:37', NULL, 'COMPLETED', 1070),
(175, 2085, 4, 992, '2022-02-12 08:32:52', NULL, 'COMPLETED', 1016),
(176, 2084, 4, 977, '2022-02-13 12:00:40', NULL, 'COMPLETED', 1086),
(177, 2084, 4, 977, '2022-02-20 13:33:12', NULL, 'COMPLETED', 2116),
(180, 2121, 4, 941, '2022-03-01 09:59:37', '١٠ رول', 'COMPLETED', 13567),
(181, 2119, 4, 941, '2022-03-01 10:22:02', NULL, 'COMPLETED', 2634),
(182, 2120, 4, 932, '2022-03-01 10:35:20', '٢ رول', 'COMPLETED', 2647),
(183, 2119, 4, 937, '2022-03-01 10:39:24', NULL, 'COMPLETED', 2849),
(184, 2122, 4, 1001, '2022-03-02 08:31:46', NULL, 'COMPLETED', 1259),
(185, 2121, 4, 937, '2022-03-02 08:33:25', '٢ رول', 'COMPLETED', 2849),
(186, 2122, 4, 994, '2022-03-02 08:38:25', NULL, 'COMPLETED', 1317),
(187, 2119, 4, 1028, '2022-03-05 08:39:05', NULL, 'COMPLETED', 1454),
(188, 2122, 4, 943, '2022-03-12 09:01:29', '٣ رول', 'COMPLETED', 3675),
(189, 2123, 4, 943, '2022-03-12 09:08:13', '٢ رول', 'COMPLETED', 2541),
(190, 2121, 4, 941, '2022-03-12 12:43:47', NULL, 'COMPLETED', 10864),
(191, 2121, 4, 932, '2022-03-12 13:08:44', NULL, 'COMPLETED', 1355),
(192, 2122, 4, 939, '2022-03-14 09:03:41', NULL, 'COMPLETED', 1344),
(193, 2085, 4, 930, '2022-03-15 09:55:30', NULL, 'COMPLETED', 1016),
(194, 2122, 4, 994, '2022-03-21 12:11:57', NULL, 'COMPLETED', 1307),
(195, 2121, 4, 932, '2022-03-23 12:25:36', NULL, 'COMPLETED', 2737),
(196, 2085, 4, 930, '2022-03-24 13:28:24', NULL, 'COMPLETED', 1016),
(197, 2257, 4, 957, '2022-03-26 13:37:48', NULL, 'COMPLETED', 1450),
(198, 2120, 4, 966, '2022-03-26 13:44:32', NULL, 'COMPLETED', 2578),
(199, 2269, 4, 1087, '2022-03-26 14:01:10', NULL, 'COMPLETED', 1450),
(200, 2263, 4, 1087, '2022-03-26 14:03:08', NULL, 'COMPLETED', 1450),
(201, 2267, 4, 1087, '2022-03-26 14:07:46', NULL, 'COMPLETED', 1477),
(202, 2243, 4, 1104, '2022-03-26 14:15:41', 'وزن رول ١٧١٥', 'COMPLETED', 1658),
(203, 2264, 4, 1087, '2022-03-27 09:20:08', NULL, 'COMPLETED', 1450),
(204, 2246, 4, 957, '2022-03-27 09:29:55', NULL, 'COMPLETED', 1086),
(205, 2249, 4, 957, '2022-03-27 09:30:36', NULL, 'COMPLETED', 1000),
(206, 2251, 4, 957, '2022-03-27 09:31:45', NULL, 'COMPLETED', 1333),
(207, 2278, 4, 957, '2022-03-27 09:33:08', NULL, 'COMPLETED', 1510),
(208, 2250, 4, 957, '2022-03-27 09:33:44', NULL, 'COMPLETED', 765),
(209, 2224, 4, 957, '2022-03-27 09:34:30', NULL, 'COMPLETED', 414),
(210, 2252, 4, 957, '2022-03-27 09:35:02', NULL, 'COMPLETED', 1265),
(213, 2228, 4, 1001, '2022-03-28 08:58:12', NULL, 'COMPLETED', 1630),
(214, 2085, 4, 966, '2022-03-29 08:41:47', NULL, 'COMPLETED', 1062),
(215, 2229, 4, 1078, '2022-03-29 08:49:44', NULL, 'COMPLETED', 1607),
(216, 2216, 4, 941, '2022-03-30 08:40:25', NULL, 'COMPLETED', 432),
(217, 2232, 4, 941, '2022-03-30 08:40:59', NULL, 'COMPLETED', 1495),
(218, 2223, 4, 957, '2022-04-02 08:43:09', NULL, 'COMPLETED', 583),
(220, 2260, 4, 957, '2022-04-02 12:17:00', NULL, 'COMPLETED', 1445),
(221, 2270, 4, 957, '2022-04-02 12:47:22', NULL, 'COMPLETED', 1453),
(222, 2255, 4, 957, '2022-04-05 13:47:15', NULL, 'COMPLETED', 1440),
(224, 2256, 4, 957, '2022-04-07 12:47:05', NULL, 'COMPLETED', 1445),
(225, 2233, 4, 957, '2022-04-09 11:38:12', NULL, 'COMPLETED', 1),
(226, 2253, 4, 957, '2022-04-09 11:39:02', NULL, 'COMPLETED', 1),
(227, 2242, 4, 977, '2022-04-10 11:14:10', NULL, 'COMPLETED', 1535),
(228, 1911, 4, 994, '2022-04-12 09:21:55', NULL, 'COMPLETED', 665),
(229, 1913, 4, 932, '2022-04-12 09:22:29', NULL, 'COMPLETED', 834),
(230, 1913, 4, 1036, '2022-04-12 09:23:58', NULL, 'COMPLETED', 785),
(231, 2248, 4, 957, '2022-04-12 10:27:47', NULL, 'COMPLETED', 1782),
(232, 1912, 4, 1101, '2022-04-13 10:45:23', NULL, 'COMPLETED', 690),
(233, 2388, 4, 974, '2022-04-16 09:33:17', NULL, 'COMPLETED', 810),
(234, 2272, 4, 1107, '2022-04-16 09:46:03', NULL, 'COMPLETED', 2290),
(235, 1911, 4, 966, '2022-04-17 12:09:05', NULL, 'COMPLETED', 2463),
(236, 2261, 4, 957, '2022-04-17 14:08:53', NULL, 'COMPLETED', 1448),
(237, 2262, 4, 957, '2022-04-17 14:09:26', NULL, 'COMPLETED', 1450),
(238, 2265, 4, 957, '2022-04-24 11:56:25', NULL, 'COMPLETED', 1452),
(239, 2266, 4, 957, '2022-04-24 11:57:15', NULL, 'COMPLETED', 1460),
(241, 2271, 4, 957, '2022-04-24 14:28:12', NULL, 'COMPLETED', 1452),
(242, 2241, 4, 957, '2022-04-27 10:37:07', NULL, 'COMPLETED', 2029),
(243, 2364, 4, 974, '2022-04-27 10:48:23', NULL, 'COMPLETED', 807),
(244, 2230, 4, 1001, '2022-05-09 08:13:05', NULL, 'COMPLETED', 1627),
(245, 2240, 4, 977, '2022-05-10 08:21:21', NULL, 'COMPLETED', 1205),
(246, 1913, 4, 994, '2022-05-10 08:35:30', NULL, 'COMPLETED', 923),
(247, 1911, 4, 994, '2022-05-10 08:36:44', NULL, 'COMPLETED', 634),
(248, 1911, 4, 994, '2022-05-10 11:04:45', NULL, 'COMPLETED', 659),
(249, 2357, 4, 931, '2022-05-11 14:08:30', NULL, 'COMPLETED', 1084),
(250, 1910, 4, 1109, '2022-05-14 10:51:23', NULL, 'COMPLETED', 2665),
(251, 1910, 4, 932, '2022-05-14 10:52:07', NULL, 'COMPLETED', 547),
(252, 1910, 4, 1109, '2022-05-14 10:53:06', NULL, 'COMPLETED', 1721),
(253, 1910, 4, 1109, '2022-05-14 10:53:34', NULL, 'COMPLETED', 517),
(254, 1910, 4, 930, '2022-05-14 10:54:37', NULL, 'COMPLETED', 610),
(255, 2376, 4, 960, '2022-05-14 12:50:10', NULL, 'COMPLETED', 2126),
(256, 1910, 4, 960, '2022-05-15 09:48:18', NULL, 'COMPLETED', 547),
(257, 2391, 4, 1035, '2022-05-15 10:20:37', NULL, 'COMPLETED', 1304),
(258, 1913, 4, 977, '2022-05-17 10:08:53', NULL, 'COMPLETED', 3721),
(259, 1910, 4, 930, '2022-05-17 12:53:07', NULL, 'COMPLETED', 538),
(260, 2259, 4, 957, '2022-05-21 11:36:52', NULL, 'COMPLETED', 834),
(261, 2273, 4, 957, '2022-05-21 11:37:20', NULL, 'COMPLETED', 1520),
(262, 2387, 4, 966, '2022-05-26 09:14:55', NULL, 'COMPLETED', 2117),
(263, 2384, 4, 966, '2022-05-26 09:15:30', NULL, 'COMPLETED', 1522),
(264, 2380, 4, 966, '2022-05-26 09:15:58', NULL, 'COMPLETED', 2334),
(265, 2352, 4, 966, '2022-05-26 09:16:27', NULL, 'COMPLETED', 2626),
(266, 2191, 4, 966, '2022-05-30 14:31:52', NULL, 'COMPLETED', 1664),
(267, 2234, 4, 980, '2022-05-31 14:37:00', NULL, 'COMPLETED', 643),
(268, 2213, 4, 980, '2022-05-31 14:38:14', NULL, 'COMPLETED', 1005),
(269, 2215, 4, 980, '2022-05-31 14:38:40', NULL, 'COMPLETED', 1517),
(270, 2214, 4, 980, '2022-06-04 10:39:08', NULL, 'COMPLETED', 1176),
(271, 2208, 4, 980, '2022-06-04 10:39:54', NULL, 'COMPLETED', 459),
(272, 2368, 4, 943, '2022-06-04 10:40:30', NULL, 'COMPLETED', 2594),
(273, 2209, 4, 989, '2022-06-04 12:30:48', NULL, 'COMPLETED', 780),
(274, 2219, 4, 989, '2022-06-04 12:34:27', NULL, 'COMPLETED', 913),
(275, 2221, 4, 989, '2022-06-04 12:35:01', NULL, 'COMPLETED', 684),
(276, 1911, 4, 994, '2022-06-04 13:07:22', NULL, 'COMPLETED', 1236),
(277, 1913, 4, 1109, '2022-06-04 15:26:25', NULL, 'COMPLETED', 793),
(278, 2254, 4, 980, '2022-06-05 10:51:20', NULL, 'COMPLETED', 1451),
(279, 1911, 4, 994, '2022-06-08 10:40:40', NULL, 'COMPLETED', 611),
(280, 1911, 4, 994, '2022-06-08 10:41:28', NULL, 'COMPLETED', 613),
(281, 1912, 4, 1036, '2022-06-08 10:41:59', NULL, 'COMPLETED', 703),
(282, 1912, 4, 1127, '2022-06-14 13:07:41', NULL, 'COMPLETED', 1444),
(283, 1913, 4, 1001, '2022-06-14 13:09:24', NULL, 'COMPLETED', 754),
(284, 2371, 4, 969, '2022-06-14 13:17:09', NULL, 'COMPLETED', 1773),
(285, 2207, 4, 974, '2022-06-16 08:49:11', NULL, 'COMPLETED', 800),
(286, 1913, 4, 980, '2022-06-16 14:59:51', NULL, 'COMPLETED', 3111),
(287, 1911, 4, 980, '2022-06-16 15:00:45', NULL, 'COMPLETED', 1211),
(288, 1912, 4, 980, '2022-06-16 15:01:56', NULL, 'COMPLETED', 1352),
(289, 1912, 4, 1036, '2022-06-16 15:15:46', NULL, 'COMPLETED', 2164),
(290, 1910, 4, 980, '2022-06-18 15:16:40', NULL, 'COMPLETED', 1144),
(292, 2205, 4, 974, '2022-06-19 09:42:27', NULL, 'COMPLETED', 860),
(293, 2222, 4, 974, '2022-06-19 09:46:31', NULL, 'COMPLETED', 412),
(294, 1912, 4, 1041, '2022-06-19 14:31:30', NULL, 'COMPLETED', 712),
(295, 2217, 4, 974, '2022-06-20 13:48:14', NULL, 'COMPLETED', 585),
(296, 1912, 4, 1128, '2022-06-22 11:24:41', NULL, 'COMPLETED', 708),
(297, 1912, 4, 934, '2022-06-22 11:25:58', NULL, 'COMPLETED', 737),
(298, 1911, 4, 934, '2022-06-22 11:26:36', NULL, 'COMPLETED', 1287),
(299, 2350, 4, 969, '2022-06-27 09:31:25', NULL, 'COMPLETED', 1422),
(300, 2204, 4, 974, '2022-06-28 13:26:20', NULL, 'COMPLETED', 2010),
(301, 2378, 4, 1133, '2022-07-03 08:51:29', NULL, 'COMPLETED', 2002),
(302, 2520, 4, 1136, '2022-07-03 13:55:31', NULL, 'COMPLETED', 2090),
(303, 2520, 4, 932, '2022-07-07 09:02:49', NULL, 'COMPLETED', 2090),
(304, 1912, 4, 1128, '2022-07-17 09:03:14', NULL, 'COMPLETED', 2826),
(305, 2355, 4, 1035, '2022-07-18 14:36:42', NULL, 'COMPLETED', 2346),
(306, 2076, 4, 1035, '2022-07-18 14:38:11', NULL, 'COMPLETED', 2816),
(307, 2181, 4, 1046, '2022-07-20 15:33:37', NULL, 'COMPLETED', 994),
(308, 1912, 4, 981, '2022-07-23 14:55:20', NULL, 'COMPLETED', 686),
(309, 2520, 4, 932, '2022-07-30 10:13:39', NULL, 'COMPLETED', 2070),
(310, 1912, 4, 1128, '2022-08-01 14:20:05', NULL, 'COMPLETED', 2912),
(311, 2520, 4, 932, '2022-08-04 09:55:31', NULL, 'COMPLETED', 2070),
(312, 2373, 4, 1133, '2022-08-04 09:57:11', NULL, 'COMPLETED', 1469),
(313, 2377, 4, 972, '2022-08-06 14:38:28', NULL, 'COMPLETED', 2551),
(314, 2393, 4, 932, '2022-08-11 11:47:07', NULL, 'COMPLETED', 2246),
(315, 2386, 4, 932, '2022-08-13 15:04:24', NULL, 'COMPLETED', 2555),
(316, 2365, 4, 1140, '2022-08-20 12:54:18', NULL, 'COMPLETED', 3194),
(317, 2372, 4, 1133, '2022-08-25 09:33:01', NULL, 'COMPLETED', 1998),
(318, 2520, 4, 932, '2022-09-03 14:08:05', NULL, 'COMPLETED', 2090),
(319, 1911, 4, 994, '2022-09-04 12:56:35', NULL, 'COMPLETED', 626),
(320, 1913, 4, 994, '2022-09-04 12:58:03', NULL, 'COMPLETED', 876),
(321, 2723, 4, 931, '2022-09-05 08:43:41', NULL, 'COMPLETED', 2211),
(322, 2582, 4, 1127, '2022-09-06 10:44:28', NULL, 'COMPLETED', 643),
(323, 2604, 4, 1127, '2022-09-06 10:46:08', NULL, 'COMPLETED', 668),
(324, 2566, 4, 1127, '2022-09-06 10:46:47', NULL, 'COMPLETED', 636),
(325, 2575, 4, 1127, '2022-09-06 10:47:16', NULL, 'COMPLETED', 650),
(326, 2519, 4, 1104, '2022-09-10 12:06:26', NULL, 'COMPLETED', 2070),
(327, 2733, 4, 1036, '2022-09-10 15:04:04', NULL, 'COMPLETED', 1360),
(328, 2714, 4, 984, '2022-09-11 12:12:22', NULL, 'COMPLETED', 1039),
(329, 1913, 4, 1036, '2022-09-11 12:21:36', NULL, 'COMPLETED', 2415),
(330, 1913, 4, 932, '2022-09-11 12:23:15', NULL, 'COMPLETED', 2980),
(331, 2173, 4, 1143, '2022-09-15 12:47:23', NULL, 'COMPLETED', 1173),
(332, 1910, 4, 1109, '2022-09-15 12:49:01', NULL, 'COMPLETED', 1037),
(333, 1910, 4, 1109, '2022-09-15 12:50:16', NULL, 'COMPLETED', 530),
(334, 2720, 4, 932, '2022-09-18 13:48:51', NULL, 'COMPLETED', 2217),
(335, 2710, 4, 932, '2022-09-22 09:05:02', NULL, 'COMPLETED', 890),
(337, 2688, 4, 1131, '2022-09-22 10:48:52', NULL, 'COMPLETED', 925),
(338, 2174, 4, 1143, '2022-09-24 12:56:30', NULL, 'COMPLETED', 1173),
(339, 2200, 4, 1143, '2022-09-24 12:57:24', NULL, 'COMPLETED', 1205),
(340, 2201, 4, 1143, '2022-09-24 12:57:46', NULL, 'COMPLETED', 1209),
(341, 2202, 4, 1143, '2022-09-24 12:58:39', NULL, 'COMPLETED', 1725),
(342, 2187, 4, 1143, '2022-09-24 12:59:21', NULL, 'COMPLETED', 775),
(343, 2196, 4, 1143, '2022-09-24 12:59:51', NULL, 'COMPLETED', 951),
(344, 2601, 4, 994, '2022-09-26 12:22:58', NULL, 'COMPLETED', 643),
(345, 1910, 4, 1109, '2022-09-29 11:55:46', NULL, 'COMPLETED', 1597),
(346, 1911, 4, 1109, '2022-10-05 10:20:40', NULL, 'COMPLETED', 1896),
(347, 2390, 4, 931, '2022-10-08 11:18:44', NULL, 'COMPLETED', 2987),
(348, 2358, 4, 978, '2022-10-10 15:40:36', NULL, 'COMPLETED', 2677),
(349, 2236, 4, 1017, '2022-10-11 13:08:53', NULL, 'COMPLETED', 1500),
(350, 1910, 4, 994, '2022-10-16 13:24:51', NULL, 'COMPLETED', 600),
(351, 2600, 4, 932, '2022-10-25 12:52:01', NULL, 'COMPLETED', 649),
(352, 2382, 4, 977, '2022-10-25 12:53:08', NULL, 'COMPLETED', 1420),
(353, 2699, 4, 1072, '2022-11-03 13:25:09', NULL, 'COMPLETED', 640),
(354, 2363, 4, 960, '2022-10-31 13:38:12', NULL, 'COMPLETED', 1421),
(355, 2206, 4, 1147, '2022-11-05 14:18:26', NULL, 'COMPLETED', 1516),
(356, 2244, 4, 1104, '2022-11-05 14:19:55', NULL, 'COMPLETED', 1745),
(357, 2247, 4, 1104, '2022-11-05 14:24:26', NULL, 'COMPLETED', 1306),
(358, 2739, 4, 966, '2022-11-06 13:55:32', NULL, 'COMPLETED', 1810),
(359, 2677, 4, 943, '2022-11-06 13:58:10', NULL, 'COMPLETED', 758),
(360, 2678, 4, 943, '2022-11-06 13:59:10', NULL, 'COMPLETED', 751);

-- --------------------------------------------------------

--
-- Table structure for table `cut_request_results`
--

DROP TABLE IF EXISTS `cut_request_results`;
CREATE TABLE `cut_request_results` (
  `iD` int(11) NOT NULL,
  `CutRequestID` int(11) NOT NULL,
  `ProductInputID` int(11) NOT NULL,
  `ProductOutputID` int(11) NOT NULL
) ENGINE=InnoDB DEFAULT CHARSET=utf8 COLLATE=utf8_general_ci;

--
-- Dumping data for table `cut_request_results`
--

INSERT  INTO `cut_request_results` (`iD`, `CutRequestID`, `ProductInputID`, `ProductOutputID`) VALUES
(4, 9, 25, 4),
(5, 10, 26, 5),
(6, 12, 27, 6),
(7, 11, 29, 11),
(8, 13, 30, 12),
(9, 15, 31, 13),
(10, 14, 32, 14),
(11, 16, 33, 16),
(12, 17, 34, 18),
(13, 20, 35, 19),
(14, 19, 36, 20),
(15, 18, 37, 21),
(16, 22, 38, 22),
(17, 21, 39, 23),
(18, 24, 40, 24),
(19, 23, 41, 25),
(20, 29, 42, 26),
(21, 26, 43, 27),
(22, 28, 44, 28),
(23, 32, 45, 29),
(24, 33, 46, 30),
(25, 30, 47, 31),
(26, 30, 48, 32),
(35, 25, 57, 41),
(38, 36, 60, 44),
(39, 35, 61, 45),
(40, 34, 62, 46),
(41, 27, 63, 47),
(42, 38, 65, 57),
(44, 42, 67, 59),
(45, 43, 68, 60),
(47, 41, 70, 62),
(48, 44, 71, 63),
(50, 55, 74, 65),
(51, 54, 75, 66),
(53, 48, 77, 68),
(54, 46, 78, 69),
(55, 50, 79, 70),
(56, 52, 80, 71),
(57, 53, 81, 72),
(58, 47, 82, 73),
(59, 59, 83, 74),
(60, 66, 84, 75),
(61, 67, 85, 76),
(62, 60, 86, 77),
(70, 64, 94, 85),
(71, 69, 95, 86),
(72, 65, 96, 87),
(73, 45, 97, 88),
(74, 72, 98, 89),
(75, 49, 99, 90),
(76, 62, 100, 91),
(77, 63, 101, 93),
(78, 74, 102, 94),
(79, 70, 103, 95),
(80, 73, 104, 96),
(81, 77, 107, 100),
(82, 76, 108, 101),
(83, 79, 109, 102),
(84, 80, 110, 103),
(85, 81, 111, 104),
(86, 82, 112, 105),
(87, 83, 113, 106),
(88, 84, 114, 107),
(89, 85, 115, 108),
(91, 86, 117, 110),
(92, 90, 118, 111),
(93, 89, 119, 112),
(94, 88, 120, 113),
(95, 99, 122, 115),
(96, 93, 123, 116),
(97, 92, 124, 117),
(98, 102, 125, 118),
(99, 91, 126, 119),
(100, 100, 127, 120),
(101, 95, 128, 121),
(102, 94, 129, 122),
(103, 98, 130, 123),
(104, 97, 131, 124),
(105, 96, 132, 125),
(106, 101, 133, 126),
(109, 110, 136, 129),
(110, 106, 137, 130),
(112, 121, 139, 132),
(113, 122, 140, 133),
(115, 103, 142, 135),
(116, 109, 143, 136),
(117, 108, 144, 137),
(118, 123, 145, 138),
(120, 120, 147, 140),
(121, 111, 148, 141),
(122, 116, 149, 142),
(123, 114, 150, 143),
(124, 119, 151, 144),
(125, 107, 152, 145),
(127, 117, 154, 147),
(128, 124, 155, 148),
(129, 125, 156, 149),
(130, 112, 157, 150),
(131, 104, 158, 151),
(132, 130, 162, 154),
(133, 128, 163, 155),
(134, 129, 164, 156),
(135, 136, 165, 157),
(136, 134, 166, 158),
(137, 135, 167, 159),
(138, 133, 168, 160),
(139, 143, 169, 161),
(140, 138, 170, 162),
(141, 140, 171, 163),
(142, 141, 172, 164),
(143, 139, 173, 165),
(144, 142, 174, 166),
(145, 145, 175, 167),
(147, 144, 177, 169),
(148, 147, 178, 170),
(149, 148, 179, 171),
(150, 150, 180, 172),
(151, 149, 181, 173),
(152, 146, 182, 174),
(153, 151, 183, 175),
(154, 153, 184, 176),
(155, 154, 185, 177),
(156, 158, 186, 178),
(157, 159, 187, 179),
(159, 152, 189, 181),
(160, 157, 190, 182),
(161, 156, 191, 183),
(162, 155, 192, 184),
(163, 161, 193, 185),
(165, 160, 195, 187),
(166, 165, 196, 188),
(167, 163, 197, 189),
(168, 162, 198, 190),
(170, 166, 200, 192),
(171, 167, 201, 193),
(172, 164, 202, 194),
(175, 168, 205, 197),
(176, 169, 206, 198),
(177, 170, 207, 199),
(178, 172, 208, 200),
(179, 173, 209, 201),
(180, 176, 210, 202),
(181, 175, 211, 203),
(183, 177, 213, 206),
(184, 181, 214, 207),
(185, 182, 215, 208),
(186, 183, 216, 209),
(187, 184, 217, 210),
(188, 185, 218, 211),
(189, 186, 219, 212),
(190, 187, 220, 213),
(192, 188, 222, 215),
(193, 189, 223, 216),
(194, 191, 224, 217),
(195, 180, 225, 218),
(196, 190, 226, 219),
(197, 192, 227, 221),
(198, 193, 228, 222),
(199, 195, 229, 223),
(200, 196, 230, 224),
(201, 194, 231, 225),
(202, 197, 232, 226),
(203, 199, 233, 227),
(204, 200, 234, 228),
(205, 201, 235, 229),
(206, 202, 236, 230),
(207, 203, 237, 231),
(208, 213, 238, 232),
(209, 207, 239, 233),
(210, 205, 240, 234),
(211, 206, 241, 235),
(212, 198, 242, 236),
(213, 210, 243, 237),
(214, 204, 244, 238),
(215, 209, 245, 239),
(216, 208, 246, 240),
(217, 217, 247, 241),
(218, 216, 248, 242),
(219, 214, 249, 243),
(220, 221, 250, 244),
(221, 218, 251, 245),
(222, 215, 252, 246),
(223, 220, 253, 247),
(224, 224, 254, 248),
(225, 222, 255, 249),
(226, 226, 256, 250),
(227, 225, 257, 251),
(228, 231, 258, 252),
(229, 230, 259, 253),
(230, 229, 260, 254),
(231, 228, 261, 255),
(232, 227, 262, 256),
(234, 233, 264, 258),
(235, 232, 265, 259),
(236, 235, 266, 260),
(237, 234, 267, 261),
(238, 236, 268, 262),
(239, 237, 269, 263),
(240, 241, 270, 264),
(241, 239, 271, 265),
(242, 238, 272, 266),
(243, 243, 273, 267),
(244, 242, 274, 268),
(245, 245, 275, 269),
(246, 247, 276, 270),
(247, 246, 277, 271),
(248, 244, 278, 272),
(249, 248, 279, 273),
(252, 251, 282, 276),
(253, 250, 283, 277),
(254, 254, 284, 278),
(255, 249, 285, 279),
(256, 256, 286, 280),
(257, 253, 287, 281),
(258, 252, 288, 282),
(259, 258, 289, 283),
(260, 259, 290, 284),
(261, 259, 291, 285),
(262, 257, 292, 286),
(263, 255, 293, 287),
(264, 261, 294, 288),
(265, 260, 295, 289),
(266, 263, 296, 290),
(267, 262, 297, 291),
(268, 264, 298, 292),
(270, 266, 300, 294),
(271, 277, 301, 295),
(272, 276, 302, 296),
(273, 269, 303, 297),
(274, 268, 304, 298),
(275, 278, 305, 299),
(276, 267, 306, 300),
(277, 274, 307, 301),
(278, 273, 308, 302),
(279, 272, 309, 303),
(280, 271, 310, 304),
(281, 270, 311, 305),
(282, 275, 312, 306),
(283, 281, 313, 307),
(284, 280, 314, 308),
(285, 279, 315, 309),
(286, 265, 316, 310),
(287, 283, 317, 311),
(288, 282, 318, 312),
(289, 284, 319, 313),
(292, 285, 322, 316),
(293, 287, 323, 317),
(294, 288, 324, 318),
(295, 286, 325, 319),
(296, 289, 326, 320),
(297, 290, 328, 322),
(298, 294, 329, 323),
(299, 292, 329, 324),
(301, 293, 332, 326),
(302, 297, 333, 327),
(303, 298, 334, 328),
(304, 295, 335, 329),
(305, 296, 336, 330),
(306, 299, 337, 331),
(307, 300, 338, 332),
(308, 302, 339, 333),
(309, 301, 340, 334),
(310, 303, 341, 335),
(311, 304, 342, 336),
(312, 307, 343, 337),
(313, 308, 344, 338),
(314, 306, 345, 339),
(315, 305, 346, 340),
(316, 309, 347, 341),
(317, 310, 348, 342),
(318, 312, 349, 343),
(319, 311, 350, 344),
(320, 313, 351, 345),
(321, 314, 352, 346),
(323, 316, 354, 348),
(324, 317, 355, 349),
(325, 318, 356, 350),
(326, 319, 357, 351),
(327, 320, 358, 352),
(328, 325, 359, 353),
(329, 324, 360, 354),
(330, 323, 361, 355),
(331, 322, 362, 356),
(332, 321, 363, 357),
(333, 330, 364, 358),
(334, 329, 365, 359),
(335, 328, 366, 360),
(336, 327, 367, 361),
(337, 326, 368, 362),
(338, 331, 369, 363),
(339, 332, 370, 364),
(340, 333, 371, 365),
(343, 337, 374, 368),
(344, 334, 375, 369),
(345, 335, 376, 370),
(346, 315, 377, 371),
(347, 344, 378, 372),
(348, 343, 379, 373),
(349, 342, 380, 374),
(351, 339, 382, 376),
(352, 338, 383, 377),
(353, 340, 384, 378),
(354, 341, 385, 379),
(355, 345, 386, 380),
(356, 346, 387, 381),
(357, 347, 388, 382),
(358, 348, 389, 383),
(359, 349, 390, 384),
(360, 350, 391, 385),
(361, 351, 392, 386),
(362, 352, 393, 387),
(363, 353, 394, 388),
(364, 354, 395, 389),
(365, 360, 396, 390),
(366, 359, 397, 391),
(369, 357, 400, 394),
(370, 356, 401, 395),
(371, 358, 402, 396),
(372, 355, 403, 397);

--
-- Triggers `cut_request_results`
--
DROP TRIGGER IF EXISTS `on_delete_delete_pi_po`;
DELIMITER $$
CREATE TRIGGER `on_delete_delete_pi_po` AFTER DELETE ON `cut_request_results` FOR EACH ROW BEGIN
DELETE FROM products_inputs WHERE OLD.ProductInputID = products_inputs.iD;
DELETE FROM products_outputs WHERE OLD.ProductOutputID = products_outputs.iD;
UPDATE cut_requests set cut_requests.cut_status='PROCESSING'
WHERE OLD.CutRequestID=cut_requests.iD;
END
$$
DELIMITER ;
DROP TRIGGER IF EXISTS `on_insert_set_cut_request`;
DELIMITER $$
CREATE TRIGGER `on_insert_set_cut_request` AFTER INSERT ON `cut_request_results` FOR EACH ROW BEGIN
UPDATE cut_requests set cut_requests.cut_status = 'COMPLETED' WHERE NEW.CutRequestID = cut_requests.iD;
END
$$
DELIMITER ;

-- --------------------------------------------------------

--
-- Table structure for table `dealers`
--

DROP TABLE IF EXISTS `dealers`;
CREATE TABLE `dealers` (
  `iD` int(11) NOT NULL,
  `name` varchar(50) DEFAULT NULL,
  `nameAr` varchar(50) DEFAULT NULL,
  `commNum` varchar(10) DEFAULT NULL,
  `address` varchar(200) DEFAULT NULL,
  `addressAr` varchar(200) DEFAULT NULL
) ENGINE=InnoDB DEFAULT CHARSET=utf8 COLLATE=utf8_general_ci;

--
-- Dumping data for table `dealers`
--

INSERT  INTO `dealers` (`iD`, `name`, `nameAr`, `commNum`, `address`, `addressAr`) VALUES
(1, 'SaffouryPaper', 'شركة الصفوري', '1405', 'Damascus-Syria', 'سورية-دمشق');

-- --------------------------------------------------------

--
-- Table structure for table `dealers_emails`
--

DROP TABLE IF EXISTS `dealers_emails`;
CREATE TABLE `dealers_emails` (
  `iD` int(11) NOT NULL,
  `DealerID` int(11) NOT NULL,
  `title` text NOT NULL,
  `email` varchar(30) NOT NULL
) ENGINE=InnoDB DEFAULT CHARSET=utf8 COLLATE=utf8_general_ci;

--
-- Dumping data for table `dealers_emails`
--

INSERT  INTO `dealers_emails` (`iD`, `DealerID`, `title`, `email`) VALUES
(1, 1, 'ٍInfo', 'paper@saffoury.com'),
(2, 1, 'CEO\r\nQussai Al-Saffoury', 'qussai@saffoury.com');

-- --------------------------------------------------------

--
-- Table structure for table `dealers_phones`
--

DROP TABLE IF EXISTS `dealers_phones`;
CREATE TABLE `dealers_phones` (
  `iD` int(11) NOT NULL,
  `DealerID` int(11) NOT NULL,
  `title` text NOT NULL,
  `phone` varchar(13) NOT NULL,
  `type` varchar(30) NOT NULL
) ENGINE=InnoDB DEFAULT CHARSET=utf8 COLLATE=utf8_general_ci;

--
-- Dumping data for table `dealers_phones`
--

INSERT  INTO `dealers_phones` (`iD`, `DealerID`, `title`, `phone`, `type`) VALUES
(1, 1, 'Inquaries', '+963989944381', 'COMPANY'),
(2, 1, 'General Manager', '+963989944380', 'COMPANY'),
(3, 1, 'Sales Manager', '+963989944384', 'COMPANY');

-- --------------------------------------------------------

--
-- Table structure for table `dealers_social`
--

DROP TABLE IF EXISTS `dealers_social`;
CREATE TABLE `dealers_social` (
  `iD` int(11) NOT NULL,
  `DealerID` int(11) NOT NULL,
  `title` text NOT NULL,
  `url` text NOT NULL,
  `type` varchar(30) NOT NULL
) ENGINE=InnoDB DEFAULT CHARSET=utf8 COLLATE=utf8_general_ci;

-- --------------------------------------------------------

--
-- Table structure for table `debits`
--

DROP TABLE IF EXISTS `debits`;
CREATE TABLE `debits` (
  `iD` int(11) NOT NULL,
  `CashBoxID` int(11) NOT NULL,
  `EmployeeID` int(11) NOT NULL,
  `CustomerID` int(11) NOT NULL,
  `EqualitiesID` int(11) NOT NULL,
  `date` datetime NOT NULL DEFAULT current_timestamp(),
  `value` decimal(11,2) NOT NULL,
  `fromBox` tinyint(1) NOT NULL DEFAULT 0,
  `comments` text DEFAULT NULL
) ENGINE=InnoDB DEFAULT CHARSET=utf8 COLLATE=utf8_general_ci;

--
-- Dumping data for table `debits`
--

INSERT  INTO `debits` (`iD`, `CashBoxID`, `EmployeeID`, `CustomerID`, `EqualitiesID`, `date`, `value`, `fromBox`, `comments`) VALUES
(24, 1, 1, 932, 1, '2021-07-31 02:37:00', 1000.00, 0, 'بيد نور'),
(27, 1, 1, 932, 171, '2021-08-01 04:20:59', 5060000.00, 0, 'بيد قصي '),
(28, 1, 1, 932, 1, '2021-08-01 04:27:29', 7400.00, 0, NULL),
(29, 1, 1, 932, 1, '2021-08-01 04:28:48', 1342.00, 0, '١١٠٠ يورو'),
(31, 1, 1, 932, 175, '2021-08-02 02:35:59', 5300000.00, 0, NULL),
(32, 1, 1, 932, 1, '2021-08-02 07:43:20', 200.00, 0, 'بيد امجد لقصي'),
(33, 1, 1, 932, 177, '2021-08-02 07:44:01', 2600000.00, 0, 'بيد امجد لقصي'),
(34, 1, 1, 932, 197, '2021-08-10 01:09:13', 4766000.00, 0, 'دفعه ثمن حشوات كرتون لابو يزن '),
(35, 1, 1, 932, 210, '2021-08-11 04:07:46', 9135000.00, 0, NULL),
(36, 1, 1, 932, 1, '2021-08-11 04:08:15', 2745.00, 0, NULL),
(37, 1, 1, 932, 213, '2021-08-18 12:47:51', 200000.00, 0, 'دفعه إلى شباط'),
(38, 1, 1, 932, 1, '2021-08-18 16:06:18', 10200.00, 0, 'بيد نور'),
(39, 1, 1, 932, 214, '2021-08-18 16:06:55', 7000000.00, 0, 'بيد نور الصفوري'),
(40, 1, 1, 932, 219, '2021-08-19 00:45:42', 99150000.00, 0, 'بيد نور الصفوري'),
(41, 1, 1, 932, 222, '2021-08-19 00:48:43', 7140000.00, 0, 'دفعه مع نور دين قوصيني إلى شركه الصفوري'),
(42, 1, 1, 932, 228, '2021-08-21 16:58:35', 7690000.00, 0, 'بيد نور الصفوري'),
(44, 1, 1, 932, 1, '2021-08-23 14:18:01', 1560.00, 0, 'بيد نور الصفوري'),
(45, 1, 1, 932, 1, '2021-08-23 15:46:00', 1050.00, 0, 'بيد نور الصفوري'),
(46, 1, 1, 932, 233, '2021-08-23 16:02:04', 2529000.00, 0, 'بيد نور الصفوري'),
(47, 1, 1, 932, 1, '2021-08-23 16:42:12', 620.00, 0, '٥٠٠ بيد ابو وائل\n١٠٠ يورو تعادل ١٢٠'),
(48, 1, 1, 968, 234, '2021-08-23 23:53:15', 55500.00, 0, NULL),
(50, 1, 1, 932, 1, '2021-08-24 17:33:46', 3300.00, 0, 'بيد نور الصفوري'),
(51, 1, 1, 932, 261, '2021-08-24 17:34:02', 3950000.00, 0, NULL),
(52, 1, 1, 932, 243, '2021-08-24 17:34:29', 1500000.00, 0, 'بيد شباط'),
(53, 1, 1, 932, 1, '2021-08-24 17:39:07', 4500.00, 0, 'بيد ابو وائل'),
(54, 1, 1, 966, 1, '2021-08-26 14:31:46', 2000.00, 0, 'إلى فراس بيد فراس'),
(55, 1, 1, 932, 1, '2021-08-26 15:44:31', 6290.00, 0, NULL),
(56, 1, 1, 932, 1, '2021-08-28 14:23:33', 4730.00, 0, 'بيد نور الصفوري'),
(57, 1, 1, 932, 1, '2021-08-28 16:13:55', 5000.00, 0, 'بيد ابو وائل'),
(59, 1, 1, 932, 260, '2021-08-28 16:28:10', 2295000.00, 0, NULL),
(60, 1, 1, 932, 1, '2021-08-28 19:28:59', 19800.00, 0, 'بيد قصي'),
(61, 1, 1, 932, 1, '2021-08-28 20:08:15', 8850.00, 0, 'بيد نور قوصيني'),
(63, 1, 1, 932, 1, '2021-08-29 15:43:46', 5000.00, 0, NULL),
(64, 1, 1, 932, 264, '2021-08-29 15:44:09', 14000000.00, 0, 'بيد كوكي صفوري'),
(65, 1, 1, 932, 269, '2021-08-30 14:51:16', 375000.00, 0, 'السيد شريف بعلم ابو يزن'),
(66, 1, 1, 932, 1, '2021-08-30 16:50:32', 4750.00, 0, NULL),
(67, 1, 1, 932, 272, '2021-08-31 13:46:36', 10500000.00, 0, NULL),
(68, 1, 1, 932, 1, '2021-09-01 09:07:44', 800.00, 0, 'بيد نور لحمودي'),
(69, 1, 1, 932, 1, '2021-09-01 16:17:35', 10100.00, 0, NULL),
(70, 1, 1, 959, 281, '2021-09-02 13:50:17', 96500.00, 0, 'رصيد'),
(71, 1, 1, 932, 1, '2021-09-02 15:56:04', 2700.00, 0, NULL),
(72, 1, 1, 932, 1, '2021-09-02 15:56:35', 100.00, 0, '١٠٠ يورو ليس دولار'),
(75, 1, 1, 968, 299, '2021-09-04 15:26:03', 17500.00, 0, 'ترصيد'),
(76, 1, 1, 932, 1, '2021-09-04 15:27:00', 8350.00, 0, 'بيد نور الصفوري'),
(77, 1, 1, 932, 1, '2021-09-04 15:28:42', 200.00, 0, '٢٠٠ يورو مع نور الصفوري'),
(79, 1, 1, 932, 304, '2021-09-05 14:51:03', 2000000.00, 0, 'دفعه إلى شباط'),
(80, 1, 1, 932, 1, '2021-09-05 16:49:11', 5960.00, 0, NULL),
(81, 1, 1, 932, 1, '2021-09-05 16:49:48', 200.00, 0, '٢٠٠ يويو'),
(82, 1, 1, 932, 1, '2021-09-06 16:31:58', 3400.00, 0, 'بيد قصي'),
(83, 1, 1, 932, 1, '2021-09-06 16:32:18', 200.00, 0, 'بيد نور الصفوري وفي معو ٨ مليون'),
(84, 1, 1, 932, 312, '2021-09-06 00:33:23', 8000000.00, 0, NULL),
(85, 1, 1, 932, 1, '2021-09-07 13:34:42', 540.00, 0, 'بيد نور قوصيني للشركة'),
(86, 1, 1, 932, 317, '2021-09-07 15:17:11', 100000.00, 0, 'بيد شباط'),
(87, 1, 1, 932, 1, '2021-09-07 17:05:18', 5900.00, 0, 'يوجد ١٠٠ مرتجع من القديم هنن بالاساس  ٦٠٠٠'),
(89, 1, 1, 932, 321, '2021-09-08 14:15:16', 7000000.00, 0, NULL),
(90, 1, 1, 932, 1, '2021-09-08 14:15:33', 1000.00, 0, NULL),
(91, 1, 1, 932, 324, '2021-09-08 15:21:51', 3769000.00, 0, NULL),
(92, 1, 1, 932, 1, '2021-09-08 15:24:49', 7780.00, 0, 'في مية ملرقه لازم يكون 7880'),
(93, 1, 11, 932, 1, '2021-09-09 14:12:46', 6500.00, 0, 'بيد نور الصفوري'),
(97, 1, 9, 932, 330, '2021-09-09 15:40:32', 1700000.00, 0, NULL),
(98, 1, 1, 932, 331, '2021-09-09 16:15:59', 10350000.00, 0, NULL),
(100, 1, 1, 932, 334, '2021-09-09 17:24:22', 10000.00, 0, NULL),
(101, 1, 1, 932, 1, '2021-09-09 22:38:12', 420.00, 0, 'مع ابو وائل إلى نور الصفوري'),
(102, 1, 1, 966, 1, '2021-09-09 22:38:32', 5000.00, 0, 'من قصي الى بسام شيباني'),
(117, 1, 1, 932, 1, '2021-09-11 15:19:27', 8300.00, 0, NULL),
(119, 1, 1, 932, 1, '2021-09-12 21:48:31', 4800.00, 0, NULL),
(120, 1, 1, 932, 1, '2021-09-12 23:20:28', 1000.00, 0, NULL),
(121, 1, 1, 932, 1, '2021-09-13 14:48:03', 3500.00, 0, 'بيد نور الصفوري'),
(122, 1, 1, 932, 356, '2021-09-13 14:48:22', 6000000.00, 0, 'بيد نور الصفوري'),
(123, 1, 1, 932, 1, '2021-09-13 08:47:30', 1000.00, 0, 'بيد قصي'),
(124, 1, 1, 995, 1, '2021-09-14 14:21:14', 1000.00, 0, NULL),
(125, 1, 9, 997, 373, '2021-09-16 15:35:48', 2545000.00, 0, NULL),
(126, 1, 9, 932, 374, '2021-09-16 15:40:27', 300000.00, 0, 'بيد قصي'),
(127, 1, 11, 932, 1, '2021-09-16 17:30:25', 300.00, 0, NULL),
(128, 1, 11, 932, 376, '2021-09-16 17:32:22', 4800000.00, 0, NULL),
(129, 1, 1, 932, 1, '2021-09-18 13:46:41', 1800.00, 0, NULL),
(130, 1, 1, 999, 385, '2021-09-19 14:39:18', 127000.00, 0, 'ثمن ستوكات تسكير باسل  و رفاعي'),
(131, 1, 1, 932, 1, '2021-09-19 23:53:16', 4500.00, 0, NULL),
(132, 1, 1, 932, 392, '2021-09-19 00:52:54', 69500000.00, 0, 'بيد نور الصفوري'),
(133, 1, 1, 964, 396, '2021-09-20 12:52:08', 7000.00, 0, NULL),
(134, 1, 1, 932, 1, '2021-09-20 10:56:23', 15280.00, 0, 'بيد نور الصفوري'),
(135, 1, 1, 932, 402, '2021-09-20 12:10:02', 11000000.00, 0, NULL),
(136, 1, 1, 932, 1, '2021-09-20 12:13:52', 1300.00, 0, 'بيد قصي'),
(137, 1, 1, 932, 407, '2021-09-21 14:24:57', 3000000.00, 0, 'بيد شباط'),
(138, 1, 1, 932, 1, '2021-09-21 14:42:16', 4350.00, 0, 'بيد نور الصفوري'),
(139, 1, 1, 932, 409, '2021-09-21 14:42:35', 3000000.00, 0, 'بيد نور الصفوري'),
(140, 1, 1, 932, 1, '2021-09-23 13:08:55', 5000.00, 0, 'بيد سامر بهلول إلى نور الصفوري'),
(141, 1, 1, 932, 1, '2021-09-23 16:20:49', 6100.00, 0, 'بيد قصي'),
(142, 1, 1, 932, 1, '2021-09-23 16:21:29', 5100.00, 0, 'بيد نور الصفوري'),
(145, 1, 9, 932, 428, '2021-09-23 14:55:23', 12700000.00, 0, 'بيد نور الصفوري'),
(146, 1, 1, 932, 1, '2021-09-25 15:57:16', 13570.00, 0, NULL),
(149, 1, 1, 932, 1, '2021-09-26 14:39:42', 1700.00, 0, 'بيد نور الصفوري'),
(150, 1, 1, 932, 434, '2021-09-26 14:40:09', 5250000.00, 0, 'بيد نور الصفوري'),
(152, 1, 1, 932, 1, '2021-09-26 21:10:40', 710.00, 0, '٦٠٠ يو بيد ابو يزن'),
(153, 1, 1, 932, 1, '2021-09-27 15:58:44', 7500.00, 0, NULL),
(154, 1, 1, 948, 1, '2021-09-28 14:46:26', 100.00, 0, 'مرتجع ابو اياد عمار'),
(155, 1, 1, 932, 1, '2021-09-28 16:42:25', 3654.00, 0, NULL),
(157, 1, 1, 932, 1, '2021-09-29 10:29:05', 200.00, 0, NULL),
(158, 1, 1, 932, 446, '2021-09-29 10:29:19', 500000.00, 0, NULL),
(159, 1, 1, 1007, 447, '2021-09-29 11:14:46', 508000.00, 0, NULL),
(160, 1, 1, 932, 449, '2021-09-29 13:58:31', 3000000.00, 0, 'بيد شباط'),
(161, 1, 1, 932, 1, '2021-09-29 22:12:50', 2200.00, 0, 'بيد قصي'),
(162, 1, 1, 932, 1, '2021-10-01 16:32:33', 2100.00, 0, '١٧٥٠ يويو'),
(163, 1, 1, 932, 1, '2021-10-01 16:34:31', 27500.00, 0, NULL),
(164, 1, 1, 932, 464, '2021-10-01 16:36:43', 6500000.00, 0, NULL),
(165, 1, 1, 932, 469, '2021-10-02 15:10:59', 7700000.00, 0, NULL),
(166, 1, 1, 932, 1, '2021-10-02 15:11:17', 8450.00, 0, NULL),
(167, 1, 1, 949, 473, '2021-10-03 14:40:56', 26000.00, 0, 'ترصيد ثمن الناشف بيد نور'),
(168, 1, 1, 932, 1, '2021-10-03 11:46:34', 8400.00, 0, NULL),
(169, 1, 1, 949, 1, '2021-10-03 11:47:23', 826.00, 0, '٧٠٠ يويو'),
(170, 1, 1, 932, 1, '2021-10-04 16:23:32', 5270.00, 0, NULL),
(172, 1, 1, 932, 1, '2021-10-05 19:55:55', 7510.00, 0, NULL),
(173, 1, 9, 932, 487, '2021-10-06 15:09:17', 1000000.00, 0, 'بيد شباط'),
(174, 1, 1, 932, 1, '2021-10-06 17:16:33', 500.00, 0, NULL),
(175, 1, 1, 974, 502, '2021-10-07 15:16:15', 115500.00, 0, 'رصيد'),
(176, 1, 1, 932, 1, '2021-10-08 19:12:01', 3800.00, 0, NULL),
(177, 1, 1, 932, 503, '2021-10-08 19:12:14', 23520000.00, 0, NULL),
(178, 1, 1, 932, 1, '2021-10-09 16:06:30', 1292.00, 0, NULL),
(179, 1, 1, 932, 1, '2021-10-09 16:06:51', 975.00, 0, '٨٥٠ يويو'),
(180, 1, 1, 932, 1, '2021-10-09 20:37:12', 825.00, 0, '٧٠٠ يويو  تبع ايمن غنام'),
(182, 1, 1, 932, 1, '2021-10-09 20:39:39', 4450.00, 0, 'تبع ايمن و الفقيه'),
(186, 1, 1, 977, 516, '2021-10-10 22:45:20', 35000.00, 0, 'رصيد'),
(187, 1, 9, 932, 1, '2021-10-10 14:35:31', 600.00, 0, NULL),
(188, 1, 1, 932, 518, '2021-10-11 15:30:47', 1600000.00, 0, 'إلى شباط'),
(189, 1, 1, 932, 519, '2021-10-11 15:32:20', 1388500.00, 0, 'بيد قصي'),
(190, 1, 1, 932, 1, '2021-10-11 15:32:45', 10750.00, 0, NULL),
(192, 1, 1, 932, 1, '2021-10-12 15:39:38', 400.00, 0, 'بيد ابو علي الحريري'),
(193, 1, 1, 932, 1, '2021-10-12 19:19:35', 4464.00, 0, 'بينهم ٣٠٠ الف يو'),
(195, 1, 1, 932, 1, '2021-10-13 11:01:20', 1300.00, 0, NULL),
(196, 1, 12, 1007, 526, '2021-10-14 11:29:14', 332500.00, 0, NULL),
(197, 1, 1, 932, 1, '2021-10-14 15:27:50', 7950.00, 0, NULL),
(198, 1, 1, 932, 1, '2021-10-14 15:28:11', 590.00, 0, 'بدل من سامر ٥٠٠ يو اعطيناه ٥٥٠ باقي ٤٠'),
(199, 1, 1, 932, 1, '2021-10-17 16:57:59', 16150.00, 0, NULL),
(204, 1, 12, 932, 1, '2021-10-02 11:44:52', 1000.00, 0, 'بيد الحريري'),
(205, 1, 1, 959, 1, '2021-10-20 13:10:03', 187.00, 0, NULL),
(206, 1, 11, 932, 1, '2021-10-20 16:32:37', 3963.00, 0, NULL),
(207, 1, 1, 1027, 556, '2021-10-21 11:16:02', 91000.00, 0, 'رصيد'),
(208, 1, 1, 932, 565, '2021-10-22 17:11:12', 24000000.00, 0, NULL),
(209, 1, 1, 932, 1, '2021-10-23 10:32:38', 5000.00, 0, 'بيد نور'),
(210, 1, 11, 932, 1, '2021-10-21 11:32:16', 3000.00, 0, NULL),
(211, 1, 1, 932, 1, '2021-10-23 17:16:16', 7707.00, 0, NULL),
(212, 1, 1, 932, 1, '2021-10-23 17:32:42', 660.00, 0, '٥٥٥ يو'),
(213, 1, 1, 932, 1, '2021-10-24 10:50:15', 1720.00, 0, NULL),
(214, 1, 9, 932, 576, '2021-10-25 11:06:05', 100000.00, 0, 'بيد ابو رامي'),
(215, 1, 1, 932, 1, '2021-10-25 15:58:52', 1000.00, 0, NULL),
(216, 1, 1, 932, 1, '2021-10-25 00:01:09', 4880.00, 0, NULL),
(218, 1, 11, 1001, 582, '2021-10-26 12:12:46', 56000.00, 0, NULL),
(220, 1, 9, 932, 583, '2021-10-26 14:47:13', 1312000.00, 0, 'دفعة شباط'),
(221, 1, 11, 932, 1, '2021-10-26 16:28:34', 6050.00, 0, NULL),
(222, 1, 11, 932, 1, '2021-10-27 16:33:23', 1500.00, 0, NULL),
(223, 1, 9, 932, 589, '2021-10-27 10:37:01', 1650000.00, 0, NULL),
(225, 1, 11, 932, 1, '2021-10-30 18:01:06', 11780.00, 0, NULL),
(226, 1, 1, 932, 1, '2021-10-28 20:55:32', 16400.00, 0, NULL),
(227, 1, 11, 932, 1, '2021-10-31 15:29:57', 2500.00, 0, NULL),
(228, 1, 1, 932, 1, '2021-11-01 15:59:02', 1995.00, 0, NULL),
(230, 1, 1, 932, 1, '2021-11-01 17:54:01', 6700.00, 0, NULL),
(231, 1, 1, 1029, 618, '2021-11-02 14:29:20', 24500.00, 0, 'رصيد'),
(232, 1, 1, 932, 1, '2021-11-02 21:10:41', 6450.00, 0, NULL),
(233, 1, 9, 1035, 649, '2021-11-03 14:47:26', 70500.00, 0, NULL),
(234, 1, 9, 1030, 631, '2021-11-03 14:48:07', 45000.00, 0, NULL),
(235, 1, 9, 932, 632, '2021-11-04 15:07:23', 8042500.00, 0, NULL),
(236, 1, 11, 932, 1, '2021-11-04 09:21:48', 8200.00, 0, NULL),
(237, 1, 12, 932, 635, '2021-11-06 14:55:28', 5000000.00, 0, NULL),
(238, 1, 1, 932, 1, '2021-11-06 15:51:49', 2432.00, 0, 'بينهم ٢٠٠ يو'),
(239, 1, 11, 932, 1, '2021-11-07 17:13:46', 2200.00, 0, NULL),
(240, 1, 1, 932, 644, '2021-11-07 17:18:43', 6900000.00, 0, NULL),
(241, 1, 9, 932, 1, '2021-11-08 11:27:59', 700.00, 0, NULL),
(242, 1, 11, 932, 1, '2021-11-08 17:03:18', 6220.00, 0, NULL),
(245, 1, 11, 932, 1, '2021-11-09 16:04:39', 980.00, 0, NULL),
(246, 1, 9, 969, 658, '2021-11-10 13:43:49', 66500.00, 0, 'رصيد'),
(248, 1, 9, 932, 659, '2021-11-10 15:01:57', 8500000.00, 0, NULL),
(249, 1, 1, 932, 1, '2021-11-10 17:08:46', 16292.00, 0, NULL),
(250, 1, 1, 932, 1, '2021-11-10 17:09:58', 460.00, 0, '٤٠٠ يويو'),
(252, 1, 1, 931, 1, '2021-11-11 14:25:34', 50.00, 0, 'مرتجع'),
(253, 1, 1, 932, 1, '2021-11-11 23:09:42', 5000.00, 0, NULL),
(254, 1, 11, 932, 1, '2021-11-13 15:46:05', 2800.00, 0, NULL),
(255, 1, 9, 932, 1, '2021-11-13 09:14:28', 4700.00, 0, 'دفعة ايمن غنام والفقيه'),
(256, 1, 9, 932, 671, '2021-11-13 09:15:01', 35000.00, 0, 'دفعة ايمن غنام'),
(257, 1, 11, 932, 1, '2021-11-14 09:58:26', 2360.00, 0, NULL),
(259, 1, 1, 932, 1, '2021-11-15 20:25:27', 1100.00, 0, NULL),
(260, 1, 1, 1034, 678, '2021-11-15 20:25:45', 28000.00, 0, 'رصيد'),
(262, 1, 1, 932, 1, '2021-11-17 17:03:17', 12350.00, 0, NULL),
(264, 1, 1, 932, 1, '2021-11-18 17:25:49', 9500.00, 0, 'بيد قصي'),
(265, 1, 1, 932, 1, '2021-11-18 17:26:20', 56000.00, 0, 'بيد سامر بهلول'),
(268, 1, 9, 932, 1, '2021-11-22 11:00:36', 1000.00, 0, NULL),
(271, 1, 9, 932, 1, '2021-11-25 13:10:46', 4000.00, 0, NULL),
(272, 1, 9, 954, 1, '2021-11-27 13:11:09', 4700.00, 0, NULL),
(273, 1, 9, 932, 1, '2021-11-27 13:50:30', 3290.00, 0, NULL),
(275, 1, 9, 932, 1, '2021-11-28 11:48:37', 400.00, 0, 'بيد عبودي لبنان'),
(276, 1, 1, 932, 1, '2021-11-28 15:12:41', 1200.00, 0, NULL),
(278, 1, 9, 932, 729, '2021-12-02 12:01:26', 1000000.00, 0, 'دفعة لشباط'),
(279, 1, 9, 932, 1, '2021-12-02 13:31:32', 11000.00, 0, NULL),
(281, 1, 10, 932, 1, '2021-12-05 14:04:32', 2700.00, 0, 'بيد ابو يزن'),
(282, 1, 1, 932, 737, '2021-12-05 15:30:12', 630000.00, 0, NULL),
(283, 1, 9, 932, 744, '2021-12-07 13:37:05', 6000000.00, 0, NULL),
(284, 1, 9, 932, 1, '2021-12-08 11:32:10', 400.00, 0, NULL),
(286, 1, 10, 932, 1, '2021-12-11 11:37:02', 300.00, 0, NULL),
(287, 1, 10, 942, 755, '2021-12-11 13:51:18', 52500.00, 0, 'رصيد'),
(288, 1, 12, 1029, 1, '2021-12-11 09:28:49', 7500.00, 0, NULL),
(289, 1, 9, 932, 1, '2021-12-14 11:16:58', 1600.00, 0, 'دفعة احمد مجوز'),
(290, 1, 12, 1029, 1, '2021-12-14 12:08:33', 2200.00, 0, NULL),
(291, 1, 9, 1029, 1, '2021-12-14 15:11:22', 300.00, 0, NULL),
(292, 1, 12, 932, 764, '2021-12-15 10:21:57', 25000000.00, 0, NULL),
(293, 1, 12, 932, 1, '2021-12-15 10:22:34', 1630.00, 0, NULL),
(294, 1, 9, 932, 773, '2021-12-16 11:36:51', 15780000.00, 0, NULL),
(295, 1, 10, 932, 1, '2021-12-18 12:10:40', 500.00, 0, NULL),
(296, 1, 9, 932, 1, '2021-12-18 11:17:49', 355.00, 0, NULL),
(297, 1, 9, 932, 784, '2021-12-20 10:45:29', 500000.00, 0, NULL),
(298, 1, 9, 932, 1, '2021-12-19 10:48:16', 1000.00, 0, NULL),
(301, 1, 9, 932, 798, '2021-12-22 12:31:26', 16310000.00, 0, NULL),
(303, 1, 9, 932, 1, '2021-12-25 10:02:58', 6584.00, 0, NULL),
(304, 1, 9, 932, 1, '2021-12-23 10:03:10', 8985.00, 0, NULL),
(305, 1, 9, 932, 817, '2021-12-26 12:11:41', 4000000.00, 0, 'بيد سامر عيسى'),
(306, 1, 9, 932, 819, '2021-12-26 15:36:01', 12000000.00, 0, 'بيد سامر'),
(307, 1, 12, 932, 1, '2021-12-26 09:53:33', 6420.00, 0, NULL),
(308, 1, 9, 932, 1, '2021-12-27 10:17:35', 9300.00, 0, NULL),
(309, 1, 9, 952, 825, '2021-12-27 10:21:04', 540000.00, 0, NULL),
(311, 1, 9, 1030, 828, '2021-12-28 11:34:45', 82800.00, 0, 'من ضمنهن ١٥٠٠٠ اجور نقل'),
(312, 1, 16, 932, 1, '2021-12-29 17:02:18', 17200.00, 0, NULL),
(313, 1, 16, 932, 838, '2021-12-29 17:08:30', 27500000.00, 0, NULL),
(315, 1, 12, 932, 1, '2021-12-29 10:38:02', 2677.00, 0, NULL),
(316, 1, 1, 932, 1, '2021-12-30 15:55:04', 1200.00, 0, NULL),
(317, 1, 1, 932, 845, '2021-12-30 15:55:17', 1505000.00, 0, NULL),
(318, 1, 10, 932, 1, '2021-12-30 13:53:33', 358.00, 0, 'ليد ابو غلي'),
(319, 2, 16, 983, 853, '2022-01-03 22:49:42', 30000.00, 0, 'اجار سياره من المستودع الى المطبعة تتضمن ٥ الف جمارك'),
(320, 1, 9, 932, 856, '2022-01-04 15:27:45', 3400000.00, 0, NULL),
(321, 2, 16, 1017, 1, '2022-01-06 16:59:56', 1535.00, 0, NULL),
(322, 2, 16, 1017, 862, '2022-01-06 17:00:11', 4680000.00, 0, NULL),
(323, 2, 16, 932, 887, '2022-01-10 19:09:39', 6000000.00, 0, 'بيد نور ابن ابو رائد'),
(324, 2, 16, 932, 889, '2022-01-10 19:12:00', 29576000.00, 0, NULL),
(325, 2, 16, 932, 899, '2022-01-12 19:11:42', 14000000.00, 0, NULL),
(326, 2, 16, 1002, 1, '2022-01-15 15:14:06', 500.00, 0, NULL),
(327, 2, 16, 959, 1, '2022-01-18 13:38:12', 100.00, 0, NULL),
(328, 2, 16, 959, 921, '2022-01-18 13:38:53', 180000.00, 0, NULL),
(329, 2, 16, 932, 953, '2022-01-24 21:03:08', 5000000.00, 0, NULL),
(330, 2, 16, 932, 1, '2022-01-30 12:54:38', 26110.00, 0, NULL),
(331, 1, 1, 932, 1, '2022-02-13 17:06:27', 9000.00, 0, NULL),
(332, 2, 16, 932, 1, '2022-02-17 13:58:11', 7796.00, 0, 'بيد ابو علي الحريري'),
(333, 2, 16, 932, 1, '2022-02-17 14:27:42', 50000.00, 0, 'بيد ابو علي الحريري'),
(334, 2, 16, 932, 1, '2022-02-17 15:03:50', 8970.00, 0, 'بيد ابو علي الحريري'),
(335, 2, 16, 932, 1, '2022-02-26 13:43:17', 8263.00, 0, 'بيد ابو علي الحريري حلب من قبل احمد عقاد'),
(336, 1, 1, 932, 1012, '2022-02-26 19:30:39', 54750000.00, 0, NULL),
(338, 2, 16, 932, 1, '2022-02-27 13:01:14', 6400.00, 0, 'بيد ابو علي الحريري'),
(339, 2, 16, 932, 1, '2022-02-28 18:02:35', 8600.00, 0, 'بيد ابو علي الحريري حلب'),
(340, 2, 16, 1087, 1, '2022-03-01 15:27:24', 2725.00, 0, 'بيد مسلم تخليص'),
(341, 2, 16, 1017, 1020, '2022-03-01 19:39:13', 130375000.00, 0, 'بيد نور الدين وابو وائل'),
(342, 2, 16, 932, 1, '2022-03-10 16:48:35', 2805.00, 0, NULL),
(343, 1, 1, 932, 1036, '2022-03-16 15:03:11', 16050000.00, 0, NULL),
(344, 1, 10, 932, 1050, '2022-03-22 12:05:53', 150000.00, 0, 'بيد ابو فادي'),
(345, 1, 10, 932, 1058, '2022-03-22 15:33:20', 19416000.00, 0, 'بيد نور الصفوري'),
(346, 1, 11, 932, 1110, '2022-04-04 14:48:14', 9500000.00, 0, NULL),
(347, 1, 11, 932, 1121, '2022-04-07 17:34:51', 3900000.00, 0, NULL),
(348, 1, 11, 932, 1, '2022-04-07 17:38:56', 200.00, 0, NULL),
(349, 2, 16, 932, 1, '2022-04-11 16:56:19', 7040.00, 0, 'بيد ابو علي الحريري حلب'),
(350, 1, 11, 932, 1136, '2022-04-12 14:34:05', 17600000.00, 0, NULL),
(351, 1, 11, 932, 1144, '2022-04-14 15:30:52', 5300000.00, 0, NULL),
(352, 1, 11, 932, 1154, '2022-04-18 00:57:43', 20600000.00, 0, NULL),
(353, 2, 16, 932, 1, '2022-04-18 03:56:45', 1700.00, 0, 'بيد ابو علي الحريري حلب'),
(354, 2, 16, 932, 1, '2022-04-24 21:25:17', 3900.00, 0, 'بيد ابو علي الحريري'),
(355, 1, 11, 932, 1176, '2022-04-25 13:57:37', 11750000.00, 0, NULL),
(356, 1, 11, 932, 1178, '2022-04-26 12:19:13', 2500000.00, 0, NULL),
(357, 2, 16, 932, 1, '2022-04-28 22:51:06', 2103.00, 0, 'بيد ابو علي الحريري حلب'),
(358, 1, 11, 932, 1184, '2022-05-01 14:04:08', 19500000.00, 0, 'سلمت بيد نور ابوجنان عن طريق امجد'),
(360, 1, 11, 932, 1218, '2022-05-22 17:07:36', 31000000.00, 0, NULL),
(361, 1, 11, 932, 1, '2022-05-22 17:08:33', 10000.00, 0, NULL),
(362, 1, 11, 932, 1, '2022-06-05 13:33:23', 800.00, 0, NULL),
(363, 1, 11, 932, 1245, '2022-06-05 17:00:44', 12000000.00, 0, 'بيد ابو رامي مباشر من البنك'),
(364, 1, 10, 989, 1246, '2022-06-06 12:11:17', 84000.00, 0, NULL),
(365, 1, 10, 29, 1260, '2022-06-12 11:00:28', 5500000.00, 0, 'بيد مسلم قطرميز'),
(366, 1, 10, 29, 1, '2022-06-12 11:03:06', 56800.00, 0, 'بيد مسلم قطرميز'),
(368, 1, 1, 1126, 1265, '2022-06-13 15:55:07', 4500000.00, 0, 'دفعه مقدمه لمباشره عمل كسوه البيوت\nيوجد دفعه من قبل بقيمه ٢.٥ مليون'),
(369, 1, 11, 932, 1, '2022-06-15 16:35:09', 5193.00, 0, 'من ابو علي الحريري'),
(370, 2, 16, 932, 1281, '2022-06-18 13:20:40', 9000000.00, 0, 'بيد سامر بهلول + نور'),
(371, 2, 16, 932, 1, '2022-06-20 22:24:18', 800.00, 0, 'بيد ابو علي الحريري حلب'),
(372, 2, 16, 932, 1, '2022-06-21 22:49:41', 30000.00, 0, 'بيد عبد الله  الى حسين جابر (شركة سيبكو )'),
(373, 2, 16, 932, 1, '2022-06-23 19:05:19', 10000.00, 0, 'بيد ابو علي الحريري'),
(374, 2, 16, 932, 1, '2022-06-23 13:49:44', 2260.00, 0, 'بيد ابو علي الحريري حلب'),
(375, 2, 16, 932, 1, '2022-06-26 18:41:21', 25000.00, 0, 'بيد عبد الله الى حسين جابر ( سيبكو )'),
(376, 2, 16, 932, 1, '2022-06-27 20:42:12', 1150.00, 0, 'ييد ابو علي الحريري حلب'),
(377, 2, 16, 1133, 1, '2022-06-28 23:41:31', 1700.00, 0, 'بيد ابو علي الحريري'),
(378, 2, 16, 980, 1, '2022-07-02 12:21:16', 7825.00, 0, 'بيد ابو علي الحريري حلب'),
(379, 2, 16, 980, 1, '2022-07-02 16:53:31', 100.00, 0, 'رصيد دفعه احمد مجوز بيد ابو علي الحريري حلب'),
(380, 2, 16, 980, 1, '2022-07-07 15:35:36', 1143.00, 0, 'بيد ابو علي الحريري حلب'),
(381, 2, 16, 932, 1, '2022-08-20 20:13:28', 22000.00, 0, 'بيد مسلم علما محمد جاب مصاري لتكمله'),
(382, 2, 16, 932, 1, '2022-08-30 09:50:43', 10000.00, 0, NULL),
(383, 1, 10, 992, 1, '2022-09-12 12:26:12', 1440.00, 0, NULL),
(384, 1, 10, 1104, 1392, '2022-09-21 10:26:11', 55000.00, 0, NULL),
(385, 1, 10, 1145, 1419, '2022-10-11 14:14:07', 39000.00, 0, NULL),
(386, 1, 10, 941, 1425, '2022-10-13 15:54:52', 250000.00, 0, NULL);

-- --------------------------------------------------------

--
-- Table structure for table `employees`
--

DROP TABLE IF EXISTS `employees`;
CREATE TABLE `employees` (
  `iD` int(11) NOT NULL,
  `ParentID` int(11) DEFAULT NULL,
  `userlevelid` int(11) NOT NULL,
  `name` varchar(100) NOT NULL,
  `phone` varchar(14) DEFAULT NULL,
  `password` varchar(255) DEFAULT NULL,
  `email` varchar(50) DEFAULT NULL,
  `token` text DEFAULT NULL,
  `activated` tinyint(1) NOT NULL DEFAULT 1,
  `date` datetime NOT NULL DEFAULT current_timestamp(),
  `city` varchar(20) DEFAULT NULL,
  `address` varchar(50) DEFAULT NULL,
  `profile` longtext DEFAULT NULL,
  `publish` tinyint(1) NOT NULL DEFAULT 1,
  `comments` text DEFAULT NULL,
  `sellingRatio` int(11) DEFAULT NULL
) ENGINE=InnoDB DEFAULT CHARSET=utf8 COLLATE=utf8_general_ci;

--
-- Dumping data for table `employees`
--

INSERT  INTO `employees` (`iD`, `ParentID`, `userlevelid`, `name`, `phone`, `password`, `email`, `token`, `activated`, `date`, `city`, `address`, `profile`, `publish`, `comments`, `sellingRatio`) VALUES
(1, NULL, -2, 'Qussai Al-Saffoury', '+963933326882', '$2y$10$v5ZYrQqoVSrjSptCp..ihu3Sc3K/ol0M7LaGlucLJgwct5ghf0aEq', 'geaquzzil@gmail.com', 'dfsfdkmsfsSDAs', 1, '2019-10-06 00:00:00', NULL, NULL, 'a:2:{s:15:\"LoginRetryCount\";i:1;s:20:\"LastBadLoginDateTime\";s:19:\"2019/10/21 19:56:51\";}', 1, NULL, NULL),
(4, NULL, -6, 'Rima ARM ', '+963989944381', '$2y$10$DH/s5.tJr4jzj7X2vJDjwuH09okVGvfzIywgVpYP4PQr.PbvdeZ36', 'paper@saffoury.com', 'fBOHEkrQQ5C-ZO8Yb5OJ03:APA91bFPRnjfOJBotBfJ5idrJ2V-MHjVxSYYd5uLsGHDwK-rJxK1B4V6PEtwo4mi3WA64ItpC0QDZ48wXJxGhYMp4J49KHVQvzydo3sWSDVjn4L0859xyXPIRwcSlnjb1ihv5nMOifns', 1, '2021-06-25 01:19:34', 'Damascus', 'Al-Qazaz', NULL, 1, NULL, NULL),
(9, 1, -13, 'Accounting Office', '+963989944388', 'VCGXQ244', '', 'fAS-_Hk4RVqALVMYH6SGlf:APA91bE9a4bD5Je_RBAudY6ghIGfdtedqKJCqSGZ4mLHUr0vwQS3Qdu2WWVgYV8yD-rD1y6f2PpgUI81GMY3PzUIkkp-6wuk2d2BGkI5oEPkp0WxXNFU7_oFgQkoaTTDHhJsfYS7xT9-', 1, '2021-07-03 07:47:58', '', '', NULL, 0, '', NULL),
(10, 1, -13, 'Nour AlDin', '+963989944384', '8042MDTH', NULL, 'eKqCJkTM55Wpn4IyktwKXg:APA91bGBC7iLyXvtERshCvlE0y3uVnRU0F_of7SZowVaWLzi0wVa-_mi3rBUYDJDmd2MkpFe84WKw8HG-Pi3Sy7F4RuZ22u_pKJ8XXPrt8UE0BCSR7RupPB3g0xp8N-1rI2oxs9pd7_3', 1, '2021-07-08 09:47:04', NULL, NULL, NULL, 1, NULL, 10),
(11, 1, -13, 'سالم محسن', '+963989944390', 'YJU7JSZ5', NULL, 'erUPy-L1tf289aXHQLaY6k:APA91bHUxSANrZW0VOaUW1bq8uXv1Dc-i3WvYXDaVn5a1QU48wIIsCpGFdp7Mkp08VMFRmJ_W5M68TiOvZouixbyLrhFT7zLK9DPCK2c_zjN1n-EL18fMG82rqt3nypf5mBe3kaAcj5A', 1, '2021-08-23 16:43:40', NULL, NULL, NULL, 1, NULL, NULL),
(12, 1, -13, 'Raneem Aaboura', '+963946189595', '9BFJLR2L', NULL, 'duDh-956Srefxrq6ytalSt:APA91bFOsb6Z5-YmnitlnMHs7_ZdCRJrn3byptDzzmGhTs3IW97hCfKNgH0NAiWIiLzIZRMqgwdj53NfxM3-8qlEg_ECgTKgCzvBzYoKkDba3HVtYQTei8TvSxo4lmT-PJOpQUkexoIk', 1, '2021-08-28 13:28:41', NULL, NULL, NULL, 0, NULL, NULL),
(13, 1, -8, 'Muhammed Ali', '+963989944392', 'HA0IUSTX', NULL, 'daQqho5NQXyPYA9I2cRpW7:APA91bFDc3kBFQKtPw20HPxO0xcmUHuQ7msAr200qv4jD4Ci0VCkOVclLIry5WLjHsfmsf_VpyDD2bbMXEcScnVKmaa3__76_o53IVW_HpD2SRAkHhMHUGFZH1a42cNvk0qK0FsDQFsU', 1, '2021-09-20 11:06:06', NULL, NULL, NULL, 1, NULL, NULL),
(15, 1, -8, 'ابو يزن الصفوري', '+963933211012', '0933211012', NULL, NULL, 1, '2021-09-22 20:45:21', NULL, NULL, NULL, 1, NULL, NULL),
(16, 1, -2, 'Yazan Al-Saffoury', '+963989944377', '2EO79GA0', NULL, 'cy5rIFHPaR8pTXCN4W733h:APA91bEmAMV5ElteiaC-7IdeD5OCPCDWPqZTPIM2RTg_0azOBg4lLOg5RkSgAc4_RVuMi0zkvpSFpTCzbCENUN-AYVfW17cBfle1hfbEeU7Iuz9ztt-jF-mHrOQBxy6oalYIsKPBK9Fu', 1, '2021-09-24 21:24:10', NULL, NULL, NULL, 1, NULL, NULL),
(17, 1, -12, 'Amjad Tawalbeh', '+963998895953', 'P5PQ5XH3', NULL, NULL, 1, '2021-09-27 11:51:50', NULL, NULL, NULL, 1, NULL, NULL),
(19, 1, -12, 'Ya Tah', '+963943635909', 'O6IEB84O', NULL, NULL, 1, '2021-11-09 21:45:18', NULL, NULL, NULL, 0, NULL, NULL),
(21, NULL, -2, 'Test User', '+963933326880', '0933326880', NULL, 'fbhcrVkjZNWbDOtBG9V76Y:APA91bHDRcXHFExhIReEmKe35QhqK95IuEaCwTTLewjfKO9DhUzj98drJ1XfYFfuUjEbSXPI3kqfhU93UvLEs69GwTpd5bS5riyfugnW3DXCaGlvBwMUzNFnyZT6JOEDCDbP4_mApTG_', 1, '2019-10-06 00:00:00', NULL, NULL, 'a:2:{s:15:\"LoginRetryCount\";i:1;s:20:\"LastBadLoginDateTime\";s:19:\"2019/10/21 19:56:51\";}', 0, NULL, NULL),
(22, 1, -2, 'Test User Tablet', '+963989944370', 'IEUKM87G', NULL, 'ch602CmbQJKGowmx3NpJnz:APA91bHPT59UETbKzesjaebjhEthOj4a1A10lEtA_m2Bq4rhA5LFdzfWzH019oPBIyi1LDhqmOucryKPKKK-sOohMBE88UM3g7RqUkFxCVjlP7NrCTSVuGd6ck64sY1psoJrMFZEDT_S', 1, '2022-04-19 01:32:11', NULL, NULL, NULL, 1, NULL, NULL),
(23, 21, -5, 'Tokka M', '+963964374426', '7Y7MKJGT', NULL, 'exWo-dGeQVKBfXuq04tAs-:APA91bGsGS3L7vq2_I_NC9UnuWoc_sowtDzd7kngiWoS9SqzfiEywm7s1EXvOH3omTYMwsdtGFcBlthfELOQ9Xj0AUYVU2Uw2AP0EYWAZ1I-xkf7T3XocF3vw83TWUP3083Z0m9Y-zfa', 1, '2022-10-04 12:29:06', NULL, NULL, NULL, 1, NULL, NULL);

-- --------------------------------------------------------

--
-- Table structure for table `equalities`
--

DROP TABLE IF EXISTS `equalities`;
CREATE TABLE `equalities` (
  `iD` int(11) NOT NULL,
  `CurrencyID` int(11) NOT NULL,
  `value` double NOT NULL,
  `date` datetime NOT NULL DEFAULT current_timestamp()
) ENGINE=InnoDB DEFAULT CHARSET=utf8 COLLATE=utf8_general_ci;

--
-- Dumping data for table `equalities`
--

INSERT  INTO `equalities` (`iD`, `CurrencyID`, `value`, `date`) VALUES
(1, 1, 1, '2019-05-01 00:00:00'),
(2, 2, 0.0021765997275101, '2019-10-19 00:00:00'),
(3, 2, 0.002127659972757101, '2018-03-10 00:00:00'),
(4, 2, 0.20000000298023224, '2018-03-10 00:00:00'),
(5, 2, 0.002141329925507307, '2018-03-20 08:25:59'),
(6, 2, 0.002127659972757101, '2018-03-20 08:57:45'),
(7, 2, 467, '2018-03-20 09:03:07'),
(8, 2, 0.002141329925507307, '2018-03-20 09:06:55'),
(9, 2, 0.002141329925507307, '2018-03-20 09:21:25'),
(10, 2, 0.002141329925507307, '2018-03-20 09:23:44'),
(11, 2, 0.002141329925507307, '2018-03-20 09:32:36'),
(12, 2, 0.002141329925507307, '2018-03-20 09:32:56'),
(13, 2, 0.002150540007278323, '2018-03-23 03:40:29'),
(14, 2, 0.002150540007278323, '2018-03-23 03:40:29'),
(15, 2, 0.0021231400314718485, '2018-03-23 03:51:45'),
(16, 2, 0.002150540007278323, '2018-03-23 07:53:04'),
(17, 2, 0.002267570002004504, '2018-04-18 06:30:42'),
(18, 2, 0.002267570002004504, '2018-04-18 09:53:22'),
(19, 2, 0.0024999999441206455, '2018-04-19 06:23:56'),
(20, 2, 0.0024999999441206455, '2018-04-19 06:38:08'),
(21, 2, 0.0023255799897015095, '2018-04-19 06:40:35'),
(22, 2, 0.0022988501004874706, '2018-04-19 06:42:04'),
(23, 2, 0.002127659972757101, '2018-04-19 09:27:14'),
(24, 2, 0.0022988501004874706, '2018-04-20 04:06:26'),
(25, 2, 0.002267570002004504, '2018-04-27 11:47:57'),
(26, 2, 0.002267570002004504, '2018-04-27 12:10:16'),
(27, 2, 0.002267570002004504, '2018-04-27 09:43:38'),
(28, 2, 0.002267570002004504, '2018-04-27 09:45:14'),
(29, 2, 0.002267570002004504, '2018-04-27 09:52:09'),
(30, 2, 0.0022831049282103777, '2018-05-07 01:36:41'),
(31, 2, 0.0022371364757418633, '2018-07-03 03:51:33'),
(32, 2, 0.0022321429569274187, '2018-07-03 05:23:26'),
(33, 2, 0.0022321429569274187, '2018-07-03 05:30:06'),
(34, 2, 0.0022271715570241213, '2018-07-04 01:47:14'),
(35, 2, 0.002222222276031971, '2018-07-04 03:38:12'),
(36, 2, 0.0022321429569274187, '2018-07-05 02:22:47'),
(37, 2, 0.0022371364757418633, '2018-07-05 02:05:03'),
(38, 2, 0.0022371364757418633, '2018-07-09 11:24:33'),
(39, 2, 0.0022573363967239857, '2018-07-10 03:14:29'),
(40, 2, 0.0022675737272948027, '2018-07-10 10:30:10'),
(41, 2, 0.0022675737272948027, '2018-07-11 01:59:26'),
(42, 2, 0.0022624435368925333, '2018-07-11 02:21:38'),
(43, 2, 0.0022675737272948027, '2018-07-11 02:22:12'),
(44, 2, 0.0022624435368925333, '2018-07-11 02:27:57'),
(45, 2, 0.0022624435368925333, '2018-07-11 02:28:19'),
(46, 2, 0.0022624435368925333, '2018-07-11 02:31:48'),
(47, 2, 0.0022831049282103777, '2018-07-11 02:32:32'),
(48, 2, 0.002247191034257412, '2018-07-12 01:20:50'),
(49, 2, 0.0022727272007614374, '2018-07-17 01:46:10'),
(50, 2, 0.0022421525791287422, '2018-07-17 03:51:21'),
(51, 2, 0.0022727272007614374, '2018-07-21 02:31:15'),
(52, 2, 0.0021691974252462387, '2018-09-22 11:41:39'),
(53, 2, 0.0021551724057644606, '2018-09-30 08:17:23'),
(54, 2, 0.0021598271559923887, '2018-10-01 04:29:41'),
(55, 2, 0.0021505376789718866, '2018-10-01 04:30:43'),
(56, 2, 0.0021786491852253675, '2018-10-03 10:55:26'),
(57, 2, 0.0021739129442721605, '2018-10-03 05:03:16'),
(58, 2, 0.0021739129442721605, '2018-10-03 05:04:05'),
(59, 2, 0.0021551724057644606, '2018-10-11 01:51:16'),
(60, 2, 0.0021367521367521, '2018-10-12 06:34:46'),
(61, 2, 0.00213675224222, '2018-10-13 02:02:54'),
(62, 2, 0.00217391294427, '2018-10-14 12:06:30'),
(63, 2, 0.00215053767897, '2018-10-14 05:30:52'),
(64, 2, 0.00215517240576, '2018-10-14 05:31:46'),
(65, 2, 0.00216450216249, '2018-10-16 05:27:39'),
(66, 2, 0.0021413275972, '2018-10-16 10:46:00'),
(67, 2, 0.00207900209352, '2018-11-07 08:34:13'),
(68, 2, 0.00200000009499, '2018-11-19 02:03:10'),
(69, 2, 0.00204081623815, '2018-11-19 02:50:00'),
(70, 2, 0.00202020211145, '2018-11-20 07:50:03'),
(71, 2, 0.0020080321285141, '2019-01-05 09:58:20'),
(72, 2, 0.00195694714785, '2019-01-25 02:34:20'),
(73, 2, 0.00196078442968, '2019-01-25 03:01:58'),
(74, 1, 1, '2020-02-09 11:28:10'),
(75, 1, 1, '2020-03-18 02:59:39'),
(76, 1, 1, '2020-03-18 02:59:39'),
(77, 1, 1, '2020-04-05 12:55:07'),
(78, 1, 1, '2020-11-14 09:15:54'),
(79, 1, 1, '2020-11-14 09:23:16'),
(80, 2, 2500, '2021-02-04 11:02:48'),
(81, 2, 0.0005, '2021-02-08 09:35:28'),
(82, 2, 0.001, '2021-02-12 12:15:19'),
(83, 1, 1, '2021-05-27 11:28:30'),
(84, 2, 0.0003125, '2021-05-27 11:30:34'),
(85, 2, 0.0003125, '2021-05-31 08:33:44'),
(86, 2, 0.0003125, '2021-05-31 08:35:44'),
(87, 1, 1, '2021-06-11 09:23:17'),
(88, 1, 1, '2021-06-11 09:23:17'),
(89, 1, 1, '2021-06-11 09:23:17'),
(90, 1, 1, '2021-06-11 09:23:17'),
(91, 1, 1, '2021-06-11 09:23:17'),
(92, 1, 1, '2021-06-13 11:04:29'),
(93, 2, 0.00031249999301508, '2021-06-13 11:18:08'),
(94, 2, 0.00031249999301508, '2021-06-13 11:18:08'),
(95, 1, 1, '2021-06-13 11:18:08'),
(96, 2, 0.00031249999301508, '2021-06-14 12:14:02'),
(97, 1, 1, '2021-06-14 12:14:02'),
(98, 2, 0.00031249999301508, '2021-06-14 12:14:02'),
(99, 1, 1, '2021-06-14 12:14:02'),
(100, 2, 0.00031249999301508, '2021-06-14 12:14:02'),
(101, 1, 1, '2021-06-14 12:14:02'),
(102, 2, 0.00031249999301508, '2021-06-14 12:14:02'),
(103, 1, 1, '2021-06-14 12:14:02'),
(104, 2, 0.00031249999301508, '2021-06-14 12:14:02'),
(105, 1, 1, '2021-06-14 12:14:02'),
(106, 2, 0.00031249999301508, '2021-06-14 12:14:02'),
(107, 1, 1, '2021-06-14 12:14:02'),
(108, 2, 0.00031249999301508, '2021-06-14 12:14:02'),
(109, 1, 1, '2021-06-14 12:14:02'),
(110, 2, 0.00031249999301508, '2021-06-14 12:14:02'),
(111, 1, 1, '2021-06-14 12:14:02'),
(112, 2, 0.00031249999301508, '2021-06-14 12:14:02'),
(113, 1, 1, '2021-06-14 12:14:02'),
(114, 2, 0.00031249999301508, '2021-06-14 12:14:02'),
(115, 1, 1, '2021-06-14 12:14:02'),
(116, 2, 0.00031249999301508, '2021-06-14 12:14:02'),
(117, 1, 1, '2021-06-14 12:14:02'),
(118, 2, 0.00031249999301508, '2021-06-14 12:14:02'),
(119, 1, 1, '2021-06-14 12:14:02'),
(120, 2, 0.00031249999301508, '2021-06-14 12:14:02'),
(121, 1, 1, '2021-06-14 12:14:02'),
(122, 2, 0.00031249999301508, '2021-06-14 12:14:02'),
(123, 1, 1, '2021-06-14 12:14:02'),
(124, 2, 0.00031249999301508, '2021-06-14 12:14:02'),
(125, 1, 1, '2021-06-14 12:14:02'),
(126, 2, 0.00031249999301508, '2021-06-14 12:14:02'),
(127, 1, 1, '2021-06-14 12:14:02'),
(128, 2, 0.00031249999301508, '2021-06-14 12:14:02'),
(129, 1, 1, '2021-06-14 12:14:02'),
(130, 1, 1, '2021-06-14 12:14:02'),
(131, 1, 1, '2021-06-14 12:14:02'),
(132, 2, 0.00031249999301508, '2021-06-14 12:14:02'),
(133, 1, 1, '2021-06-14 12:14:02'),
(134, 1, 1, '2021-06-14 10:13:01'),
(135, 2, 0.00031249999301508, '2021-07-03 04:29:41'),
(136, 1, 1, '2021-07-03 04:29:41'),
(137, 2, 0.00031249999301508, '2021-07-03 04:33:58'),
(138, 1, 1, '2021-07-03 04:33:58'),
(139, 2, 0.00031249999301508, '2021-07-03 08:00:42'),
(140, 1, 1, '2021-07-03 08:00:42'),
(141, 2, 0.00030303030507639, '2021-07-03 08:11:04'),
(142, 1, 1, '2021-07-03 08:11:04'),
(143, 2, 0.00031249999301508, '2021-07-03 08:15:14'),
(144, 1, 1, '2021-07-03 08:15:14'),
(145, 2, 0.00030303030507639, '2021-07-03 08:15:33'),
(146, 1, 1, '2021-07-03 08:15:33'),
(147, 2, 0.0003125, '2021-07-05 10:09:58'),
(148, 1, 1, '2021-07-10 09:10:10'),
(149, 1, 1, '2021-07-10 04:20:28'),
(150, 1, 1, '2021-07-10 08:54:07'),
(151, 2, 0.00030769230769231, '2021-07-11 02:35:27'),
(152, 2, 0.0003125, '2021-07-21 07:42:34'),
(153, 2, 0.0003125, '2021-07-21 08:44:16'),
(154, 2, 0.0003076923021581, '2021-07-31 01:08:55'),
(155, 1, 1, '2021-07-31 01:08:55'),
(156, 2, 0.00031055900621118, '2021-07-31 02:52:20'),
(157, 2, 0.00031055900035426, '2021-07-31 02:54:39'),
(158, 1, 1, '2021-07-31 02:54:39'),
(159, 2, 0.00030487804878049, '2021-07-31 03:09:18'),
(160, 2, 0.00030487804878049, '2021-07-31 03:11:19'),
(161, 1, 1, '2021-07-31 04:00:53'),
(162, 2, 0.00030487804878049, '2021-07-31 04:13:24'),
(163, 2, 0.00030487804878049, '2021-07-31 08:15:36'),
(164, 2, 0.00030487804878049, '2021-07-31 08:20:02'),
(165, 1, 1, '2021-08-01 11:42:17'),
(166, 2, 0.00030487804878049, '2021-08-01 12:59:28'),
(167, 2, 0.00030864197530864, '2021-08-01 01:02:07'),
(168, 2, 0.00030395136778116, '2021-08-01 03:09:22'),
(169, 2, 0.00030769230769231, '2021-08-01 03:28:53'),
(170, 2, 0.00030487804878049, '2021-08-01 03:34:04'),
(171, 2, 0.00030395136778116, '2021-08-01 04:20:57'),
(172, 2, 0.00030769230769231, '2021-08-01 04:24:21'),
(173, 1, 1, '2021-08-01 05:06:37'),
(174, 2, 0.00030864197530864, '2021-08-02 02:34:42'),
(175, 2, 0.00030864197530864, '2021-08-02 02:35:58'),
(176, 2, 0.00030769230769231, '2021-08-02 03:17:30'),
(177, 2, 0.00030769230769231, '2021-08-02 07:43:58'),
(178, 2, 0.00030769230769231, '2021-08-03 10:03:43'),
(179, 2, 0.00030769230769231, '2021-08-03 12:03:15'),
(180, 2, 0.00030581039755352, '2021-08-03 12:52:50'),
(181, 2, 0.00030769230769231, '2021-08-03 04:15:51'),
(182, 2, 0.00030769230769231, '2021-08-04 12:22:41'),
(183, 2, 0.00030581039755352, '2021-08-04 12:25:42'),
(184, 2, 0.00030581039755352, '2021-08-04 03:26:12'),
(185, 2, 0.00030487804878049, '2021-08-08 01:22:36'),
(186, 2, 0.00030581039755352, '2021-08-08 02:41:51'),
(187, 2, 0.00030534351145038, '2021-08-09 12:30:59'),
(188, 2, 0.00030534351145038, '2021-08-09 12:33:32'),
(189, 2, 0.00030487804878049, '2021-08-09 01:18:36'),
(190, 2, 0.00030487804878049, '2021-08-09 03:23:55'),
(191, 2, 0.00030303030507639, '2021-08-10 01:00:20'),
(192, 1, 1, '2021-08-10 01:00:20'),
(193, 1, 1, '2021-08-10 01:03:15'),
(194, 2, 0.00030487804906443, '2021-08-10 01:06:35'),
(195, 1, 1, '2021-08-10 01:06:35'),
(196, 2, 0.0003030303030303, '2021-08-10 01:08:10'),
(197, 2, 0.00030487804878049, '2021-08-10 01:09:11'),
(198, 2, 0.00030487804878049, '2021-08-10 02:12:25'),
(199, 2, 0.00030487804878049, '2021-08-10 02:45:22'),
(200, 2, 0.00030627870000899, '2021-08-10 02:55:56'),
(201, 1, 1, '2021-08-10 02:55:56'),
(202, 2, 0.00030487804878049, '2021-08-10 03:01:47'),
(203, 2, 0.0003030303030303, '2021-08-11 12:41:11'),
(204, 1, 1, '2021-08-11 12:46:08'),
(205, 2, 0.00030487804878049, '2021-08-11 01:08:40'),
(206, 2, 0.00030581039755352, '2021-08-11 02:46:10'),
(207, 2, 0.00030487804878049, '2021-08-11 02:50:51'),
(208, 2, 0.00030581039755352, '2021-08-11 03:10:02'),
(209, 2, 0.00030395136778116, '2021-08-11 04:07:00'),
(210, 2, 0.00030487804878049, '2021-08-11 04:07:43'),
(211, 2, 0.00030211480362538, '2021-08-18 09:35:47'),
(212, 2, 0.00030120481927711, '2021-08-18 12:42:51'),
(213, 2, 0.00030120481927711, '2021-08-18 12:47:51'),
(214, 2, 0.00030120481927711, '2021-08-18 16:06:55'),
(215, 2, 0.00030120482551865, '2021-08-18 16:18:13'),
(216, 1, 1, '2021-08-18 16:18:13'),
(217, 2, 0.00029806259314456, '2021-08-19 00:40:01'),
(218, 2, 0.00030120481927711, '2021-08-19 00:42:09'),
(219, 2, 0.00029806259314456, '2021-08-19 00:45:42'),
(220, 2, 0.00029673590504451, '2021-08-19 00:46:55'),
(221, 2, 0.00030120481927711, '2021-08-19 00:47:34'),
(222, 2, 0.00029806259314456, '2021-08-19 00:48:43'),
(223, 2, 0.00029850746268657, '2021-08-19 12:05:57'),
(224, 2, 0.00029673590504451, '2021-08-21 16:49:47'),
(225, 2, 0.00029673590504451, '2021-08-21 16:51:01'),
(226, 2, 0.00029673590504451, '2021-08-21 16:52:32'),
(227, 2, 0.00029673590504451, '2021-08-21 16:54:00'),
(228, 2, 0.00029673590504451, '2021-08-21 16:58:35'),
(229, 2, 0.00030959752321981, '2021-08-21 20:11:36'),
(230, 2, 0.00030120481927711, '2021-08-21 20:19:56'),
(231, 2, 1, '2021-08-23 14:17:37'),
(232, 2, 0.00029585798816568, '2021-08-23 14:22:08'),
(233, 2, 0.00029585798816568, '2021-08-23 16:02:04'),
(234, 2, 0.00029411764705882, '2021-08-23 23:53:15'),
(235, 2, 0.0003000300030003, '2021-08-24 09:49:37'),
(236, 2, 0.0003000300030003, '2021-08-24 09:49:37'),
(237, 2, 0.00029498525073746, '2021-08-24 10:22:54'),
(238, 2, 1, '2021-08-24 13:23:45'),
(239, 2, 0.00072727272727273, '2021-08-24 15:34:49'),
(240, 2, 0.00029585798620246, '2021-08-24 17:33:07'),
(241, 1, 1, '2021-08-24 17:33:07'),
(242, 2, 1, '2021-08-24 17:34:02'),
(243, 2, 0.00029411764705882, '2021-08-24 17:34:29'),
(244, 2, 1, '2021-08-24 21:11:30'),
(245, 2, 0.00029498525073746, '2021-08-24 15:34:49'),
(246, 2, 0.00029368575624082, '2021-08-26 01:04:37'),
(247, 2, 0.00029761904761905, '2021-08-26 13:59:00'),
(248, 2, 0.00029455081001473, '2021-08-26 14:20:11'),
(249, 2, 0.0002976190589834, '2021-08-26 14:38:30'),
(250, 1, 1, '2021-08-26 14:38:30'),
(251, 2, 0.00029455081001473, '2021-08-26 15:33:43'),
(252, 2, 0.00029455081001473, '2021-08-26 15:35:02'),
(253, 2, 0.00029411764705882, '2021-08-26 17:50:07'),
(254, 2, 0.00029325513196481, '2021-08-28 09:25:41'),
(255, 2, 0.00029498525073746, '2021-08-28 09:27:12'),
(256, 2, 0.0003125, '2021-08-28 10:02:02'),
(257, 2, 0.00029325513196481, '2021-08-28 15:33:13'),
(258, 2, 0.00029411764705882, '2021-08-28 16:19:28'),
(259, 2, 0.00029411764705882, '2021-08-28 16:20:18'),
(260, 2, 0.00029411764705882, '2021-08-28 16:28:09'),
(261, 2, 0.00029411764705882, '2021-08-24 17:34:02'),
(262, 1, 1, '2021-08-28 22:39:51'),
(263, 2, 0.00029197080291971, '2021-08-29 14:30:45'),
(264, 2, 0.0002906976744186, '2021-08-29 15:44:09'),
(265, 2, 0.00029239766081871, '2021-08-29 17:44:41'),
(266, 2, 0.0002906976744186, '2021-08-30 10:13:41'),
(267, 2, 0.00028985507246377, '2021-08-30 10:42:55'),
(268, 2, 0.00028818443804035, '2021-08-30 14:06:02'),
(269, 2, 0.00028818443804035, '2021-08-30 14:51:16'),
(270, 2, 0.00028818443804035, '2021-08-30 15:16:28'),
(271, 2, 0.00028985507246377, '2021-08-31 10:15:52'),
(272, 2, 0.00028818443804035, '2021-08-31 13:46:36'),
(273, 2, 0.00028490028490028, '2021-08-31 14:00:06'),
(274, 2, 0.00028571428571429, '2021-08-31 16:58:32'),
(275, 2, 0.00027548209366391, '2021-09-01 14:47:34'),
(276, 2, 0.00027027027027027, '2021-09-01 14:48:07'),
(277, 2, 0.00027777777777778, '2021-09-01 17:26:16'),
(278, 2, 0.00027397260273973, '2021-09-02 00:50:46'),
(279, 2, 0.00027548209366391, '2021-09-02 12:03:59'),
(280, 2, 0.00027510316368638, '2021-09-02 13:49:47'),
(281, 2, 0.00027548209366391, '2021-09-02 13:50:16'),
(282, 2, 0.0099999997764826, '2021-09-02 14:43:39'),
(283, 1, 1, '2021-09-02 14:43:39'),
(284, 2, 0.0049999998882413, '2021-09-02 14:44:17'),
(285, 1, 1, '2021-09-02 14:44:17'),
(286, 2, 0.00027510316368638, '2021-09-02 15:15:29'),
(287, 2, 0.00027510316368638, '2021-09-02 15:15:48'),
(288, 1, 1, '2021-09-02 18:37:07'),
(289, 1, 1, '2021-09-02 18:37:56'),
(290, 2, 0.00028169015422463, '2021-09-04 08:13:52'),
(291, 1, 1, '2021-09-04 08:13:52'),
(292, 2, 0.00028490028490028, '2021-09-04 12:09:55'),
(293, 2, 0.00028490028490028, '2021-09-04 13:14:49'),
(294, 2, 0.00028776978417266, '2021-09-04 13:14:49'),
(295, 2, 0.00028490028490028, '2021-09-04 13:24:21'),
(296, 2, 0.00028571428571429, '2021-09-04 13:58:45'),
(297, 2, 0.00028490028490028, '2021-09-04 14:11:47'),
(298, 2, 0.00028490028490028, '2021-09-04 14:12:38'),
(299, 2, 0.00028571428571429, '2021-09-04 15:26:03'),
(300, 2, 0.00028571428571429, '2021-09-04 18:53:35'),
(301, 1, 1, '2021-01-01 00:00:00'),
(302, 2, 0.00028735632183908, '2021-09-05 12:55:12'),
(303, 2, 0.00029171528588098, '2021-09-05 14:39:21'),
(304, 2, 0.00029154518950437, '2021-09-05 14:50:45'),
(305, 2, 0.00028735632183908, '2021-09-05 15:52:13'),
(306, 2, 0.00029239766081871, '2021-09-05 15:52:13'),
(307, 2, 0.00029197080291971, '2021-09-05 16:52:50'),
(308, 2, 0.00029197080291971, '2021-09-06 13:30:34'),
(309, 2, 0.00029197080291971, '2021-09-06 15:03:39'),
(310, 2, 0.00028985505923629, '2021-09-06 16:11:16'),
(311, 1, 1, '2021-09-06 16:11:16'),
(312, 2, 0.00029197080291971, '2021-09-07 00:33:10'),
(313, 2, 0.00029197080291971, '2021-09-07 10:42:02'),
(314, 2, 0.00028985505923629, '2021-09-07 14:05:30'),
(315, 1, 1, '2021-09-07 14:05:30'),
(316, 2, 0.00028985507246377, '2021-09-07 14:49:03'),
(317, 2, 0.00028985507246377, '2021-09-07 15:17:11'),
(318, 2, 0.00028985505923629, '2021-09-07 16:16:08'),
(319, 1, 1, '2021-09-07 16:16:08'),
(320, 2, 0.00028985507246377, '2021-09-08 10:16:08'),
(321, 2, 0.00028985507246377, '2021-09-08 14:15:15'),
(322, 2, 0.00029325513196481, '2021-09-08 14:49:23'),
(323, 2, 0.00028735632183908, '2021-09-08 14:51:43'),
(324, 2, 0.00028985507246377, '2021-09-08 15:21:50'),
(325, 2, 0.00028735632183908, '2021-09-09 10:36:11'),
(326, 2, 0.00028735632183908, '2021-09-09 14:19:22'),
(327, 2, 0.00028735632183908, '2021-09-09 14:47:37'),
(328, 2, 0.00028985507246377, '2021-09-09 15:00:28'),
(329, 2, 0.00028901734104046, '2021-09-09 15:00:50'),
(330, 2, 0.00028735632183908, '2021-09-09 15:40:32'),
(331, 2, 0.00028985507246377, '2021-09-09 16:15:06'),
(332, 2, 0.00028985507246377, '2021-09-09 16:15:06'),
(333, 1, 1, '2021-09-09 17:22:43'),
(334, 1, 1, '2021-09-09 17:24:08'),
(335, 2, 0.00028985507246377, '2021-09-11 11:35:15'),
(336, 2, 0.00028985507246377, '2021-09-11 13:20:54'),
(337, 2, 0.0002906976744186, '2021-09-11 15:01:12'),
(338, 2, 0.00028985505923629, '2021-09-12 12:22:18'),
(339, 1, 1, '2021-09-12 12:22:18'),
(340, 2, 0.00028571428571429, '2021-09-12 12:23:05'),
(341, 2, 0.00028571428571429, '2021-09-12 13:12:00'),
(342, 2, 0.00028571428571429, '2021-09-12 13:38:44'),
(343, 2, 0.00028571428571429, '2021-09-12 13:41:40'),
(344, 2, 0.00028571428571429, '2021-09-12 13:43:03'),
(345, 2, 0.00028985505923629, '2021-09-12 13:57:50'),
(346, 1, 1, '2021-09-12 13:57:50'),
(347, 2, 0.00028985507246377, '2021-09-12 14:25:05'),
(348, 2, 0.00028571428571429, '2021-09-12 21:49:34'),
(349, 2, 0.00028985507246377, '2021-09-13 09:09:06'),
(350, 2, 0.00028571428571429, '2021-09-13 10:37:48'),
(351, 2, 0.00028901734104046, '2021-09-13 11:49:44'),
(352, 2, 0.00028985507246377, '2021-09-13 12:08:17'),
(353, 2, 0.00028571428571429, '2021-09-13 14:07:31'),
(354, 2, 0.00028571428571429, '2021-09-13 14:08:35'),
(355, 2, 0.00028571428571429, '2021-09-13 14:41:25'),
(356, 2, 0.00028571428571429, '2021-09-13 14:48:22'),
(357, 2, 0.00028571428571429, '2021-09-13 14:48:52'),
(358, 2, 0.00028985507246377, '2021-09-13 16:41:09'),
(359, 2, 0.00028571428571429, '2021-09-14 11:37:34'),
(360, 2, 0.00028776978417266, '2021-09-14 12:53:19'),
(361, 2, 0.00028571428571429, '2021-09-14 14:11:18'),
(362, 2, 0.00028571428265423, '2021-09-14 15:04:42'),
(363, 1, 1, '2021-09-14 15:04:42'),
(364, 2, 0.00028785262838937, '2021-09-14 15:07:44'),
(365, 1, 1, '2021-09-14 15:07:44'),
(366, 2, 0.00028571428571429, '2021-09-15 15:54:01'),
(367, 2, 0.00028571428571429, '2021-09-15 15:54:47'),
(368, 2, 0.00028571428571429, '2021-09-15 15:57:49'),
(369, 2, 0.00028571428571429, '2021-09-15 15:59:16'),
(370, 2, 0.00028571428571429, '2021-09-16 09:32:07'),
(371, 2, 0.00028571428571429, '2021-09-16 09:41:11'),
(372, 2, 0.00028571428571429, '2021-09-16 14:51:19'),
(373, 2, 0.00028571428571429, '2021-09-16 15:35:48'),
(374, 2, 0.00028571428571429, '2021-09-16 15:40:27'),
(375, 2, 0.00028571428571429, '2021-09-16 16:05:40'),
(376, 2, 0.00028571428571429, '2021-09-16 17:32:22'),
(377, 2, 0.00028571428571429, '2021-09-18 10:51:56'),
(378, 2, 0.00029585798816568, '2021-09-18 10:52:47'),
(379, 2, 0.00028571428571429, '2021-09-18 10:52:47'),
(380, 2, 0.00029197080291971, '2021-09-18 12:37:14'),
(381, 2, 0.00028571428571429, '2021-09-18 13:25:56'),
(382, 2, 0.0002865329512894, '2021-09-18 14:58:52'),
(383, 2, 0.00028694404591105, '2021-09-18 16:15:38'),
(384, 2, 0.00028694404591105, '2021-09-19 12:17:12'),
(385, 2, 0.00028571428571429, '2021-09-19 14:39:18'),
(386, 2, 0.00028735632076859, '2021-09-19 14:40:19'),
(387, 1, 1, '2021-09-19 14:40:19'),
(388, 2, 0.00028735632076859, '2021-09-19 14:40:30'),
(389, 1, 1, '2021-09-19 14:40:30'),
(390, 2, 0.00028571428571429, '2021-09-19 14:41:01'),
(391, 2, 0.00028776978417266, '2021-09-19 21:48:41'),
(392, 2, 0.00028776978417266, '2021-09-20 00:52:29'),
(393, 2, 0.0002865329512894, '2021-09-20 11:52:51'),
(394, 2, 0.00028694404591105, '2021-09-20 12:46:32'),
(395, 2, 0.00028735632183908, '2021-09-20 12:46:53'),
(396, 2, 0.00028571428571429, '2021-09-20 12:52:07'),
(397, 2, 0.00028571428571429, '2021-09-20 12:52:36'),
(398, 2, 0.00028571428571429, '2021-09-21 12:02:56'),
(399, 2, 0.00028571428571429, '2021-09-21 12:04:58'),
(400, 2, 0.00028653294430114, '2021-09-21 12:06:21'),
(401, 1, 1, '2021-09-21 12:06:21'),
(402, 2, 0.00028571428571429, '2021-09-21 12:09:47'),
(403, 2, 0.0002865329512894, '2021-09-21 12:12:21'),
(404, 2, 0.00028653294430114, '2021-09-21 13:41:07'),
(405, 1, 1, '2021-09-21 13:41:07'),
(406, 2, 0.00028571428571429, '2021-09-21 13:41:40'),
(407, 2, 0.00028571428571429, '2021-09-21 14:24:56'),
(408, 2, 0.00028735632183908, '2021-09-21 14:25:27'),
(409, 2, 0.00028571428571429, '2021-09-21 14:42:35'),
(410, 2, 0.0002865329512894, '2021-09-22 11:13:59'),
(411, 2, 0.00028776978417266, '2021-09-23 12:17:10'),
(412, 2, 0.00028776978417266, '2021-09-23 12:27:44'),
(413, 2, 0.00028776978417266, '2021-09-23 12:27:44'),
(414, 2, 0.00028776976978406, '2021-09-23 13:08:41'),
(415, 1, 1, '2021-09-23 13:08:41'),
(416, 2, 0.00028776978417266, '2021-09-23 13:39:45'),
(417, 2, 0.0002906976744186, '2021-09-23 14:05:06'),
(418, 2, 0.00028985507246377, '2021-09-23 14:35:38'),
(419, 2, 0.00028776978417266, '2021-09-23 19:31:03'),
(420, 2, 0.00028735632076859, '2021-09-25 00:24:40'),
(421, 1, 1, '2021-09-25 00:24:40'),
(422, 2, 0.00028571428265423, '2021-09-25 10:14:50'),
(423, 1, 1, '2021-09-25 10:14:50'),
(424, 2, 0.00028851702250433, '2021-09-25 13:43:51'),
(425, 2, 0.00029239766081871, '2021-09-25 13:47:33'),
(426, 2, 0.00028735632183908, '2021-09-25 14:07:10'),
(427, 2, 0.00028571428571429, '2021-09-25 14:52:48'),
(428, 2, 0.00028571428571429, '2021-09-25 14:55:12'),
(429, 2, 0.00028901734104046, '2021-09-25 15:09:43'),
(430, 2, 0.00028571428571429, '2021-09-25 15:17:52'),
(431, 2, 0.00028571428571429, '2021-09-26 12:42:00'),
(432, 2, 0.00028571428571429, '2021-09-26 13:47:50'),
(433, 2, 0.00028571428571429, '2021-09-26 14:16:10'),
(434, 2, 0.00028571428571429, '2021-09-26 14:40:08'),
(435, 2, 0.0002865329512894, '2021-09-26 15:15:20'),
(436, 2, 0.0002865329512894, '2021-09-26 15:44:41'),
(437, 2, 0.00028409090909091, '2021-09-28 11:37:51'),
(438, 2, 0.00028571428571429, '2021-09-28 11:43:10'),
(439, 2, 0.00028571428571429, '2021-09-28 11:52:19'),
(440, 2, 0.00028571428571429, '2021-09-28 11:54:03'),
(441, 2, 0.00028409090909091, '2021-09-28 11:55:52'),
(442, 2, 0.0002865329512894, '2021-09-28 14:06:27'),
(443, 2, 0.00028694404591105, '2021-09-28 14:44:47'),
(444, 2, 0.00028571428571429, '2021-09-28 18:34:39'),
(445, 2, 0.00028409090909091, '2021-09-28 18:34:39'),
(446, 2, 0.00028409090909091, '2021-09-29 10:29:19'),
(447, 2, 0.00028735632183908, '2021-09-29 11:14:46'),
(448, 2, 0.00028571428571429, '2021-09-29 11:16:31'),
(449, 2, 0.00028571428571429, '2021-09-29 13:58:31'),
(450, 2, 0.00028571428265423, '2021-09-29 13:59:15'),
(451, 1, 1, '2021-09-29 13:59:15'),
(452, 2, 0.00028409090909091, '2021-09-29 14:48:06'),
(453, 2, 0.00028653294430114, '2021-09-29 22:12:31'),
(454, 1, 1, '2021-09-29 22:12:31'),
(455, 2, 0.00028409090909091, '2021-09-30 10:13:32'),
(456, 2, 0.00028409090909091, '2021-09-30 13:02:48'),
(457, 2, 0.00028409090909091, '2021-09-30 13:11:09'),
(458, 2, 0.00028409090909091, '2021-09-30 14:09:26'),
(459, 2, 0.00028409090909091, '2021-09-30 15:16:52'),
(460, 2, 0.00028409090909091, '2021-09-30 15:18:52'),
(461, 2, 0.00028571428571429, '2021-09-30 17:25:05'),
(462, 2, 0.00028851702250433, '2021-09-30 21:23:56'),
(463, 2, 0.00028571428571429, '2021-09-30 21:33:05'),
(464, 2, 0.00028409090909091, '2021-10-01 16:36:43'),
(465, 2, 0.00028571428571429, '2021-10-02 12:46:43'),
(466, 2, 0.00028571428571429, '2021-10-02 14:15:23'),
(467, 2, 0.00028571428571429, '2021-10-02 15:04:33'),
(468, 2, 0.00028571428571429, '2021-10-02 15:10:29'),
(469, 2, 0.00028571428571429, '2021-10-02 15:10:59'),
(470, 2, 0.0002865329512894, '2021-10-02 15:12:24'),
(471, 2, 0.00028409090909091, '2021-10-03 13:06:58'),
(472, 2, 0.0002865329512894, '2021-10-03 14:39:24'),
(473, 2, 0.0002865329512894, '2021-10-03 14:40:56'),
(474, 2, 0.00028571428571429, '2021-10-04 08:37:29'),
(475, 2, 0.00028735632076859, '2021-10-04 11:31:37'),
(476, 1, 1, '2021-10-04 11:31:37'),
(477, 2, 0.00028735632183908, '2021-10-04 14:32:39'),
(478, 2, 0.00028943560057887, '2021-10-04 15:02:00'),
(479, 2, 0.00028735632076859, '2021-10-04 16:19:09'),
(480, 1, 1, '2021-10-04 16:19:09'),
(481, 2, 0.00028694404591105, '2021-10-05 14:29:11'),
(482, 2, 0.00028571428571429, '2021-10-05 14:29:31'),
(483, 2, 0.00028571428571429, '2021-10-05 15:57:32'),
(484, 2, 0.00028694403590634, '2021-10-06 11:27:29'),
(485, 1, 1, '2021-10-06 11:27:29'),
(486, 2, 0.00028409090909091, '2021-10-06 14:37:05'),
(487, 2, 0.00028409090909091, '2021-10-06 15:09:17'),
(488, 2, 0.00028409090909091, '2021-10-06 15:12:52'),
(489, 2, 0.00028571428571429, '2021-10-06 15:12:52'),
(490, 2, 0.00028571428571429, '2021-10-07 11:05:27'),
(491, 2, 0.00028571428571429, '2021-10-07 11:13:50'),
(492, 2, 0.00028985507246377, '2021-10-07 12:34:48'),
(493, 2, 0.00028571428571429, '2021-10-07 12:54:37'),
(494, 2, 0.00028409090909091, '2021-10-07 13:15:02'),
(495, 2, 0.00028571428571429, '2021-10-07 14:34:04'),
(496, 2, 0.00028571428571429, '2021-10-07 14:47:00'),
(497, 2, 0.00028409090909091, '2021-10-07 14:47:58'),
(498, 2, 0.00028409090909091, '2021-10-07 14:48:24'),
(499, 2, 0.00028571428265423, '2021-10-07 14:49:24'),
(500, 1, 1, '2021-10-07 14:49:24'),
(501, 2, 0.00028409090909091, '2021-10-07 15:08:11'),
(502, 2, 0.00028571428571429, '2021-10-07 15:16:15'),
(503, 2, 0.00028571428571429, '2021-10-08 19:12:13'),
(504, 2, 0.00028735632183908, '2021-10-09 10:05:10'),
(505, 2, 0.00028409090909091, '2021-10-09 11:26:55'),
(506, 2, 0.00028571428571429, '2021-10-09 11:26:55'),
(507, 2, 0.00028571428571429, '2021-10-09 14:06:52'),
(508, 2, 0.00028571428571429, '2021-10-09 14:59:31'),
(509, 2, 0.00028571428571429, '2021-10-09 20:37:37'),
(510, 2, 0.00028409090909091, '2021-10-10 10:47:10'),
(511, 2, 0.00028409090909091, '2021-10-10 10:48:17'),
(512, 2, 0.00028776978417266, '2021-10-10 12:05:49'),
(513, 2, 0.00028571428571429, '2021-10-10 12:05:49'),
(514, 2, 0.00028490027762018, '2021-10-10 15:47:44'),
(515, 1, 1, '2021-10-10 15:47:44'),
(516, 2, 0.00028571428571429, '2021-10-10 22:45:20'),
(517, 2, 0.00028571428571429, '2021-10-11 12:31:43'),
(518, 2, 0.00028571428571429, '2021-10-11 15:30:46'),
(519, 2, 0.00028571428571429, '2021-10-11 15:32:20'),
(520, 2, 0.00028409090909091, '2021-10-11 15:33:09'),
(521, 2, 0.00028571428571429, '2021-10-11 16:02:51'),
(522, 2, 0.00028409090909091, '2021-10-12 13:31:18'),
(523, 2, 0.00028571428571429, '2021-10-13 10:19:50'),
(524, 2, 0.00028409090909091, '2021-10-14 09:48:36'),
(525, 2, 0.00028409090909091, '2021-10-14 11:13:42'),
(526, 2, 0.00028571428571429, '2021-10-14 11:29:13'),
(527, 2, 0.00028409090909091, '2021-10-14 13:29:34'),
(528, 2, 0.00028409090909091, '2021-10-14 13:32:18'),
(529, 2, 0.00028409090909091, '2021-10-17 11:45:13'),
(530, 2, 0.00028409090909091, '2021-10-17 11:46:32'),
(531, 2, 0.00028571428571429, '2021-10-18 11:09:44'),
(532, 2, 0.00028571428571429, '2021-10-18 14:29:38'),
(533, 2, 0.00028571428571429, '2021-10-18 14:30:25'),
(534, 2, 0.00028409090909091, '2021-10-18 14:31:02'),
(535, 2, 0.00028409090909091, '2021-10-18 14:32:27'),
(536, 2, 0.00028409090909091, '2021-10-18 15:20:04'),
(537, 2, 0.00028409090909091, '2021-10-18 15:20:47'),
(538, 2, 0.00028409090909091, '2021-10-18 15:21:58'),
(539, 2, 0.00028409090909091, '2021-10-19 14:17:39'),
(540, 2, 0.00028409090909091, '2021-10-20 09:35:16'),
(541, 2, 0.00028409090909091, '2021-10-20 09:35:16'),
(542, 2, 0.00028409090909091, '2021-10-20 09:35:16'),
(543, 2, 0.00028409090909091, '2021-10-20 09:35:16'),
(544, 2, 0.00028409090909091, '2021-10-20 09:35:16'),
(545, 2, 0.00028571428571429, '2021-10-20 11:22:17'),
(546, 2, 0.00028409090909091, '2021-10-20 12:02:08'),
(547, 2, 0.00028571428571429, '2021-10-20 12:51:04'),
(548, 2, 0.00028571428571429, '2021-10-20 14:48:15'),
(549, 2, 0.00028409090909091, '2021-10-20 14:59:10'),
(550, 2, 0.00028571428265423, '2021-10-20 17:53:45'),
(551, 1, 1, '2021-10-20 17:53:45'),
(552, 2, 0.00028571428265423, '2021-10-20 17:53:51'),
(553, 1, 1, '2021-10-20 17:53:51'),
(554, 2, 0.00028571428571429, '2021-10-21 09:12:40'),
(555, 2, 0.00028409090909091, '2021-10-21 11:02:23'),
(556, 2, 0.00028571428571429, '2021-10-21 11:16:02'),
(557, 2, 0.00028571428265423, '2021-10-21 14:08:11'),
(558, 1, 1, '2021-10-21 14:08:11'),
(559, 2, 0.00028571428265423, '2021-10-21 14:08:48'),
(560, 1, 1, '2021-10-21 14:08:48'),
(561, 2, 0.00028409090909091, '2021-10-21 14:25:15'),
(562, 2, 0.00028409090909091, '2021-10-21 14:25:54'),
(563, 2, 0.00028409090909091, '2021-10-21 15:01:54'),
(564, 2, 0.00028735632183908, '2021-10-21 15:49:12'),
(565, 2, 0.00028735632183908, '2021-10-22 17:11:12'),
(566, 2, 0.00028409090909091, '2021-10-23 12:54:02'),
(567, 2, 0.00028409090909091, '2021-10-23 12:57:18'),
(568, 2, 0.00028409090909091, '2021-10-23 13:56:41'),
(569, 2, 0.00028735632183908, '2021-10-23 14:37:59'),
(570, 2, 0.00028735632183908, '2021-10-23 15:33:25'),
(571, 2, 0.00028735632076859, '2021-10-23 17:31:43'),
(572, 1, 1, '2021-10-23 17:31:43'),
(573, 2, 0.00028571428571429, '2021-10-24 11:57:17'),
(574, 2, 0.00028409090909091, '2021-10-24 11:58:10'),
(575, 2, 0.00028735632183908, '2021-10-24 13:00:20'),
(576, 2, 0.00028409090909091, '2021-10-25 11:06:04'),
(577, 2, 0.00028571428571429, '2021-10-25 13:40:04'),
(578, 2, 0.00028571428571429, '2021-10-25 15:05:14'),
(579, 2, 0.00028735632076859, '2021-10-25 15:59:29'),
(580, 1, 1, '2021-10-25 15:59:29'),
(581, 2, 0.00028571428571429, '2021-10-26 11:44:12'),
(582, 2, 0.00028571428571429, '2021-10-26 12:12:46'),
(583, 2, 0.00028409090909091, '2021-10-26 14:47:13'),
(584, 2, 0.00028620491502807, '2021-10-26 17:02:41'),
(585, 1, 1, '2021-10-26 17:02:41'),
(586, 2, 0.00028571428571429, '2021-10-27 09:25:52'),
(587, 2, 0.00028571428571429, '2021-10-27 12:49:11'),
(588, 2, 0.00028409090909091, '2021-10-27 14:28:39'),
(589, 2, 0.00028409090909091, '2021-10-28 10:36:56'),
(590, 2, 0.00028409090909091, '2021-10-28 11:13:53'),
(591, 2, 0.00028571428571429, '2021-10-28 11:42:13'),
(592, 2, 0.00028571428571429, '2021-10-28 12:13:49'),
(593, 2, 0.00028409090909091, '2021-10-28 12:36:26'),
(594, 2, 0.00028409090909091, '2021-10-28 12:42:55'),
(595, 2, 0.00028571428571429, '2021-10-28 13:08:35'),
(596, 2, 0.00028571428265423, '2021-10-28 13:15:52'),
(597, 1, 1, '2021-10-28 13:15:52'),
(598, 2, 0.00028409090909091, '2021-10-28 16:05:05'),
(599, 2, 0.00028571428571429, '2021-10-30 08:53:31'),
(600, 2, 0.00028571428571429, '2021-10-30 11:48:44'),
(601, 2, 0.00028818444116041, '2021-10-30 12:43:12'),
(602, 1, 1, '2021-10-30 12:43:12'),
(603, 2, 0.00028409090909091, '2021-10-30 13:14:02'),
(604, 2, 0.00028409090909091, '2021-10-30 13:43:50'),
(605, 2, 0.00028409090909091, '2021-10-30 13:56:05'),
(606, 2, 0.00028818443804035, '2021-10-30 14:06:24'),
(607, 2, 0.00028818444116041, '2021-10-30 14:10:55'),
(608, 1, 1, '2021-10-30 14:10:55'),
(609, 2, 0.00028409090909091, '2021-10-30 14:22:21'),
(610, 2, 0.00028571428571429, '2021-10-31 12:32:00'),
(611, 2, 0.00028571428571429, '2021-10-31 12:32:00'),
(612, 2, 0.00028985507246377, '2021-10-31 13:50:42'),
(613, 2, 0.00028571428571429, '2021-11-01 13:51:43'),
(614, 2, 0.00028571428571429, '2021-11-02 12:23:55'),
(615, 2, 0.00028409090909091, '2021-11-02 13:25:16'),
(616, 2, 0.00028571428571429, '2021-11-02 13:58:33'),
(617, 2, 0.00028409090909091, '2021-11-02 14:24:57'),
(618, 2, 0.00028571428571429, '2021-11-02 14:29:19'),
(619, 2, 0.00028409090909091, '2021-11-02 14:29:59'),
(620, 2, 0.00028571428265423, '2021-11-02 16:09:26'),
(621, 1, 1, '2021-11-02 16:09:26'),
(622, 2, 0.00028571428571429, '2021-11-03 11:08:06'),
(623, 2, 0.00028571428571429, '2021-11-03 17:24:01'),
(624, 2, 0.00028409090909091, '2021-11-03 17:33:54'),
(625, 2, 0.00028571428265423, '2021-11-04 10:34:45'),
(626, 1, 1, '2021-11-04 10:34:45'),
(627, 2, 0.00028735632183908, '2021-11-04 13:54:02'),
(628, 2, 0.00028571428571429, '2021-11-04 14:30:11'),
(629, 2, 0.00028409090909091, '2021-11-04 14:45:11'),
(630, 2, 0.00028409090909091, '2021-11-04 14:47:23'),
(631, 2, 0.00028409090909091, '2021-11-04 14:47:52'),
(632, 2, 0.00028409090909091, '2021-11-04 15:07:23'),
(633, 2, 0.00028409090909091, '2021-11-04 15:08:50'),
(634, 2, 0.00028571428571429, '2021-11-06 14:12:19'),
(635, 2, 0.00028571428571429, '2021-11-06 14:55:28'),
(636, 2, 0.00028571428571429, '2021-11-06 17:32:23'),
(637, 2, 0.00028571428571429, '2021-11-07 10:13:52'),
(638, 2, 0.00028571428571429, '2021-11-07 14:39:11'),
(639, 2, 0.00028571428571429, '2021-11-07 14:39:38'),
(640, 2, 0.00028571428571429, '2021-11-07 14:42:26'),
(641, 2, 0.00028571428571429, '2021-11-07 15:10:24'),
(642, 2, 0.00028571428571429, '2021-11-07 15:11:01'),
(643, 2, 0.00028571428571429, '2021-11-07 17:03:06'),
(644, 2, 0.00028571428571429, '2021-11-07 17:18:43'),
(645, 2, 0.00028571428571429, '2021-11-07 17:54:36'),
(646, 2, 0.00028571428265423, '2021-11-07 17:58:21'),
(647, 1, 1, '2021-11-07 17:58:21'),
(648, 2, 0.00028885037550549, '2021-11-08 10:59:35'),
(649, 2, 0.00028571428571429, '2021-11-04 14:47:23'),
(650, 2, 0.00028571428571429, '2021-11-08 11:06:57'),
(651, 2, 0.00028571428571429, '2021-11-08 15:26:36'),
(652, 2, 0.00028571428571429, '2021-11-09 11:34:10'),
(653, 2, 0.00028571428571429, '2021-11-09 11:34:10'),
(654, 2, 0.00028571428571429, '2021-11-09 11:36:48'),
(655, 2, 0.00028571428571429, '2021-11-09 14:43:18'),
(656, 2, 0.00028571428571429, '2021-11-09 15:04:50'),
(657, 2, 0.0002865329512894, '2021-11-10 10:04:21'),
(658, 2, 0.00028571428571429, '2021-11-10 13:43:49'),
(659, 2, 0.00028571428571429, '2021-11-10 15:01:57'),
(660, 2, 0.00028571428571429, '2021-11-11 13:50:48'),
(661, 2, 0.00028571428571429, '2021-11-11 14:08:26'),
(662, 2, 0.00028571428571429, '2021-11-11 14:54:12'),
(663, 2, 0.00028571428571429, '2021-11-11 22:16:50'),
(664, 2, 0.00028571428265423, '2021-11-13 12:35:22'),
(665, 2, 0.00028571428265423, '2021-11-13 12:35:30'),
(666, 2, 0.00028571428265423, '2021-11-13 12:35:56'),
(667, 2, 0.00028571428265423, '2021-11-13 12:36:27'),
(668, 2, 0.00028571428265423, '2021-11-13 12:36:33'),
(669, 2, 0.00028571428265423, '2021-11-13 12:36:35'),
(670, 1, 1, '2021-11-13 12:36:35'),
(671, 2, 0.00028571428571429, '2021-11-14 09:14:58'),
(672, 2, 0.00028571428571429, '2021-11-14 13:45:21'),
(673, 2, 0.00028571428571429, '2021-11-14 13:46:12'),
(674, 2, 0.00028571428571429, '2021-11-15 09:30:27'),
(675, 2, 0.00028571428571429, '2021-11-15 11:28:37'),
(676, 2, 0.00028571428571429, '2021-11-15 11:28:37'),
(677, 2, 0.00028735632183908, '2021-11-15 13:17:02'),
(678, 2, 0.00028571428571429, '2021-11-15 20:25:45'),
(679, 2, 0.00028571428571429, '2021-11-16 10:34:32'),
(680, 2, 0.00028571428571429, '2021-11-16 10:36:19'),
(681, 2, 0.00028571428571429, '2021-11-16 12:13:22'),
(682, 2, 0.00028409090909091, '2021-11-18 10:30:06'),
(683, 2, 0.00028710882179439, '2021-11-18 15:42:48'),
(684, 1, 1, '2021-11-18 15:42:48'),
(685, 2, 0.00028571428571429, '2021-11-20 12:59:19'),
(686, 2, 0.00028571428571429, '2021-11-20 13:00:09'),
(687, 2, 0.00028571428571429, '2021-11-20 14:42:45'),
(688, 2, 0.00028985505923629, '2021-11-21 11:43:59'),
(689, 2, 0.00028985505923629, '2021-11-21 11:44:12'),
(690, 2, 0.00028985507246377, '2021-11-21 11:44:46'),
(691, 2, 0.00028571428571429, '2021-11-21 11:45:30'),
(692, 2, 0.00028571428265423, '2021-11-22 10:18:21'),
(693, 2, 0.00028571428265423, '2021-11-22 10:18:44'),
(694, 2, 0.00028571428265423, '2021-11-22 10:22:17'),
(695, 2, 0.00028571428265423, '2021-11-22 10:22:22'),
(696, 2, 0.00028571428265423, '2021-11-22 10:24:49'),
(697, 2, 0.00028571428265423, '2021-11-22 10:27:04'),
(698, 1, 1, '2021-11-22 10:27:04'),
(699, 2, 0.00028985505923629, '2021-11-22 10:27:27'),
(700, 1, 1, '2021-11-22 10:27:27'),
(701, 2, 0.00028571428571429, '2021-11-22 10:56:58'),
(702, 2, 0.00028571428571429, '2021-11-22 10:57:48'),
(703, 2, 0.00028571428571429, '2021-11-22 16:11:33'),
(704, 2, 0.00028571428265423, '2021-11-23 11:02:01'),
(705, 1, 1, '2021-11-23 11:02:01'),
(706, 2, 0.00028571428571429, '2021-11-24 10:37:10'),
(707, 2, 0.00028604118993135, '2021-11-24 11:46:13'),
(708, 2, 0.00028604118993135, '2021-11-24 11:46:13'),
(709, 2, 0.00028571428571429, '2021-11-24 13:35:52'),
(710, 2, 0.00028571428571429, '2021-11-25 12:12:54'),
(711, 2, 0.00028571428571429, '2021-11-25 13:09:19'),
(712, 2, 0.00028571428571429, '2021-11-25 13:09:45'),
(713, 2, 0.00028571428571429, '2021-11-25 13:11:10'),
(714, 2, 0.00028571428571429, '2021-11-25 13:11:43'),
(715, 2, 0.00028571428571429, '2021-11-27 13:24:47'),
(716, 2, 0.00028571428571429, '2021-11-27 13:51:55'),
(717, 2, 0.00028571428571429, '2021-11-27 14:14:40'),
(718, 2, 0.00028571428571429, '2021-11-28 11:34:55'),
(719, 2, 0.00028571428571429, '2021-11-28 11:55:43'),
(720, 2, 0.00028571428571429, '2021-11-28 13:09:12'),
(721, 2, 0.00028571428571429, '2021-11-28 14:57:10'),
(722, 2, 0.00028571428571429, '2021-11-29 13:17:40'),
(723, 2, 0.00028571428571429, '2021-11-30 13:52:56'),
(724, 2, 0.00028571428571429, '2021-11-30 14:50:12'),
(725, 2, 0.00028571428571429, '2021-12-01 09:16:30'),
(726, 2, 0.00028571428571429, '2021-12-01 12:30:01'),
(727, 2, 0.00028571428571429, '2021-12-02 10:54:52'),
(728, 2, 0.00028571428571429, '2021-12-02 11:47:23'),
(729, 2, 0.00028571428571429, '2021-12-02 12:01:26'),
(730, 2, 0.00028571428571429, '2021-12-02 13:16:40'),
(731, 2, 0.00028571428571429, '2021-12-02 13:20:15'),
(732, 2, 0.00028571428571429, '2021-12-04 13:03:29'),
(733, 2, 0.00028571428571429, '2021-12-05 11:42:16'),
(734, 2, 0.00028571428571429, '2021-12-05 14:28:29'),
(735, 2, 0.00028571428571429, '2021-12-05 14:29:20'),
(736, 2, 0.00028571428571429, '2021-12-05 15:00:23'),
(737, 2, 0.00028571428571429, '2021-12-05 15:30:12'),
(738, 2, 0.00028571428571429, '2021-12-06 12:15:56'),
(739, 2, 0.00028571428571429, '2021-12-06 13:01:24'),
(740, 2, 0.00028571428571429, '2021-12-07 11:31:02'),
(741, 2, 0.00028571428571429, '2021-12-07 14:04:30'),
(742, 2, 0.00028571428571429, '2021-12-08 11:57:14'),
(743, 2, 0.00028571428571429, '2021-12-08 12:25:41'),
(744, 2, 0.00028571428571429, '2021-12-08 13:35:54'),
(745, 2, 0.00028571428571429, '2021-12-09 11:35:57'),
(746, 2, 0.00028571428265423, '2021-12-09 11:37:04'),
(747, 1, 1, '2021-12-09 11:37:04'),
(748, 2, 0.00028571428571429, '2021-12-09 12:39:28'),
(749, 2, 0.00028571428571429, '2021-12-09 13:07:12'),
(750, 2, 0.00028571428571429, '2021-12-09 14:20:42'),
(751, 2, 0.00028571428571429, '2021-12-09 14:21:00'),
(752, 2, 0.00028571428571429, '2021-12-09 14:33:01'),
(753, 2, 0.00028571428571429, '2021-12-11 11:43:47'),
(754, 2, 0.00028571428571429, '2021-12-11 11:44:25'),
(755, 2, 0.00028571428571429, '2021-12-11 13:51:18'),
(756, 2, 0.00028571428571429, '2021-12-13 11:01:43'),
(757, 2, 0.00028571428571429, '2021-12-13 11:02:24'),
(758, 2, 0.00028571428571429, '2021-12-14 11:15:11'),
(759, 2, 0.00028571428571429, '2021-12-14 12:01:27'),
(760, 2, 0.00028571428571429, '2021-12-14 14:01:49'),
(761, 2, 0.00028571428571429, '2021-12-14 15:11:00'),
(762, 2, 0.00028571428571429, '2021-12-15 12:38:23'),
(763, 2, 0.00028571428571429, '2021-12-15 13:37:18'),
(764, 2, 0.00028571428571429, '2021-12-16 10:21:46'),
(765, 2, 0.00028571428571429, '2021-12-16 10:55:27'),
(766, 2, 0.00028571428571429, '2021-12-16 10:56:03'),
(767, 2, 0.00028571428571429, '2021-12-16 10:57:22'),
(768, 2, 0.00028571428571429, '2021-12-16 11:30:14'),
(769, 2, 0.00028571428571429, '2021-12-16 13:59:27'),
(770, 2, 0.00028169014084507, '2021-12-16 13:59:27'),
(771, 2, 0.00028368794326241, '2021-12-16 14:27:03'),
(772, 2, 0.00028571428571429, '2021-12-16 14:39:52'),
(773, 2, 0.00028571428571429, '2021-12-18 11:36:42'),
(774, 2, 0.00028571428571429, '2021-12-18 11:43:32'),
(775, 2, 0.00028571428571429, '2021-12-18 11:54:30'),
(776, 2, 0.00028571428571429, '2021-12-18 12:03:41'),
(777, 2, 0.00028169014084507, '2021-12-18 12:39:27'),
(778, 2, 0.00028571428571429, '2021-12-18 14:17:35'),
(779, 2, 0.00028571428571429, '2021-12-19 14:17:06'),
(780, 2, 0.00028571428571429, '2021-12-20 08:35:42'),
(781, 2, 0.00028571428571429, '2021-12-20 10:30:55'),
(782, 2, 0.00028571428571429, '2021-12-20 10:31:26'),
(783, 2, 0.00028571428571429, '2021-12-20 10:44:53'),
(784, 2, 0.00028571428571429, '2021-12-20 10:45:29'),
(785, 2, 0.00028571428571429, '2021-12-20 10:52:52'),
(786, 2, 0.00028571428571429, '2019-05-01 00:00:00'),
(787, 2, 0.00028571428571429, '2021-12-21 08:51:38'),
(788, 2, 0.00027972027972028, '2021-12-21 10:59:42'),
(789, 2, 0.00027777777777778, '2021-12-21 10:59:42'),
(790, 2, 0.00028571428571429, '2021-12-21 12:33:01'),
(791, 2, 0.00027777777777778, '2021-12-21 16:29:34'),
(792, 2, 0.00027777777777778, '2021-12-22 13:04:24'),
(793, 2, 0.00027777777777778, '2021-12-22 15:50:40'),
(794, 2, 0.00027777777777778, '2021-12-22 16:34:39'),
(795, 2, 0.00027777777777778, '2021-12-22 16:35:27'),
(796, 2, 0.00027777777777778, '2021-12-23 08:40:20'),
(797, 2, 0.00027777777777778, '2021-12-23 12:21:11'),
(798, 2, 0.00027777777777778, '2021-12-23 12:31:12'),
(799, 2, 0.00027777777777778, '2021-12-23 12:37:19'),
(800, 2, 0.00027777777777778, '2021-12-23 13:04:07'),
(801, 2, 0.00027816410874948, '2021-12-23 13:40:08'),
(802, 1, 1, '2021-12-23 13:40:08'),
(803, 2, 0.00027777777777778, '2021-12-23 13:47:15'),
(804, 2, 0.00027777777777778, '2021-12-25 10:08:38'),
(805, 2, 0.00027777777777778, '2021-12-25 11:33:38'),
(806, 2, 0.00027777777777778, '2021-12-25 12:53:00'),
(807, 2, 0.00027777777777778, '2021-12-25 13:19:51'),
(808, 2, 0.00027777777777778, '2021-12-25 13:45:00'),
(809, 2, 0.00027777777777778, '2021-12-25 14:51:36'),
(810, 2, 0.00027777777777778, '2021-12-25 15:26:48'),
(811, 2, 0.00027777777777778, '2021-12-26 09:45:59'),
(812, 2, 0.00027777777777778, '2021-12-26 10:00:24'),
(813, 2, 0.00027777777777778, '2021-12-26 10:01:36'),
(814, 2, 0.000277777784504, '2021-12-26 10:06:09'),
(815, 1, 1, '2021-12-26 10:06:09'),
(816, 2, 0.00027777777777778, '2021-12-26 12:10:51'),
(817, 2, 0.00027777777777778, '2021-12-26 12:11:41'),
(818, 2, 0.00027777777777778, '2021-12-26 13:56:04'),
(819, 2, 0.00027777777777778, '2021-12-26 15:36:01'),
(820, 2, 0.00027777777777778, '2021-12-27 11:39:08'),
(821, 2, 0.00027777777777778, '2021-12-27 12:29:43'),
(822, 2, 0.00027777777777778, '2021-12-27 14:18:48'),
(823, 2, 0.00027777777777778, '2021-12-27 15:51:20'),
(824, 2, 0.00027777777777778, '2021-12-28 08:19:39'),
(825, 2, 0.00027777777777778, '2021-12-28 10:21:01'),
(826, 2, 0.000277777784504, '2021-12-28 11:29:04'),
(827, 1, 1, '2021-12-28 11:29:04'),
(828, 2, 0.00027777777777778, '2021-12-28 11:34:45'),
(829, 2, 0.00027777777777778, '2021-12-28 15:01:58'),
(830, 2, 0.00027777777777778, '2021-12-29 10:22:37'),
(831, 2, 0.00027777777777778, '2021-12-29 13:16:35'),
(832, 2, 0.00027777777777778, '2021-12-29 15:00:38'),
(833, 2, 0.00027777777777778, '2021-12-29 15:01:17'),
(834, 2, 0.00027777777777778, '2021-12-29 15:01:59'),
(835, 2, 0.00027777777777778, '2021-12-29 15:18:30'),
(836, 2, 0.000277777784504, '2021-12-29 17:01:32'),
(837, 1, 1, '2021-12-29 17:01:32'),
(838, 2, 0.00027777777777778, '2021-12-29 17:08:30'),
(839, 2, 0.00027777777777778, '2021-12-30 10:56:12'),
(840, 2, 0.00027777777777778, '2021-12-30 11:44:50'),
(841, 2, 0.00027777777777778, '2021-12-30 12:21:42'),
(842, 2, 0.00027777777777778, '2021-12-30 13:23:54'),
(843, 2, 0.00027777777777778, '2021-12-30 14:33:47'),
(844, 2, 0.00027777777777778, '2021-12-30 14:34:30'),
(845, 2, 0.00027777777777778, '2021-12-30 15:55:17'),
(846, 2, 0.00027777777777778, '2021-12-30 17:52:14'),
(847, 2, 0.00027777777777778, '2022-01-02 11:38:53'),
(848, 2, 0.00027777777777778, '2022-01-02 12:27:30'),
(849, 2, 0.00027777777777778, '2022-01-02 12:27:30'),
(850, 2, 0.000277777784504, '2022-01-02 14:33:32'),
(851, 1, 1, '2022-01-02 14:33:32'),
(852, 2, 0.00027777777777778, '2022-01-03 15:45:50'),
(853, 2, 0.00027777777777778, '2022-01-03 22:49:42'),
(854, 2, 0.00027777777777778, '2022-01-04 11:12:39'),
(855, 2, 0.00027777777777778, '2022-01-04 14:44:42'),
(856, 2, 0.00027777777777778, '2022-01-04 15:27:45'),
(857, 2, 0.00027777777777778, '2022-01-05 12:38:12'),
(858, 2, 0.00027777777777778, '2022-01-05 12:39:38'),
(859, 2, 0.00027777777777778, '2022-01-05 15:48:05'),
(860, 2, 0.00027777777777778, '2022-01-05 15:49:11'),
(861, 2, 0.00027777777777778, '2022-01-06 14:47:14'),
(862, 2, 0.00027777777777778, '2022-01-06 17:00:11'),
(863, 2, 0.00027777777777778, '2022-01-06 17:01:11'),
(864, 2, 0.00027777777777778, '2022-01-06 17:01:57'),
(865, 2, 0.00027777777777778, '2022-01-06 17:03:01'),
(866, 2, 0.00027777777777778, '2022-01-06 17:03:38'),
(867, 2, 0.00027777777777778, '2022-01-06 17:04:19'),
(868, 2, 0.00027777777777778, '2022-01-06 17:05:51'),
(869, 2, 0.00027777777777778, '2022-01-08 10:34:18'),
(870, 2, 0.00027777777777778, '2022-01-08 10:45:18'),
(871, 2, 0.00027777777777778, '2022-01-08 13:39:22'),
(872, 2, 0.00027777777777778, '2022-01-08 15:25:32'),
(873, 2, 0.00027777777777778, '2022-01-08 15:26:08'),
(874, 2, 0.00027777777777778, '2022-01-09 10:52:03'),
(875, 2, 0.00027777777777778, '2022-01-09 12:51:48'),
(876, 2, 0.00027777777777778, '2022-01-09 14:58:08'),
(877, 2, 0.00027777777777778, '2022-01-09 14:59:17'),
(878, 2, 0.00027777777777778, '2022-01-09 15:00:05'),
(879, 2, 0.00027777777777778, '2022-01-09 15:00:57'),
(880, 2, 0.00027777777777778, '2022-01-09 15:01:39'),
(881, 2, 0.00027777777777778, '2022-01-09 15:16:59'),
(882, 2, 0.00027777777777778, '2022-01-10 11:13:27'),
(883, 2, 0.00027777777777778, '2022-01-10 11:30:27'),
(884, 2, 0.00027777777777778, '2022-01-10 12:12:35'),
(885, 2, 0.00027777777777778, '2022-01-10 13:28:53'),
(886, 2, 0.00027777777777778, '2022-01-10 15:41:02'),
(887, 2, 0.00027777777777778, '2022-01-10 19:09:39'),
(888, 2, 0.00027777777777778, '2022-01-10 19:10:40'),
(889, 2, 0.00027777777777778, '2022-01-10 19:12:00'),
(890, 2, 0.00027855153203343, '2022-01-11 09:20:41'),
(891, 2, 0.00027777777777778, '2022-01-11 10:48:23'),
(892, 2, 0.00027777777777778, '2022-01-11 13:07:52'),
(893, 2, 0.00027777777777778, '2022-01-11 13:34:54'),
(894, 2, 0.00027777777777778, '2022-01-11 13:46:04'),
(895, 2, 0.00027777777777778, '2022-01-11 15:56:14'),
(896, 2, 0.00027777777777778, '2022-01-12 12:49:23'),
(897, 2, 0.00027777777777778, '2022-01-12 19:09:35'),
(898, 2, 0.00027777777777778, '2022-01-12 19:10:21'),
(899, 2, 0.00027777777777778, '2022-01-12 19:11:42'),
(900, 2, 0.00027777777777778, '2022-01-13 11:40:56'),
(901, 2, 0.00027777777777778, '2022-01-14 01:02:36'),
(902, 2, 0.00027777777777778, '2022-01-14 01:03:36'),
(903, 2, 0.00027777777777778, '2022-01-14 01:04:11'),
(904, 2, 0.00027777777777778, '2022-01-14 01:04:45'),
(905, 2, 0.00027777777777778, '2022-01-14 01:05:29'),
(906, 2, 0.00027777777777778, '2022-01-14 01:06:03'),
(907, 2, 0.00027777777777778, '2022-01-14 01:07:41'),
(908, 2, 0.00027777777777778, '2022-01-14 01:08:23'),
(909, 2, 0.00027777777777778, '2022-01-14 13:39:11'),
(910, 2, 0.000279720290564, '2022-01-15 00:09:05'),
(911, 2, 0.00027777777777778, '2022-01-15 15:02:21'),
(912, 2, 0.00027777777777778, '2022-01-15 15:12:13'),
(913, 2, 0.00027777777777778, '2022-01-16 12:18:43'),
(914, 2, 0.00027777777777778, '2022-01-17 11:07:46'),
(915, 2, 0.00027777777777778, '2022-01-17 11:23:42'),
(916, 2, 0.00027777777777778, '2022-01-17 11:24:50'),
(917, 2, 0.00027777777777778, '2022-01-17 12:50:39'),
(918, 2, 0.00027777777777778, '2022-01-18 13:31:28'),
(919, 2, 0.00027777777777778, '2022-01-18 13:32:16'),
(920, 2, 0.00027777777777778, '2022-01-18 13:36:37'),
(921, 2, 0.00027777777777778, '2022-01-18 13:38:52'),
(922, 2, 0.00027777777777778, '2022-01-18 15:25:43'),
(923, 2, 0.00027777777777778, '2022-01-18 21:13:23'),
(924, 2, 0.00027777777777778, '2022-01-18 21:14:06'),
(925, 2, 0.00027777777777778, '2022-01-18 21:16:31'),
(926, 2, 0.00027777777777778, '2022-01-19 15:12:19'),
(927, 2, 0.00027777777777778, '2022-01-19 15:36:08'),
(928, 2, 0.00027777777777778, '2022-01-19 15:38:47'),
(929, 2, 0.00027777777777778, '2022-01-20 13:40:34'),
(930, 2, 0.00027777777777778, '2022-01-22 10:34:09'),
(931, 2, 0.00027777777777778, '2022-01-22 10:34:47'),
(932, 2, 0.00027777777777778, '2022-01-22 10:35:06'),
(933, 2, 0.00027777777777778, '2022-01-22 10:35:52'),
(934, 2, 0.00027777777777778, '2022-01-22 11:06:35'),
(935, 2, 0.00027777777777778, '2022-01-22 12:47:46'),
(936, 2, 0.00027777777777778, '2022-01-23 12:43:08'),
(937, 2, 0.00027777777777778, '2022-01-23 13:47:36'),
(938, 2, 0.00027777777777778, '2022-01-23 14:36:45'),
(939, 2, 0.00027777777777778, '2022-01-24 00:45:41'),
(940, 2, 0.00027777777777778, '2022-01-24 00:46:55'),
(941, 2, 0.00027777777777778, '2022-01-24 00:48:26'),
(942, 2, 0.00027777777777778, '2022-01-24 00:49:13'),
(943, 2, 0.00027777777777778, '2022-01-24 00:49:56'),
(944, 2, 0.00027777777777778, '2022-01-24 00:50:42'),
(945, 2, 0.00027777777777778, '2022-01-24 00:51:55'),
(946, 2, 0.00027777777777778, '2022-01-24 13:58:24'),
(947, 2, 0.00027777777777778, '2022-01-24 14:41:50'),
(948, 2, 0.00027777777777778, '2022-01-24 14:53:15'),
(949, 2, 0.00027777777777778, '2022-01-24 20:57:08'),
(950, 2, 0.00027777777777778, '2022-01-24 20:57:53'),
(951, 2, 0.00027932960074395, '2022-01-24 21:02:31'),
(952, 1, 1, '2022-01-24 21:02:31'),
(953, 2, 0.00027777777777778, '2022-01-24 21:03:08'),
(954, 2, 0.00027777777777778, '2022-01-25 14:24:42'),
(955, 2, 0.00027777777777778, '2022-01-25 17:58:54'),
(956, 2, 0.00027777777777778, '2022-01-25 18:00:20'),
(957, 2, 0.00027777777777778, '2022-01-26 11:23:41'),
(958, 2, 0.00027777777777778, '2022-01-26 14:40:01'),
(959, 2, 0.00027777777777778, '2022-01-27 11:25:48'),
(960, 2, 0.00027777777777778, '2022-01-27 11:38:33'),
(961, 2, 0.00027777777777778, '2022-01-27 11:39:14'),
(962, 2, 0.00027777777777778, '2022-01-27 11:40:09'),
(963, 2, 0.00027777777777778, '2022-01-27 11:41:03'),
(964, 2, 0.00027777777777778, '2022-01-27 11:42:08'),
(965, 2, 0.000277777784504, '2022-01-27 11:45:55'),
(966, 1, 1, '2022-01-27 11:45:55'),
(967, 2, 0.00027777777777778, '2022-01-27 13:03:54'),
(968, 2, 0.00027932960893855, '2022-01-27 20:47:22'),
(969, 2, 0.00027777777777778, '2022-01-28 23:13:44'),
(970, 2, 0.00027777777777778, '2022-01-28 23:14:16'),
(971, 2, 0.00027777777777778, '2022-01-28 23:15:09'),
(972, 2, 0.00027777777777778, '2022-01-28 23:15:30'),
(973, 2, 0.00027777777777778, '2022-01-28 23:16:44'),
(974, 2, 0.000277777784504, '2022-01-28 23:17:53'),
(975, 1, 1, '2022-01-28 23:17:53'),
(976, 2, 0.00027932960074395, '2022-01-28 23:18:16'),
(977, 1, 1, '2022-01-28 23:18:16'),
(978, 2, 0.00027777777777778, '2022-01-29 12:01:41'),
(979, 2, 0.00027777777777778, '2022-01-30 12:52:56'),
(980, 2, 0.00027777777777778, '2022-01-30 13:50:54'),
(981, 2, 0.00027777777777778, '2022-01-30 15:11:43'),
(982, 2, 0.00027777777777778, '2022-01-31 09:06:41'),
(983, 2, 0.00027777777777778, '2022-02-03 13:41:09'),
(984, 2, 0.00027777777777778, '2022-02-05 13:20:08'),
(985, 2, 0.00027777777777778, '2022-02-05 14:34:24'),
(986, 2, 0.00027777777777778, '2022-02-06 14:10:34'),
(987, 2, 0.00027777777777778, '2022-02-07 15:40:30'),
(988, 2, 0.00027777777777778, '2022-02-09 09:12:42'),
(989, 2, 0.00027777777777778, '2022-02-10 12:18:30'),
(990, 2, 0.00027777777777778, '2022-02-13 12:06:29'),
(991, 2, 0.00027777777777778, '2022-02-13 13:01:12'),
(992, 2, 0.00027777777777778, '2022-02-13 13:11:09'),
(993, 2, 0.00027777777777778, '2022-02-13 14:41:04'),
(994, 2, 0.00027777777777778, '2022-02-13 14:55:12'),
(995, 2, 0.00027777777777778, '2022-02-13 15:35:33'),
(996, 2, 0.00027777777777778, '2022-02-17 14:56:07'),
(997, 2, 0.00027586206896552, '2022-02-17 16:28:07'),
(998, 2, 0.00027777777777778, '2022-02-19 14:11:07'),
(999, 2, 0.00027777777777778, '2022-02-20 11:12:40'),
(1000, 2, 0.00027777777777778, '2022-02-23 09:55:43'),
(1001, 2, 0.00027548209366391, '2022-02-23 13:02:44'),
(1002, 2, 0.00027397260273973, '2022-02-24 13:45:02'),
(1003, 2, 0.00027397260273973, '2022-02-24 14:20:02'),
(1004, 2, 0.00027397260273973, '2022-02-24 16:26:27'),
(1005, 2, 0.00027397260273973, '2022-02-24 16:27:01');
INSERT  INTO `equalities` (`iD`, `CurrencyID`, `value`, `date`) VALUES
(1006, 2, 0.00027322404371585, '2022-02-26 10:24:36'),
(1007, 2, 0.00027322404371585, '2022-02-26 13:19:14'),
(1008, 2, 0.00027777777777778, '2022-02-26 14:32:05'),
(1009, 2, 0.00027322405367158, '2022-02-26 14:35:57'),
(1010, 1, 1, '2022-02-26 14:35:57'),
(1011, 2, 0.00027397260273973, '2022-02-26 19:30:02'),
(1012, 2, 0.00027397260273973, '2022-02-26 19:30:37'),
(1013, 2, 0.00027173913043478, '2022-02-27 11:51:00'),
(1014, 2, 0.0002724795640327, '2022-02-27 11:31:03'),
(1015, 2, 0.0002724795640327, '2022-02-27 14:41:01'),
(1016, 2, 0.0002724795640327, '2022-02-28 16:24:55'),
(1017, 2, 0.0002724795640327, '2022-03-01 11:38:32'),
(1018, 2, 0.0002724795640327, '2022-03-01 12:39:56'),
(1019, 2, 0.00027027027027027, '2022-03-01 14:04:29'),
(1020, 2, 0.00026845637583893, '2022-03-01 19:39:13'),
(1021, 2, 0.00026315789473684, '2022-03-03 12:33:31'),
(1022, 2, 0.00026315789473684, '2022-03-03 13:04:05'),
(1023, 2, 0.00026246719160105, '2022-03-05 13:45:42'),
(1024, 2, 0.00026246719160105, '2022-03-05 14:35:43'),
(1025, 2, 0.00026666666666667, '2022-03-06 20:36:34'),
(1026, 2, 0.00026490066225166, '2022-03-09 13:29:10'),
(1027, 2, 0.00025974025974026, '2022-03-09 14:10:05'),
(1028, 2, 0.00025641025641026, '2022-03-10 14:16:25'),
(1029, 2, 0.00025477707006369, '2022-03-12 15:28:11'),
(1030, 2, 0.00025316455696203, '2022-03-15 13:59:48'),
(1031, 2, 0.00025477707006369, '2022-03-15 14:28:04'),
(1032, 2, 0.0002724795640327, '2022-03-15 15:10:28'),
(1033, 2, 0.00025316455696203, '2022-03-16 11:24:07'),
(1034, 2, 0.00025641025641026, '2022-03-16 13:18:17'),
(1035, 2, 0.00025316455696203, '2022-03-16 14:53:21'),
(1036, 2, 0.00025316455696203, '2022-03-16 15:03:09'),
(1037, 2, 0.00025157232704403, '2022-03-17 11:00:07'),
(1038, 2, 0.00025316455696203, '2022-03-19 12:04:36'),
(1039, 2, 0.00025316455696203, '2022-03-19 12:26:54'),
(1040, 2, 0.00025906735751295, '2022-03-19 15:19:35'),
(1041, 2, 0.00026315788272768, '2022-03-19 15:20:53'),
(1042, 1, 1, '2022-03-19 15:20:53'),
(1043, 2, 0.00026143790849673, '2022-03-20 14:52:28'),
(1044, 2, 0.00026315789473684, '2022-03-20 15:33:28'),
(1045, 2, 0.00025974025974026, '2022-03-21 11:24:27'),
(1046, 2, 0.00026143790849673, '2022-03-21 12:14:53'),
(1047, 2, 0.00025974025974026, '2022-03-21 12:35:38'),
(1048, 2, 0.00025974025974026, '2022-03-21 12:55:19'),
(1049, 2, 0.00025974025974026, '2022-03-21 16:04:15'),
(1050, 2, 0.00025316455696203, '2022-03-22 12:05:53'),
(1051, 2, 0.00025906736846082, '2022-03-22 12:07:15'),
(1052, 1, 1, '2022-03-22 12:07:15'),
(1053, 2, 0.00025974024902098, '2022-03-22 12:37:50'),
(1054, 1, 1, '2022-03-22 12:37:50'),
(1055, 2, 0.00025974025974026, '2022-03-22 13:34:01'),
(1056, 2, 0.00025974024902098, '2022-03-22 14:20:47'),
(1057, 1, 1, '2022-03-22 14:20:47'),
(1058, 2, 0.00025316455696203, '2022-03-22 15:33:20'),
(1059, 2, 0.00025316455696203, '2022-03-22 15:35:01'),
(1060, 2, 0.00025316455696203, '2022-03-22 15:35:59'),
(1061, 2, 0.00025316455696203, '2022-03-22 15:36:49'),
(1062, 2, 0.00025974025974026, '2022-03-22 17:03:34'),
(1063, 2, 0.00025542784163474, '2022-03-23 12:48:13'),
(1064, 2, 0.00025542784163474, '2022-03-23 14:47:56'),
(1065, 2, 0.00025542784715071, '2022-03-23 14:49:45'),
(1066, 1, 1, '2022-03-23 14:49:45'),
(1067, 2, 0.00025575447570332, '2022-03-24 11:16:03'),
(1068, 2, 0.00025477707006369, '2022-03-24 11:31:57'),
(1069, 2, 0.00025, '2022-03-24 12:55:50'),
(1070, 2, 0.00025316455696203, '2022-03-24 13:56:01'),
(1071, 2, 0.00025575447943993, '2022-03-24 14:17:33'),
(1072, 1, 1, '2022-03-24 14:17:33'),
(1073, 2, 0.00025575447943993, '2022-03-24 14:26:46'),
(1074, 1, 1, '2022-03-24 14:26:46'),
(1075, 2, 0.00025316455696203, '2022-03-24 15:31:18'),
(1076, 2, 0.00025316455696203, '2022-03-24 15:50:46'),
(1077, 2, 0.00025316455696203, '2022-03-24 17:03:21'),
(1078, 2, 0.00025575447943993, '2022-03-24 18:20:06'),
(1079, 1, 1, '2022-03-24 18:20:06'),
(1080, 2, 0.00026385224191472, '2022-03-26 11:15:49'),
(1081, 1, 1, '2022-03-26 11:15:49'),
(1082, 2, 0.00025316455696203, '2022-03-26 14:59:47'),
(1083, 2, 0.00025641025641026, '2022-03-27 09:53:43'),
(1084, 2, 0.00025316455696203, '2022-03-28 10:27:23'),
(1085, 2, 0.00025316455696203, '2022-03-28 13:32:06'),
(1086, 2, 0.00025641024694778, '2022-03-28 15:37:51'),
(1087, 1, 1, '2022-03-28 15:37:51'),
(1088, 2, 0.00025316455867141, '2022-03-29 09:39:31'),
(1089, 1, 1, '2022-03-29 09:39:31'),
(1090, 2, 0.00025477707006369, '2022-03-29 14:05:30'),
(1091, 2, 0.00025477707006369, '2022-03-29 14:59:57'),
(1092, 2, 0.00025477707006369, '2022-03-31 11:11:52'),
(1093, 2, 0.00025510202976875, '2022-03-31 12:46:14'),
(1094, 1, 1, '2022-03-31 12:46:14'),
(1095, 2, 0.00025477707006369, '2022-03-31 14:00:18'),
(1096, 2, 0.00025641024694778, '2022-03-31 14:08:25'),
(1097, 1, 1, '2022-03-31 14:08:25'),
(1098, 2, 0.00025477707006369, '2022-03-31 15:41:33'),
(1099, 2, 0.00025316455696203, '2022-04-02 14:20:54'),
(1100, 2, 0.00025906735751295, '2022-04-03 13:38:17'),
(1101, 2, 0.00025641024694778, '2022-04-03 13:43:37'),
(1102, 1, 1, '2022-04-03 13:43:37'),
(1103, 2, 0.00026143790849673, '2022-04-03 14:45:22'),
(1104, 2, 0.00025974025974026, '2022-04-03 14:57:14'),
(1105, 2, 0.00025316455696203, '2022-04-03 15:06:52'),
(1106, 2, 0.00026109660574413, '2022-04-04 12:03:43'),
(1107, 2, 0.00026109660574413, '2022-04-04 12:53:35'),
(1108, 2, 0.00026315788272768, '2022-04-04 13:44:58'),
(1109, 1, 1, '2022-04-04 13:44:58'),
(1110, 2, 0.00025316455696203, '2022-04-04 14:48:13'),
(1111, 2, 0.00025316455696203, '2022-04-05 11:35:44'),
(1112, 2, 0.00025316455696203, '2022-04-05 11:36:57'),
(1113, 2, 0.00025839793281654, '2022-04-05 14:12:25'),
(1114, 2, 0.00025316455696203, '2022-04-05 14:37:41'),
(1115, 2, 0.00025641024694778, '2022-04-05 15:49:05'),
(1116, 1, 1, '2022-04-05 15:49:05'),
(1117, 2, 0.00025477707006369, '2022-04-06 12:28:09'),
(1118, 2, 0.00025477707006369, '2022-04-06 14:06:15'),
(1119, 2, 0.00025316455696203, '2022-04-07 15:23:55'),
(1120, 2, 0.00025477707006369, '2022-04-07 15:23:55'),
(1121, 2, 0.00025641025641026, '2022-04-07 17:34:50'),
(1122, 2, 0.00025316455696203, '2022-04-09 09:38:11'),
(1123, 2, 0.00025641025641026, '2022-04-09 10:57:45'),
(1124, 2, 0.00025316455696203, '2022-04-09 11:03:45'),
(1125, 2, 0.00025316455696203, '2022-04-09 13:24:56'),
(1126, 2, 0.00025641025641026, '2022-04-09 14:39:16'),
(1127, 2, 0.00025641025641026, '2022-04-09 21:03:08'),
(1128, 2, 0.00025641024694778, '2022-04-10 11:37:10'),
(1129, 1, 1, '2022-04-10 11:37:10'),
(1130, 2, 0.00025477707006369, '2022-04-11 11:13:31'),
(1131, 2, 0.00025641025641026, '2022-04-11 15:18:45'),
(1132, 2, 0.00025575447570332, '2022-04-11 15:51:32'),
(1133, 2, 0.00025575447943993, '2022-04-11 15:55:00'),
(1134, 1, 1, '2022-04-11 15:55:00'),
(1135, 2, 0.00025510204081633, '2022-04-12 12:27:33'),
(1136, 2, 0.00025316455696203, '2022-04-12 14:34:04'),
(1137, 2, 0.00025510204081633, '2022-04-12 15:39:52'),
(1138, 2, 0.00025510204081633, '2022-04-13 12:02:39'),
(1139, 2, 0.00025510204081633, '2022-04-13 12:20:27'),
(1140, 2, 0.00025510204081633, '2022-04-13 13:12:22'),
(1141, 2, 0.00025510204081633, '2022-04-14 13:09:29'),
(1142, 2, 0.00025445292620865, '2022-04-14 14:21:17'),
(1143, 2, 0.00025445292620865, '2022-04-14 14:48:04'),
(1144, 2, 0.00025316455696203, '2022-04-14 15:30:51'),
(1145, 2, 0.00025445292620865, '2022-04-16 11:02:22'),
(1146, 2, 0.00025477707006369, '2022-04-16 13:35:14'),
(1147, 2, 0.00025316455696203, '2022-04-17 11:24:58'),
(1148, 2, 0.00025316455696203, '2022-04-17 11:55:29'),
(1149, 2, 0.00025316455696203, '2022-04-17 13:14:15'),
(1150, 2, 0.00025316455696203, '2022-04-17 14:13:38'),
(1151, 2, 0.00025316455696203, '2022-04-17 14:17:11'),
(1152, 2, 0.00025316455696203, '2022-04-17 16:17:39'),
(1153, 2, 0.00025641025641026, '2022-04-18 00:56:12'),
(1154, 2, 0.00025641025641026, '2022-04-18 00:57:43'),
(1155, 2, 0.00025477707006369, '2022-04-18 12:32:24'),
(1156, 2, 0.00025477705639787, '2022-04-18 13:15:05'),
(1157, 1, 1, '2022-04-18 13:15:05'),
(1158, 2, 0.00025316455696203, '2022-04-19 12:58:17'),
(1159, 2, 0.00025316455867141, '2022-04-19 13:13:21'),
(1160, 1, 1, '2022-04-19 13:13:21'),
(1161, 2, 0.00025380710659898, '2022-04-19 14:31:46'),
(1162, 2, 0.00025477705639787, '2022-04-21 14:10:38'),
(1163, 1, 1, '2022-04-21 14:10:38'),
(1164, 2, 0.00025316455867141, '2022-04-21 14:11:26'),
(1165, 1, 1, '2022-04-21 14:11:26'),
(1166, 2, 0.00025806450867094, '2022-04-21 14:12:06'),
(1167, 1, 1, '2022-04-21 14:12:06'),
(1168, 2, 0.00025316455696203, '2022-04-21 14:35:52'),
(1169, 2, 0.00025316455696203, '2022-04-21 14:35:52'),
(1170, 2, 0.00025806450867094, '2022-04-21 15:30:28'),
(1171, 1, 1, '2022-04-21 15:30:28'),
(1172, 2, 0.00025773195876289, '2022-04-24 13:56:19'),
(1173, 2, 0.00025974025974026, '2022-04-25 13:30:39'),
(1174, 2, 0.00025974024902098, '2022-04-25 13:44:46'),
(1175, 1, 1, '2022-04-25 13:44:46'),
(1176, 2, 0.00025316455696203, '2022-04-25 13:57:36'),
(1177, 2, 0.00025316455696203, '2022-04-26 12:07:49'),
(1178, 2, 0.00025316455696203, '2022-04-26 12:19:13'),
(1179, 2, 0.00025316455696203, '2022-04-26 15:13:34'),
(1180, 2, 0.00025974025974026, '2022-04-26 22:46:53'),
(1181, 2, 0.00025316455696203, '2022-04-27 10:47:00'),
(1182, 2, 0.00025773195876289, '2022-04-28 11:33:15'),
(1183, 2, 0.00025641025641026, '2022-05-01 14:01:46'),
(1184, 2, 0.00025641025641026, '2022-05-01 14:04:08'),
(1185, 2, 0.00025575447570332, '2022-05-07 14:53:40'),
(1186, 2, 0.00025641025641026, '2022-05-07 16:00:56'),
(1187, 2, 0.00025445292620865, '2022-05-08 14:42:37'),
(1188, 2, 0.00025477705639787, '2022-05-09 13:14:49'),
(1189, 1, 1, '2022-05-09 13:14:49'),
(1190, 2, 0.00025316455696203, '2022-05-10 13:23:55'),
(1191, 2, 0.00025316455696203, '2022-05-10 13:27:34'),
(1192, 2, 0.00025316455696203, '2022-05-12 13:39:55'),
(1193, 2, 0.00025316455867141, '2022-05-12 13:45:31'),
(1194, 1, 1, '2022-05-12 13:45:31'),
(1195, 2, 0.00025316455867141, '2022-05-12 20:11:20'),
(1196, 1, 1, '2022-05-12 20:11:20'),
(1197, 2, 0.00025316455696203, '2022-05-13 08:33:54'),
(1198, 2, 0.00025316455696203, '2022-05-13 13:31:06'),
(1199, 2, 0.00025188916876574, '2022-05-14 12:31:18'),
(1200, 2, 0.00025188916876574, '2022-05-14 15:09:18'),
(1201, 2, 0.00025510202976875, '2022-05-14 22:56:53'),
(1202, 1, 1, '2022-05-14 22:56:53'),
(1203, 2, 0.00025188916876574, '2022-05-15 09:30:58'),
(1204, 2, 0.00025125628140704, '2022-05-15 15:30:10'),
(1205, 2, 0.00025062656641604, '2022-05-16 10:02:23'),
(1206, 2, 0.00025062656641604, '2022-05-17 11:15:43'),
(1207, 2, 0.00025125628140704, '2022-05-17 15:41:18'),
(1208, 2, 0.00025188916876574, '2022-05-19 11:04:59'),
(1209, 2, 0.00025316455696203, '2022-05-19 12:56:06'),
(1210, 2, 0.00025316455696203, '2022-05-19 13:00:25'),
(1211, 2, 0.00025316455696203, '2022-05-19 13:03:39'),
(1212, 2, 0.00025188916876574, '2022-05-21 13:34:48'),
(1213, 2, 0.00025316455696203, '2022-05-21 13:50:31'),
(1214, 2, 0.00025316455696203, '2022-05-21 13:34:48'),
(1215, 2, 0.00025316455696203, '2022-05-21 15:30:36'),
(1216, 2, 0.00025316455696203, '2022-05-22 09:43:36'),
(1217, 2, 0.00025188916876574, '2022-05-22 11:50:18'),
(1218, 2, 0.00025316455696203, '2022-05-22 17:07:35'),
(1219, 2, 0.00025316455696203, '2022-05-22 22:14:07'),
(1220, 2, 0.000025, '2022-05-23 11:37:20'),
(1221, 2, 0.00025, '2022-05-23 11:37:20'),
(1222, 2, 0.00025031289111389, '2022-05-23 13:25:59'),
(1223, 2, 0.00025, '2022-05-23 14:37:12'),
(1224, 2, 0.00025, '2022-05-24 11:35:36'),
(1225, 2, 0.00025, '2022-05-26 12:06:52'),
(1226, 2, 0.00025, '2022-05-26 14:22:17'),
(1227, 2, 0.00025316455867141, '2022-05-26 15:31:19'),
(1228, 1, 1, '2022-05-26 15:31:19'),
(1229, 2, 0.00025000001187436, '2022-05-27 23:27:56'),
(1230, 1, 1, '2022-05-27 23:27:56'),
(1231, 2, 0.00025000001187436, '2022-05-29 11:59:50'),
(1232, 1, 1, '2022-05-29 11:59:50'),
(1233, 2, 0.00025, '2022-05-29 12:33:29'),
(1234, 2, 0.00025, '2022-05-29 15:43:07'),
(1235, 2, 0.00025, '2022-05-29 15:45:47'),
(1236, 2, 0.00025062655913644, '2022-05-29 16:47:51'),
(1237, 1, 1, '2022-05-29 16:47:51'),
(1238, 2, 0.00025062656641604, '2022-06-01 13:46:29'),
(1239, 2, 0.00025062656641604, '2022-06-01 13:54:17'),
(1240, 2, 0.00025062656641604, '2022-06-01 14:05:55'),
(1241, 2, 0.00025062656641604, '2022-06-04 09:49:07'),
(1242, 2, 0.00025, '2022-06-04 14:50:47'),
(1243, 2, 0.00025, '2022-06-05 14:59:43'),
(1244, 2, 0.00025, '2022-06-05 16:58:28'),
(1245, 2, 0.00025, '2022-06-05 17:00:43'),
(1246, 2, 0.00025, '2022-06-06 12:11:17'),
(1247, 2, 0.00025062656641604, '2022-06-06 13:13:13'),
(1248, 2, 0.00025, '2022-06-06 15:43:11'),
(1249, 2, 0.00025094102602452, '2022-06-07 14:39:36'),
(1250, 1, 1, '2022-06-07 14:39:36'),
(1251, 2, 0.00025, '2022-06-08 09:41:27'),
(1252, 2, 0.00025, '2022-06-08 11:05:14'),
(1253, 2, 0.00025, '2022-06-08 15:25:45'),
(1254, 2, 0.00025, '2022-06-09 11:13:55'),
(1255, 2, 0.00025, '2022-06-09 15:13:19'),
(1256, 2, 0.00025000001187436, '2022-06-09 16:18:01'),
(1257, 1, 1, '2022-06-09 16:18:01'),
(1258, 2, 0.00025, '2022-06-09 20:07:15'),
(1259, 2, 0.00025, '2022-06-12 10:43:36'),
(1260, 2, 0.00025, '2022-06-12 11:00:27'),
(1261, 2, 0.00025125628140704, '2022-06-12 13:40:00'),
(1262, 2, 0.00025, '2022-06-12 13:45:20'),
(1263, 2, 0.00025125628140704, '2022-06-12 13:51:55'),
(1264, 2, 0.00025, '2022-06-13 15:50:40'),
(1265, 2, 0.00025, '2022-06-13 15:55:07'),
(1266, 2, 0.00025, '2022-06-14 11:53:13'),
(1267, 2, 0.00025, '2022-06-14 13:56:58'),
(1268, 2, 0.00025, '2022-06-14 15:40:31'),
(1269, 2, 0.00025, '2022-06-15 13:03:03'),
(1270, 2, 0.00025, '2022-06-16 12:16:46'),
(1271, 2, 0.00025, '2022-06-16 12:59:33'),
(1272, 2, 0.00025, '2022-06-16 13:33:33'),
(1273, 2, 0.00025, '2022-06-16 14:43:05'),
(1274, 2, 0.00025, '2022-06-16 15:32:33'),
(1275, 2, 0.00025, '2022-06-16 15:40:16'),
(1276, 2, 0.00025, '2022-06-18 15:40:44'),
(1277, 2, 0.00025, '2022-06-19 12:31:26'),
(1278, 2, 0.00025, '2022-06-19 12:35:54'),
(1279, 2, 0.00025, '2022-06-19 12:36:19'),
(1280, 2, 0.00025, '2022-06-19 13:16:51'),
(1281, 2, 0.00025316455696203, '2022-06-19 13:20:25'),
(1282, 2, 0.00025, '2022-06-20 14:29:02'),
(1283, 2, 0.00025, '2022-06-20 14:44:16'),
(1284, 2, 0.00025, '2022-06-20 14:47:07'),
(1285, 2, 0.00025641025641026, '2022-06-20 14:44:16'),
(1286, 2, 0.00025, '2022-06-20 15:31:41'),
(1287, 2, 0.00025000001187436, '2022-06-21 11:52:30'),
(1288, 1, 1, '2022-06-21 11:52:30'),
(1289, 2, 0.00025, '2022-06-21 13:30:14'),
(1290, 2, 0.00025, '2022-06-21 13:33:42'),
(1291, 2, 0.00025, '2022-06-21 13:40:47'),
(1292, 2, 0.00025000001187436, '2022-06-22 11:30:10'),
(1293, 1, 1, '2022-06-22 11:30:10'),
(1294, 2, 0.00025316455696203, '2022-06-22 13:04:52'),
(1295, 2, 0.00025, '2022-06-23 14:46:00'),
(1296, 2, 0.00025, '2022-06-23 15:52:34'),
(1297, 2, 0.00025, '2022-06-23 15:54:13'),
(1298, 2, 0.00025, '2022-06-24 11:43:31'),
(1299, 2, 0.00025, '2022-06-25 15:44:20'),
(1300, 2, 0.00025, '2022-06-25 16:29:08'),
(1301, 2, 0.00025, '2022-06-25 16:45:43'),
(1302, 2, 0.00025, '2022-06-26 11:00:34'),
(1303, 2, 0.00025, '2022-06-26 12:09:10'),
(1304, 2, 0.00025000001187436, '2022-06-26 16:49:21'),
(1305, 1, 1, '2022-06-26 16:49:21'),
(1306, 2, 0.00025, '2022-06-26 23:03:42'),
(1307, 2, 0.00025, '2022-06-27 13:35:37'),
(1308, 2, 0.00025641025641026, '2022-06-27 15:39:18'),
(1309, 2, 0.00025, '2022-06-28 09:47:37'),
(1310, 2, 0.00025, '2022-06-28 10:58:34'),
(1311, 2, 0.00025, '2022-06-28 11:27:42'),
(1312, 2, 0.00025, '2022-06-28 12:01:21'),
(1313, 2, 0.00025, '2022-06-29 12:17:52'),
(1314, 2, 0.00024875621890547, '2022-07-04 11:34:49'),
(1315, 2, 0.00025, '2022-07-04 14:25:55'),
(1316, 2, 0.00024875621890547, '2022-07-04 17:26:55'),
(1317, 2, 0.00025, '2022-07-07 13:25:13'),
(1318, 2, 0.00025, '2022-07-16 15:29:55'),
(1319, 2, 0.00025, '2022-07-17 14:55:05'),
(1320, 2, 0.00025, '2022-07-17 14:56:26'),
(1321, 2, 0.00025, '2022-07-18 12:57:51'),
(1322, 2, 0.00025, '2022-07-18 14:53:38'),
(1323, 2, 0.00025, '2022-07-18 15:17:26'),
(1324, 2, 0.00025, '2022-07-19 13:31:57'),
(1325, 2, 0.00025, '2022-07-19 15:37:30'),
(1326, 2, 0.00025, '2022-07-20 15:32:14'),
(1327, 2, 0.001, '2022-07-21 19:11:14'),
(1328, 2, 0.00024813895781638, '2022-07-23 20:15:07'),
(1329, 2, 0.00024813895781638, '2022-07-21 19:11:14'),
(1330, 2, 0.00025094102885822, '2022-07-24 14:23:28'),
(1331, 2, 0.00024691358024691, '2022-07-24 14:27:26'),
(1332, 2, 0.00025, '2022-07-24 14:36:11'),
(1333, 2, 0.00024691358024691, '2022-07-24 14:58:16'),
(1334, 2, 0.00024691358024691, '2022-07-24 14:36:11'),
(1335, 2, 0.00025, '2022-07-26 12:58:35'),
(1336, 2, 0.00024390243902439, '2022-07-26 12:58:35'),
(1337, 2, 0.00024813896743581, '2022-07-27 13:14:44'),
(1338, 1, 1, '2022-07-27 13:14:44'),
(1339, 2, 0.00024691358024691, '2022-07-27 13:42:53'),
(1340, 2, 0.00024096385542169, '2022-07-27 13:55:07'),
(1341, 2, 0.00024691358024691, '2022-07-27 15:26:01'),
(1342, 2, 0.00023923444976077, '2022-07-30 12:12:25'),
(1343, 2, 0.00023923444976077, '2022-07-31 10:01:39'),
(1344, 2, 0.00024096385542169, '2022-08-01 13:52:08'),
(1345, 2, 0.00024096385542169, '2022-08-01 17:30:21'),
(1346, 2, 0.00023809523809524, '2022-08-02 12:34:48'),
(1347, 2, 0.00024096385542169, '2022-08-02 15:21:13'),
(1348, 2, 0.00023584905660377, '2022-08-04 13:27:05'),
(1349, 2, 0.00023809523809524, '2022-08-06 14:21:30'),
(1350, 2, 0.00023529411764706, '2022-08-07 13:28:26'),
(1351, 2, 0.00023529411764706, '2022-08-07 15:51:16'),
(1352, 2, 0.00023529411764706, '2022-08-08 13:55:09'),
(1353, 2, 0.00023529411764706, '2022-08-11 12:21:21'),
(1354, 2, 0.00023337222870478, '2022-08-11 13:56:28'),
(1355, 2, 0.00023529411764706, '2022-08-11 14:50:33'),
(1356, 2, 0.00023809523809524, '2022-08-13 12:26:30'),
(1357, 2, 0.00023255813953488, '2022-08-13 13:32:28'),
(1358, 2, 0.00023094688221709, '2022-08-14 15:06:06'),
(1359, 2, 0.00023529411764706, '2022-08-15 10:43:34'),
(1360, 2, 0.00022598870056497, '2022-08-15 11:15:45'),
(1361, 2, 0.00022779043280182, '2022-08-15 13:32:25'),
(1362, 2, 0.00022598870056497, '2022-08-15 18:25:46'),
(1363, 2, 0.00022573363431151, '2022-08-16 13:25:14'),
(1364, 2, 0.00022346368715084, '2022-08-18 11:18:09'),
(1365, 2, 0.00022222222222222, '2022-08-18 13:22:11'),
(1366, 2, 0.00022222222222222, '2022-08-18 14:07:34'),
(1367, 2, 0.00022222222222222, '2022-08-18 14:28:00'),
(1368, 2, 0.00021978021978022, '2022-08-20 15:05:04'),
(1369, 2, 0.00022346368715084, '2022-08-23 15:42:11'),
(1370, 2, 0.00022246941045606, '2022-08-23 16:14:09'),
(1371, 2, 0.00022346368715084, '2022-08-25 13:25:35'),
(1372, 2, 0.0002247191011236, '2022-08-27 14:02:32'),
(1373, 2, 0.00022391401701747, '2022-08-28 13:11:48'),
(1374, 2, 0.00022371364653244, '2022-08-31 15:35:33'),
(1375, 2, 0.0002247191011236, '2022-09-01 09:49:48'),
(1376, 2, 0.0002247191011236, '2022-09-05 14:03:21'),
(1377, 2, 0.0002247191011236, '2022-09-06 10:22:58'),
(1378, 2, 0.0002247191011236, '2022-09-06 10:22:58'),
(1379, 2, 0.0002247191011236, '2022-09-06 14:02:14'),
(1380, 2, 0.0002262443438914, '2022-09-07 10:24:25'),
(1381, 2, 0.0002247191011236, '2022-09-10 10:22:34'),
(1382, 2, 0.00022396416573348, '2022-09-12 12:22:46'),
(1383, 2, 0.0002247191011236, '2022-09-12 12:24:12'),
(1384, 2, 0.00022371364653244, '2022-09-12 15:11:18'),
(1385, 2, 0.00021978021978022, '2022-09-15 14:05:20'),
(1386, 2, 0.00021978021978022, '2022-09-15 18:16:31'),
(1387, 2, 0.00021978021978022, '2022-09-17 12:28:04'),
(1388, 2, 0.00021978021978022, '2022-09-17 12:27:44'),
(1389, 2, 0.00021978021978022, '2022-09-17 15:36:06'),
(1390, 2, 0.00021978021978022, '2022-09-20 10:15:27'),
(1391, 2, 0.00021978021978022, '2022-09-20 17:52:25'),
(1392, 2, 0.00021978021978022, '2022-09-21 10:26:10'),
(1393, 2, 0.00021978021978022, '2022-09-21 11:35:47'),
(1394, 2, 0.00021978021978022, '2022-09-22 11:30:17'),
(1395, 2, 0.00022148394241417, '2022-09-22 11:30:17'),
(1396, 2, 0.00021978021978022, '2022-09-22 14:30:12'),
(1397, 2, 0.00021978021978022, '2022-09-22 15:33:26'),
(1398, 2, 0.00021739130434783, '2022-09-24 15:18:31'),
(1399, 2, 0.00021367521367521, '2022-09-26 14:35:26'),
(1400, 2, 0.00021276595744681, '2022-09-27 15:33:24'),
(1401, 2, 0.00021276595744681, '2022-09-27 15:39:11'),
(1402, 2, 0.00020833333333333, '2022-09-28 15:24:41'),
(1403, 2, 0.00020833333333333, '2022-09-29 13:56:54'),
(1404, 2, 0.00020833333333333, '2022-09-29 14:39:08'),
(1405, 2, 0.00020833333333333, '2022-10-01 12:36:48'),
(1406, 2, 0.00020833333333333, '2022-10-01 13:19:54'),
(1407, 2, 0.00020833333333333, '2022-10-02 13:14:38'),
(1408, 2, 0.00021008403361345, '2022-10-04 12:24:35'),
(1409, 2, 0.00020833333333333, '2022-10-06 09:47:50'),
(1410, 2, 0.00020618556701031, '2022-10-08 10:42:27'),
(1411, 2, 0.00020618556701031, '2022-10-08 10:52:31'),
(1412, 2, 0.00020618556701031, '2022-10-08 14:04:22'),
(1413, 2, 0.00020618556701031, '2022-10-08 14:27:44'),
(1414, 2, 0.00020408163265306, '2022-10-09 12:20:58'),
(1415, 2, 0.00020618556701031, '2022-10-10 09:55:39'),
(1416, 2, 0.00020408163265306, '2022-10-10 15:51:36'),
(1417, 2, 0.00020441537203598, '2022-10-11 10:09:59'),
(1418, 2, 0.00020408163265306, '2022-10-11 10:09:59'),
(1419, 2, 0.00020408163265306, '2022-10-11 14:14:07'),
(1420, 2, 0.0002020202020202, '2022-10-11 15:39:48'),
(1421, 2, 0.0002, '2022-10-12 10:03:21'),
(1422, 2, 0.00020441537203598, '2022-10-13 11:45:35'),
(1423, 2, 0.00019607843137255, '2022-10-13 11:47:43'),
(1424, 2, 0.00019704433497537, '2022-10-13 15:20:56'),
(1425, 2, 0.0002, '2022-10-13 15:54:52'),
(1426, 2, 0.0071428571428571, '2022-10-15 16:44:33'),
(1427, 2, 0.00071428571428571, '2022-10-15 16:46:24'),
(1428, 2, 0.00020618556701031, '2022-10-18 11:37:46'),
(1451, 2, 0.0031055900621118, '2025-06-05 23:25:14');

-- --------------------------------------------------------

--
-- Stand-in structure for view `equality_credits`
-- (See below for the actual view)
--
DROP VIEW IF EXISTS `equality_credits`;
CREATE TABLE `equality_credits` (
`CustomerID` int(11)
,`EmployeeID` int(11)
,`date` datetime
,`value` double(20,3)
);

-- --------------------------------------------------------

--
-- Stand-in structure for view `equality_debits`
-- (See below for the actual view)
--
DROP VIEW IF EXISTS `equality_debits`;
CREATE TABLE `equality_debits` (
`CustomerID` int(11)
,`EmployeeID` int(11)
,`date` datetime
,`value` double(20,3)
);

-- --------------------------------------------------------

--
-- Stand-in structure for view `equality_incomes`
-- (See below for the actual view)
--
DROP VIEW IF EXISTS `equality_incomes`;
CREATE TABLE `equality_incomes` (
`NameID` int(11)
,`EmployeeID` int(11)
,`date` datetime
,`value` double(20,3)
);

-- --------------------------------------------------------

--
-- Stand-in structure for view `equality_incomes_spending`
-- (See below for the actual view)
--
DROP VIEW IF EXISTS `equality_incomes_spending`;
CREATE TABLE `equality_incomes_spending` (
`DATE` datetime
,`sum_spending` double(20,3)
,`sum_incomes` double(20,3)
,`total` double(20,3)
);

-- --------------------------------------------------------

--
-- Stand-in structure for view `equality_spendings`
-- (See below for the actual view)
--
DROP VIEW IF EXISTS `equality_spendings`;
CREATE TABLE `equality_spendings` (
`NameID` int(11)
,`EmployeeID` int(11)
,`date` datetime
,`value` double(20,3)
);

-- --------------------------------------------------------

--
-- Stand-in structure for view `extended_cut_requests`
-- (See below for the actual view)
--
DROP VIEW IF EXISTS `extended_cut_requests`;
CREATE TABLE `extended_cut_requests` (
`cutRequestQuantity` double
,`inputQuantity` double(20,3)
,`resultQuantity` double
,`totalPrice` double
,`CutRequestID` int(11)
,`date` datetime
);

-- --------------------------------------------------------

--
-- Stand-in structure for view `extended_orders`
-- (See below for the actual view)
--
DROP VIEW IF EXISTS `extended_orders`;
CREATE TABLE `extended_orders` (
`iD` int(11)
,`EmployeeID` int(11)
,`CustomerID` int(11)
,`CargoTransID` int(11)
,`TermsID` int(11)
,`date` datetime
,`billNo` varchar(255)
,`comments` text
,`status` enum('NONE','PENDING','PROCESSING','CANCELED','APPROVED')
,`extendedPrice` decimal(33,4)
,`termsDate` datetime
,`quantity` double
);

-- --------------------------------------------------------

--
-- Stand-in structure for view `extended_order_refund`
-- (See below for the actual view)
--
DROP VIEW IF EXISTS `extended_order_refund`;
CREATE TABLE `extended_order_refund` (
`iD` int(11)
,`EmployeeID` int(11)
,`CustomerID` int(11)
,`CargoTransID` int(11)
,`TermsID` int(11)
,`date` datetime
,`billNo` varchar(255)
,`comments` text
,`status` enum('NONE','PENDING','PROCESSING','CANCELED','APPROVED')
,`termsDate` datetime
,`quantity` double
,`refundQuantity` double
,`extendedNetQuantity` double
,`extendedPrice` decimal(33,4)
,`extendedRefundPrice` double(20,3)
,`extendedDiscount` decimal(33,4)
,`extendedNetPrice` double(20,3)
);

-- --------------------------------------------------------

--
-- Stand-in structure for view `extended_products_inputs`
-- (See below for the actual view)
--
DROP VIEW IF EXISTS `extended_products_inputs`;
CREATE TABLE `extended_products_inputs` (
`iD` int(11)
,`WarehouseID` int(11)
,`EmployeeID` int(11)
,`CargoTransID` int(11)
,`date` datetime
,`comments` text
,`quantity` double
);

-- --------------------------------------------------------

--
-- Stand-in structure for view `extended_products_outputs`
-- (See below for the actual view)
--
DROP VIEW IF EXISTS `extended_products_outputs`;
CREATE TABLE `extended_products_outputs` (
`iD` int(11)
,`WarehouseID` int(11)
,`EmployeeID` int(11)
,`CargoTransID` int(11)
,`date` datetime
,`comments` text
,`quantity` double
);

-- --------------------------------------------------------

--
-- Stand-in structure for view `extended_purchases`
-- (See below for the actual view)
--
DROP VIEW IF EXISTS `extended_purchases`;
CREATE TABLE `extended_purchases` (
`iD` int(11)
,`EmployeeID` int(11)
,`CustomerID` int(11)
,`CargoTransID` int(11)
,`date` datetime
,`billNo` varchar(255)
,`comments` text
,`quantity` double
,`extendedPrice` decimal(33,2)
);

-- --------------------------------------------------------

--
-- Stand-in structure for view `extended_purchases_refund`
-- (See below for the actual view)
--
DROP VIEW IF EXISTS `extended_purchases_refund`;
CREATE TABLE `extended_purchases_refund` (
`iD` int(11)
,`EmployeeID` int(11)
,`CustomerID` int(11)
,`CargoTransID` int(11)
,`date` datetime
,`billNo` varchar(255)
,`comments` text
,`quantity` double
,`extendedPrice` decimal(33,2)
,`refundQuantity` double
,`extendedRefundPrice` double(20,3)
,`extendedDiscount` decimal(33,4)
,`extendedNetQuantity` double
,`extendedNetPrice` double(20,3)
);

-- --------------------------------------------------------

--
-- Stand-in structure for view `extended_reservation_invoice`
-- (See below for the actual view)
--
DROP VIEW IF EXISTS `extended_reservation_invoice`;
CREATE TABLE `extended_reservation_invoice` (
`iD` int(11)
,`EmployeeID` int(11)
,`CustomerID` int(11)
,`TermsID` int(11)
,`date` datetime
,`comments` text
,`termsDate` datetime
,`quantity` double
);

-- --------------------------------------------------------

--
-- Stand-in structure for view `extended_transfers`
-- (See below for the actual view)
--
DROP VIEW IF EXISTS `extended_transfers`;
CREATE TABLE `extended_transfers` (
`iD` int(11)
,`EmployeeID` int(11)
,`CargoTransID` int(11)
,`date` datetime
,`comments` text
,`quantity` double
,`fromWarehouse` int(11)
,`toWarehouse` int(11)
,`billNo` varchar(255)
);

-- --------------------------------------------------------

--
-- Stand-in structure for view `fund_balance`
-- (See below for the actual view)
--
DROP VIEW IF EXISTS `fund_balance`;
CREATE TABLE `fund_balance` (
`iD` int(11)
,`name` varchar(10)
,`totalCredits` decimal(33,2)
,`totalDebits` decimal(33,2)
);

-- --------------------------------------------------------

--
-- Table structure for table `governorates`
--

DROP TABLE IF EXISTS `governorates`;
CREATE TABLE `governorates` (
  `iD` int(11) NOT NULL,
  `name` varchar(15) NOT NULL
) ENGINE=InnoDB DEFAULT CHARSET=utf8 COLLATE=utf8_general_ci;

--
-- Dumping data for table `governorates`
--

INSERT  INTO `governorates` (`iD`, `name`) VALUES
(1, 'دمشق'),
(2, 'ريف دمشق'),
(3, 'حلب');

-- --------------------------------------------------------

--
-- Table structure for table `grades`
--

DROP TABLE IF EXISTS `grades`;
CREATE TABLE `grades` (
  `iD` int(11) NOT NULL,
  `name` varchar(50) NOT NULL
) ENGINE=InnoDB DEFAULT CHARSET=utf8 COLLATE=utf8_general_ci;

--
-- Dumping data for table `grades`
--

INSERT  INTO `grades` (`iD`, `name`) VALUES
(8, 'A'),
(5, 'A-Uniboard'),
(10, 'B'),
(31, 'C Kraft'),
(20, 'C Kraft: A'),
(21, 'C Kraft: B'),
(16, 'CK'),
(18, 'GC'),
(33, 'GC2'),
(27, 'GC: A'),
(28, 'GC: B'),
(14, 'GD'),
(3, 'GD A'),
(4, 'GD B'),
(7, 'GD: A'),
(6, 'GD: B'),
(19, 'GK'),
(29, 'GK: A'),
(13, 'GT'),
(1, 'GT A'),
(2, 'GT B'),
(9, 'GT: A'),
(24, 'GT: B'),
(25, 'LIN: A'),
(26, 'LIN: B'),
(17, 'MM LIN'),
(32, 'SAPP'),
(30, 'SSK'),
(12, 'TC'),
(11, 'U'),
(15, 'UC'),
(22, 'UC: A'),
(23, 'UC: B');

-- --------------------------------------------------------

--
-- Table structure for table `gsms`
--

DROP TABLE IF EXISTS `gsms`;
CREATE TABLE `gsms` (
  `iD` int(11) NOT NULL,
  `gsm` smallint(6) NOT NULL
) ENGINE=InnoDB DEFAULT CHARSET=utf8 COLLATE=utf8_general_ci;

--
-- Dumping data for table `gsms`
--

INSERT  INTO `gsms` (`iD`, `gsm`) VALUES
(29, 1),
(55, 45),
(63, 48),
(64, 49),
(54, 53),
(62, 54),
(53, 60),
(65, 62),
(52, 65),
(51, 80),
(78, 88),
(79, 98),
(45, 100),
(80, 112),
(71, 125),
(81, 127),
(85, 133),
(57, 135),
(82, 137),
(14, 140),
(86, 143),
(15, 145),
(83, 146),
(12, 150),
(59, 152),
(32, 160),
(58, 170),
(84, 171),
(72, 175),
(16, 180),
(42, 190),
(41, 195),
(4, 200),
(48, 205),
(7, 210),
(20, 215),
(35, 216),
(22, 220),
(18, 225),
(21, 230),
(26, 235),
(27, 240),
(60, 242),
(47, 245),
(19, 250),
(30, 255),
(31, 260),
(66, 265),
(28, 270),
(17, 275),
(6, 280),
(49, 290),
(10, 300),
(37, 310),
(56, 312),
(9, 320),
(23, 325),
(33, 330),
(67, 340),
(1, 350),
(34, 360),
(38, 370),
(8, 375),
(2, 380),
(73, 385),
(61, 390),
(11, 400),
(74, 410),
(75, 415),
(46, 420),
(13, 425),
(76, 430),
(77, 435),
(68, 440),
(3, 450),
(24, 475),
(36, 500),
(25, 550),
(44, 800),
(70, 980);

-- --------------------------------------------------------

--
-- Table structure for table `home_ads_image_list`
--

DROP TABLE IF EXISTS `home_ads_image_list`;
CREATE TABLE `home_ads_image_list` (
  `iD` int(11) NOT NULL,
  `image` text NOT NULL,
  `title` text NOT NULL,
  `titleAr` text NOT NULL,
  `description` text NOT NULL,
  `descriptionAr` text NOT NULL,
  `date` datetime NOT NULL DEFAULT current_timestamp(),
  `endDate` datetime NOT NULL DEFAULT current_timestamp(),
  `buttonAction` enum('CALL_PHONE','WHATSAPP_PHONE','WEB_VIEW','AUTO_REST') NOT NULL DEFAULT 'CALL_PHONE'
) ENGINE=InnoDB DEFAULT CHARSET=utf8 COLLATE=utf8_general_ci;

--
-- Dumping data for table `home_ads_image_list`
--

INSERT  INTO `home_ads_image_list` (`iD`, `image`, `title`, `titleAr`, `description`, `descriptionAr`, `date`, `endDate`, `buttonAction`) VALUES
(1, '/home1/saffoury/public_html/SaffouryPaper2/Images/24a802d340815c27a72f798234f26703.jpg', 'SaffouryPaper', 'شركة الصفوري', 'the first and the only place for pressing owners', 'The first and the only place for pressing owners', '2022-03-04 13:36:36', '2022-03-31 13:36:40', 'CALL_PHONE');

-- --------------------------------------------------------

--
-- Table structure for table `home_image_list`
--

DROP TABLE IF EXISTS `home_image_list`;
CREATE TABLE `home_image_list` (
  `iD` int(11) NOT NULL,
  `date` datetime NOT NULL DEFAULT current_timestamp(),
  `endDate` datetime NOT NULL DEFAULT current_timestamp(),
  `image` text NOT NULL,
  `title` text NOT NULL,
  `titleAr` text NOT NULL
) ENGINE=InnoDB DEFAULT CHARSET=utf8 COLLATE=utf8_general_ci;

-- --------------------------------------------------------

--
-- Table structure for table `home_image_list_action`
--

DROP TABLE IF EXISTS `home_image_list_action`;
CREATE TABLE `home_image_list_action` (
  `iD` int(11) NOT NULL,
  `ImageID` int(11) NOT NULL,
  `table_name` varchar(30) NOT NULL
) ENGINE=InnoDB DEFAULT CHARSET=utf8 COLLATE=utf8_general_ci;

-- --------------------------------------------------------

--
-- Table structure for table `incomes`
--

DROP TABLE IF EXISTS `incomes`;
CREATE TABLE `incomes` (
  `iD` int(11) NOT NULL,
  `CashBoxID` int(11) NOT NULL,
  `EqualitiesID` int(11) NOT NULL,
  `EmployeeID` int(11) NOT NULL,
  `NameID` int(11) NOT NULL,
  `date` datetime NOT NULL DEFAULT current_timestamp(),
  `value` decimal(11,2) NOT NULL,
  `fromBox` tinyint(1) NOT NULL DEFAULT 0,
  `comments` text DEFAULT NULL
) ENGINE=InnoDB DEFAULT CHARSET=utf8 COLLATE=utf8_general_ci;

--
-- Dumping data for table `incomes`
--

INSERT  INTO `incomes` (`iD`, `CashBoxID`, `EqualitiesID`, `EmployeeID`, `NameID`, `date`, `value`, `fromBox`, `comments`) VALUES
(60, 1, 1, 1, 37, '2021-08-26 15:48:57', 1000.00, 0, NULL),
(64, 1, 292, 1, 30, '2021-09-04 12:09:56', 100000.00, 0, 'هي ٢٠٠ الف تبع سامر اعطيتو ١٠٠ منها حق جوازات'),
(72, 1, 1, 9, 16, '2021-09-16 15:42:21', 1000.00, 0, 'مقابل 3.500.000'),
(103, 1, 1, 1, 39, '2021-11-05 11:13:44', 600.00, 0, NULL),
(119, 1, 993, 1, 32, '2022-02-13 14:41:04', 300000.00, 0, NULL),
(157, 1, 1293, 11, 16, '2022-06-22 11:30:10', 500.00, 0, 'شراء 500 طبق لاصق بسعر 2,000,000'),
(158, 1, 1305, 16, 16, '2022-06-26 16:49:21', 1200.00, 0, 'شراء 1,200 طبق لاصق بسعر 4,800,000'),
(159, 1, 1338, 16, 16, '2022-07-27 13:14:44', 100.00, 0, 'شراء 100 طبق لاصق بسعر 403,000'),
(165, 1, 1, 1, 16, '2025-06-05 02:54:39', 1000.00, 0, '1000 $ مقابل: 322,00000 ل.س سعر الصرف: 3220'),
(171, 1, 1, 1, 16, '2025-06-06 02:54:39', 1000.00, 0, '1000 $ مقابل: 322,00000 ل.س سعر الصرف: 3220');

-- --------------------------------------------------------

--
-- Table structure for table `inventory`
--

DROP TABLE IF EXISTS `inventory`;
CREATE TABLE `inventory` (
  `ProductID` int(11) NOT NULL,
  `WarehouseID` int(11) NOT NULL,
  `quantity` double NOT NULL,
  `date` datetime DEFAULT current_timestamp()
) ENGINE=InnoDB DEFAULT CHARSET=utf8 COLLATE=utf8_unicode_ci;



-- --------------------------------------------------------

--
-- Stand-in structure for view `inventory_input`
-- (See below for the actual view)
--
DROP VIEW IF EXISTS `inventory_input`;
CREATE TABLE `inventory_input` (
`ProductID` int(11)
,`WarehouseID` int(11)
,`quantity` double
);

-- --------------------------------------------------------

--
-- Stand-in structure for view `inventory_orders`
-- (See below for the actual view)
--
DROP VIEW IF EXISTS `inventory_orders`;
CREATE TABLE `inventory_orders` (
`ProductID` int(11)
,`WarehouseID` int(11)
,`quantity` double
);

-- --------------------------------------------------------

--
-- Stand-in structure for view `inventory_orders_refund`
-- (See below for the actual view)
--
DROP VIEW IF EXISTS `inventory_orders_refund`;
CREATE TABLE `inventory_orders_refund` (
`ProductID` int(11)
,`WarehouseID` int(11)
,`quantity` double
);

-- --------------------------------------------------------

--
-- Stand-in structure for view `inventory_output`
-- (See below for the actual view)
--
DROP VIEW IF EXISTS `inventory_output`;
CREATE TABLE `inventory_output` (
`ProductID` int(11)
,`WarehouseID` int(11)
,`quantity` double
);

-- --------------------------------------------------------

--
-- Stand-in structure for view `inventory_products`
-- (See below for the actual view)
--
DROP VIEW IF EXISTS `inventory_products`;
CREATE TABLE `inventory_products` (
`iD` int(11)
,`ProductID` int(11)
,`WarehouseID` int(11)
,`quantity` double
);

-- --------------------------------------------------------

--
-- Stand-in structure for view `inventory_purchases`
-- (See below for the actual view)
--
DROP VIEW IF EXISTS `inventory_purchases`;
CREATE TABLE `inventory_purchases` (
`ProductID` int(11)
,`WarehouseID` int(11)
,`quantity` double
);

-- --------------------------------------------------------

--
-- Stand-in structure for view `inventory_purchases_refund`
-- (See below for the actual view)
--
DROP VIEW IF EXISTS `inventory_purchases_refund`;
CREATE TABLE `inventory_purchases_refund` (
`ProductID` int(11)
,`WarehouseID` int(11)
,`quantity` double
);

-- --------------------------------------------------------

--
-- Stand-in structure for view `inventory_total_input`
-- (See below for the actual view)
--
DROP VIEW IF EXISTS `inventory_total_input`;
CREATE TABLE `inventory_total_input` (
`ProductID` int(11)
,`WarehouseID` int(11)
,`quantity` double
);

-- --------------------------------------------------------

--
-- Stand-in structure for view `inventory_total_output`
-- (See below for the actual view)
--
DROP VIEW IF EXISTS `inventory_total_output`;
CREATE TABLE `inventory_total_output` (
`ProductID` int(11)
,`WarehouseID` int(11)
,`quantity` double
);

-- --------------------------------------------------------

--
-- Stand-in structure for view `inventory_transfer_from`
-- (See below for the actual view)
--
DROP VIEW IF EXISTS `inventory_transfer_from`;
CREATE TABLE `inventory_transfer_from` (
`ProductID` int(11)
,`WarehouseID` int(11)
,`quantity` double
);

-- --------------------------------------------------------

--
-- Stand-in structure for view `inventory_transfer_to`
-- (See below for the actual view)
--
DROP VIEW IF EXISTS `inventory_transfer_to`;
CREATE TABLE `inventory_transfer_to` (
`ProductID` int(11)
,`WarehouseID` int(11)
,`quantity` double
);

-- --------------------------------------------------------

--
-- Table structure for table `journal_voucher`
--

DROP TABLE IF EXISTS `journal_voucher`;
CREATE TABLE `journal_voucher` (
  `iD` int(11) NOT NULL,
  `CreditID` int(11) DEFAULT NULL,
  `IncomesID` int(11) DEFAULT NULL,
  `DebitsID` int(11) DEFAULT NULL,
  `SpendingID` int(11) DEFAULT NULL
) ENGINE=InnoDB DEFAULT CHARSET=utf8 COLLATE=utf8_general_ci;

--
-- Dumping data for table `journal_voucher`
--

INSERT  INTO `journal_voucher` (`iD`, `CreditID`, `IncomesID`, `DebitsID`, `SpendingID`) VALUES
(254, NULL, 165, NULL, 447);

-- --------------------------------------------------------

--
-- Table structure for table `manufactures`
--

DROP TABLE IF EXISTS `manufactures`;
CREATE TABLE `manufactures` (
  `iD` int(11) NOT NULL,
  `name` varchar(50) NOT NULL
) ENGINE=InnoDB DEFAULT CHARSET=utf8 COLLATE=utf8_general_ci;

--
-- Dumping data for table `manufactures`
--

INSERT  INTO `manufactures` (`iD`, `name`) VALUES
(1, 'MM'),
(4, 'Unknown'),
(2, 'WEIG'),
(3, 'شركة الصفوري');

-- --------------------------------------------------------

--
-- Stand-in structure for view `new_inventory_products`
-- (See below for the actual view)
--
DROP VIEW IF EXISTS `new_inventory_products`;
CREATE TABLE `new_inventory_products` (
`iD` int(11)
,`ProductID` int(11)
,`quantity` double
,`WarehouseID` int(11)
);

-- --------------------------------------------------------

--
-- Table structure for table `notifications`
--

DROP TABLE IF EXISTS `notifications`;
CREATE TABLE `notifications` (
  `iD` int(11) NOT NULL,
  `json` text NOT NULL,
  `tokens` text NOT NULL,
  `date` datetime NOT NULL DEFAULT current_timestamp()
) ENGINE=InnoDB DEFAULT CHARSET=utf8 COLLATE=utf8_general_ci;

--
-- Dumping data for table `notifications`
--

INSERT  INTO `notifications` (`iD`, `json`, `tokens`, `date`) VALUES
(3, '{\"type\":\"credits\",\"object\":\"{\\\"iD\\\":231,\\\"CashBoxID\\\":1,\\\"EmployeeID\\\":1,\\\"CustomerID\\\":948,\\\"EqualitiesID\\\":199,\\\"date\\\":\\\"2021-08-10 02:47:26\\\",\\\"value\\\":1005000,\\\"fb_edit\\\":\\\"edit\\\",\\\"customers\\\":{\\\"iD\\\":948,\\\"name\\\":\\\"\\\\u0627\\\\u0628\\\\u0648 \\\\u0627\\\\u064a\\\\u0627\\\\u062f \\\\u0639\\\\u0645\\\\u0627\\\\u0631\\\",\\\"balance\\\":-2196.7550000000001091393642127513885498046875},\\\"employees\\\":{\\\"iD\\\":1,\\\"name\\\":\\\"Qussai Al-Saffoury\\\"},\\\"equalities\\\":{\\\"iD\\\":199,\\\"CurrencyID\\\":2,\\\"value\\\":0.0003048780487804899730179541972319157139281742274761199951171875,\\\"date\\\":\\\"2021-08-10 02:45:22\\\",\\\"currency\\\":{\\\"iD\\\":2,\\\"name\\\":\\\"SYP\\\",\\\"nameAr\\\":\\\"\\\\u0644.\\\\u0633\\\"},\\\"credits\\\":[],\\\"credits_count\\\":1,\\\"debits\\\":[],\\\"debits_count\\\":0,\\\"incomes\\\":[],\\\"incomes_count\\\":0,\\\"spendings\\\":[],\\\"spendings_count\\\":0}}\"}', '[\"dI7sFHhES6m6QrK4M_0AWv:APA91bFHpw4S6HSPZ82pzlbNrYdJcF2aJWxQtcmfUCTBsreEZuva1id3hfq9JNJ-ZRr55AcwsTrkJG4i62QpzipCmBB-94we_td7mABkM6GwROPl68SlF2rcxlu-621uJRqBD16xxYnP\",\"fAS-_Hk4RVqALVMYH6SGlf:APA91bE9a4bD5Je_RBAudY6ghIGfdtedqKJCqSGZ4mLHUr0vwQS3Qdu2WWVgYV8yD-rD1y6f2PpgUI81GMY3PzUIkkp-6wuk2d2BGkI5oEPkp0WxXNFU7_oFgQkoaTTDHhJsfYS7xT9-\",\"eKqCJkTM55Wpn4IyktwKXg:APA91bGBC7iLyXvtERshCvlE0y3uVnRU0F_of7SZowVaWLzi0wVa-_mi3rBUYDJDmd2MkpFe84WKw8HG-Pi3Sy7F4RuZ22u_pKJ8XXPrt8UE0BCSR7RupPB3g0xp8N-1rI2oxs9pd7_3\",\"erUPy-L1tf289aXHQLaY6k:APA91bHUxSANrZW0VOaUW1bq8uXv1Dc-i3WvYXDaVn5a1QU48wIIsCpGFdp7Mkp08VMFRmJ_W5M68TiOvZouixbyLrhFT7zLK9DPCK2c_zjN1n-EL18fMG82rqt3nypf5mBe3kaAcj5A\",\"cy5rIFHPaR8pTXCN4W733h:APA91bEmAMV5ElteiaC-7IdeD5OCPCDWPqZTPIM2RTg_0azOBg4lLOg5RkSgAc4_RVuMi0zkvpSFpTCzbCENUN-AYVfW17cBfle1hfbEeU7Iuz9ztt-jF-mHrOQBxy6oalYIsKPBK9Fu\",\"fbhcrVkjZNWbDOtBG9V76Y:APA91bHDRcXHFExhIReEmKe35QhqK95IuEaCwTTLewjfKO9DhUzj98drJ1XfYFfuUjEbSXPI3kqfhU93UvLEs69GwTpd5bS5riyfugnW3DXCaGlvBwMUzNFnyZT6JOEDCDbP4_mApTG_\",\"ch602CmbQJKGowmx3NpJnz:APA91bHPT59UETbKzesjaebjhEthOj4a1A10lEtA_m2Bq4rhA5LFdzfWzH019oPBIyi1LDhqmOucryKPKKK-sOohMBE88UM3g7RqUkFxCVjlP7NrCTSVuGd6ck64sY1psoJrMFZEDT_S\",\"exWo-dGeQVKBfXuq04tAs-:APA91bGsGS3L7vq2_I_NC9UnuWoc_sowtDzd7kngiWoS9SqzfiEywm7s1EXvOH3omTYMwsdtGFcBlthfELOQ9Xj0AUYVU2Uw2AP0EYWAZ1I-xkf7T3XocF3vw83TWUP3083Z0m9Y-zfa\"]', '2024-09-07 11:40:56'),
(6, '{\"type\":\"credits\",\"object\":\"{\\\"iD\\\":231,\\\"CashBoxID\\\":1,\\\"EmployeeID\\\":1,\\\"CustomerID\\\":948,\\\"EqualitiesID\\\":199,\\\"date\\\":\\\"2021-08-10 02:47:26\\\",\\\"value\\\":1006000,\\\"fb_edit\\\":\\\"edit\\\",\\\"customers\\\":{\\\"iD\\\":948,\\\"name\\\":\\\"\\\\u0627\\\\u0628\\\\u0648 \\\\u0627\\\\u064a\\\\u0627\\\\u062f \\\\u0639\\\\u0645\\\\u0627\\\\u0631\\\",\\\"balance\\\":-2197.05999999999994543031789362430572509765625},\\\"employees\\\":{\\\"iD\\\":1,\\\"name\\\":\\\"Qussai Al-Saffoury\\\"},\\\"equalities\\\":{\\\"iD\\\":199,\\\"CurrencyID\\\":2,\\\"value\\\":0.0003048780487804899730179541972319157139281742274761199951171875,\\\"date\\\":\\\"2021-08-10 02:45:22\\\",\\\"currency\\\":{\\\"iD\\\":2,\\\"name\\\":\\\"SYP\\\",\\\"nameAr\\\":\\\"\\\\u0644.\\\\u0633\\\"},\\\"credits\\\":[],\\\"credits_count\\\":1,\\\"debits\\\":[],\\\"debits_count\\\":0,\\\"incomes\\\":[],\\\"incomes_count\\\":0,\\\"spendings\\\":[],\\\"spendings_count\\\":0}}\"}', '[\"dI7sFHhES6m6QrK4M_0AWv:APA91bFHpw4S6HSPZ82pzlbNrYdJcF2aJWxQtcmfUCTBsreEZuva1id3hfq9JNJ-ZRr55AcwsTrkJG4i62QpzipCmBB-94we_td7mABkM6GwROPl68SlF2rcxlu-621uJRqBD16xxYnP\",\"fAS-_Hk4RVqALVMYH6SGlf:APA91bE9a4bD5Je_RBAudY6ghIGfdtedqKJCqSGZ4mLHUr0vwQS3Qdu2WWVgYV8yD-rD1y6f2PpgUI81GMY3PzUIkkp-6wuk2d2BGkI5oEPkp0WxXNFU7_oFgQkoaTTDHhJsfYS7xT9-\",\"eKqCJkTM55Wpn4IyktwKXg:APA91bGBC7iLyXvtERshCvlE0y3uVnRU0F_of7SZowVaWLzi0wVa-_mi3rBUYDJDmd2MkpFe84WKw8HG-Pi3Sy7F4RuZ22u_pKJ8XXPrt8UE0BCSR7RupPB3g0xp8N-1rI2oxs9pd7_3\",\"erUPy-L1tf289aXHQLaY6k:APA91bHUxSANrZW0VOaUW1bq8uXv1Dc-i3WvYXDaVn5a1QU48wIIsCpGFdp7Mkp08VMFRmJ_W5M68TiOvZouixbyLrhFT7zLK9DPCK2c_zjN1n-EL18fMG82rqt3nypf5mBe3kaAcj5A\",\"cy5rIFHPaR8pTXCN4W733h:APA91bEmAMV5ElteiaC-7IdeD5OCPCDWPqZTPIM2RTg_0azOBg4lLOg5RkSgAc4_RVuMi0zkvpSFpTCzbCENUN-AYVfW17cBfle1hfbEeU7Iuz9ztt-jF-mHrOQBxy6oalYIsKPBK9Fu\",\"fbhcrVkjZNWbDOtBG9V76Y:APA91bHDRcXHFExhIReEmKe35QhqK95IuEaCwTTLewjfKO9DhUzj98drJ1XfYFfuUjEbSXPI3kqfhU93UvLEs69GwTpd5bS5riyfugnW3DXCaGlvBwMUzNFnyZT6JOEDCDbP4_mApTG_\",\"ch602CmbQJKGowmx3NpJnz:APA91bHPT59UETbKzesjaebjhEthOj4a1A10lEtA_m2Bq4rhA5LFdzfWzH019oPBIyi1LDhqmOucryKPKKK-sOohMBE88UM3g7RqUkFxCVjlP7NrCTSVuGd6ck64sY1psoJrMFZEDT_S\",\"exWo-dGeQVKBfXuq04tAs-:APA91bGsGS3L7vq2_I_NC9UnuWoc_sowtDzd7kngiWoS9SqzfiEywm7s1EXvOH3omTYMwsdtGFcBlthfELOQ9Xj0AUYVU2Uw2AP0EYWAZ1I-xkf7T3XocF3vw83TWUP3083Z0m9Y-zfa\"]', '2024-09-07 12:06:31');

-- --------------------------------------------------------

--
-- Table structure for table `orders`
--

DROP TABLE IF EXISTS `orders`;
CREATE TABLE `orders` (
  `iD` int(11) NOT NULL,
  `EmployeeID` int(11) DEFAULT NULL,
  `CargoTransID` int(11) DEFAULT NULL,
  `CustomerID` int(11) NOT NULL,
  `date` datetime NOT NULL DEFAULT current_timestamp(),
  `billNo` varchar(255) DEFAULT NULL,
  `comments` text DEFAULT NULL,
  `TermsID` int(11) DEFAULT NULL,
  `status` enum('NONE','PENDING','PROCESSING','CANCELED','APPROVED') DEFAULT 'NONE'
) ENGINE=InnoDB DEFAULT CHARSET=utf8 COLLATE=utf8_general_ci;

--
-- Dumping data for table `orders`
--

INSERT  INTO `orders` (`iD`, `EmployeeID`, `CargoTransID`, `CustomerID`, `date`, `billNo`, `comments`, `TermsID`, `status`) VALUES
(122, 1, NULL, 959, '2021-08-23 09:54:32', NULL, NULL, 1, 'NONE'),
(123, 1, NULL, 950, '2021-08-30 09:46:21', NULL, NULL, 60, 'NONE'),
(125, 1, NULL, 967, '2021-09-10 20:29:19', NULL, NULL, 7, 'NONE'),
(127, 1, NULL, 978, '2021-09-14 10:28:47', NULL, NULL, 7, 'NONE'),
(128, 1, NULL, 994, '2021-09-14 11:24:35', NULL, NULL, 7, 'NONE'),
(129, 1, NULL, 967, '2021-09-14 09:14:21', NULL, NULL, 7, 'NONE'),
(130, 1, NULL, 967, '2021-09-14 09:19:56', NULL, NULL, 7, 'NONE'),
(131, 1, NULL, 967, '2021-09-14 09:24:20', NULL, NULL, 7, 'NONE'),
(132, 1, NULL, 967, '2021-09-14 09:26:11', NULL, NULL, 7, 'NONE'),
(133, 4, NULL, 996, '2021-09-16 09:48:24', NULL, NULL, 7, 'NONE'),
(134, 1, NULL, 967, '2021-09-13 10:01:55', NULL, NULL, 7, 'NONE'),
(135, 1, NULL, 967, '2021-09-17 16:20:53', NULL, NULL, 7, 'NONE'),
(136, 1, NULL, 941, '2021-09-16 09:27:21', NULL, NULL, 7, 'NONE'),
(137, 1, NULL, 966, '2021-09-18 09:29:01', NULL, NULL, 7, 'NONE'),
(138, 1, NULL, 989, '2021-09-18 09:59:16', NULL, NULL, 7, 'NONE'),
(139, 1, NULL, 998, '2021-09-17 10:13:55', NULL, NULL, 7, 'NONE'),
(140, 1, NULL, 999, '2021-09-17 13:12:56', NULL, NULL, 7, 'NONE'),
(141, 1, NULL, 999, '2021-09-17 13:18:33', NULL, NULL, 7, 'NONE'),
(142, 1, NULL, 999, '2021-09-17 13:19:50', NULL, NULL, 7, 'NONE'),
(143, 1, NULL, 999, '2021-09-17 20:48:58', NULL, NULL, 7, 'NONE'),
(144, 1, NULL, 943, '2021-09-21 13:13:50', NULL, NULL, 7, 'NONE'),
(145, 1, NULL, 941, '2021-09-21 13:17:30', NULL, NULL, 7, 'NONE'),
(147, 4, NULL, 950, '2021-09-22 09:25:35', NULL, NULL, 7, 'NONE'),
(148, 1, NULL, 941, '2021-09-22 14:21:59', NULL, NULL, 7, 'NONE'),
(149, 1, NULL, 954, '2021-09-22 14:46:12', NULL, NULL, 7, 'NONE'),
(150, 4, NULL, 1004, '2021-09-23 10:41:21', NULL, NULL, 7, 'NONE'),
(151, 1, NULL, 954, '2021-09-23 13:13:08', NULL, NULL, 60, 'NONE'),
(152, 1, NULL, 943, '2021-09-25 11:36:21', NULL, NULL, 60, 'NONE'),
(153, 1, NULL, 960, '2021-09-25 11:58:04', NULL, NULL, 7, 'NONE'),
(154, 4, NULL, 949, '2021-09-26 12:54:33', NULL, NULL, 7, 'NONE'),
(155, 1, NULL, 954, '2021-09-26 15:51:19', NULL, NULL, 7, 'NONE'),
(156, 1, NULL, 960, '2021-09-27 13:10:00', NULL, NULL, 7, 'NONE'),
(157, 4, NULL, 960, '2021-09-28 09:46:36', NULL, NULL, 7, 'NONE'),
(158, 1, NULL, 933, '2021-09-28 11:06:04', NULL, NULL, 7, 'NONE'),
(160, 1, NULL, 941, '2021-09-28 12:38:00', NULL, NULL, 7, 'NONE'),
(161, 1, NULL, 943, '2021-09-28 12:57:57', NULL, NULL, 7, 'NONE'),
(162, 1, NULL, 1010, '2021-09-28 13:23:07', NULL, NULL, 7, 'NONE'),
(163, 4, NULL, 939, '2021-09-28 15:23:57', NULL, NULL, 7, 'NONE'),
(164, 1, NULL, 1007, '2021-09-29 11:40:28', NULL, NULL, 7, 'NONE'),
(165, 1, NULL, 1012, '2021-09-30 10:26:53', NULL, NULL, 1, 'NONE'),
(166, 1, NULL, 949, '2021-09-30 12:38:12', NULL, NULL, 7, 'NONE'),
(167, 1, NULL, 977, '2021-09-30 12:47:48', '10243 من المعمل', NULL, 7, 'NONE'),
(168, 1, NULL, 954, '2021-09-30 13:57:52', NULL, NULL, 7, 'NONE'),
(169, 4, NULL, 960, '2021-10-02 09:01:24', NULL, NULL, 7, 'NONE'),
(170, 1, NULL, 954, '2021-10-02 11:47:10', NULL, NULL, 7, 'NONE'),
(171, 1, NULL, 1008, '2021-10-02 11:47:10', NULL, NULL, 1, 'NONE'),
(172, 1, NULL, 943, '2021-10-02 12:17:24', NULL, NULL, 7, 'NONE'),
(173, 1, NULL, 980, '2021-10-02 12:18:21', NULL, NULL, 7, 'NONE'),
(174, 1, NULL, 1008, '2021-10-02 12:44:11', NULL, NULL, 7, 'NONE'),
(175, 1, NULL, 999, '2021-09-01 13:09:49', NULL, NULL, 60, 'NONE'),
(177, 1, NULL, 999, '2021-09-01 13:19:25', NULL, NULL, 60, 'NONE'),
(178, 4, NULL, 960, '2021-10-02 15:33:21', NULL, NULL, 7, 'NONE'),
(179, 1, NULL, 954, '2021-10-03 11:50:52', NULL, NULL, 7, 'NONE'),
(180, 4, NULL, 960, '2021-10-03 12:06:19', NULL, NULL, 7, 'NONE'),
(181, 4, NULL, 1011, '2021-10-03 12:58:46', NULL, NULL, 7, 'NONE'),
(182, 4, NULL, 1011, '2021-10-03 14:23:53', NULL, NULL, 7, 'NONE'),
(183, 1, NULL, 942, '2021-10-04 11:52:48', '10247 من المعمل', NULL, 7, 'NONE'),
(184, 1, NULL, 942, '2021-10-04 11:53:30', '10249 من المعمل', NULL, 7, 'NONE'),
(185, 1, NULL, 974, '2021-10-04 11:56:01', NULL, NULL, 7, 'NONE'),
(186, 1, NULL, 996, '2021-10-04 13:43:52', NULL, NULL, 60, 'NONE'),
(187, 4, NULL, 1013, '2021-10-04 15:08:30', NULL, NULL, 7, 'NONE'),
(188, 4, NULL, 978, '2021-10-04 16:07:13', NULL, NULL, 7, 'NONE'),
(189, 4, NULL, 966, '2021-10-04 16:13:55', NULL, NULL, 7, 'NONE'),
(190, 1, NULL, 959, '2021-10-05 10:00:38', NULL, NULL, 1, 'NONE'),
(191, 1, NULL, 1014, '2021-10-05 11:13:29', NULL, NULL, 7, 'NONE'),
(192, 4, NULL, 962, '2021-10-05 13:49:47', NULL, NULL, 7, 'NONE'),
(193, 4, NULL, 968, '2021-10-06 12:30:46', NULL, NULL, 7, 'NONE'),
(194, 4, NULL, 974, '2021-10-06 12:32:19', NULL, NULL, 7, 'NONE'),
(195, 4, NULL, 954, '2021-10-06 15:05:25', NULL, NULL, 7, 'NONE'),
(196, 1, NULL, 1017, '2021-10-06 16:44:14', NULL, NULL, 60, 'NONE'),
(197, 4, NULL, 960, '2021-10-07 09:15:16', NULL, NULL, 7, 'NONE'),
(198, 1, NULL, 1019, '2021-10-07 10:56:28', NULL, NULL, 1, 'NONE'),
(199, 4, NULL, 1020, '2021-10-07 12:41:56', NULL, NULL, 7, 'NONE'),
(200, 4, NULL, 938, '2021-10-07 12:47:45', NULL, NULL, 7, 'NONE'),
(201, 4, NULL, 987, '2021-10-07 14:04:58', NULL, NULL, 7, 'NONE'),
(202, 4, NULL, 941, '2021-10-07 14:58:49', NULL, NULL, 7, 'NONE'),
(203, 4, NULL, 960, '2021-10-09 14:44:25', NULL, NULL, 7, 'NONE'),
(204, 1, NULL, 960, '2021-10-10 10:22:24', NULL, NULL, 7, 'NONE'),
(205, 4, NULL, 1023, '2021-10-10 11:36:48', NULL, NULL, 7, 'NONE'),
(206, 4, NULL, 962, '2021-10-10 11:39:42', NULL, NULL, 7, 'NONE'),
(207, 4, NULL, 981, '2021-10-10 12:08:49', NULL, NULL, 7, 'NONE'),
(208, 4, NULL, 969, '2021-10-11 08:50:03', NULL, NULL, 7, 'NONE'),
(209, 4, NULL, 1008, '2021-10-11 09:25:05', NULL, NULL, 7, 'NONE'),
(210, 4, NULL, 954, '2021-10-11 10:01:38', NULL, NULL, 7, 'NONE'),
(211, 4, NULL, 954, '2021-10-12 10:39:59', NULL, NULL, 7, 'NONE'),
(212, 1, NULL, 960, '2021-10-12 10:53:21', NULL, NULL, 7, 'NONE'),
(213, 4, NULL, 945, '2021-10-12 12:20:54', NULL, NULL, 7, 'NONE'),
(214, 4, NULL, 934, '2021-10-12 14:34:19', NULL, NULL, 7, 'NONE'),
(215, 1, NULL, 968, '2021-10-13 11:40:21', NULL, NULL, 7, 'NONE'),
(216, 1, NULL, 1003, '2021-10-13 11:41:06', NULL, NULL, 7, 'NONE'),
(217, 4, NULL, 966, '2021-10-13 13:00:53', NULL, NULL, 7, 'NONE'),
(218, 1, NULL, 1024, '2021-10-13 14:37:35', NULL, NULL, 60, 'NONE'),
(219, 1, NULL, 1025, '2021-10-13 16:14:58', NULL, NULL, -1, 'NONE'),
(220, 1, NULL, 962, '2021-10-14 10:16:34', NULL, NULL, 60, 'NONE'),
(221, 1, NULL, 960, '2021-10-14 10:39:12', NULL, NULL, 7, 'NONE'),
(222, 4, NULL, 962, '2021-10-14 10:48:54', NULL, NULL, 7, 'NONE'),
(223, 4, NULL, 943, '2021-10-14 12:49:08', NULL, NULL, 60, 'NONE'),
(224, 4, NULL, 1016, '2021-10-16 10:10:54', NULL, NULL, 7, 'NONE'),
(225, 4, NULL, 960, '2021-10-17 10:37:00', NULL, NULL, 7, 'NONE'),
(226, 4, NULL, 1023, '2021-10-18 11:04:08', NULL, NULL, 7, 'NONE'),
(227, 4, NULL, 995, '2021-10-18 11:46:52', NULL, NULL, 7, 'NONE'),
(228, 4, NULL, 1004, '2021-10-19 10:57:33', NULL, NULL, 7, 'NONE'),
(229, 4, NULL, 937, '2021-10-19 13:22:13', NULL, NULL, 7, 'NONE'),
(230, 4, NULL, 1019, '2021-10-20 11:21:27', NULL, NULL, 7, 'NONE'),
(231, 4, NULL, 962, '2021-10-20 11:55:04', NULL, NULL, 7, 'NONE'),
(232, 4, NULL, 969, '2021-10-20 12:37:43', NULL, NULL, 7, 'NONE'),
(233, 4, NULL, 962, '2021-10-20 12:43:39', NULL, NULL, -1, 'NONE'),
(234, 4, NULL, 962, '2021-10-20 13:33:55', NULL, NULL, 7, 'NONE'),
(235, 4, NULL, 960, '2021-10-20 14:04:59', NULL, NULL, 7, 'NONE'),
(236, 4, NULL, 962, '2021-10-20 14:14:20', NULL, NULL, 7, 'NONE'),
(237, 4, NULL, 960, '2021-10-20 14:20:42', NULL, NULL, 7, 'NONE'),
(238, 4, NULL, 960, '2021-10-20 14:35:12', NULL, NULL, 7, 'NONE'),
(239, 4, NULL, 1024, '2021-10-21 09:51:51', NULL, NULL, 7, 'NONE'),
(240, 4, NULL, 1024, '2021-10-21 11:05:37', NULL, NULL, 7, 'NONE'),
(241, 4, NULL, 977, '2021-10-23 10:24:57', NULL, NULL, 7, 'NONE'),
(242, 4, NULL, 941, '2021-10-23 10:31:37', NULL, NULL, 7, 'NONE'),
(243, 4, NULL, 941, '2021-10-23 11:44:10', NULL, NULL, 7, 'NONE'),
(244, 4, NULL, 941, '2021-10-23 12:07:54', NULL, NULL, 7, 'NONE'),
(245, 4, NULL, 941, '2021-10-23 12:26:40', NULL, NULL, 7, 'NONE'),
(246, 4, NULL, 962, '2021-10-23 12:39:37', NULL, NULL, 7, 'NONE'),
(247, 4, NULL, 941, '2021-10-23 12:50:52', NULL, NULL, 7, 'NONE'),
(248, 4, NULL, 941, '2021-10-23 13:14:26', NULL, NULL, 7, 'NONE'),
(249, 4, NULL, 943, '2021-10-23 13:34:46', NULL, NULL, 7, 'NONE'),
(250, 4, NULL, 941, '2021-10-23 13:34:46', NULL, NULL, 7, 'NONE'),
(251, 4, NULL, 941, '2021-10-23 14:10:17', NULL, NULL, 7, 'NONE'),
(252, 4, NULL, 962, '2021-10-23 14:10:17', NULL, NULL, 7, 'NONE'),
(253, 4, NULL, 943, '2021-10-23 14:10:17', NULL, NULL, 7, 'NONE'),
(254, 4, NULL, 941, '2021-10-23 14:50:09', NULL, NULL, 7, 'NONE'),
(255, 4, NULL, 977, '2021-10-23 14:57:10', NULL, NULL, 7, 'NONE'),
(256, 1, NULL, 941, '2021-10-23 15:08:20', NULL, NULL, 7, 'NONE'),
(257, 4, NULL, 941, '2021-10-23 16:06:31', NULL, NULL, 7, 'NONE'),
(258, 4, NULL, 972, '2021-10-24 13:25:52', NULL, NULL, 7, 'NONE'),
(259, 4, NULL, 1001, '2021-10-25 09:25:11', NULL, NULL, 7, 'NONE'),
(260, 4, NULL, 996, '2021-10-26 11:24:35', NULL, NULL, 7, 'NONE'),
(261, 4, NULL, 1013, '2021-10-27 12:12:06', NULL, NULL, 7, 'NONE'),
(262, 4, NULL, 1029, '2021-10-27 13:22:41', NULL, NULL, 7, 'NONE'),
(263, 4, NULL, 978, '2021-10-28 08:16:37', NULL, NULL, 7, 'NONE'),
(264, 4, NULL, 1004, '2021-10-28 12:08:59', NULL, NULL, 7, 'NONE'),
(265, 4, NULL, 1028, '2021-10-28 12:27:03', NULL, NULL, 7, 'NONE'),
(266, 4, NULL, 960, '2021-10-28 13:10:15', NULL, NULL, 7, 'NONE'),
(267, 4, NULL, 992, '2021-10-28 13:41:48', NULL, NULL, 7, 'NONE'),
(268, 4, NULL, 980, '2021-10-30 09:04:26', NULL, NULL, 7, 'NONE'),
(269, 1, NULL, 1019, '2021-11-01 13:00:02', NULL, NULL, 7, 'NONE'),
(270, 4, NULL, 1035, '2021-11-01 13:59:06', NULL, NULL, 7, 'NONE'),
(271, 4, NULL, 1004, '2021-11-01 15:05:10', NULL, NULL, 7, 'NONE'),
(272, 4, NULL, 931, '2021-11-01 15:30:40', NULL, NULL, 7, 'NONE'),
(273, 4, NULL, 1030, '2021-11-02 08:34:33', NULL, NULL, 7, 'NONE'),
(274, 1, NULL, 941, '2021-11-02 12:08:41', NULL, NULL, 7, 'NONE'),
(275, 4, NULL, 978, '2021-11-02 14:04:17', NULL, NULL, 7, 'NONE'),
(276, 4, NULL, 931, '2021-11-02 14:39:12', NULL, NULL, 7, 'NONE'),
(277, 4, NULL, 931, '2021-11-02 15:30:58', NULL, NULL, 7, 'NONE'),
(278, 4, NULL, 978, '2021-11-02 15:40:12', NULL, NULL, 7, 'NONE'),
(279, 4, NULL, 969, '2021-11-03 13:15:16', NULL, NULL, 7, 'NONE'),
(280, 1, NULL, 1034, '2021-11-03 14:28:30', NULL, NULL, 7, 'NONE'),
(281, 1, NULL, 1034, '2021-11-03 14:32:43', NULL, NULL, 7, 'NONE'),
(282, 4, NULL, 980, '2021-11-03 15:34:04', NULL, NULL, 7, 'NONE'),
(283, 4, NULL, 1011, '2021-11-04 09:51:50', NULL, NULL, 7, 'NONE'),
(284, 4, NULL, 1033, '2021-11-06 09:52:33', NULL, NULL, 7, 'NONE'),
(285, 4, NULL, 994, '2021-11-06 12:39:58', NULL, NULL, 7, 'NONE'),
(286, 4, NULL, 1028, '2021-11-07 09:42:58', NULL, NULL, 7, 'NONE'),
(287, 4, NULL, 1037, '2021-11-07 09:59:31', NULL, NULL, -1, 'NONE'),
(289, 4, NULL, 1011, '2021-11-07 12:24:01', NULL, NULL, -1, 'NONE'),
(290, 4, NULL, 962, '2021-11-08 10:13:44', NULL, NULL, -1, 'NONE'),
(291, 4, NULL, 931, '2021-11-08 10:52:35', NULL, NULL, -1, 'NONE'),
(292, 1, NULL, 978, '2021-11-08 13:55:44', NULL, NULL, -1, 'NONE'),
(293, 4, NULL, 1032, '2021-11-08 15:12:20', NULL, NULL, -1, 'NONE'),
(294, 4, NULL, 1011, '2021-11-08 16:04:35', NULL, NULL, -1, 'NONE'),
(295, 4, NULL, 978, '2021-11-09 14:51:34', NULL, NULL, -1, 'NONE'),
(296, 4, NULL, 1039, '2021-11-11 12:34:24', NULL, NULL, -1, 'NONE'),
(297, 4, NULL, 962, '2021-11-11 12:56:48', NULL, 'اختبار', -1, 'NONE'),
(298, 4, NULL, 1039, '2021-11-17 14:10:54', NULL, NULL, -1, 'NONE'),
(299, 4, NULL, 960, '2021-11-17 14:56:56', NULL, NULL, -1, 'NONE'),
(300, 4, NULL, 941, '2021-11-17 15:04:40', NULL, NULL, -1, 'NONE'),
(301, 4, NULL, 1036, '2021-11-18 12:14:17', NULL, NULL, -1, 'NONE'),
(302, 4, NULL, 996, '2021-11-18 14:39:12', NULL, NULL, -1, 'NONE'),
(303, 4, NULL, 996, '2021-11-18 14:43:22', NULL, NULL, -1, 'NONE'),
(304, 4, NULL, 960, '2021-11-18 14:43:22', NULL, NULL, -1, 'NONE'),
(305, 4, NULL, 978, '2021-11-18 14:49:16', NULL, NULL, -1, 'NONE'),
(306, 4, NULL, 1032, '2021-11-20 16:04:19', NULL, NULL, -1, 'NONE'),
(307, 4, NULL, 957, '2021-11-23 12:07:55', NULL, NULL, -1, 'NONE'),
(308, 4, NULL, 951, '2021-11-24 11:27:05', NULL, NULL, -1, 'NONE'),
(309, 4, NULL, 972, '2021-11-27 11:42:37', NULL, NULL, -1, 'NONE'),
(310, 4, NULL, 1004, '2021-11-27 12:08:32', NULL, NULL, -1, 'NONE'),
(312, 1, NULL, 1040, '2021-11-30 14:32:07', NULL, NULL, -1, 'NONE'),
(313, 4, NULL, 1024, '2021-12-01 13:40:47', NULL, NULL, -1, 'NONE'),
(314, 4, NULL, 972, '2021-12-04 11:40:18', NULL, NULL, -1, 'NONE'),
(315, 4, NULL, 1042, '2021-12-04 11:46:30', NULL, NULL, -1, 'NONE'),
(316, 4, NULL, 1035, '2021-12-08 09:08:47', NULL, NULL, -1, 'NONE'),
(317, 4, NULL, 951, '2021-12-08 12:04:52', NULL, NULL, -1, 'NONE'),
(318, 4, NULL, 959, '2021-12-09 10:17:35', NULL, NULL, -1, 'NONE'),
(319, 4, NULL, 972, '2021-12-11 12:05:05', NULL, NULL, -1, 'NONE'),
(320, 4, NULL, 962, '2021-12-12 13:30:41', NULL, NULL, -1, 'NONE'),
(321, 4, NULL, 962, '2021-12-12 14:13:46', NULL, NULL, -1, 'NONE'),
(322, 4, NULL, 1044, '2021-12-13 09:05:08', NULL, NULL, -1, 'NONE'),
(323, 4, NULL, 1044, '2021-12-13 10:25:33', NULL, NULL, -1, 'NONE'),
(324, 4, NULL, 1044, '2021-12-13 12:36:23', NULL, NULL, -1, 'NONE'),
(325, 4, NULL, 1044, '2021-12-13 13:28:05', NULL, NULL, -1, 'NONE'),
(326, 4, NULL, 1044, '2021-12-14 09:18:09', NULL, NULL, -1, 'NONE'),
(327, 4, NULL, 1044, '2021-12-14 14:42:26', NULL, NULL, -1, 'NONE'),
(330, 4, NULL, 959, '2021-12-16 09:46:37', NULL, NULL, -1, 'NONE'),
(331, 4, NULL, 1011, '2021-12-15 12:24:57', NULL, NULL, -1, 'NONE'),
(332, 4, NULL, 972, '2021-12-19 10:53:36', NULL, NULL, -1, 'NONE'),
(333, 4, NULL, 1011, '2021-12-19 13:15:37', NULL, NULL, -1, 'NONE'),
(334, 4, NULL, 1044, '2021-12-19 14:00:08', NULL, NULL, -1, 'NONE'),
(335, 4, NULL, 1051, '2021-12-22 11:17:04', NULL, NULL, -1, 'NONE'),
(336, 4, NULL, 1004, '2021-12-22 13:10:55', NULL, NULL, -1, 'NONE'),
(337, 4, NULL, 941, '2021-12-22 14:09:29', NULL, NULL, -1, 'NONE'),
(338, 4, NULL, 1039, '2021-12-22 14:31:38', NULL, NULL, -1, 'NONE'),
(339, 4, NULL, 941, '2021-12-22 15:06:02', NULL, NULL, -1, 'NONE'),
(340, 4, NULL, 941, '2021-12-22 15:49:21', NULL, NULL, -1, 'NONE'),
(341, 4, NULL, 1044, '2021-12-23 09:45:20', NULL, NULL, -1, 'NONE'),
(342, 4, NULL, 1044, '2021-12-23 09:45:20', NULL, NULL, -1, 'NONE'),
(343, 4, NULL, 1044, '2021-12-23 11:49:04', NULL, NULL, -1, 'NONE'),
(344, 4, NULL, 960, '2021-12-23 12:15:27', NULL, NULL, -1, 'NONE'),
(345, 4, NULL, 1011, '2021-12-23 12:59:25', NULL, NULL, -1, 'NONE'),
(346, 4, NULL, 1011, '2021-12-23 14:06:37', NULL, NULL, -1, 'NONE'),
(347, 4, NULL, 941, '2021-12-23 14:09:54', NULL, NULL, -1, 'NONE'),
(348, 4, NULL, 1011, '2021-12-23 14:32:36', NULL, NULL, -1, 'NONE'),
(349, 4, NULL, 941, '2021-12-23 15:05:11', NULL, NULL, -1, 'NONE'),
(350, 4, NULL, 1011, '2021-12-23 15:05:11', NULL, NULL, -1, 'NONE'),
(351, 4, NULL, 941, '2021-12-23 15:27:07', NULL, NULL, -1, 'NONE'),
(352, 4, NULL, 1042, '2021-12-25 08:50:21', NULL, NULL, -1, 'NONE'),
(353, 4, NULL, 1007, '2021-12-25 13:21:28', NULL, NULL, -1, 'NONE'),
(354, 4, NULL, 1008, '2021-12-26 09:38:58', NULL, NULL, -1, 'NONE'),
(355, 4, NULL, 1016, '2021-12-26 12:15:43', NULL, NULL, -1, 'NONE'),
(356, 4, NULL, 972, '2021-12-26 13:35:46', NULL, NULL, -1, 'NONE'),
(357, 4, NULL, 1069, '2021-12-26 14:05:50', NULL, NULL, -1, 'NONE'),
(358, 4, NULL, 994, '2021-12-26 15:33:16', NULL, NULL, -1, 'NONE'),
(359, 4, NULL, 1030, '2021-12-27 12:53:13', NULL, NULL, -1, 'NONE'),
(360, 4, NULL, 994, '2021-12-27 12:56:47', NULL, NULL, -1, 'NONE'),
(361, 4, NULL, 1044, '2021-12-27 13:28:43', NULL, NULL, -1, 'NONE'),
(362, 4, NULL, 1044, '2021-12-27 14:16:44', NULL, NULL, -1, 'NONE'),
(363, 4, NULL, 1036, '2021-12-27 15:31:27', NULL, NULL, -1, 'NONE'),
(364, 4, NULL, 1062, '2021-12-28 11:44:40', NULL, NULL, -1, 'NONE'),
(365, 4, NULL, 1051, '2021-12-28 11:54:00', NULL, NULL, -1, 'NONE'),
(366, 4, NULL, 1040, '2021-12-28 12:04:38', NULL, NULL, -1, 'NONE'),
(367, 4, NULL, 932, '2021-12-28 13:15:26', NULL, NULL, -1, 'NONE'),
(368, 4, NULL, 1071, '2021-12-28 15:01:55', NULL, NULL, -1, 'NONE'),
(369, 4, NULL, 932, '2021-12-29 11:08:11', NULL, NULL, -1, 'NONE'),
(370, 4, NULL, 1062, '2021-12-29 11:32:38', NULL, NULL, -1, 'NONE'),
(371, 4, NULL, 1011, '2021-12-29 12:59:32', NULL, NULL, -1, 'NONE'),
(372, 4, NULL, 1044, '2021-12-29 13:17:39', NULL, NULL, -1, 'NONE'),
(373, 4, NULL, 977, '2021-12-29 13:41:16', NULL, NULL, -1, 'NONE'),
(374, 4, NULL, 1008, '2021-12-29 15:07:06', NULL, NULL, -1, 'NONE'),
(375, 4, NULL, 941, '2021-12-30 10:11:27', NULL, NULL, -1, 'NONE'),
(376, 4, NULL, 1044, '2021-12-30 10:11:27', NULL, NULL, -1, 'NONE'),
(377, 4, NULL, 941, '2021-12-30 10:47:45', NULL, NULL, -1, 'NONE'),
(378, 4, NULL, 1069, '2021-12-30 11:02:51', NULL, NULL, -1, 'NONE'),
(379, 4, NULL, 941, '2021-12-30 11:02:51', NULL, NULL, -1, 'NONE'),
(380, 4, NULL, 1007, '2022-01-01 10:14:07', NULL, NULL, -1, 'NONE'),
(381, 4, NULL, 943, '2022-01-01 12:42:17', NULL, NULL, -1, 'NONE'),
(382, 4, NULL, 943, '2022-01-01 13:30:46', NULL, NULL, -1, 'NONE'),
(383, 4, NULL, 1076, '2022-01-01 15:30:59', NULL, NULL, -1, 'NONE'),
(384, 4, NULL, 994, '2022-01-02 12:11:50', NULL, NULL, -1, 'NONE'),
(386, 4, NULL, 994, '2022-01-02 12:36:55', NULL, NULL, -1, 'NONE'),
(387, 4, NULL, 946, '2022-01-02 13:08:43', NULL, NULL, -1, 'NONE'),
(388, 4, NULL, 983, '2022-01-03 10:54:48', NULL, NULL, -1, 'NONE'),
(389, 4, NULL, 1044, '2022-01-03 12:23:51', NULL, NULL, -1, 'NONE'),
(390, 4, NULL, 1016, '2022-01-03 12:23:51', NULL, NULL, -1, 'NONE'),
(391, 4, NULL, 972, '2022-01-03 12:23:51', NULL, NULL, -1, 'NONE'),
(392, 4, NULL, 996, '2022-01-03 13:25:02', NULL, NULL, -1, 'NONE'),
(393, 4, NULL, 930, '2022-01-03 14:31:34', NULL, NULL, -1, 'NONE'),
(394, 4, NULL, 994, '2022-01-04 11:26:52', NULL, NULL, -1, 'NONE'),
(395, 4, NULL, 941, '2022-01-04 16:00:34', NULL, NULL, -1, 'NONE'),
(396, 4, NULL, 1040, '2022-01-05 11:44:47', NULL, NULL, -1, 'NONE'),
(397, 4, NULL, 938, '2022-01-05 12:07:18', NULL, NULL, -1, 'NONE'),
(398, 4, NULL, 994, '2022-01-05 12:31:06', NULL, NULL, -1, 'NONE'),
(399, 4, NULL, 994, '2022-01-05 13:38:45', NULL, NULL, -1, 'NONE'),
(400, 4, NULL, 1051, '2022-01-05 13:50:49', NULL, NULL, -1, 'NONE'),
(401, 4, NULL, 1036, '2022-01-05 13:50:49', NULL, NULL, -1, 'NONE'),
(402, 4, NULL, 972, '2022-01-05 13:50:49', NULL, NULL, -1, 'NONE'),
(403, 4, NULL, 960, '2022-01-05 14:38:22', NULL, NULL, -1, 'NONE'),
(404, 4, NULL, 962, '2022-01-06 12:19:35', NULL, NULL, -1, 'NONE'),
(405, 4, NULL, 962, '2022-01-06 13:46:11', NULL, NULL, -1, 'NONE'),
(406, 4, NULL, 981, '2022-01-06 13:46:11', NULL, NULL, -1, 'NONE'),
(407, 4, NULL, 946, '2022-01-06 15:41:27', NULL, NULL, -1, 'NONE'),
(408, 4, NULL, 1051, '2022-01-08 13:11:10', NULL, NULL, -1, 'NONE'),
(409, 4, NULL, 994, '2022-01-09 10:12:06', NULL, NULL, -1, 'NONE'),
(410, 4, NULL, 1051, '2022-01-09 12:06:47', NULL, NULL, -1, 'NONE'),
(411, 4, NULL, 1046, '2022-01-09 12:20:37', NULL, NULL, -1, 'NONE'),
(412, 4, NULL, 956, '2022-01-09 12:20:37', NULL, NULL, -1, 'NONE'),
(413, 4, NULL, 981, '2022-01-10 12:01:49', NULL, NULL, -1, 'NONE'),
(414, 4, NULL, 1077, '2022-01-10 12:27:33', NULL, NULL, -1, 'NONE'),
(415, 4, NULL, 941, '2022-01-11 11:26:45', NULL, NULL, -1, 'NONE'),
(416, 4, NULL, 1085, '2022-01-11 12:45:18', NULL, NULL, -1, 'NONE'),
(417, 4, NULL, 930, '2022-01-11 13:08:25', NULL, NULL, -1, 'NONE'),
(418, 4, NULL, 1069, '2022-01-11 13:42:02', NULL, NULL, -1, 'NONE'),
(419, 4, NULL, 938, '2022-01-11 14:18:46', NULL, NULL, -1, 'NONE'),
(420, 4, NULL, 1033, '2022-01-12 11:59:40', NULL, NULL, -1, 'NONE'),
(421, 4, NULL, 946, '2022-01-12 13:01:15', NULL, NULL, -1, 'NONE'),
(422, 4, NULL, 994, '2022-01-12 14:23:16', NULL, NULL, -1, 'NONE'),
(423, 4, NULL, 1046, '2022-01-12 15:03:51', NULL, NULL, -1, 'NONE'),
(424, 4, NULL, 930, '2022-01-13 11:17:48', NULL, NULL, -1, 'NONE'),
(425, 4, NULL, 1046, '2022-01-13 11:29:22', NULL, NULL, -1, 'NONE'),
(426, 4, NULL, 931, '2022-01-13 12:32:23', NULL, NULL, -1, 'NONE'),
(427, 4, NULL, 989, '2022-01-15 10:41:27', NULL, NULL, -1, 'NONE'),
(428, 4, NULL, 989, '2022-01-15 11:21:16', NULL, NULL, -1, 'NONE'),
(430, 4, NULL, 994, '2022-01-16 10:05:58', NULL, NULL, -1, 'NONE'),
(431, 4, NULL, 962, '2022-01-16 14:40:54', NULL, 'قص على المقطع من قياس  ٨٥ ب ٥٠  إلى قياس ٢٧ ب ٥٠', -1, 'NONE'),
(432, 4, NULL, 959, '2022-01-19 12:33:22', NULL, NULL, -1, 'NONE'),
(433, 4, NULL, 1030, '2022-01-16 15:44:02', NULL, NULL, -1, 'NONE'),
(434, 4, NULL, 941, '2022-01-17 10:40:21', NULL, NULL, -1, 'NONE'),
(435, 4, NULL, 1007, '2022-01-17 13:35:28', NULL, NULL, -1, 'NONE'),
(436, 4, NULL, 1087, '2022-01-17 13:35:28', NULL, NULL, -1, 'NONE'),
(437, 4, NULL, 980, '2022-01-17 13:46:59', NULL, NULL, -1, 'NONE'),
(438, 4, NULL, 972, '2022-01-17 14:34:35', NULL, NULL, -1, 'NONE'),
(439, 4, NULL, 994, '2022-01-18 11:58:32', NULL, NULL, -1, 'NONE'),
(441, 4, NULL, 994, '2022-01-18 15:39:42', NULL, NULL, -1, 'NONE'),
(442, 4, NULL, 946, '2022-01-19 15:48:18', NULL, NULL, -1, 'NONE'),
(443, 4, NULL, 994, '2022-01-23 11:17:53', NULL, NULL, -1, 'NONE'),
(444, 4, NULL, 1087, '2022-01-24 08:36:26', NULL, NULL, -1, 'NONE'),
(445, 4, NULL, 1078, '2022-01-24 13:51:14', NULL, NULL, -1, 'NONE'),
(446, 4, NULL, 1087, '2022-01-25 15:04:27', NULL, NULL, -1, 'NONE'),
(447, 4, NULL, 1078, '2022-01-27 13:38:22', NULL, NULL, -1, 'NONE'),
(448, 4, NULL, 930, '2022-01-29 11:40:05', NULL, NULL, -1, 'NONE'),
(449, 4, NULL, 946, '2022-01-30 09:41:12', NULL, NULL, -1, 'NONE'),
(450, 4, NULL, 1013, '2022-01-30 12:59:16', NULL, NULL, -1, 'NONE'),
(451, 4, NULL, 994, '2022-01-30 15:19:04', NULL, NULL, -1, 'NONE'),
(452, 4, NULL, 958, '2022-01-31 10:54:34', NULL, NULL, -1, 'NONE'),
(453, 4, NULL, 1046, '2022-02-01 11:20:38', NULL, NULL, -1, 'NONE'),
(454, 4, NULL, 994, '2022-02-01 13:41:41', NULL, NULL, -1, 'NONE'),
(455, 4, NULL, 932, '2022-02-03 13:17:05', NULL, NULL, -1, 'NONE'),
(456, 4, NULL, 932, '2022-02-03 13:28:08', NULL, 'لشباط', -1, 'NONE'),
(457, 4, NULL, 958, '2022-02-07 11:09:52', NULL, NULL, -1, 'NONE'),
(458, 4, NULL, 972, '2022-02-09 13:51:32', NULL, NULL, -1, 'NONE'),
(459, 4, NULL, 944, '2022-02-10 09:01:25', NULL, NULL, -1, 'NONE'),
(461, 4, NULL, 944, '2022-02-12 09:06:33', NULL, NULL, -1, 'NONE'),
(463, 4, NULL, 944, '2022-02-12 13:34:52', NULL, NULL, -1, 'NONE'),
(464, 4, NULL, 1088, '2022-02-12 13:53:06', NULL, NULL, -1, 'NONE'),
(465, 4, NULL, 996, '2022-02-13 10:03:14', NULL, NULL, -1, 'NONE'),
(466, 4, NULL, 960, '2022-02-13 10:08:34', NULL, NULL, -1, 'NONE'),
(467, 1, NULL, 1089, '2022-02-13 15:19:43', NULL, NULL, -1, 'NONE'),
(469, 4, NULL, 944, '2022-02-14 09:11:58', NULL, NULL, -1, 'NONE'),
(470, 4, NULL, 977, '2022-02-14 12:20:40', NULL, NULL, -1, 'NONE'),
(471, 4, NULL, 944, '2022-02-14 12:35:54', NULL, NULL, -1, 'NONE'),
(472, 4, NULL, 1046, '2022-02-14 13:50:42', NULL, NULL, -1, 'NONE'),
(473, 4, NULL, 1078, '2022-02-15 10:33:24', NULL, NULL, -1, 'NONE'),
(474, 4, NULL, 968, '2022-02-15 10:33:24', NULL, NULL, -1, 'NONE'),
(475, 4, NULL, 1044, '2022-02-15 13:09:15', NULL, NULL, -1, 'NONE'),
(476, 4, NULL, 1044, '2022-02-15 14:03:51', NULL, NULL, -1, 'NONE'),
(477, 4, NULL, 1087, '2022-02-15 14:34:11', NULL, NULL, -1, 'NONE'),
(478, 4, NULL, 1090, '2022-02-15 14:34:11', NULL, NULL, -1, 'NONE'),
(479, 4, NULL, 980, '2022-02-16 08:53:44', NULL, NULL, -1, 'NONE'),
(481, 4, NULL, 1091, '2022-02-16 08:53:44', NULL, NULL, -1, 'NONE'),
(482, 4, NULL, 1091, '2022-02-16 11:13:31', NULL, NULL, -1, 'NONE'),
(483, 4, NULL, 994, '2022-02-16 13:49:15', NULL, NULL, -1, 'NONE'),
(484, 4, NULL, 1092, '2022-02-16 15:20:06', NULL, NULL, -1, 'NONE'),
(485, 4, NULL, 1093, '2022-02-20 08:06:33', NULL, NULL, -1, 'NONE'),
(486, 4, NULL, 941, '2022-02-19 08:11:12', NULL, NULL, -1, 'NONE'),
(487, 4, NULL, 1006, '2022-02-19 09:14:18', NULL, NULL, -1, 'NONE'),
(488, 4, NULL, 1090, '2022-02-20 09:50:26', NULL, NULL, -1, 'NONE'),
(489, 4, NULL, 932, '2022-02-20 10:01:05', NULL, NULL, -1, 'NONE'),
(490, 4, NULL, 996, '2022-02-21 10:47:30', NULL, NULL, -1, 'NONE'),
(491, 4, NULL, 937, '2022-02-21 10:47:30', NULL, NULL, -1, 'NONE'),
(492, 4, NULL, 996, '2022-02-21 12:57:03', NULL, NULL, -1, 'NONE'),
(493, 4, NULL, 941, '2022-02-22 11:42:35', NULL, NULL, -1, 'NONE'),
(495, 4, NULL, 992, '2022-02-23 14:24:32', NULL, NULL, -1, 'NONE'),
(496, 4, NULL, 1093, '2022-02-26 10:58:27', NULL, NULL, -1, 'NONE'),
(497, 4, NULL, 1046, '2022-02-27 13:23:23', NULL, NULL, -1, 'NONE'),
(498, 4, NULL, 960, '2022-02-27 15:16:00', NULL, NULL, -1, 'NONE'),
(499, 4, NULL, 941, '2022-02-28 11:26:58', NULL, NULL, -1, 'NONE'),
(500, 4, NULL, 977, '2022-03-01 10:19:10', NULL, NULL, -1, 'NONE'),
(501, 4, NULL, 941, '2022-03-01 10:55:40', NULL, NULL, -1, 'NONE'),
(502, 4, NULL, 1094, '2022-03-01 11:06:36', NULL, NULL, -1, 'NONE'),
(503, 4, NULL, 1088, '2022-03-01 13:30:15', NULL, NULL, -1, 'NONE'),
(504, 4, NULL, 937, '2022-03-01 14:28:58', NULL, NULL, -1, 'NONE'),
(505, 4, NULL, 937, '2022-03-01 14:28:58', NULL, NULL, -1, 'NONE'),
(506, 4, NULL, 937, '2022-03-01 15:16:54', NULL, NULL, -1, 'NONE'),
(507, 4, NULL, 1095, '2022-03-01 15:30:04', NULL, NULL, -1, 'NONE'),
(508, 4, NULL, 1088, '2022-03-02 09:28:17', NULL, NULL, -1, 'NONE'),
(509, 4, NULL, 937, '2022-03-02 10:36:43', NULL, NULL, -1, 'NONE'),
(510, 4, NULL, 937, '2022-03-02 10:59:56', NULL, NULL, -1, 'NONE'),
(511, 4, NULL, 937, '2022-03-02 11:28:45', NULL, NULL, -1, 'NONE'),
(512, 4, NULL, 968, '2022-03-02 14:49:50', NULL, NULL, -1, 'NONE'),
(513, 4, NULL, 996, '2022-03-02 15:50:52', NULL, NULL, -1, 'NONE'),
(514, 4, NULL, 944, '2022-03-03 08:43:34', NULL, NULL, -1, 'NONE'),
(515, 4, NULL, 1001, '2022-03-03 09:59:24', NULL, NULL, -1, 'NONE'),
(516, 1, NULL, 941, '2022-03-05 10:41:59', NULL, NULL, -1, 'NONE'),
(517, 4, NULL, 941, '2022-03-05 10:51:18', NULL, NULL, -1, 'NONE'),
(518, 4, NULL, 941, '2022-03-06 08:39:55', NULL, NULL, -1, 'NONE'),
(519, 4, NULL, 994, '2022-03-06 08:39:55', NULL, NULL, -1, 'NONE'),
(520, 4, NULL, 960, '2022-03-06 08:39:55', NULL, NULL, -1, 'NONE'),
(521, 4, NULL, 941, '2022-03-06 08:39:55', NULL, NULL, -1, 'NONE'),
(522, 4, NULL, 1093, '2022-03-07 14:31:44', NULL, NULL, -1, 'NONE'),
(523, 4, NULL, 941, '2022-03-08 10:53:03', NULL, NULL, -1, 'NONE'),
(524, 4, NULL, 941, '2022-03-08 15:04:48', NULL, NULL, -1, 'NONE'),
(525, 4, NULL, 944, '2022-03-10 09:13:14', NULL, NULL, -1, 'NONE'),
(526, 4, NULL, 1096, '2022-03-10 10:43:04', NULL, NULL, -1, 'NONE'),
(527, 4, NULL, 1023, '2022-03-10 13:13:20', NULL, NULL, -1, 'NONE'),
(528, 4, NULL, 1036, '2022-03-12 09:15:36', NULL, NULL, -1, 'NONE'),
(529, 4, NULL, 941, '2022-03-12 12:04:06', NULL, NULL, -1, 'NONE'),
(530, 4, NULL, 1093, '2022-03-12 12:23:21', NULL, NULL, -1, 'NONE'),
(531, 4, NULL, 1011, '2022-03-12 12:49:48', NULL, NULL, -1, 'NONE'),
(532, 4, NULL, 1011, '2022-03-12 13:31:16', NULL, NULL, -1, 'NONE'),
(533, 4, NULL, 1011, '2022-03-12 13:54:49', NULL, NULL, -1, 'NONE'),
(534, 4, NULL, 960, '2022-03-13 12:42:21', NULL, NULL, -1, 'NONE'),
(535, 4, NULL, 1088, '2022-03-14 10:04:21', NULL, NULL, -1, 'NONE'),
(536, 1, NULL, 1100, '2022-03-14 12:33:28', NULL, NULL, -1, 'NONE'),
(537, 4, NULL, 1088, '2022-03-14 12:33:57', NULL, NULL, -1, 'NONE'),
(538, 4, NULL, 1085, '2022-03-14 12:57:53', NULL, NULL, -1, 'NONE'),
(539, 4, NULL, 1100, '2022-03-14 15:19:45', NULL, NULL, -1, 'NONE'),
(540, 4, NULL, 1100, '2022-03-14 15:41:59', NULL, NULL, -1, 'NONE'),
(541, 4, NULL, 941, '2022-03-15 12:22:29', NULL, NULL, -1, 'NONE'),
(542, 4, NULL, 941, '2022-03-15 12:22:29', NULL, NULL, -1, 'NONE'),
(543, 4, NULL, 941, '2022-03-15 12:39:39', NULL, NULL, -1, 'NONE'),
(544, 4, NULL, 941, '2022-03-15 12:39:39', NULL, NULL, -1, 'NONE'),
(545, 4, NULL, 941, '2022-03-15 12:46:49', NULL, NULL, -1, 'NONE'),
(546, 4, NULL, 941, '2022-03-15 13:12:44', NULL, NULL, -1, 'NONE'),
(547, 4, NULL, 941, '2022-03-15 14:00:01', NULL, NULL, -1, 'NONE'),
(548, 4, NULL, 1102, '2022-03-15 15:23:46', NULL, NULL, -1, 'NONE'),
(549, 4, NULL, 959, '2022-03-16 09:41:44', NULL, NULL, -1, 'NONE'),
(550, 4, NULL, 1085, '2022-03-16 11:07:52', NULL, NULL, -1, 'NONE'),
(551, 4, NULL, 972, '2022-03-16 13:03:36', NULL, NULL, -1, 'NONE'),
(552, 4, NULL, 1101, '2022-03-17 10:10:45', NULL, NULL, -1, 'NONE'),
(553, 4, NULL, 1101, '2022-03-17 10:18:07', NULL, NULL, -1, 'NONE'),
(554, 4, NULL, 1101, '2022-03-17 10:27:07', NULL, NULL, -1, 'NONE'),
(555, 4, NULL, 939, '2022-03-17 10:55:26', NULL, NULL, -1, 'NONE'),
(556, 4, NULL, 1101, '2022-03-17 11:58:47', NULL, NULL, -1, 'NONE'),
(557, 4, NULL, 968, '2022-03-17 14:38:59', NULL, NULL, -1, 'NONE'),
(558, 4, NULL, 996, '2022-03-19 15:20:48', NULL, NULL, -1, 'NONE'),
(559, 4, NULL, 968, '2022-03-20 10:40:11', NULL, NULL, -1, 'NONE'),
(560, 4, NULL, 941, '2022-03-20 11:52:59', NULL, NULL, -1, 'NONE'),
(561, 4, NULL, 941, '2022-03-20 12:29:46', NULL, NULL, -1, 'NONE'),
(562, 4, NULL, 941, '2022-03-20 12:50:36', NULL, NULL, -1, 'NONE'),
(563, 4, NULL, 941, '2022-03-20 13:07:02', NULL, NULL, -1, 'NONE'),
(564, 4, NULL, 994, '2022-03-20 15:26:26', NULL, NULL, -1, 'NONE'),
(565, 4, NULL, 1102, '2022-03-21 10:13:06', NULL, NULL, -1, 'NONE'),
(566, 4, NULL, 981, '2022-03-21 12:20:44', NULL, NULL, -1, 'NONE'),
(567, 4, NULL, 960, '2022-03-21 13:57:47', NULL, NULL, -1, 'NONE'),
(568, 4, NULL, 946, '2022-03-22 10:43:12', NULL, NULL, -1, 'NONE'),
(569, 4, NULL, 955, '2022-03-22 10:54:11', NULL, NULL, -1, 'NONE'),
(570, 4, NULL, 1039, '2022-03-22 11:20:45', NULL, NULL, -1, 'NONE'),
(571, 4, NULL, 1088, '2022-03-22 12:23:06', NULL, NULL, -1, 'NONE'),
(572, 4, NULL, 954, '2022-03-22 13:38:55', NULL, NULL, -1, 'NONE'),
(573, 4, NULL, 994, '2022-03-23 11:32:02', NULL, NULL, -1, 'NONE'),
(574, 4, NULL, 954, '2022-03-23 12:06:21', NULL, NULL, -1, 'NONE'),
(575, 4, NULL, 939, '2022-03-23 15:42:36', NULL, NULL, -1, 'NONE'),
(576, 4, NULL, 1105, '2022-03-24 11:33:17', NULL, NULL, -1, 'NONE'),
(577, 4, NULL, 1036, '2022-03-26 11:54:15', NULL, NULL, -1, 'NONE'),
(578, 4, NULL, 1028, '2022-03-26 13:54:11', NULL, NULL, -1, 'NONE'),
(579, 4, NULL, 957, '2022-03-24 14:29:23', NULL, NULL, -1, 'NONE'),
(580, 4, NULL, 1104, '2022-03-26 14:28:01', NULL, NULL, -1, 'NONE'),
(581, 4, NULL, 1088, '2022-03-27 10:19:22', NULL, NULL, -1, 'NONE'),
(582, 4, NULL, 994, '2022-03-27 12:03:05', NULL, NULL, -1, 'NONE'),
(583, 4, NULL, 972, '2022-03-27 12:16:25', NULL, NULL, -1, 'NONE'),
(584, 4, NULL, 930, '2022-03-27 12:36:33', NULL, NULL, -1, 'NONE'),
(585, 4, NULL, 966, '2022-03-28 11:01:34', NULL, NULL, -1, 'NONE'),
(586, 4, NULL, 1001, '2022-03-29 14:03:56', NULL, NULL, -1, 'NONE'),
(587, 4, NULL, 1023, '2022-03-29 14:13:38', NULL, NULL, -1, 'NONE'),
(588, 4, NULL, 1088, '2022-03-30 12:03:27', NULL, NULL, -1, 'NONE'),
(589, 4, NULL, 941, '2022-03-30 12:25:25', NULL, NULL, -1, 'NONE'),
(590, 4, NULL, 1101, '2022-03-30 14:21:19', NULL, NULL, -1, 'NONE'),
(591, 4, NULL, 954, '2022-03-30 15:22:40', NULL, NULL, -1, 'NONE'),
(592, 4, NULL, 957, '2022-03-31 10:58:08', NULL, NULL, -1, 'NONE'),
(593, 4, NULL, 1093, '2022-03-31 12:06:38', NULL, NULL, -1, 'NONE'),
(594, 4, NULL, 957, '2022-03-31 12:06:38', NULL, NULL, -1, 'NONE'),
(595, 4, NULL, 994, '2022-04-03 10:23:35', NULL, NULL, -1, 'NONE'),
(596, 4, NULL, 1087, '2022-04-04 10:30:07', NULL, NULL, -1, 'NONE'),
(597, 4, NULL, 939, '2022-04-04 11:42:28', NULL, NULL, -1, 'NONE'),
(598, 4, NULL, 957, '2022-04-04 13:03:03', NULL, NULL, -1, 'NONE'),
(599, 4, NULL, 952, '2022-04-04 13:20:20', NULL, NULL, -1, 'NONE'),
(600, 4, NULL, 941, '2022-04-04 14:06:52', NULL, NULL, -1, 'NONE'),
(601, 4, NULL, 954, '2022-04-04 14:20:35', NULL, NULL, -1, 'NONE'),
(602, 4, NULL, 980, '2022-04-05 09:34:55', NULL, NULL, -1, 'NONE'),
(603, 4, NULL, 1007, '2022-04-05 09:34:55', NULL, NULL, -1, 'NONE'),
(604, 4, NULL, 1001, '2022-04-06 10:00:22', NULL, NULL, -1, 'NONE'),
(605, 4, NULL, 972, '2022-04-06 12:49:54', NULL, NULL, -1, 'NONE'),
(606, 4, NULL, 957, '2022-04-07 14:09:32', NULL, NULL, -1, 'NONE'),
(607, 4, NULL, 957, '2022-04-07 14:46:38', NULL, NULL, -1, 'NONE'),
(608, 4, NULL, 957, '2022-04-09 13:36:21', NULL, NULL, -1, 'NONE'),
(609, 4, NULL, 1088, '2022-04-09 15:09:43', NULL, NULL, -1, 'NONE'),
(610, 4, NULL, 931, '2022-04-10 11:54:49', NULL, NULL, -1, 'NONE'),
(612, 4, NULL, 1088, '2022-04-10 14:33:00', NULL, NULL, 7, 'NONE'),
(613, 4, NULL, 957, '2022-04-11 13:48:04', NULL, NULL, 7, 'NONE'),
(614, 4, NULL, 977, '2022-04-11 15:41:09', NULL, NULL, 7, 'NONE'),
(615, 4, NULL, 1078, '2022-04-12 12:00:52', NULL, NULL, 7, 'NONE'),
(616, 4, NULL, 932, '2022-04-12 14:34:43', NULL, NULL, 7, 'NONE'),
(617, 4, NULL, 1036, '2022-04-13 09:53:34', NULL, NULL, -1, 'NONE'),
(618, 4, NULL, 957, '2022-04-12 10:06:16', NULL, NULL, -1, 'NONE'),
(619, 4, NULL, 1085, '2022-04-13 10:55:34', NULL, NULL, -1, 'NONE'),
(620, 4, NULL, 994, '2022-04-13 12:06:21', NULL, NULL, -1, 'NONE'),
(621, 4, 1, 1044, '2022-04-13 13:02:12', NULL, NULL, -1, 'NONE'),
(622, 4, NULL, 1036, '2022-04-13 14:08:11', NULL, NULL, -1, 'NONE'),
(623, 4, NULL, 1044, '2022-04-13 14:18:25', NULL, NULL, -1, 'NONE'),
(624, 4, NULL, 960, '2022-04-13 14:44:40', NULL, NULL, -1, 'NONE'),
(625, 4, NULL, 932, '2022-04-13 14:46:53', NULL, NULL, -1, 'NONE'),
(626, 4, NULL, 977, '2022-04-14 10:09:10', NULL, NULL, -1, 'NONE'),
(627, 4, NULL, 957, '2022-04-14 15:17:47', NULL, NULL, -1, 'NONE'),
(628, 4, NULL, 957, '2022-04-14 09:41:08', NULL, NULL, -1, 'NONE'),
(629, 4, NULL, 974, '2022-04-16 11:03:27', NULL, NULL, -1, 'NONE'),
(630, 4, NULL, 972, '2022-04-16 15:11:23', NULL, NULL, -1, 'NONE'),
(631, 4, NULL, 1101, '2022-04-17 13:41:17', NULL, NULL, -1, 'NONE'),
(632, 4, NULL, 932, '2022-04-19 14:10:40', NULL, NULL, -1, 'NONE'),
(633, 4, NULL, 1085, '2022-04-19 14:27:28', NULL, NULL, -1, 'NONE'),
(634, 4, NULL, 1107, '2022-04-19 14:36:19', NULL, NULL, -1, 'NONE'),
(635, 4, NULL, 957, '2022-04-19 14:42:32', NULL, NULL, -1, 'NONE'),
(636, 4, NULL, 966, '2022-04-20 10:55:07', NULL, NULL, -1, 'NONE'),
(637, 4, NULL, 932, '2022-04-20 11:27:52', NULL, NULL, -1, 'NONE'),
(638, 4, NULL, 931, '2022-04-20 14:41:24', NULL, NULL, -1, 'NONE'),
(639, 4, NULL, 994, '2022-04-21 11:44:25', NULL, NULL, -1, 'NONE'),
(640, 4, NULL, 1006, '2022-04-21 13:48:28', NULL, NULL, -1, 'NONE'),
(641, 4, NULL, 966, '2022-04-24 09:14:02', NULL, NULL, -1, 'NONE'),
(642, 4, NULL, 957, '2022-04-25 12:41:26', NULL, NULL, -1, 'NONE'),
(643, 4, NULL, 1006, '2022-04-26 11:51:05', NULL, NULL, -1, 'NONE'),
(644, 4, NULL, 957, '2022-04-27 12:33:11', NULL, NULL, -1, 'NONE'),
(645, 4, NULL, 957, '2022-04-28 11:01:54', NULL, NULL, -1, 'NONE'),
(646, 4, NULL, 957, '2022-04-28 11:35:31', NULL, NULL, -1, 'NONE'),
(647, 4, NULL, 957, '2022-05-07 12:38:30', NULL, NULL, -1, 'NONE'),
(648, 4, NULL, 974, '2022-05-07 15:49:24', NULL, NULL, -1, 'NONE'),
(649, 4, NULL, 931, '2022-05-08 12:46:47', NULL, NULL, -1, 'NONE'),
(650, 1, 2, 1078, '2022-05-09 14:02:16', NULL, NULL, -1, 'NONE'),
(651, 4, NULL, 977, '2022-05-10 08:27:58', NULL, NULL, -1, 'NONE'),
(652, 4, NULL, 994, '2022-05-10 13:22:31', NULL, NULL, -1, 'NONE'),
(653, 4, NULL, 1007, '2022-05-12 09:10:23', NULL, NULL, -1, 'NONE'),
(654, 4, NULL, 1001, '2022-05-12 10:34:34', NULL, NULL, -1, 'NONE'),
(655, 4, NULL, 960, '2022-05-12 13:45:47', NULL, NULL, -1, 'NONE'),
(656, 4, NULL, 1109, '2022-05-14 12:25:19', NULL, NULL, -1, 'NONE'),
(657, 4, NULL, 980, '2022-05-14 12:52:57', NULL, NULL, -1, 'NONE'),
(658, 4, NULL, 932, '2022-05-15 09:36:24', NULL, NULL, -1, 'NONE'),
(659, 4, NULL, 960, '2022-05-15 09:50:14', NULL, NULL, -1, 'NONE'),
(660, 4, NULL, 1110, '2022-05-15 10:46:18', NULL, NULL, -1, 'NONE'),
(661, 4, NULL, 930, '2022-05-15 12:22:38', NULL, NULL, -1, 'NONE'),
(662, 4, NULL, 931, '2022-05-15 12:46:34', NULL, NULL, -1, 'NONE'),
(663, 4, NULL, 1109, '2022-05-16 10:21:29', NULL, NULL, -1, 'NONE'),
(664, 4, NULL, 977, '2022-05-16 15:07:46', NULL, NULL, -1, 'NONE'),
(665, 4, NULL, 977, '2022-05-17 10:21:21', NULL, NULL, -1, 'NONE'),
(666, 4, NULL, 1109, '2022-05-17 11:32:35', NULL, NULL, -1, 'NONE'),
(667, 4, NULL, 1112, '2022-05-18 10:16:38', NULL, NULL, -1, 'NONE'),
(668, 4, NULL, 960, '2022-05-19 08:53:18', NULL, NULL, -1, 'NONE'),
(669, 4, NULL, 959, '2022-05-19 08:57:00', NULL, NULL, -1, 'NONE'),
(670, 4, NULL, 930, '2022-05-19 09:57:12', NULL, NULL, -1, 'NONE'),
(671, 4, NULL, 994, '2022-05-19 12:42:13', NULL, NULL, -1, 'NONE'),
(672, 4, NULL, 977, '2022-05-19 12:42:13', NULL, NULL, -1, 'NONE'),
(673, 4, NULL, 994, '2022-05-19 13:37:59', NULL, NULL, -1, 'NONE'),
(674, 4, NULL, 1046, '2022-05-21 11:58:48', NULL, NULL, -1, 'NONE'),
(675, 4, NULL, 931, '2022-05-21 14:22:46', NULL, NULL, -1, 'NONE'),
(676, 4, NULL, 1035, '2022-05-21 14:22:46', NULL, NULL, -1, 'NONE'),
(677, 4, NULL, 1035, '2022-05-22 09:36:33', NULL, NULL, -1, 'NONE'),
(678, 4, NULL, 1115, '2022-05-22 09:36:33', NULL, NULL, -1, 'NONE'),
(679, 4, NULL, 941, '2022-05-22 12:54:26', NULL, NULL, -1, 'NONE'),
(680, 4, NULL, 957, '2022-05-22 14:36:16', NULL, NULL, -1, 'NONE'),
(681, 4, NULL, 1001, '2022-05-23 12:33:26', NULL, NULL, -1, 'NONE'),
(682, 4, NULL, 959, '2022-05-24 14:33:29', NULL, NULL, -1, 'NONE'),
(683, 4, NULL, 984, '2022-05-29 11:11:15', NULL, NULL, -1, 'NONE'),
(684, 4, NULL, 1121, '2022-05-29 15:36:16', NULL, NULL, -1, 'NONE'),
(685, 4, NULL, 1071, '2022-05-28 14:29:20', NULL, NULL, -1, 'NONE'),
(686, 4, NULL, 1109, '2022-06-01 14:10:37', NULL, NULL, -1, 'NONE'),
(687, 4, NULL, 966, '2022-06-02 09:08:26', NULL, NULL, -1, 'NONE'),
(688, 4, NULL, 1102, '2022-06-04 09:39:45', NULL, NULL, -1, 'NONE'),
(689, 4, NULL, 931, '2022-06-04 15:06:28', NULL, NULL, -1, 'NONE'),
(690, 4, NULL, 966, '2022-06-04 15:18:20', NULL, NULL, -1, 'NONE'),
(691, 4, NULL, 1018, '2022-06-05 13:05:44', NULL, NULL, -1, 'NONE'),
(692, 4, NULL, 980, '2022-06-06 10:09:08', NULL, NULL, -1, 'NONE'),
(693, 4, NULL, 1007, '2022-06-06 10:09:08', NULL, NULL, -1, 'NONE'),
(694, 4, NULL, 994, '2022-06-06 11:55:09', NULL, NULL, -1, 'NONE'),
(695, 4, NULL, 989, '2022-06-06 12:52:37', NULL, NULL, -1, 'NONE'),
(696, 4, NULL, 943, '2022-06-06 13:03:46', NULL, NULL, -1, 'NONE'),
(697, 4, NULL, 931, '2022-06-06 14:25:35', NULL, NULL, -1, 'NONE'),
(698, 4, NULL, 1018, '2022-06-06 14:53:54', NULL, NULL, -1, 'NONE'),
(699, 4, NULL, 931, '2022-06-06 14:53:54', NULL, NULL, -1, 'NONE'),
(700, 4, NULL, 959, '2022-06-07 10:10:09', NULL, NULL, -1, 'NONE'),
(701, 4, NULL, 980, '2022-06-08 10:27:28', NULL, NULL, -1, 'NONE'),
(702, 4, NULL, 989, '2022-06-08 11:58:35', NULL, NULL, -1, 'NONE'),
(703, 4, NULL, 994, '2022-06-08 15:47:56', NULL, NULL, -1, 'NONE'),
(704, 4, NULL, 966, '2022-06-06 12:33:27', NULL, NULL, -1, 'NONE'),
(705, 4, NULL, 960, '2022-06-11 11:18:49', NULL, NULL, -1, 'NONE'),
(706, 4, NULL, 959, '2022-06-12 12:26:55', NULL, NULL, -1, 'NONE'),
(707, 4, NULL, 1102, '2022-06-12 12:38:25', NULL, NULL, -1, 'NONE'),
(708, 4, NULL, 1036, '2022-06-12 13:23:32', NULL, NULL, -1, 'NONE'),
(709, 4, NULL, 984, '2022-06-13 11:44:16', NULL, NULL, -1, 'NONE'),
(710, 4, NULL, 969, '2022-06-14 15:18:26', NULL, NULL, -1, 'NONE'),
(711, 4, NULL, 966, '2022-06-14 15:18:26', NULL, NULL, -1, 'NONE'),
(712, 4, NULL, 1036, '2022-06-14 15:31:18', NULL, NULL, -1, 'NONE'),
(713, 4, NULL, 981, '2022-06-15 12:58:01', NULL, NULL, -1, 'NONE'),
(714, 4, NULL, 1128, '2022-06-15 12:58:01', NULL, NULL, -1, 'NONE'),
(715, 4, NULL, 969, '2022-06-15 15:20:11', NULL, NULL, -1, 'NONE'),
(716, 4, NULL, 966, '2022-06-16 12:31:17', NULL, NULL, -1, 'NONE'),
(717, 4, NULL, 931, '2022-06-18 14:18:55', NULL, NULL, -1, 'NONE'),
(718, 4, NULL, 980, '2022-06-18 15:19:09', NULL, NULL, -1, 'NONE'),
(719, 4, NULL, 980, '2022-06-18 15:19:09', NULL, NULL, -1, 'NONE'),
(720, 4, NULL, 1102, '2022-06-19 11:19:33', NULL, NULL, -1, 'NONE'),
(721, 4, NULL, 974, '2022-06-19 12:38:24', NULL, NULL, -1, 'NONE'),
(722, 4, NULL, 1001, '2022-06-19 14:25:55', NULL, NULL, -1, 'NONE'),
(723, 4, NULL, 1018, '2022-06-19 14:33:20', NULL, NULL, -1, 'NONE'),
(724, 4, NULL, 972, '2022-06-19 14:33:20', NULL, NULL, -1, 'NONE'),
(725, 4, NULL, 974, '2022-06-20 11:48:05', NULL, NULL, -1, 'NONE'),
(726, 4, NULL, 968, '2022-06-20 13:31:20', NULL, NULL, -1, 'NONE'),
(727, 4, NULL, 1089, '2022-06-21 12:15:06', NULL, NULL, -1, 'NONE'),
(728, 4, NULL, 1131, '2022-06-21 12:15:06', NULL, NULL, -1, 'NONE'),
(729, 4, NULL, 1041, '2022-06-21 12:15:06', NULL, NULL, -1, 'NONE'),
(730, 4, NULL, 974, '2022-06-22 13:53:16', NULL, NULL, -1, 'NONE'),
(731, 4, NULL, 1132, '2022-06-22 15:05:45', NULL, NULL, -1, 'NONE'),
(732, 4, NULL, 959, '2022-06-22 15:38:05', NULL, NULL, -1, 'NONE'),
(733, 4, NULL, 1132, '2022-06-23 11:55:21', NULL, NULL, -1, 'NONE'),
(734, 4, NULL, 1127, '2022-06-23 13:01:25', NULL, NULL, -1, 'NONE'),
(735, 4, NULL, 931, '2022-06-25 15:12:20', NULL, NULL, -1, 'NONE'),
(736, 4, NULL, 974, '2022-06-26 10:53:34', NULL, NULL, -1, 'NONE'),
(737, 4, NULL, 1130, '2022-06-27 08:58:03', NULL, NULL, -1, 'NONE'),
(738, 4, NULL, 969, '2022-06-27 08:59:05', NULL, NULL, -1, 'NONE'),
(739, 4, NULL, 931, '2022-06-27 08:59:59', NULL, NULL, -1, 'NONE'),
(740, 4, NULL, 1131, '2022-06-28 09:08:42', NULL, NULL, -1, 'NONE'),
(741, 4, NULL, 1102, '2022-06-28 09:34:16', NULL, NULL, -1, 'NONE'),
(742, 4, NULL, 1102, '2022-06-28 10:32:12', NULL, NULL, -1, 'NONE'),
(743, 4, NULL, 1102, '2022-06-28 10:32:12', NULL, NULL, -1, 'NONE'),
(744, 4, NULL, 1018, '2022-07-02 10:17:38', NULL, NULL, -1, 'NONE'),
(745, 4, NULL, 958, '2022-07-02 10:24:07', NULL, NULL, -1, 'NONE'),
(746, 4, NULL, 1018, '2022-07-02 10:24:07', NULL, NULL, -1, 'NONE'),
(747, 4, NULL, 980, '2022-07-03 09:04:36', NULL, NULL, -1, 'NONE'),
(748, 4, NULL, 1036, '2022-07-03 10:36:51', NULL, NULL, -1, 'NONE'),
(749, 4, NULL, 1109, '2022-07-04 11:35:41', NULL, NULL, -1, 'NONE'),
(750, 4, NULL, 1133, '2022-07-06 09:45:47', NULL, NULL, -1, 'NONE'),
(751, 4, NULL, 932, '2022-07-16 14:52:49', NULL, NULL, -1, 'NONE'),
(752, 4, NULL, 1133, '2022-07-17 09:23:10', NULL, NULL, -1, 'NONE'),
(753, 4, NULL, 1128, '2022-07-17 12:25:31', NULL, NULL, -1, 'NONE'),
(754, 4, NULL, 972, '2022-07-17 15:04:56', NULL, NULL, -1, 'NONE'),
(755, 4, NULL, 949, '2022-07-18 14:42:57', NULL, NULL, -1, 'NONE'),
(756, 4, NULL, 931, '2022-07-18 14:42:57', NULL, NULL, -1, 'NONE'),
(757, 4, NULL, 1018, '2022-07-19 09:58:19', NULL, NULL, -1, 'NONE'),
(758, 4, NULL, 1128, '2022-07-19 11:42:03', NULL, NULL, -1, 'NONE'),
(759, 4, NULL, 972, '2022-07-20 12:37:00', NULL, NULL, -1, 'NONE'),
(760, 4, NULL, 1128, '2022-07-20 12:37:00', NULL, NULL, -1, 'NONE'),
(761, 4, NULL, 1019, '2022-07-20 12:37:00', NULL, NULL, -1, 'NONE'),
(762, 4, NULL, 1046, '2022-07-20 15:35:11', NULL, NULL, -1, 'NONE'),
(763, 4, NULL, 972, '2022-07-21 12:30:51', NULL, NULL, -1, 'NONE'),
(764, 4, NULL, 1109, '2022-07-23 10:49:43', NULL, NULL, -1, 'NONE'),
(765, 4, NULL, 932, '2022-07-23 12:38:39', NULL, NULL, -1, 'NONE'),
(766, 4, NULL, 960, '2022-07-23 13:06:16', NULL, NULL, -1, 'NONE'),
(767, 4, NULL, 1136, '2022-07-24 11:45:31', NULL, NULL, -1, 'NONE'),
(768, 4, NULL, 1035, '2022-07-24 11:45:31', NULL, NULL, -1, 'NONE'),
(769, 4, NULL, 981, '2022-07-24 14:23:27', NULL, NULL, -1, 'NONE'),
(770, 4, NULL, 931, '2022-07-26 11:43:23', NULL, NULL, -1, 'NONE'),
(771, 4, NULL, 1019, '2022-07-26 13:00:23', NULL, NULL, -1, 'NONE'),
(772, 4, NULL, 992, '2022-07-28 13:44:15', NULL, NULL, -1, 'NONE'),
(773, 4, NULL, 1109, '2022-07-30 09:41:38', NULL, NULL, -1, 'NONE'),
(774, 4, NULL, 1138, '2022-07-31 09:24:06', NULL, NULL, -1, 'NONE'),
(775, 4, NULL, 1128, '2022-08-02 12:20:05', NULL, NULL, -1, 'NONE'),
(776, 4, NULL, 1110, '2022-08-03 13:30:33', NULL, NULL, -1, 'NONE'),
(777, 4, NULL, 972, '2022-08-03 14:00:49', NULL, NULL, -1, 'NONE'),
(778, 4, NULL, 1019, '2022-08-04 13:29:12', NULL, NULL, -1, 'NONE'),
(779, 4, NULL, 1139, '2022-08-06 10:32:12', NULL, NULL, -1, 'NONE'),
(780, 4, NULL, 932, '2022-08-07 11:25:04', NULL, NULL, -1, 'NONE'),
(781, 4, NULL, 1140, '2022-08-11 12:31:50', NULL, NULL, -1, 'NONE'),
(782, 4, NULL, 1136, '2022-08-13 12:11:28', NULL, NULL, -1, 'NONE'),
(783, 4, NULL, 960, '2022-08-14 09:39:05', NULL, NULL, -1, 'NONE'),
(784, 4, NULL, 1133, '2022-08-14 11:35:51', NULL, NULL, -1, 'NONE'),
(785, 4, NULL, 984, '2022-08-14 11:48:23', NULL, NULL, -1, 'NONE'),
(786, 4, NULL, 1128, '2022-08-14 12:34:12', NULL, NULL, -1, 'NONE'),
(787, 4, NULL, 1141, '2022-08-15 12:26:01', NULL, NULL, -1, 'NONE'),
(788, 4, NULL, 1035, '2022-08-16 08:15:30', NULL, NULL, -1, 'NONE'),
(789, 4, NULL, 1128, '2022-08-16 13:35:29', NULL, NULL, -1, 'NONE'),
(790, 4, NULL, 1128, '2022-08-17 12:37:56', NULL, NULL, -1, 'NONE'),
(791, 4, NULL, 1026, '2022-08-16 12:42:35', NULL, NULL, -1, 'NONE'),
(792, 4, NULL, 1089, '2022-08-18 10:08:04', NULL, NULL, -1, 'NONE'),
(793, 4, NULL, 975, '2022-08-18 11:10:14', NULL, NULL, -1, 'NONE'),
(794, 4, NULL, 1019, '2022-08-18 13:15:43', NULL, NULL, -1, 'NONE'),
(795, 4, NULL, 931, '2022-08-20 12:23:49', NULL, NULL, -1, 'NONE'),
(796, 4, NULL, 1140, '2022-08-20 15:21:26', NULL, NULL, -1, 'NONE'),
(797, 4, NULL, 972, '2022-08-22 13:48:19', NULL, NULL, -1, 'NONE'),
(798, 4, NULL, 1140, '2022-08-24 13:30:44', NULL, NULL, -1, 'NONE'),
(799, 4, NULL, 1035, '2022-08-27 12:11:24', NULL, NULL, -1, 'NONE'),
(800, 4, NULL, 1133, '2022-08-28 10:20:43', NULL, NULL, -1, 'NONE'),
(801, 4, NULL, 1140, '2022-08-30 11:33:44', NULL, NULL, -1, 'NONE'),
(802, 4, NULL, 972, '2022-08-31 11:18:34', NULL, NULL, -1, 'NONE'),
(803, 4, NULL, 984, '2022-09-05 12:19:26', NULL, NULL, -1, 'NONE'),
(804, 4, NULL, 994, '2022-09-05 13:55:32', NULL, NULL, -1, 'NONE'),
(805, 4, NULL, 1019, '2022-09-06 08:26:22', NULL, NULL, -1, 'NONE'),
(806, 4, NULL, 1127, '2022-09-06 11:53:37', NULL, NULL, -1, 'NONE'),
(807, 4, NULL, 931, '2022-09-06 12:44:49', NULL, NULL, -1, 'NONE'),
(808, 4, NULL, 1019, '2022-09-06 13:34:07', NULL, NULL, -1, 'NONE'),
(809, 4, NULL, 1140, '2022-09-07 10:13:54', NULL, NULL, -1, 'NONE'),
(810, 4, NULL, 932, '2022-09-08 10:18:36', NULL, NULL, -1, 'NONE'),
(811, 4, NULL, 1104, '2022-09-10 11:27:49', NULL, NULL, -1, 'NONE'),
(812, 4, NULL, 1128, '2022-09-11 11:56:28', NULL, NULL, -1, 'NONE'),
(813, 4, NULL, 1017, '2022-09-11 13:32:58', NULL, NULL, -1, 'NONE'),
(814, 4, NULL, 984, '2022-09-11 14:23:27', NULL, NULL, -1, 'NONE'),
(815, 4, NULL, 960, '2022-09-11 14:41:17', NULL, NULL, -1, 'NONE'),
(816, 4, NULL, 1128, '2022-09-12 13:08:05', NULL, NULL, -1, 'NONE'),
(817, 4, NULL, 1104, '2022-09-12 13:18:24', NULL, NULL, -1, 'NONE'),
(818, 4, NULL, 1036, '2022-09-12 15:12:11', NULL, NULL, -1, 'NONE'),
(819, 4, NULL, 981, '2022-09-14 14:35:29', NULL, NULL, -1, 'NONE'),
(820, 4, NULL, 1109, '2022-09-15 14:16:44', NULL, NULL, -1, 'NONE'),
(821, 4, NULL, 1143, '2022-09-17 12:27:30', NULL, NULL, -1, 'NONE'),
(822, 4, NULL, 1109, '2022-09-17 12:27:30', NULL, NULL, -1, 'NONE'),
(823, 4, NULL, 1109, '2022-09-20 10:18:24', NULL, NULL, -1, 'NONE'),
(824, 4, NULL, 1036, '2022-09-21 11:38:14', NULL, NULL, -1, 'NONE'),
(825, 4, NULL, 1036, '2022-09-21 12:27:13', NULL, NULL, -1, 'NONE'),
(826, 4, NULL, 984, '2022-09-22 11:32:57', NULL, NULL, -1, 'NONE'),
(827, 4, NULL, 1104, '2022-09-22 11:58:22', NULL, NULL, -1, 'NONE'),
(828, 4, NULL, 984, '2022-09-22 14:04:30', NULL, NULL, -1, 'NONE'),
(829, 4, NULL, 931, '2022-09-27 15:16:12', NULL, NULL, -1, 'NONE'),
(830, 4, NULL, 994, '2022-09-27 15:16:12', NULL, NULL, -1, 'NONE'),
(831, 4, NULL, 972, '2022-09-28 12:53:38', NULL, NULL, -1, 'NONE'),
(832, 4, NULL, 1109, '2022-09-29 13:03:13', NULL, NULL, -1, 'NONE'),
(834, 4, NULL, 1144, '2022-10-01 13:28:46', NULL, NULL, -1, 'NONE'),
(835, 4, NULL, 1143, '2022-10-02 13:11:44', NULL, NULL, -1, 'NONE'),
(836, 4, NULL, 941, '2022-10-02 14:37:58', NULL, NULL, -1, 'NONE'),
(837, 4, NULL, 1017, '2022-10-03 12:59:22', NULL, NULL, -1, 'NONE'),
(838, 4, NULL, 1035, '2022-10-06 11:12:07', NULL, NULL, -1, 'NONE'),
(839, 4, 2, 1035, '2022-10-06 11:12:07', NULL, NULL, -1, 'NONE'),
(840, 4, NULL, 1109, '2022-10-08 10:55:14', NULL, NULL, -1, 'NONE'),
(841, 4, NULL, 960, '2022-10-08 11:49:04', NULL, NULL, -1, 'NONE'),
(842, 4, NULL, 931, '2022-10-08 13:46:09', NULL, NULL, -1, 'NONE'),
(843, 4, NULL, 941, '2022-10-09 15:02:33', NULL, NULL, -1, 'NONE'),
(844, 4, NULL, 1104, '2022-10-10 11:05:03', NULL, NULL, -1, 'NONE'),
(845, 4, NULL, 931, '2022-10-11 09:05:27', NULL, NULL, -1, 'NONE'),
(846, 4, NULL, 1145, '2022-10-11 13:03:08', NULL, NULL, -1, 'NONE'),
(847, 4, NULL, 978, '2022-10-11 13:59:09', NULL, NULL, -1, 'NONE'),
(848, 4, NULL, 1017, '2022-10-12 15:03:39', NULL, NULL, -1, 'NONE'),
(849, 4, NULL, 986, '2022-10-16 10:41:33', NULL, NULL, -1, 'NONE'),
(850, 4, NULL, 994, '2022-10-16 13:27:17', NULL, NULL, -1, 'NONE'),
(851, 4, NULL, 977, '2022-10-17 10:16:58', NULL, NULL, -1, 'NONE'),
(852, 4, NULL, 986, '2022-10-17 13:16:43', NULL, NULL, -1, 'NONE'),
(868, 1, NULL, 1, '2023-01-22 13:13:08', '1232', NULL, NULL, 'NONE'),
(869, 1, NULL, 1, '2023-01-22 13:16:36', NULL, NULL, NULL, 'NONE');

-- --------------------------------------------------------

--
-- Table structure for table `orders_details`
--

DROP TABLE IF EXISTS `orders_details`;
CREATE TABLE `orders_details` (
  `iD` int(11) NOT NULL,
  `ProductID` int(11) NOT NULL,
  `OrderID` int(11) NOT NULL,
  `WarehouseID` int(11) NOT NULL,
  `unitPrice` decimal(6,4) NOT NULL,
  `price` decimal(11,4) NOT NULL,
  `quantity` double NOT NULL,
  `discount` decimal(11,4) NOT NULL DEFAULT 0.0000,
  `comments` text DEFAULT NULL
) ENGINE=InnoDB DEFAULT CHARSET=utf8 COLLATE=utf8_general_ci;

--
-- Dumping data for table `orders_details`
--
--
-- Triggers `orders_details`
--
DROP TRIGGER IF EXISTS `u_s_a_order`;
DELIMITER $$
CREATE TRIGGER `u_s_a_order` AFTER INSERT ON `orders_details` FOR EACH ROW BEGIN
CALL  MinusQuantity(NEW.WarehouseID,NEW.ProductID,NEW.quantity,-1);
END
$$
DELIMITER ;
DROP TRIGGER IF EXISTS `u_s_a_order_d`;
DELIMITER $$
CREATE TRIGGER `u_s_a_order_d` AFTER DELETE ON `orders_details` FOR EACH ROW BEGIN
CALL  PlusQuantity(OLD.WarehouseID,OLD.ProductID,OLD.quantity,-1);
END
$$
DELIMITER ;
DROP TRIGGER IF EXISTS `u_s_a_order_e`;
DELIMITER $$
CREATE TRIGGER `u_s_a_order_e` AFTER UPDATE ON `orders_details` FOR EACH ROW BEGIN
IF OLD.WarehouseID <> NEW.WarehouseID OR OLD.ProductID <> NEW.ProductID THEN CALL PlusQuantity(OLD.WarehouseID,OLD.ProductID,OLD.quantity,-1);CALL MinusQuantity(NEW.WarehouseID,NEW.ProductID,NEW.quantity,-1);
ELSE
CALL  MinusQuantity(NEW.WarehouseID,NEW.ProductID,NEW.quantity,OLD.quantity);
END IF;
END
$$
DELIMITER ;

INSERT  INTO `orders_details` (`iD`, `ProductID`, `OrderID`, `WarehouseID`, `unitPrice`, `price`, `quantity`, `discount`, `comments`) VALUES
(259, 1419, 122, 1, 0.7250, 2236.6250, 3085, 0.0000, NULL),
(260, 1415, 122, 1, 0.7250, 1521.0500, 2098, 0.0000, NULL),
(261, 1422, 123, 1, 0.8300, 5775.9700, 6959, 0.0000, NULL),
(264, 1494, 125, 1, 0.7500, 384.0000, 512, 0.0000, NULL),
(266, 1673, 127, 1, 1.0250, 489.9500, 478, 0.0000, NULL),
(267, 1671, 127, 1, 0.7500, 266.2500, 355, 0.0000, NULL),
(268, 1575, 128, 1, 1.0500, 324.4500, 309, 0.0000, NULL),
(269, 1571, 128, 1, 1.0500, 402.1500, 383, 0.0000, NULL),
(270, 1627, 128, 1, 1.0500, 361.2000, 344, 0.0000, NULL),
(272, 1561, 129, 1, 1.0500, 464.1000, 442, 0.0000, NULL),
(273, 1643, 129, 1, 0.8500, 843.2000, 992, 0.0000, NULL),
(274, 1620, 129, 1, 0.8500, 1000.4500, 1177, 0.0000, NULL),
(275, 1662, 129, 1, 0.8500, 432.6500, 509, 0.0000, NULL),
(276, 1548, 129, 1, 0.8500, 274.5500, 323, 0.0000, NULL),
(277, 1634, 130, 1, 0.8500, 288.1500, 339, 0.0000, NULL),
(278, 1649, 131, 1, 0.8500, 436.0500, 513, 0.0000, NULL),
(279, 1649, 131, 1, 0.8500, 446.2500, 525, 0.0000, NULL),
(280, 1653, 131, 1, 1.0500, 495.6000, 472, 0.0000, NULL),
(281, 1653, 131, 1, 1.0500, 594.3000, 566, 0.0000, NULL),
(282, 1653, 131, 1, 1.0500, 624.7500, 595, 0.0000, NULL),
(283, 1653, 131, 1, 1.0500, 592.2000, 564, 0.0000, NULL),
(284, 1653, 131, 1, 1.0500, 609.0000, 580, 0.0000, NULL),
(285, 1605, 132, 1, 0.8500, 508.3000, 598, 0.0000, NULL),
(286, 1547, 132, 1, 0.8500, 277.9500, 327, 0.0000, NULL),
(287, 1566, 132, 1, 0.8500, 210.8000, 248, 0.0000, NULL),
(288, 1557, 132, 1, 0.8500, 389.3000, 458, 0.0000, NULL),
(289, 1565, 132, 1, 0.8500, 189.5500, 223, 0.0000, NULL),
(290, 1659, 133, 1, 0.8500, 497.2500, 585, 0.0000, NULL),
(291, 1424, 134, 1, 0.8500, 6418.3500, 7551, 0.0000, NULL),
(292, 1426, 134, 1, 0.8500, 1995.8000, 2348, 0.0000, NULL),
(293, 1674, 135, 1, 1.0500, 68.2500, 65, 0.0000, NULL),
(294, 1672, 135, 1, 0.7750, 11.6250, 15, 0.0000, NULL),
(295, 1677, 136, 1, 1.0500, 771.7500, 735, 0.0000, NULL),
(296, 1676, 136, 1, 1.0500, 1585.5000, 1510, 0.0000, NULL),
(297, 1675, 137, 1, 1.0500, 542.8500, 517, 0.0000, NULL),
(298, 1654, 137, 1, 0.8500, 649.4000, 764, 0.0000, NULL),
(299, 1563, 137, 1, 1.2500, 348.7500, 279, 0.0000, NULL),
(300, 1585, 138, 1, 1.0500, 366.4500, 349, 0.0000, NULL),
(301, 1585, 138, 1, 1.0500, 371.7000, 354, 0.0000, NULL),
(302, 1585, 138, 1, 1.0500, 371.7000, 354, 0.0000, NULL),
(303, 1422, 139, 1, 0.8500, 510.0000, 600, 0.0000, NULL),
(304, 1423, 139, 1, 0.8500, 25146.4010, 29584, 0.0000, NULL),
(305, 1424, 139, 1, 0.8500, 493.0000, 580, 0.0000, NULL),
(306, 1425, 139, 1, 0.8500, 1128.8000, 1328, 0.0000, NULL),
(307, 1426, 139, 1, 0.8500, 1995.8000, 2348, 0.0000, NULL),
(308, 1431, 140, 2, 1.2500, 1923.7500, 1539, 0.0000, NULL),
(309, 1508, 140, 2, 1.0500, 1291.5000, 1230, 0.0000, NULL),
(310, 1509, 140, 2, 1.0500, 378.0000, 360, 0.0000, NULL),
(311, 1514, 140, 2, 1.0500, 9067.8000, 8636, 0.0000, NULL),
(312, 1522, 140, 2, 1.0500, 2312.1000, 2202, 0.0000, NULL),
(313, 1523, 140, 2, 1.0500, 831.6000, 792, 0.0000, NULL),
(314, 1524, 140, 2, 1.0500, 789.6000, 752, 0.0000, NULL),
(315, 1525, 140, 2, 1.0500, 6135.1500, 5843, 0.0000, NULL),
(316, 1526, 140, 2, 1.0500, 3150.0000, 3000, 0.0000, NULL),
(317, 1527, 140, 2, 1.0500, 4368.0000, 4160, 0.0000, NULL),
(318, 1528, 140, 2, 1.0500, 542.8500, 517, 0.0000, NULL),
(319, 1534, 140, 2, 1.0500, 1613.8500, 1537, 0.0000, NULL),
(320, 1535, 140, 2, 1.0500, 446.2500, 425, 0.0000, NULL),
(321, 1536, 140, 2, 1.0500, 322.3500, 307, 0.0000, NULL),
(322, 1537, 140, 2, 1.0500, 2548.3500, 2427, 0.0000, NULL),
(323, 1541, 140, 2, 1.0500, 703.5000, 670, 0.0000, NULL),
(324, 1414, 141, 1, 0.7500, 3459.7500, 4613, 0.0000, NULL),
(325, 1415, 141, 1, 0.7500, 3855.0000, 5140, 0.0000, NULL),
(326, 1416, 141, 1, 0.7500, 2411.2500, 3215, 0.0000, NULL),
(327, 1418, 141, 1, 0.7500, 4097.2500, 5463, 0.0000, NULL),
(328, 1419, 141, 1, 0.7500, 5055.7500, 6741, 0.0000, NULL),
(329, 1420, 141, 1, 0.7500, 602.2500, 803, 0.0000, NULL),
(330, 1402, 141, 1, 0.1350, 2160.0000, 80, 0.0000, NULL),
(331, 1417, 142, 1, 0.7500, 433.5000, 578, 0.0000, NULL),
(332, 1421, 142, 1, 0.7500, 2172.0000, 2896, 0.0000, NULL),
(333, 1669, 143, 1, 1.0500, 257.2500, 245, 0.0000, NULL),
(334, 1417, 144, 1, 0.8500, 479.4000, 564, 0.0000, NULL),
(335, 1421, 144, 1, 0.8500, 238.8500, 281, 0.0000, NULL),
(336, 1554, 144, 1, 0.8900, 789.4300, 887, 0.0000, 'بوزن ٥٣٧'),
(337, 1652, 145, 1, 1.1000, 594.0000, 540, 0.0000, NULL),
(338, 1577, 145, 1, 1.1000, 512.6000, 466, 0.0000, NULL),
(341, 1685, 147, 1, 0.8250, 862.1250, 1045, 0.0000, NULL),
(342, 1703, 148, 1, 0.7000, 892.5000, 1275, 0.0000, NULL),
(343, 1701, 148, 1, 1.2500, 826.2500, 661, 0.0000, 'سابي'),
(344, 1713, 149, 1, 0.8300, 439.9000, 530, 0.0000, NULL),
(345, 1711, 149, 1, 0.8300, 439.9000, 530, 0.0000, NULL),
(346, 1685, 149, 1, 0.8300, 451.5200, 544, 0.0000, NULL),
(347, 1704, 150, 1, 0.8500, 416.5000, 490, 0.0000, NULL),
(348, 1707, 150, 1, 0.8500, 391.0000, 460, 0.0000, NULL),
(349, 1709, 150, 1, 0.8500, 425.0000, 500, 0.0000, NULL),
(350, 1708, 150, 1, 0.8500, 395.2500, 465, 0.0000, NULL),
(351, 1706, 150, 1, 0.8500, 416.5000, 490, 0.0000, NULL),
(352, 1705, 150, 1, 0.8500, 131.7500, 155, 0.0000, NULL),
(353, 1714, 151, 1, 0.8300, 439.9000, 530, 0.0000, NULL),
(354, 1712, 151, 1, 0.8300, 522.9000, 630, 0.0000, NULL),
(355, 1685, 151, 1, 0.8300, 444.8800, 536, 0.0000, NULL),
(356, 1630, 152, 1, 1.1000, 497.2000, 452, 0.0000, NULL),
(357, 1618, 152, 1, 1.1000, 280.5000, 255, 0.0000, NULL),
(358, 1621, 152, 1, 0.8500, 292.4000, 344, 0.0000, NULL),
(359, 1570, 152, 1, 1.1000, 260.7000, 237, 0.0000, NULL),
(360, 1624, 152, 1, 0.8500, 400.3500, 471, 0.0000, NULL),
(361, 1624, 152, 1, 0.8500, 407.1500, 479, 0.0000, NULL),
(362, 1574, 152, 1, 1.1000, 1195.7000, 1087, 0.0000, NULL),
(363, 1615, 152, 1, 1.1000, 265.1000, 241, 0.0000, NULL),
(365, 1544, 153, 1, 1.0000, 474.0000, 474, 0.0000, NULL),
(366, 1559, 153, 1, 1.1000, 276.1000, 251, 0.0000, NULL),
(367, 1698, 154, 1, 0.6250, 187.5000, 300, 0.0000, NULL),
(368, 1685, 155, 1, 0.8300, 424.9600, 512, 0.0000, NULL),
(369, 1685, 155, 1, 0.8300, 464.8000, 560, 0.0000, NULL),
(370, 1685, 155, 1, 0.8300, 444.8800, 536, 0.0000, NULL),
(371, 1651, 156, 1, 1.0000, 838.0000, 838, 0.0000, NULL),
(372, 1585, 157, 1, 1.1000, 383.9000, 349, 0.0000, NULL),
(373, 1585, 157, 1, 1.1000, 383.9000, 349, 0.0000, NULL),
(374, 1585, 157, 1, 1.1000, 386.1000, 351, 0.0000, NULL),
(375, 1450, 158, 1, 1.2500, 283.7500, 227, 0.0000, NULL),
(377, 1469, 160, 2, 1.2500, 1481.2500, 1185, 0.0000, NULL),
(378, 1717, 161, 1, 0.8500, 306.0000, 360, 0.0000, NULL),
(379, 1716, 161, 1, 0.8500, 246.5000, 290, 0.0000, NULL),
(380, 1733, 162, 1, 0.8500, 476.0000, 560, 0.0000, NULL),
(381, 1732, 162, 1, 0.8500, 523.6000, 616, 0.0000, NULL),
(382, 1730, 162, 1, 0.8500, 497.2500, 585, 0.0000, NULL),
(383, 1729, 162, 1, 0.8500, 533.8000, 628, 0.0000, NULL),
(384, 1728, 162, 1, 0.8500, 404.6000, 476, 0.0000, NULL),
(385, 1665, 163, 1, 0.8900, 958.5300, 1077, 0.0000, NULL),
(386, 1667, 163, 1, 0.8900, 316.8400, 356, 0.0000, NULL),
(387, 1693, 164, 1, 0.6250, 168.7500, 270, 0.0000, NULL),
(388, 1694, 164, 1, 0.6250, 171.8800, 275, 0.0000, NULL),
(389, 1693, 164, 1, 0.6250, 311.2500, 498, 0.0000, NULL),
(390, 1694, 164, 1, 0.6250, 175.0000, 280, 0.0000, NULL),
(391, 1694, 164, 1, 0.6250, 182.5000, 292, 0.0000, NULL),
(392, 1693, 164, 1, 0.6250, 310.6200, 497, 0.0000, NULL),
(393, 1693, 164, 1, 0.6250, 311.2500, 498, 0.0000, NULL),
(394, 1693, 164, 1, 0.6250, 303.1200, 485, 0.0000, NULL),
(395, 1694, 164, 1, 0.6250, 527.5000, 844, 0.0000, NULL),
(396, 1702, 164, 1, 0.6250, 262.5000, 420, 0.0000, NULL),
(397, 1693, 164, 1, 0.6250, 308.1200, 493, 0.0000, NULL),
(398, 1693, 164, 1, 0.6250, 303.7500, 486, 0.0000, NULL),
(399, 1693, 164, 1, 0.6250, 313.1200, 501, 0.0000, NULL),
(400, 1550, 165, 1, 1.0250, 314.6750, 307, 0.0000, NULL),
(401, 1704, 166, 1, 0.4000, 10.8000, 27, 0.0000, 'ستوك مرتجع من الندى'),
(402, 1741, 166, 1, 0.4000, 187.6000, 469, 0.0000, NULL),
(403, 1741, 166, 1, 0.4000, 188.8000, 472, 0.0000, NULL),
(404, 1726, 166, 1, 0.8500, 291.5500, 343, 0.0000, NULL),
(405, 1721, 167, 1, 0.8500, 572.9000, 674, 0.0000, NULL),
(406, 1720, 167, 1, 0.8500, 595.0000, 700, 0.0000, NULL),
(407, 1719, 167, 1, 0.8500, 369.7500, 435, 0.0000, NULL),
(408, 1737, 168, 1, 0.8300, 415.0000, 500, 0.0000, NULL),
(409, 1736, 168, 1, 0.8300, 447.3700, 539, 0.0000, NULL),
(410, 1596, 169, 1, 1.1000, 375.1000, 341, 0.0000, NULL),
(411, 1739, 170, 1, 0.8500, 476.8500, 561, 0.0000, NULL),
(412, 1735, 170, 1, 0.8500, 505.7500, 595, 0.0000, NULL),
(413, 1722, 171, 1, 1.1000, 308.0000, 280, 0.0000, NULL),
(414, 1724, 171, 1, 1.1000, 330.0000, 300, 0.0000, NULL),
(415, 1651, 171, 1, 1.1000, 925.1000, 841, 0.0000, NULL),
(416, 1651, 171, 1, 1.1000, 474.1000, 431, 0.0000, NULL),
(417, 1641, 171, 1, 1.1000, 490.6000, 446, 0.0000, NULL),
(418, 1617, 172, 1, 0.9750, 325.6500, 334, 0.0000, NULL),
(419, 1685, 173, 1, 0.8500, 7083.9000, 8334, 0.0000, NULL),
(420, 1461, 173, 2, 1.2500, 496.2500, 397, 0.0000, NULL),
(421, 1475, 173, 2, 1.2500, 312.5000, 250, 0.0000, NULL),
(422, 1435, 173, 2, 1.2500, 628.7500, 503, 0.0000, NULL),
(423, 1432, 173, 2, 1.2500, 608.7500, 487, 0.0000, NULL),
(424, 1434, 173, 2, 1.2500, 2857.5000, 2286, 0.0000, NULL),
(425, 1450, 173, 2, 1.2500, 11355.0000, 9084, 0.0000, NULL),
(426, 1585, 174, 1, 1.1000, 1155.0000, 1050, 0.0000, NULL),
(427, 1432, 175, 2, 1.2500, 86.2500, 69, 0.0000, NULL),
(428, 1433, 175, 2, 1.2500, 582.5000, 466, 0.0000, NULL),
(429, 1434, 175, 2, 1.2500, 1788.7500, 1431, 0.0000, NULL),
(430, 1436, 175, 2, 1.2500, 581.2500, 465, 0.0000, NULL),
(431, 1437, 175, 2, 1.2500, 627.5000, 502, 0.0000, NULL),
(432, 1438, 175, 2, 1.2500, 1253.7500, 1003, 0.0000, NULL),
(433, 1439, 175, 2, 1.2500, 2576.2500, 2061, 0.0000, NULL),
(434, 1440, 175, 2, 1.2500, 608.7500, 487, 0.0000, NULL),
(435, 1441, 175, 2, 1.2500, 540.0000, 432, 0.0000, NULL),
(436, 1442, 175, 2, 1.2500, 765.0000, 612, 0.0000, NULL),
(437, 1443, 175, 2, 1.2500, 4133.7500, 3307, 0.0000, NULL),
(438, 1444, 175, 2, 1.2500, 307.5000, 246, 0.0000, NULL),
(439, 1445, 175, 2, 1.2500, 561.2500, 449, 0.0000, NULL),
(440, 1446, 175, 2, 1.2500, 4112.5000, 3290, 0.0000, NULL),
(441, 1447, 175, 2, 1.2500, 1180.0000, 944, 0.0000, NULL),
(442, 1448, 175, 2, 1.2500, 6543.7500, 5235, 0.0000, NULL),
(443, 1449, 175, 2, 1.2500, 2322.5000, 1858, 0.0000, NULL),
(444, 1450, 175, 1, 1.2500, 2511.2500, 2009, 0.0000, NULL),
(445, 1451, 175, 2, 1.2500, 585.0000, 468, 0.0000, NULL),
(446, 1452, 175, 2, 1.2500, 581.2500, 465, 0.0000, NULL),
(447, 1453, 175, 2, 1.2500, 2062.5000, 1650, 0.0000, NULL),
(448, 1454, 175, 2, 1.2500, 1718.7500, 1375, 0.0000, NULL),
(449, 1455, 175, 2, 1.2500, 1.2500, 1, 0.0000, NULL),
(450, 1456, 175, 1, 1.2500, 542.5000, 434, 0.0000, NULL),
(451, 1462, 175, 2, 1.2500, 1142.5000, 914, 0.0000, NULL),
(452, 1464, 175, 2, 1.2500, 4138.7500, 3311, 0.0000, NULL),
(453, 1466, 175, 2, 1.2500, 597.5000, 478, 0.0000, NULL),
(454, 1467, 175, 2, 1.2500, 693.7500, 555, 0.0000, NULL),
(455, 1468, 175, 2, 1.2500, 3582.5000, 2866, 0.0000, NULL),
(456, 1469, 175, 2, 1.2500, 30.0000, 24, 0.0000, NULL),
(457, 1470, 175, 2, 1.2500, 1358.7500, 1087, 0.0000, NULL),
(458, 1471, 175, 2, 1.2500, 480.0000, 384, 0.0000, NULL),
(459, 1473, 175, 2, 1.2500, 505.0000, 404, 0.0000, NULL),
(460, 1474, 175, 2, 1.2500, 813.7500, 651, 0.0000, NULL),
(461, 1475, 175, 2, 1.2500, 260.0000, 208, 0.0000, NULL),
(462, 1476, 175, 2, 1.2500, 898.7500, 719, 0.0000, NULL),
(463, 1477, 175, 2, 1.2500, 1418.7500, 1135, 0.0000, NULL),
(464, 1478, 175, 2, 1.2500, 625.0000, 500, 0.0000, NULL),
(465, 1479, 175, 2, 1.2500, 21567.5000, 17254, 0.0000, NULL),
(466, 1480, 175, 2, 1.2500, 1277.5000, 1022, 0.0000, NULL),
(467, 1481, 175, 2, 1.2500, 2632.5000, 2106, 0.0000, NULL),
(468, 1482, 175, 2, 1.2500, 705.0000, 564, 0.0000, NULL),
(469, 1483, 175, 2, 1.2500, 535.0000, 428, 0.0000, NULL),
(470, 1484, 175, 2, 1.2500, 788.7500, 631, 0.0000, NULL),
(471, 1485, 175, 2, 1.2500, 732.5000, 586, 0.0000, NULL),
(472, 1486, 175, 1, 1.2500, 348.7500, 279, 0.0000, NULL),
(473, 1487, 175, 2, 1.2500, 518.7500, 415, 0.0000, NULL),
(474, 1488, 175, 2, 1.2500, 2703.7500, 2163, 0.0000, NULL),
(475, 1489, 175, 1, 1.2500, 405.0000, 324, 0.0000, NULL),
(476, 1490, 175, 2, 1.2500, 766.2500, 613, 0.0000, NULL),
(477, 1491, 175, 2, 1.2500, 3165.0000, 2532, 0.0000, NULL),
(478, 1492, 175, 1, 1.2500, 535.0000, 428, 0.0000, NULL),
(479, 1493, 175, 2, 1.2500, 786.2500, 629, 0.0000, NULL),
(533, 1450, 177, 2, 1.2500, 26332.5000, 21066, 0.0000, NULL),
(534, 1457, 177, 2, 1.2500, 3892.5000, 3114, 0.0000, NULL),
(535, 1458, 177, 2, 1.2500, 991.2500, 793, 0.0000, NULL),
(536, 1459, 177, 2, 1.2500, 9475.0000, 7580, 0.0000, NULL),
(537, 1460, 177, 2, 1.2500, 926.2500, 741, 0.0000, NULL),
(538, 1461, 177, 2, 1.2500, 517.5000, 414, 0.0000, NULL),
(539, 1463, 177, 2, 1.2500, 675.0000, 540, 0.0000, NULL),
(540, 1465, 177, 2, 1.2500, 903.7500, 723, 0.0000, NULL),
(541, 1472, 177, 1, 1.2500, 581.2500, 465, 0.0000, NULL),
(542, 1489, 177, 2, 1.2500, 541.2500, 433, 0.0000, NULL),
(543, 1596, 178, 1, 1.1000, 374.0000, 340, 0.0000, NULL),
(544, 1686, 179, 1, 0.8100, 848.8800, 1048, 0.0000, 'عدد ٢ بالة'),
(545, 1596, 180, 1, 1.1000, 370.7000, 337, 0.0000, NULL),
(546, 1573, 180, 1, 1.1000, 451.0000, 410, 0.0000, NULL),
(547, 1642, 181, 1, 0.8900, 767.1800, 862, 0.0000, NULL),
(548, 1668, 182, 1, 0.8900, 760.0600, 854, 0.0000, NULL),
(549, 1759, 183, 1, 0.8500, 715.7000, 842, 0.0000, NULL),
(550, 1758, 183, 1, 0.8500, 731.0000, 860, 0.0000, NULL),
(551, 1757, 183, 1, 0.8500, 698.7000, 822, 0.0000, NULL),
(552, 1756, 183, 1, 0.8500, 620.5000, 730, 0.0000, NULL),
(553, 1760, 184, 1, 0.8500, 640.0500, 753, 0.0000, NULL),
(554, 1761, 184, 1, 0.8500, 647.7000, 762, 0.0000, NULL),
(555, 1692, 185, 1, 0.9500, 393.3000, 414, 0.0000, NULL),
(556, 1692, 185, 1, 0.9500, 398.0500, 419, 0.0000, NULL),
(557, 1692, 185, 1, 0.9500, 392.3500, 413, 0.0000, NULL),
(558, 1661, 186, 1, 0.8900, 714.6700, 803, 0.0000, NULL),
(559, 1746, 187, 1, 0.8500, 560.1500, 659, 0.0000, NULL),
(561, 1748, 187, 1, 0.8500, 603.5000, 710, 0.0000, NULL),
(562, 1747, 187, 1, 0.8500, 559.3000, 658, 0.0000, NULL),
(563, 1744, 188, 1, 0.8500, 607.7500, 715, 0.0000, NULL),
(564, 1743, 188, 1, 0.8500, 595.0000, 700, 0.0000, NULL),
(565, 1742, 188, 1, 0.8500, 595.0000, 700, 0.0000, NULL),
(566, 1603, 189, 1, 1.1000, 381.7000, 347, 0.0000, NULL),
(567, 1567, 190, 1, 1.1000, 409.2000, 372, 0.0000, NULL),
(568, 1600, 190, 1, 1.1000, 401.5000, 365, 0.0000, NULL),
(569, 1602, 190, 1, 1.1000, 334.4000, 304, 0.0000, NULL),
(570, 1660, 191, 1, 1.0500, 658.3500, 627, 0.0000, NULL),
(571, 1660, 191, 1, 1.0500, 662.5500, 631, 0.0000, NULL),
(572, 1772, 192, 1, 1.1000, 89.1000, 81, 0.0000, NULL),
(573, 1773, 192, 1, 1.1000, 231.0000, 210, 0.0000, NULL),
(574, 1697, 193, 1, 0.6250, 220.6200, 353, 0.0000, NULL),
(575, 1692, 194, 1, 1.0000, 417.0000, 417, 0.0000, NULL),
(576, 1762, 195, 1, 0.8500, 481.1000, 566, 0.0000, NULL),
(577, 1764, 195, 1, 0.8500, 336.6000, 396, 0.0000, NULL),
(578, 1686, 196, 1, 0.7750, 3925.3750, 5065, 0.0000, NULL),
(579, 1647, 197, 1, 1.1000, 591.8000, 538, 0.0000, NULL),
(580, 1686, 198, 1, 0.8500, 1309.8500, 1541, 0.0000, NULL),
(581, 1670, 199, 1, 1.1000, 385.0000, 350, 0.0000, NULL),
(582, 1663, 200, 1, 0.8900, 422.7500, 475, 0.0000, NULL),
(583, 1646, 201, 1, 0.8900, 458.3500, 515, 0.0000, NULL),
(584, 1594, 201, 1, 0.8500, 192.9500, 227, 0.0000, NULL),
(585, 1645, 201, 1, 0.8900, 874.8700, 983, 0.0000, NULL),
(586, 1648, 201, 1, 0.8900, 785.8700, 883, 0.0000, NULL),
(587, 1650, 201, 1, 0.8900, 519.7600, 584, 0.0000, NULL),
(588, 1584, 201, 1, 0.8900, 654.1500, 735, 0.0000, NULL),
(589, 1606, 201, 1, 0.8900, 435.2100, 489, 0.0000, NULL),
(590, 1644, 201, 1, 0.8900, 706.6600, 794, 0.0000, NULL),
(591, 1654, 201, 1, 0.8900, 679.9600, 764, 0.0000, NULL),
(592, 1549, 202, 1, 1.0000, 263.0000, 263, 0.0000, NULL),
(593, 1562, 203, 1, 1.1000, 616.0000, 560, 0.0000, NULL),
(594, 1685, 204, 1, 0.8500, 443.7000, 522, 0.0000, NULL),
(595, 1609, 205, 1, 0.8500, 341.7000, 402, 0.0000, NULL),
(596, 1685, 206, 1, 0.8500, 438.6000, 516, 0.0000, NULL),
(597, 1550, 207, 1, 1.1000, 250.8000, 228, 0.0000, NULL),
(598, 1685, 208, 1, 0.8500, 451.3500, 531, 0.0000, NULL),
(599, 1686, 208, 1, 0.8500, 438.6000, 516, 0.0000, NULL),
(600, 1579, 209, 1, 1.1000, 467.5000, 425, 0.0000, NULL),
(601, 1766, 210, 1, 0.8500, 300.0500, 353, 0.0000, NULL),
(602, 1768, 210, 1, 0.8500, 572.0500, 673, 0.0000, NULL),
(603, 1767, 211, 1, 0.8500, 549.9500, 647, 0.0000, NULL),
(604, 1763, 211, 1, 0.8500, 469.2000, 552, 0.0000, NULL),
(605, 1585, 212, 1, 1.1000, 354.2000, 322, 0.0000, NULL),
(606, 1685, 213, 1, 0.8500, 440.3000, 518, 0.0000, NULL),
(607, 1685, 213, 1, 0.8500, 442.8500, 521, 0.0000, NULL),
(608, 1814, 214, 1, 0.8500, 640.9000, 754, 0.0000, NULL),
(609, 1816, 215, 1, 1.1000, 454.3000, 413, 0.0000, NULL),
(610, 1699, 216, 1, 0.9000, 297.0000, 330, 0.0000, NULL),
(611, 1545, 216, 1, 0.8500, 271.1500, 319, 0.0000, NULL),
(612, 1690, 217, 1, 1.1000, 154.0000, 140, 0.0000, NULL),
(613, 1688, 217, 1, 1.1000, 348.7000, 317, 0.0000, NULL),
(614, 1689, 217, 1, 1.1000, 456.5000, 415, 0.0000, NULL),
(615, 1787, 218, 1, 1.4000, 700.0000, 500, 0.0000, NULL),
(616, 1685, 219, 1, 0.8500, 478.5500, 563, 0.0000, NULL),
(617, 1685, 219, 1, 0.8500, 439.4500, 517, 0.0000, NULL),
(618, 1685, 219, 1, 0.8500, 453.9000, 534, 0.0000, NULL),
(619, 1685, 219, 1, 0.8500, 440.3000, 518, 0.0000, NULL),
(620, 1685, 219, 1, 0.8500, 432.6500, 509, 0.0000, NULL),
(621, 1685, 219, 1, 0.8500, 436.0500, 513, 0.0000, NULL),
(622, 1685, 219, 1, 0.8500, 435.2000, 512, 0.0000, NULL),
(623, 1685, 219, 1, 0.8500, 434.3500, 511, 0.0000, NULL),
(624, 1686, 220, 1, 0.8500, 436.9000, 514, 0.0000, NULL),
(625, 1686, 220, 1, 0.8500, 433.5000, 510, 0.0000, NULL),
(626, 1685, 221, 1, 0.8500, 447.9500, 527, 0.0000, NULL),
(627, 1686, 222, 1, 0.8500, 426.7000, 502, 0.0000, NULL),
(628, 1686, 222, 1, 0.8500, 435.2000, 512, 0.0000, NULL),
(629, 1686, 223, 1, 0.8500, 2242.3000, 2638, 0.0000, NULL),
(630, 1666, 223, 1, 0.8900, 380.9200, 428, 0.0000, NULL),
(631, 1664, 224, 1, 0.8900, 969.2100, 1089, 0.0000, NULL),
(632, 1686, 225, 1, 0.8500, 423.3000, 498, 0.0000, NULL),
(633, 1695, 226, 1, 0.9000, 311.4000, 346, 0.0000, NULL),
(634, 1686, 227, 1, 0.8500, 2157.3000, 2538, 0.0000, NULL),
(635, 1686, 228, 1, 0.8500, 1730.6000, 2036, 0.0000, NULL),
(636, 1626, 229, 1, 1.3500, 477.9000, 354, 0.0000, NULL),
(637, 1628, 230, 1, 1.1000, 376.2000, 342, 0.0000, NULL),
(638, 1580, 231, 1, 1.1000, 360.8000, 328, 0.0000, NULL),
(639, 1614, 231, 1, 1.1000, 514.8000, 468, 0.0000, NULL),
(640, 1639, 232, 1, 1.1000, 622.6000, 566, 0.0000, NULL),
(641, 1639, 232, 1, 1.1000, 586.3000, 533, 0.0000, NULL),
(642, 1601, 233, 1, 1.1000, 247.5000, 225, 0.0000, NULL),
(643, 1556, 233, 1, 1.1000, 717.2000, 652, 0.0000, NULL),
(644, 1587, 234, 1, 1.3500, 481.9500, 357, 0.0000, NULL),
(645, 1796, 234, 1, 1.1000, 459.8000, 418, 0.0000, NULL),
(646, 1585, 235, 1, 1.1000, 383.9000, 349, 0.0000, NULL),
(647, 1585, 235, 1, 1.1000, 380.6000, 346, 0.0000, NULL),
(648, 1585, 235, 1, 1.1000, 385.0000, 350, 0.0000, NULL),
(649, 1578, 236, 1, 1.3500, 468.4500, 347, 0.0000, NULL),
(650, 1587, 236, 1, 1.3500, 436.0500, 323, 0.0000, NULL),
(651, 1587, 236, 1, 1.3500, 480.6000, 356, 0.0000, NULL),
(652, 1585, 237, 1, 1.1000, 382.8000, 348, 0.0000, NULL),
(653, 1585, 237, 1, 1.1000, 380.6000, 346, 0.0000, NULL),
(654, 1585, 237, 1, 1.1000, 383.9000, 349, 0.0000, NULL),
(655, 1585, 238, 1, 1.1000, 381.7000, 347, 0.0000, NULL),
(656, 1585, 238, 1, 1.1000, 387.2000, 352, 0.0000, NULL),
(657, 1585, 238, 1, 1.1000, 387.2000, 352, 0.0000, NULL),
(658, 1787, 239, 1, 1.4000, 700.0000, 500, 0.0000, NULL),
(659, 1787, 240, 1, 1.4000, 700.0000, 500, 0.0000, NULL),
(660, 1821, 241, 1, 0.8500, 2684.3000, 3158, 0.0000, NULL),
(661, 1822, 242, 1, 0.8500, 1344.7000, 1582, 0.0000, NULL),
(662, 1823, 242, 1, 0.8500, 881.4500, 1037, 0.0000, NULL),
(663, 1822, 243, 1, 0.8500, 1841.1000, 2166, 0.0000, NULL),
(664, 1823, 243, 1, 0.8500, 434.3500, 511, 0.0000, NULL),
(665, 1822, 244, 1, 0.8500, 456.4500, 537, 0.0000, NULL),
(666, 1823, 244, 1, 0.8500, 1760.3500, 2071, 0.0000, NULL),
(667, 1822, 245, 1, 0.8500, 1314.1000, 1546, 0.0000, NULL),
(668, 1823, 245, 1, 0.8500, 879.7500, 1035, 0.0000, NULL),
(669, 1822, 246, 1, 0.8500, 445.4000, 524, 0.0000, NULL),
(670, 1823, 246, 1, 0.8500, 444.5500, 523, 0.0000, NULL),
(671, 1822, 247, 1, 0.8500, 1390.6000, 1636, 0.0000, NULL),
(672, 1823, 247, 1, 0.8500, 854.2500, 1005, 0.0000, NULL),
(673, 1822, 248, 1, 0.8500, 1355.7500, 1595, 0.0000, NULL),
(674, 1823, 248, 1, 0.8500, 881.4500, 1037, 0.0000, NULL),
(675, 1545, 249, 1, 0.8500, 2463.3000, 2898, 0.0000, NULL),
(676, 1822, 250, 1, 0.8500, 2187.9000, 2574, 0.0000, NULL),
(677, 1822, 251, 1, 0.8500, 442.8500, 521, 0.0000, NULL),
(678, 1823, 251, 1, 0.8500, 1743.3500, 2051, 0.0000, NULL),
(679, 1820, 252, 1, 0.8500, 911.2000, 1072, 0.0000, NULL),
(680, 1545, 253, 1, 0.8500, 1304.7500, 1535, 0.0000, NULL),
(681, 1822, 254, 1, 0.8500, 1820.7000, 2142, 0.0000, NULL),
(682, 1823, 254, 1, 0.8500, 434.3500, 511, 0.0000, NULL),
(683, 1821, 255, 1, 0.8500, 2257.6000, 2656, 0.0000, NULL),
(684, 1823, 256, 1, 0.8500, 436.0500, 513, 0.0000, NULL),
(685, 1831, 257, 1, 0.8500, 383.3500, 451, 0.0000, NULL),
(686, 1820, 258, 1, 0.8500, 470.9000, 554, 0.0000, NULL),
(687, 1820, 259, 1, 0.8500, 438.6000, 516, 0.0000, NULL),
(688, 1837, 260, 1, 1.1000, 555.5000, 505, 0.0000, NULL),
(689, 1844, 261, 1, 0.8500, 491.3000, 578, 0.0000, NULL),
(692, 1848, 262, 1, 0.8500, 643.4500, 757, 0.0000, NULL),
(693, 1844, 261, 1, 0.8500, 484.5000, 570, 0.0000, NULL),
(694, 1844, 261, 1, 0.8500, 507.4500, 597, 0.0000, NULL),
(695, 1846, 263, 1, 0.8500, 739.5000, 870, 0.0000, NULL),
(696, 1820, 264, 1, 0.8500, 2715.7500, 3195, 0.0000, NULL),
(697, 1842, 265, 1, 0.8500, 412.2500, 485, 0.0000, NULL),
(698, 1842, 265, 1, 0.8500, 403.7500, 475, 0.0000, NULL),
(699, 1844, 266, 1, 0.8500, 518.5000, 610, 0.0000, NULL),
(700, 1817, 267, 1, 1.1000, 913.0000, 830, 0.0000, NULL),
(701, 1844, 268, 1, 0.8500, 3581.0500, 4213, 0.0000, NULL),
(702, 1839, 268, 1, 0.8500, 2055.3000, 2418, 0.0000, NULL),
(703, 1835, 268, 1, 0.8500, 1491.7500, 1755, 0.0000, NULL),
(704, 1844, 269, 1, 0.9240, 550.0000, 595, 0.0000, NULL),
(705, 1635, 270, 1, 1.1750, 336.0500, 286, 0.0000, NULL),
(706, 1862, 271, 1, 0.9500, 1569.4000, 1652, 0.0000, NULL),
(707, 1867, 272, 1, 0.9500, 812.2500, 855, 0.0000, NULL),
(708, 1866, 273, 1, 0.9500, 485.4500, 511, 0.0000, NULL),
(709, 1869, 274, 1, 0.9500, 212.8000, 224, 0.0000, NULL),
(710, 1867, 275, 1, 0.9500, 897.7500, 945, 0.0000, NULL),
(711, 1867, 275, 1, 0.9500, 885.4000, 932, 0.0000, NULL),
(712, 1867, 276, 1, 0.9500, 780.9000, 822, 0.0000, NULL),
(713, 1867, 276, 1, 0.9500, 849.3000, 894, 0.0000, NULL),
(714, 1867, 277, 1, 0.9500, 874.9500, 921, 0.0000, NULL),
(715, 1867, 278, 1, 0.9500, 821.7500, 865, 0.0000, NULL),
(716, 1867, 278, 1, 0.9500, 881.6000, 928, 0.0000, NULL),
(717, 1855, 279, 1, 1.5000, 165.0000, 110, 0.0000, NULL),
(718, 1873, 280, 1, 0.9000, 471.6000, 524, 0.0000, NULL),
(719, 1864, 280, 1, 0.9000, 459.0000, 510, 0.0000, NULL),
(720, 1844, 281, 1, 0.9000, 162.0000, 180, 0.0000, NULL),
(721, 1858, 282, 1, 0.9500, 2244.8500, 2363, 0.0000, NULL),
(722, 1856, 282, 1, 0.9500, 1916.1500, 2017, 0.0000, NULL),
(723, 1839, 282, 1, 0.9500, 300.2000, 316, 0.0000, NULL),
(724, 1879, 283, 1, 0.9500, 1130.5000, 1190, 0.0000, NULL),
(725, 1685, 284, 1, 0.9500, 209.0000, 220, 0.0000, NULL),
(726, 1700, 285, 1, 0.9000, 205.2000, 228, 0.0000, NULL),
(727, 1842, 286, 1, 0.9500, 475.0000, 500, 0.0000, NULL),
(728, 1628, 287, 1, 1.2000, 28.2000, 23.5, 0.0000, NULL),
(753, 1879, 289, 1, 0.9500, 679.2500, 715, 0.0000, NULL),
(754, 1879, 289, 1, 0.9500, 579.5000, 610, 0.0000, NULL),
(755, 1879, 289, 1, 0.9500, 528.2000, 556, 0.0000, NULL),
(756, 1879, 290, 1, 0.9500, 579.5000, 610, 0.0000, NULL),
(757, 1879, 290, 1, 0.9500, 194.7500, 205, 0.0000, NULL),
(758, 1867, 291, 1, 0.9500, 858.8000, 904, 0.0000, NULL),
(760, 1867, 292, 1, 0.9500, 836.9500, 881, 0.0000, NULL),
(761, 1871, 293, 1, 0.9500, 557.6500, 587, 0.0000, NULL),
(762, 1880, 293, 1, 0.9500, 428.4500, 451, 0.0000, NULL),
(763, 1880, 293, 1, 0.9500, 509.2000, 536, 0.0000, NULL),
(764, 1880, 293, 1, 0.9500, 481.6500, 507, 0.0000, NULL),
(765, 1879, 293, 1, 0.9500, 548.1500, 577, 0.0000, NULL),
(766, 1879, 293, 1, 0.9500, 585.2000, 616, 0.0000, NULL),
(767, 1879, 293, 1, 0.9500, 555.7500, 585, 0.0000, NULL),
(768, 1879, 293, 1, 0.9500, 568.1000, 598, 0.0000, NULL),
(769, 1871, 293, 1, 0.9500, 585.2000, 616, 0.0000, NULL),
(770, 1871, 293, 1, 0.9500, 659.3000, 694, 0.0000, NULL),
(771, 1871, 293, 1, 0.9500, 566.2000, 596, 0.0000, NULL),
(772, 1881, 293, 1, 0.9500, 511.1000, 538, 0.0000, NULL),
(773, 1826, 294, 2, 0.9500, 668.8000, 704, 0.0000, NULL),
(774, 1867, 292, 1, 0.9500, 893.0000, 940, 0.0000, NULL),
(775, 1867, 295, 1, 0.9500, 892.0500, 939, 0.0000, NULL),
(776, 1870, 296, 1, 0.9500, 447.4500, 471, 0.0000, NULL),
(777, 1628, 297, 1, 1.2000, 373.8000, 311.5, 0.0000, NULL),
(778, 1879, 297, 1, 0.9500, 612.7500, 645, 0.0000, '٣٥٠غ'),
(779, 1870, 298, 1, 0.9500, 475.0000, 500, 0.0000, NULL),
(780, 1870, 298, 1, 0.9500, 475.0000, 500, 0.0000, NULL),
(781, 1870, 299, 1, 0.9500, 257.4500, 271, 0.0000, NULL),
(782, 1870, 300, 1, 0.9500, 1235.0000, 1300, 0.0000, NULL),
(783, 1897, 301, 1, 0.9500, 311.6000, 328, 0.0000, NULL),
(784, 1893, 302, 1, 1.2000, 180.0000, 150, 0.0000, NULL),
(785, 1895, 302, 1, 1.2000, 204.0000, 170, 0.0000, NULL),
(786, 1894, 302, 1, 1.2000, 240.0000, 200, 0.0000, NULL),
(787, 1895, 303, 1, 1.2000, 176.4000, 147, 0.0000, NULL),
(788, 1870, 304, 1, 0.9500, 161.5000, 170, 0.0000, NULL),
(789, 1867, 305, 1, 0.9500, 760.0000, 800, 0.0000, NULL),
(790, 1881, 306, 1, 0.9500, 6203.5000, 6530, 0.0000, NULL),
(791, 1715, 307, 1, 1.2000, 490.8000, 409, 0.0000, NULL),
(792, 1591, 308, 1, 1.2000, 321.6000, 268, 0.0000, NULL),
(793, 1820, 309, 1, 0.9500, 524.4000, 552, 0.0000, NULL),
(794, 1820, 310, 1, 0.9500, 3044.7500, 3205, 0.0000, NULL),
(796, 1900, 312, 1, 1.2000, 255.6000, 213, 0.0000, NULL),
(797, 1787, 313, 1, 1.6000, 800.0000, 500, 0.0000, NULL),
(798, 1787, 313, 1, 1.6000, 800.0000, 500, 0.0000, NULL),
(799, 1787, 313, 1, 1.6000, 800.0000, 500, 0.0000, NULL),
(800, 1715, 314, 1, 1.2000, 529.2000, 441, 0.0000, NULL),
(801, 1899, 315, 1, 0.9500, 688.7500, 725, 0.0000, NULL),
(802, 1635, 316, 1, 1.2000, 675.6000, 563, 0.0000, NULL),
(803, 1592, 317, 1, 1.1750, 280.8250, 239, 0.0000, NULL),
(804, 1903, 318, 1, 1.2000, 348.0000, 290, 0.0000, NULL),
(805, 1901, 318, 1, 1.2000, 236.4000, 197, 0.0000, NULL),
(806, 1588, 318, 1, 1.2000, 475.2000, 396, 0.0000, NULL),
(807, 1640, 319, 1, 1.2000, 634.8000, 529, 0.0000, NULL),
(808, 1715, 319, 1, 1.2000, 495.6000, 413, 0.0000, NULL),
(809, 1812, 320, 1, 0.9500, 439.8500, 463, 0.0000, NULL),
(810, 1855, 320, 1, 1.8000, 1058.4000, 588, 0.0000, NULL),
(811, 1883, 321, 1, 0.9500, 275.5000, 290, 0.0000, NULL),
(812, 1855, 321, 1, 1.8000, 1404.0000, 780, 0.0000, NULL),
(813, 1613, 322, 1, 1.2000, 655.2000, 546, 0.0000, NULL),
(814, 1564, 322, 1, 1.2000, 351.6000, 293, 0.0000, NULL),
(815, 1558, 323, 1, 1.2000, 384.0000, 320, 0.0000, NULL),
(816, 1558, 323, 1, 1.2000, 380.4000, 317, 0.0000, NULL),
(817, 1635, 324, 1, 1.2000, 669.6000, 558, 0.0000, NULL),
(818, 1636, 324, 1, 1.2000, 566.4000, 472, 0.0000, NULL),
(819, 1635, 325, 1, 1.2000, 680.4000, 567, 0.0000, NULL),
(820, 1715, 325, 1, 1.2000, 517.2000, 431, 0.0000, NULL),
(821, 1636, 326, 1, 1.2000, 607.2000, 506, 0.0000, NULL),
(822, 1638, 326, 1, 1.2000, 601.2000, 501, 0.0000, NULL),
(823, 1715, 327, 1, 1.2000, 531.6000, 443, 0.0000, NULL),
(824, 1715, 327, 1, 1.2000, 519.6000, 433, 0.0000, NULL),
(827, 1623, 330, 1, 1.2000, 387.6000, 323, 0.0000, NULL),
(828, 1715, 331, 1, 1.2000, 10874.4000, 9062, 0.0000, NULL),
(829, 1715, 332, 1, 1.2000, 499.2000, 416, 0.0000, NULL),
(830, 1715, 332, 1, 1.2000, 534.0000, 445, 0.0000, NULL),
(831, 1715, 333, 1, 1.2000, 534.0000, 445, 0.0000, NULL),
(832, 1715, 333, 1, 1.2000, 496.8000, 414, 0.0000, NULL),
(833, 1715, 334, 1, 1.2000, 386.4000, 322, 0.0000, NULL),
(834, 1715, 334, 1, 1.2000, 494.4000, 412, 0.0000, NULL),
(835, 1410, 335, 1, 1.3000, 642.2000, 494, 0.0000, NULL),
(836, 1410, 336, 2, 1.3000, 637.0000, 490, 0.0000, NULL),
(837, 1410, 336, 1, 1.3000, 626.6000, 482, 0.0000, NULL),
(838, 1410, 336, 2, 1.3000, 637.0000, 490, 0.0000, NULL),
(839, 1410, 336, 2, 1.3000, 635.7000, 489, 0.0000, NULL),
(840, 1410, 336, 2, 1.3000, 640.9000, 493, 0.0000, NULL),
(841, 1410, 337, 1, 1.3000, 647.4000, 498, 0.0000, NULL),
(842, 1410, 337, 1, 1.3000, 635.7000, 489, 0.0000, NULL),
(843, 1410, 337, 1, 1.3000, 659.1000, 507, 0.0000, NULL),
(844, 1410, 337, 2, 1.3000, 622.7000, 479, 0.0000, NULL),
(845, 1930, 337, 1, 1.3000, 559.0000, 430, 0.0000, NULL),
(846, 1928, 338, 1, 1.3000, 650.0000, 500, 0.0000, NULL),
(847, 1405, 339, 1, 1.3000, 617.5000, 475, 0.0000, NULL),
(848, 1405, 339, 1, 1.3000, 638.3000, 491, 0.0000, NULL),
(849, 1405, 339, 1, 1.3000, 638.3000, 491, 0.0000, NULL),
(850, 1405, 339, 1, 1.3000, 639.6000, 492, 0.0000, NULL),
(851, 1410, 339, 2, 1.3000, 630.5000, 485, 0.0000, NULL),
(852, 1405, 340, 2, 1.3000, 639.6000, 492, 0.0000, NULL),
(853, 1405, 340, 2, 1.3000, 629.2000, 484, 0.0000, NULL),
(854, 1405, 340, 2, 1.3000, 638.3000, 491, 0.0000, NULL),
(855, 1405, 340, 2, 1.3000, 640.9000, 493, 0.0000, NULL),
(857, 1715, 341, 1, 1.2000, 518.4000, 432, 0.0000, NULL),
(858, 1715, 341, 1, 1.2000, 517.2000, 431, 0.0000, NULL),
(859, 1715, 342, 1, 1.2000, 536.4000, 447, 0.0000, NULL),
(860, 1715, 342, 1, 1.2000, 529.2000, 441, 0.0000, NULL),
(861, 1636, 343, 1, 1.2000, 420.0000, 350, 0.0000, NULL),
(862, 1715, 343, 1, 1.2000, 387.6000, 323, 0.0000, NULL),
(863, 1933, 344, 1, 1.2000, 319.2000, 266, 0.0000, NULL),
(864, 1905, 345, 1, 1.3000, 683.8000, 526, 0.0000, NULL),
(865, 1905, 345, 1, 1.3000, 677.3000, 521, 0.0000, NULL),
(866, 1905, 345, 1, 1.3000, 681.2000, 524, 0.0000, NULL),
(867, 1905, 345, 1, 1.3000, 677.3000, 521, 0.0000, NULL),
(868, 1938, 346, 1, 1.3000, 798.2000, 614, 0.0000, NULL),
(869, 1936, 346, 1, 1.3000, 989.3000, 761, 0.0000, NULL),
(870, 1936, 346, 1, 1.3000, 923.0000, 710, 0.0000, NULL),
(871, 1405, 347, 1, 1.3000, 635.7000, 489, 0.0000, NULL),
(872, 1405, 347, 1, 1.3000, 652.6000, 502, 0.0000, NULL),
(873, 1405, 347, 1, 1.3000, 634.4000, 488, 0.0000, NULL),
(874, 1410, 347, 1, 1.3000, 642.2000, 494, 0.0000, NULL),
(875, 1410, 347, 1, 1.3000, 629.2000, 484, 0.0000, NULL),
(876, 1938, 348, 1, 1.3000, 907.4000, 698, 0.0000, NULL),
(877, 1938, 348, 1, 1.3000, 838.5000, 645, 0.0000, NULL),
(878, 1936, 348, 1, 1.3000, 930.8000, 716, 0.0000, NULL),
(879, 1405, 349, 1, 1.3000, 1292.2000, 994, 0.0000, NULL),
(880, 1410, 349, 1, 1.3000, 1911.0000, 1470, 0.0000, NULL),
(881, 1938, 350, 1, 1.3000, 884.0000, 680, 0.0000, NULL),
(882, 1938, 350, 1, 1.3000, 318.5000, 245, 0.0000, NULL),
(883, 1935, 350, 1, 1.3000, 1051.7000, 809, 0.0000, NULL),
(884, 1405, 351, 1, 1.3000, 643.5000, 495, 0.0000, NULL),
(885, 1410, 351, 1, 1.3000, 634.4000, 488, 0.0000, NULL),
(886, 1930, 351, 1, 1.3000, 214.5000, 165, 0.0000, NULL),
(887, 1932, 352, 1, 1.3000, 637.0000, 490, 0.0000, NULL),
(888, 1932, 352, 1, 1.3000, 920.4000, 708, 0.0000, NULL),
(889, 1932, 352, 1, 1.3000, 881.4000, 678, 0.0000, NULL),
(890, 1932, 352, 1, 1.3000, 889.2000, 684, 0.0000, NULL),
(891, 1932, 352, 1, 1.3000, 925.6000, 712, 0.0000, NULL),
(892, 1944, 353, 1, 1.3000, 3997.5000, 3075, 0.0000, NULL),
(893, 1955, 353, 1, 1.3000, 715.0000, 550, 0.0000, NULL),
(894, 1945, 353, 1, 1.3000, 3751.8000, 2886, 0.0000, NULL),
(895, 1949, 353, 1, 1.3000, 3773.9000, 2903, 0.0000, NULL),
(896, 1951, 354, 1, 1.3000, 621.4000, 478, 0.0000, NULL),
(897, 1961, 354, 1, 1.3000, 549.9000, 423, 0.0000, NULL),
(898, 1960, 354, 1, 1.3000, 461.5000, 355, 0.0000, NULL),
(899, 1947, 355, 1, 1.3000, 1040.0000, 800, 0.0000, NULL),
(900, 1629, 356, 1, 1.2000, 420.0000, 350, 0.0000, NULL),
(901, 1715, 356, 1, 1.2000, 541.2000, 451, 0.0000, NULL),
(902, 1715, 356, 1, 1.2000, 535.2000, 446, 0.0000, NULL),
(903, 1715, 356, 1, 1.2000, 532.8000, 444, 0.0000, NULL),
(904, 1959, 357, 1, 1.3000, 418.6000, 322, 0.0000, NULL),
(905, 1959, 357, 1, 1.3000, 655.2000, 504, 0.0000, NULL),
(906, 1953, 357, 1, 1.3000, 627.9000, 483, 0.0000, NULL),
(907, 1957, 357, 1, 1.3000, 772.2000, 594, 0.0000, NULL),
(908, 1958, 357, 1, 1.3000, 1353.3000, 1041, 0.0000, NULL),
(909, 1958, 357, 1, 1.3000, 1101.1000, 847, 0.0000, NULL),
(910, 1940, 357, 1, 1.3000, 325.0000, 250, 0.0000, NULL),
(911, 1940, 357, 1, 1.3000, 471.9000, 363, 0.0000, NULL),
(912, 1953, 357, 1, 1.3000, 304.2000, 234, 0.0000, NULL),
(913, 1905, 358, 1, 1.3000, 682.5000, 525, 0.0000, NULL),
(914, 1905, 358, 1, 1.3000, 685.1000, 527, 0.0000, NULL),
(915, 1905, 358, 1, 1.3000, 674.7000, 519, 0.0000, NULL),
(916, 1905, 358, 1, 1.3000, 669.5000, 515, 0.0000, NULL),
(917, 1905, 359, 1, 1.3000, 677.3000, 521, 0.0000, NULL),
(918, 1905, 360, 1, 1.3000, 674.7000, 519, 0.0000, NULL),
(919, 1715, 361, 1, 1.2000, 531.6000, 443, 0.0000, NULL),
(920, 1715, 361, 1, 1.2000, 531.6000, 443, 0.0000, NULL),
(921, 1715, 362, 1, 1.2000, 499.2000, 416, 0.0000, NULL),
(922, 1715, 362, 1, 1.2000, 536.4000, 447, 0.0000, NULL),
(923, 1965, 363, 1, 1.3000, 570.7000, 439, 0.0000, NULL),
(924, 1965, 363, 1, 1.3000, 561.6000, 432, 0.0000, NULL),
(925, 1965, 363, 1, 1.3000, 204.1000, 157, 0.0000, NULL),
(926, 1965, 363, 1, 1.3000, 607.1000, 467, 0.0000, NULL),
(927, 1969, 364, 1, 1.3000, 626.6000, 482, 0.0000, NULL),
(928, 1970, 364, 1, 1.3000, 594.1000, 457, 0.0000, NULL),
(929, 1969, 364, 1, 1.3000, 616.2000, 474, 0.0000, NULL),
(930, 1970, 364, 1, 1.3000, 650.0000, 500, 0.0000, NULL),
(931, 1970, 364, 1, 1.3000, 573.3000, 441, 0.0000, NULL),
(932, 1969, 364, 1, 1.3000, 640.9000, 493, 0.0000, NULL),
(933, 1969, 364, 1, 1.3000, 629.2000, 484, 0.0000, NULL),
(934, 1906, 365, 1, 1.3000, 705.9000, 543, 0.0000, NULL),
(935, 1976, 366, 1, 1.3000, 520.0000, 400, 0.0000, NULL),
(936, 1976, 366, 1, 1.3000, 267.8000, 206, 0.0000, NULL),
(937, 1907, 367, 1, 1.3000, 2177.5000, 1675, 0.0000, NULL),
(938, 1908, 367, 1, 1.3000, 3368.3000, 2591, 0.0000, NULL),
(939, 1909, 368, 2, 1.3000, 655.2000, 504, 0.0000, NULL),
(940, 1909, 368, 2, 1.3000, 594.1000, 457, 0.0000, NULL),
(941, 1909, 368, 2, 1.3000, 598.0000, 460, 0.0000, NULL),
(942, 1923, 368, 2, 1.3000, 733.2000, 564, 0.0000, NULL),
(943, 1923, 368, 2, 1.3000, 783.9000, 603, 0.0000, NULL),
(944, 1923, 368, 2, 1.3000, 765.7000, 589, 0.0000, NULL),
(945, 1923, 368, 2, 1.3000, 737.1000, 567, 0.0000, NULL),
(946, 1916, 368, 2, 1.3000, 924.3000, 711, 0.0000, NULL),
(947, 1916, 368, 2, 1.3000, 822.9000, 633, 0.0000, NULL),
(948, 1916, 368, 2, 1.3000, 859.3000, 661, 0.0000, NULL),
(949, 1907, 369, 1, 1.3000, 3864.9000, 2973, 0.0000, NULL),
(950, 1987, 370, 1, 1.3000, 682.5000, 525, 0.0000, NULL),
(951, 1987, 370, 1, 1.3000, 720.2000, 554, 0.0000, NULL),
(952, 1987, 370, 1, 1.3000, 728.0000, 560, 0.0000, NULL),
(953, 1991, 371, 1, 1.3000, 793.0000, 610, 0.0000, NULL),
(954, 1715, 372, 1, 1.2000, 450.0000, 375, 0.0000, NULL),
(955, 1715, 372, 1, 1.2000, 518.4000, 432, 0.0000, NULL),
(956, 1919, 373, 2, 1.3000, 1842.1000, 1417, 0.0000, NULL),
(957, 1631, 374, 1, 1.2000, 448.8000, 374, 0.0000, NULL),
(958, 1555, 374, 1, 1.2000, 328.8000, 274, 0.0000, NULL),
(959, 1555, 374, 1, 1.2000, 288.0000, 240, 0.0000, NULL),
(960, 1971, 375, 1, 1.3000, 679.9000, 523, 0.0000, NULL),
(961, 1971, 375, 1, 1.3000, 690.3000, 531, 0.0000, NULL),
(962, 1971, 375, 1, 1.3000, 637.0000, 490, 0.0000, NULL),
(963, 1715, 376, 1, 1.2000, 498.0000, 415, 0.0000, NULL),
(964, 1715, 376, 1, 1.2000, 528.0000, 440, 0.0000, NULL),
(965, 1971, 377, 1, 1.3000, 676.0000, 520, 0.0000, NULL),
(966, 1971, 377, 1, 1.3000, 691.6000, 532, 0.0000, NULL),
(967, 1971, 377, 1, 1.3000, 715.0000, 550, 0.0000, NULL),
(968, 1963, 378, 1, 1.3000, 647.4000, 498, 0.0000, NULL),
(969, 1963, 378, 1, 1.3000, 657.8000, 506, 0.0000, NULL),
(970, 1963, 378, 1, 1.3000, 664.3000, 511, 0.0000, NULL),
(971, 1963, 378, 1, 1.3000, 613.6000, 472, 0.0000, NULL),
(972, 1963, 378, 1, 1.3000, 490.1000, 377, 0.0000, NULL),
(973, 1963, 378, 1, 1.3000, 352.3000, 271, 0.0000, NULL),
(974, 1971, 379, 1, 1.3000, 698.1000, 537, 0.0000, NULL),
(975, 1971, 379, 1, 1.3000, 604.5000, 465, 0.0000, NULL),
(976, 1971, 379, 1, 1.3000, 704.6000, 542, 0.0000, NULL),
(977, 1955, 380, 1, 1.3000, 681.2000, 524, 0.0000, NULL),
(978, 1985, 381, 1, 1.3000, 716.3000, 551, 0.0000, NULL),
(979, 1967, 381, 1, 1.3000, 778.7000, 599, 0.0000, NULL),
(980, 1979, 381, 1, 1.3000, 876.2000, 674, 0.0000, NULL),
(981, 1967, 381, 1, 1.3000, 851.5000, 655, 0.0000, NULL),
(982, 1938, 381, 1, 1.3000, 824.2000, 634, 0.0000, NULL),
(983, 1974, 382, 1, 1.3000, 1209.0000, 930, 0.0000, NULL),
(984, 1974, 382, 1, 1.3000, 1211.6000, 932, 0.0000, NULL),
(985, 1967, 382, 1, 1.3000, 444.6000, 342, 0.0000, NULL),
(986, 1991, 382, 1, 1.3000, 462.8000, 356, 0.0000, NULL),
(987, 1979, 382, 1, 1.3000, 330.2000, 254, 0.0000, NULL),
(988, 1963, 383, 1, 1.3000, 257.4000, 198, 0.0000, NULL),
(989, 1981, 384, 1, 1.3000, 741.0000, 570, 0.0000, NULL),
(990, 1981, 384, 1, 1.3000, 616.2000, 474, 0.0000, NULL),
(993, 1981, 386, 1, 1.3000, 377.0000, 290, 0.0000, NULL),
(994, 1981, 386, 1, 1.3000, 842.4000, 648, 0.0000, NULL),
(995, 1906, 387, 1, 1.3000, 677.3000, 521, 0.0000, NULL),
(996, 1906, 387, 1, 1.3000, 672.1000, 517, 0.0000, NULL),
(997, 1906, 387, 1, 1.3000, 679.9000, 523, 0.0000, NULL),
(998, 1906, 387, 1, 1.3000, 681.2000, 524, 0.0000, NULL),
(999, 2000, 388, 1, 1.3000, 659.1000, 507, 0.0000, NULL),
(1000, 2000, 388, 1, 1.3000, 746.2000, 574, 0.0000, NULL),
(1001, 1715, 389, 1, 1.2000, 517.2000, 431, 0.0000, NULL),
(1002, 1715, 389, 1, 1.2000, 452.4000, 377, 0.0000, NULL),
(1003, 1989, 390, 1, 1.2000, 480.0000, 400, 0.0000, NULL),
(1004, 1715, 391, 1, 1.2000, 514.8000, 429, 0.0000, NULL),
(1005, 1715, 391, 1, 1.2000, 524.4000, 437, 0.0000, NULL),
(1006, 1696, 392, 1, 0.9000, 655.2000, 728, 0.0000, NULL),
(1007, 1996, 393, 1, 1.3000, 825.5000, 635, 0.0000, NULL),
(1008, 1998, 394, 1, 1.3000, 669.5000, 515, 0.0000, NULL),
(1009, 1906, 394, 1, 1.3000, 663.0000, 510, 0.0000, NULL),
(1010, 2008, 395, 1, 1.2000, 336.0000, 280, 0.0000, NULL),
(1011, 2010, 396, 1, 1.3000, 1261.0000, 970, 0.0000, NULL),
(1012, 1907, 397, 1, 1.3000, 517.4000, 398, 0.0000, NULL),
(1013, 1907, 397, 1, 1.3000, 555.1000, 427, 0.0000, NULL),
(1014, 1907, 397, 1, 1.3000, 564.2000, 434, 0.0000, NULL),
(1015, 1907, 397, 1, 1.3000, 540.8000, 416, 0.0000, NULL),
(1016, 1907, 397, 1, 1.3000, 548.6000, 422, 0.0000, NULL),
(1017, 1907, 397, 1, 1.3000, 516.1000, 397, 0.0000, NULL),
(1018, 1907, 397, 1, 1.3000, 542.1000, 417, 0.0000, NULL),
(1019, 1906, 398, 1, 1.3000, 657.8000, 506, 0.0000, NULL),
(1020, 1981, 398, 1, 1.3000, 577.2000, 444, 0.0000, NULL),
(1021, 1981, 399, 1, 1.3000, 624.0000, 480, 0.0000, NULL),
(1022, 1906, 400, 1, 1.3000, 659.1000, 507, 0.0000, NULL),
(1023, 1906, 400, 1, 1.3000, 672.1000, 517, 0.0000, NULL),
(1024, 1905, 400, 1, 1.3000, 672.1000, 517, 0.0000, NULL),
(1025, 1906, 400, 1, 1.3000, 686.4000, 528, 0.0000, NULL),
(1026, 1905, 401, 1, 1.3000, 696.8000, 536, 0.0000, NULL),
(1027, 1715, 402, 1, 1.2000, 534.0000, 445, 0.0000, NULL),
(1028, 1715, 402, 1, 1.2000, 507.6000, 423, 0.0000, NULL),
(1029, 1715, 402, 1, 1.2000, 499.2000, 416, 0.0000, NULL),
(1030, 2017, 403, 1, 1.2000, 343.2000, 286, 0.0000, NULL),
(1031, 2017, 403, 1, 1.2000, 489.6000, 408, 0.0000, NULL),
(1032, 2023, 404, 1, 1.3000, 890.5000, 685, 0.0000, NULL),
(1033, 2023, 404, 1, 1.3000, 790.4000, 608, 0.0000, NULL),
(1034, 2023, 405, 1, 1.3000, 786.5000, 605, 0.0000, NULL),
(1035, 2019, 406, 1, 1.3000, 1021.8000, 786, 0.0000, NULL),
(1036, 2012, 407, 1, 1.3000, 464.1000, 357, 0.0000, NULL),
(1037, 2012, 407, 1, 1.3000, 475.8000, 366, 0.0000, NULL),
(1038, 2026, 408, 1, 1.3000, 748.8000, 576, 0.0000, NULL),
(1039, 2027, 408, 1, 1.3000, 539.5000, 415, 0.0000, NULL),
(1040, 2027, 408, 1, 1.3000, 669.5000, 515, 0.0000, NULL),
(1041, 2027, 408, 1, 1.3000, 686.4000, 528, 0.0000, NULL),
(1042, 2027, 408, 1, 1.3000, 672.1000, 517, 0.0000, NULL),
(1043, 2027, 408, 1, 1.3000, 673.4000, 518, 0.0000, NULL),
(1044, 1981, 409, 1, 1.3000, 578.5000, 445, 0.0000, NULL),
(1045, 2014, 409, 1, 1.3000, 578.5000, 445, 0.0000, NULL),
(1046, 2030, 410, 1, 1.3000, 720.2000, 554, 0.0000, NULL),
(1047, 2032, 410, 1, 1.3000, 656.5000, 505, 0.0000, NULL),
(1048, 1917, 411, 2, 1.3000, 8412.3000, 6471, 0.0000, NULL),
(1049, 1917, 412, 2, 1.3000, 13093.6000, 10072, 0.0000, NULL),
(1050, 2021, 413, 1, 1.3000, 317.2000, 244, 0.0000, NULL),
(1051, 2020, 413, 1, 1.3000, 317.2000, 244, 0.0000, NULL),
(1052, 2028, 414, 1, 1.3000, 603.2000, 464, 0.0000, NULL),
(1053, 2028, 414, 1, 1.3000, 390.0000, 300, 0.0000, NULL),
(1054, 1622, 415, 1, 1.2000, 397.2000, 331, 0.0000, NULL),
(1055, 1887, 416, 1, 0.9500, 1041.2000, 1096, 0.0000, NULL),
(1056, 2026, 417, 1, 1.3000, 730.6000, 562, 0.0000, NULL),
(1057, 2004, 418, 1, 1.3000, 635.7000, 489, 0.0000, NULL),
(1058, 2002, 418, 1, 1.3000, 780.0000, 600, 0.0000, NULL),
(1059, 2004, 418, 1, 1.3000, 652.6000, 502, 0.0000, NULL),
(1060, 2004, 418, 1, 1.3000, 624.0000, 480, 0.0000, NULL),
(1061, 1971, 419, 1, 1.3000, 722.8000, 556, 0.0000, NULL),
(1062, 2038, 420, 1, 1.3000, 497.9000, 383, 0.0000, NULL),
(1063, 2038, 420, 1, 1.3000, 390.0000, 300, 0.0000, NULL),
(1064, 2038, 420, 1, 1.3000, 448.5000, 345, 0.0000, NULL),
(1065, 1983, 421, 1, 1.3000, 738.4000, 568, 0.0000, NULL),
(1066, 1983, 421, 1, 1.3000, 734.5000, 565, 0.0000, NULL),
(1067, 1983, 421, 1, 1.3000, 692.9000, 533, 0.0000, NULL),
(1068, 2030, 422, 1, 1.3000, 764.4000, 588, 0.0000, NULL),
(1069, 2026, 422, 1, 1.3000, 722.8000, 556, 0.0000, NULL),
(1070, 1911, 423, 2, 1.3000, 786.5000, 605, 0.0000, NULL),
(1072, 2025, 423, 1, 1.3000, 759.2000, 584, 0.0000, NULL),
(1073, 2036, 424, 1, 1.3000, 871.0000, 670, 0.0000, NULL),
(1074, 1911, 425, 2, 1.3000, 809.9000, 623, 0.0000, NULL),
(1075, 1911, 425, 2, 1.3000, 770.9000, 593, 0.0000, NULL),
(1076, 2025, 425, 1, 1.3000, 733.2000, 564, 0.0000, NULL),
(1077, 2025, 425, 1, 1.3000, 685.1000, 527, 0.0000, NULL),
(1078, 1971, 426, 1, 1.3000, 691.6000, 532, 0.0000, NULL),
(1079, 1971, 426, 1, 1.3000, 503.1000, 387, 0.0000, NULL),
(1080, 2049, 427, 1, 1.3000, 1632.8000, 1256, 0.0000, NULL),
(1081, 2049, 427, 1, 1.3000, 1560.0000, 1200, 0.0000, NULL),
(1082, 2049, 428, 1, 1.3000, 871.0000, 670, 0.0000, NULL),
(1083, 2049, 428, 1, 1.3000, 1729.0000, 1330, 0.0000, NULL),
(1086, 2040, 430, 1, 1.3000, 1040.0000, 800, 0.0000, NULL),
(1087, 2051, 431, 1, 1.0000, 119.0000, 119, 0.0000, NULL),
(1088, 2052, 432, 1, 1.3000, 130.0000, 100, 0.0000, NULL),
(1089, 2051, 432, 1, 1.3000, 334.1000, 257, 0.0000, 'خطأ بالقياس  \nقص على المقطع قياس 50 ب 58'),
(1090, 2008, 432, 1, 1.3000, 94.9000, 73, 0.0000, NULL),
(1091, 1866, 433, 1, 1.3000, 322.4000, 248, 0.0000, NULL),
(1092, 1866, 433, 1, 1.3000, 326.3000, 251, 0.0000, NULL),
(1093, 1555, 434, 1, 1.2000, 301.2000, 251, 0.0000, NULL),
(1094, 2006, 435, 1, 1.3000, 824.2000, 634, 0.0000, NULL),
(1095, 2006, 435, 1, 1.3000, 754.0000, 580, 0.0000, NULL),
(1096, 2006, 435, 1, 1.3000, 598.0000, 460, 0.0000, NULL),
(1097, 1402, 436, 2, 0.2300, 2024.0000, 44, 0.0000, NULL),
(1098, 1402, 437, 2, 0.2300, 2024.0000, 44, 0.0000, NULL),
(1099, 1402, 437, 2, 0.2300, 2024.0000, 44, 0.0000, NULL),
(1100, 1715, 438, 1, 1.2000, 531.6000, 443, 0.0000, NULL),
(1101, 1715, 438, 1, 1.2000, 536.4000, 447, 0.0000, NULL),
(1102, 1715, 438, 1, 1.2000, 530.4000, 442, 0.0000, NULL),
(1104, 1715, 438, 1, 1.2000, 534.0000, 445, 0.0000, NULL),
(1105, 2025, 439, 1, 1.3000, 724.1000, 557, 0.0000, NULL),
(1107, 1971, 441, 1, 1.3000, 768.3000, 591, 0.0000, NULL),
(1108, 1973, 442, 1, 1.3000, 531.7000, 409, 0.0000, NULL),
(1109, 1971, 443, 1, 1.3000, 707.2000, 544, 0.0000, NULL),
(1110, 1922, 444, 2, 1.3000, 2701.4000, 2078, 0.0000, NULL),
(1111, 2047, 445, 1, 1.3000, 985.4000, 758, 0.0000, NULL),
(1112, 2046, 445, 1, 1.3000, 1023.1000, 787, 0.0000, NULL),
(1113, 1985, 446, 1, 1.3000, 705.9000, 543, 0.0000, NULL),
(1114, 2058, 446, 1, 1.3000, 738.4000, 568, 0.0000, NULL),
(1115, 1985, 446, 1, 1.3000, 661.7000, 509, 0.0000, NULL),
(1116, 1985, 446, 1, 1.3000, 750.1000, 577, 0.0000, NULL),
(1117, 2058, 446, 1, 1.3000, 552.5000, 425, 0.0000, NULL),
(1118, 2058, 446, 1, 1.3000, 747.5000, 575, 0.0000, NULL),
(1119, 2056, 446, 1, 1.3000, 574.6000, 442, 0.0000, NULL),
(1120, 2056, 446, 1, 1.3000, 819.0000, 630, 0.0000, NULL),
(1121, 1985, 446, 1, 1.3000, 718.9000, 553, 0.0000, NULL),
(1122, 2056, 446, 1, 1.3000, 894.4000, 688, 0.0000, NULL),
(1123, 2056, 446, 1, 1.3000, 851.5000, 655, 0.0000, NULL),
(1124, 2046, 447, 1, 1.3000, 942.5000, 725, 0.0000, NULL),
(1125, 2044, 447, 1, 1.3000, 1046.5000, 805, 0.0000, NULL),
(1126, 2060, 448, 1, 1.3000, 413.4000, 318, 0.0000, NULL),
(1127, 2060, 448, 1, 1.3000, 390.0000, 300, 0.0000, NULL),
(1128, 2034, 449, 1, 1.3000, 1145.3000, 881, 0.0000, NULL),
(1129, 2034, 449, 1, 1.3000, 1115.4000, 858, 0.0000, NULL),
(1130, 2034, 449, 1, 1.3000, 1170.0000, 900, 0.0000, NULL),
(1131, 1402, 450, 2, 0.2300, 184.0000, 4, 0.0000, NULL),
(1132, 1971, 451, 1, 1.3000, 767.0000, 590, 0.0000, NULL),
(1133, 2062, 452, 1, 1.3000, 1237.6000, 952, 0.0000, NULL),
(1134, 1402, 453, 2, 0.2300, 230.0000, 5, 0.0000, NULL),
(1135, 2036, 454, 1, 1.3000, 812.5000, 625, 0.0000, NULL),
(1136, 2077, 455, 2, 1.5000, 2683.5000, 1789, 0.0000, NULL),
(1137, 2082, 456, 1, 1.3000, 176.8000, 136, 0.0000, NULL),
(1138, 2063, 457, 1, 1.3000, 1225.9000, 943, 0.0000, NULL),
(1139, 2068, 458, 1, 1.3000, 644.8000, 496, 0.0000, NULL),
(1140, 1715, 458, 1, 1.2000, 529.2000, 441, 0.0000, NULL),
(1141, 1402, 459, 2, 0.2300, 6072.0000, 132, 0.0000, NULL),
(1143, 1402, 461, 2, 0.2300, 4048.0000, 88, 0.0000, NULL),
(1145, 1402, 463, 2, 0.2300, 6072.0000, 132, 0.0000, NULL),
(1146, 1402, 464, 2, 0.2300, 4048.0000, 88, 0.0000, NULL),
(1147, 2086, 465, 1, 1.7000, 646.0000, 380, 0.0000, NULL),
(1148, 2086, 465, 1, 1.7000, 671.5000, 395, 0.0000, NULL),
(1149, 1402, 466, 2, 0.2300, 4048.0000, 88, 0.0000, NULL),
(1150, 1402, 467, 2, 0.2100, 1848.0000, 44, 0.0000, NULL),
(1152, 1402, 469, 2, 0.2300, 6072.0000, 132, 0.0000, NULL),
(1153, 2093, 470, 1, 1.7000, 872.1000, 513, 0.0000, NULL),
(1154, 1402, 471, 2, 0.2300, 8096.0000, 176, 0.0000, NULL),
(1155, 2084, 472, 2, 1.7000, 27285.0000, 16050, 0.0000, NULL),
(1156, 2000, 473, 1, 1.3000, 695.5000, 535, 0.0000, NULL),
(1157, 2081, 473, 1, 1.3000, 751.4000, 578, 0.0000, NULL),
(1158, 2090, 474, 1, 1.7000, 510.0000, 300, 0.0000, NULL),
(1159, 2088, 474, 1, 1.7000, 547.4000, 322, 0.0000, NULL),
(1160, 2089, 474, 1, 1.7000, 185.3000, 109, 0.0000, NULL),
(1161, 2088, 474, 1, 1.7000, 535.5000, 315, 0.0000, NULL),
(1162, 2066, 475, 1, 1.3000, 743.6000, 572, 0.0000, NULL),
(1163, 2066, 475, 1, 1.3000, 816.4000, 628, 0.0000, NULL),
(1164, 2066, 476, 1, 1.3000, 761.8000, 586, 0.0000, NULL),
(1165, 2084, 477, 2, 1.7000, 3661.8000, 2154, 0.0000, NULL),
(1166, 1402, 477, 2, 0.2300, 2024.0000, 44, 0.0000, NULL),
(1167, 2084, 478, 2, 1.7000, 54593.8000, 32114, 0.0000, NULL),
(1168, 2084, 479, 2, 1.7000, 5450.2000, 3206, 0.0000, NULL),
(1170, 2084, 481, 2, 1.7000, 21814.4000, 12832, 0.0000, NULL),
(1171, 2085, 481, 2, 1.7000, 5171.4000, 3042, 0.0000, NULL),
(1172, 2084, 482, 2, 1.7000, 3661.8000, 2154, 0.0000, NULL),
(1173, 2070, 483, 1, 1.3000, 618.8000, 476, 0.0000, NULL),
(1174, 2068, 483, 1, 1.3000, 687.7000, 529, 0.0000, NULL),
(1175, 2101, 484, 1, 1.3000, 175.5000, 135, 0.0000, NULL),
(1176, 2094, 485, 1, 1.7000, 377.4000, 222, 0.0000, NULL),
(1177, 2085, 486, 2, 1.7000, 1717.0000, 1010, 0.0000, NULL),
(1178, 2084, 487, 2, 1.7000, 65252.8000, 38384, 0.0000, NULL),
(1179, 2084, 488, 2, 1.7000, 5440.0000, 3200, 0.0000, NULL),
(1180, 2078, 489, 2, 1.5000, 8811.0000, 5874, 0.0000, NULL),
(1181, 2077, 489, 2, 1.5000, 2689.5000, 1793, 0.0000, NULL),
(1182, 2094, 490, 2, 1.7000, 510.0000, 300, 0.0000, NULL),
(1183, 1907, 491, 1, 1.3000, 540.8000, 416, 0.0000, NULL),
(1184, 1907, 491, 1, 1.3000, 530.4000, 408, 0.0000, NULL),
(1185, 1907, 491, 1, 1.3000, 569.4000, 438, 0.0000, NULL),
(1186, 1715, 492, 1, 1.2000, 498.0000, 415, 0.0000, NULL),
(1187, 2085, 493, 2, 1.7000, 1734.0000, 1020, 0.0000, NULL),
(1188, 2085, 493, 2, 1.7000, 1720.4000, 1012, 0.0000, NULL),
(1190, 2098, 495, 1, 1.7000, 765.0000, 450, 0.0000, NULL),
(1191, 1907, 496, 1, 1.3000, 547.3000, 421, 0.0000, NULL),
(1192, 2123, 497, 2, 1.3000, 15083.9000, 11603, 0.0000, NULL),
(1193, 2122, 497, 2, 1.3000, 3434.6000, 2642, 0.0000, NULL),
(1194, 1715, 498, 1, 1.2000, 352.8000, 294, 0.0000, NULL),
(1195, 2100, 499, 1, 1.3000, 702.0000, 540, 0.0000, NULL),
(1196, 2094, 500, 1, 1.7000, 2703.0000, 1590, 0.0000, NULL),
(1197, 2124, 501, 1, 1.3000, 739.7000, 569, 0.0000, NULL),
(1198, 2124, 501, 1, 1.3000, 504.4000, 388, 0.0000, NULL),
(1199, 2124, 501, 1, 1.3000, 747.5000, 575, 0.0000, NULL),
(1200, 1715, 502, 1, 1.2000, 520.8000, 434, 0.0000, NULL),
(1201, 1715, 502, 1, 1.2000, 163.2000, 136, 0.0000, NULL),
(1202, 1715, 502, 1, 1.2000, 516.0000, 430, 0.0000, NULL),
(1203, 1402, 503, 1, 0.2300, 10120.0000, 220, 0.0000, NULL),
(1204, 2130, 504, 1, 1.3000, 689.0000, 530, 0.0000, NULL),
(1205, 2130, 504, 1, 1.3000, 702.0000, 540, 0.0000, NULL),
(1206, 2131, 505, 1, 1.3000, 574.6000, 442, 0.0000, NULL),
(1207, 2130, 505, 1, 1.3000, 708.5000, 545, 0.0000, NULL),
(1208, 2131, 506, 1, 1.3000, 559.0000, 430, 0.0000, NULL),
(1209, 2131, 506, 1, 1.3000, 364.0000, 280, 0.0000, NULL),
(1210, 1907, 507, 1, 1.3000, 534.3000, 411, 0.0000, NULL),
(1211, 1402, 508, 1, 0.2300, 4048.0000, 88, 0.0000, NULL),
(1212, 2136, 509, 1, 1.3000, 473.2000, 364, 0.0000, NULL),
(1213, 2136, 509, 1, 1.3000, 540.8000, 416, 0.0000, NULL),
(1214, 2136, 510, 1, 1.3000, 526.5000, 405, 0.0000, NULL),
(1215, 2135, 510, 1, 1.3000, 520.0000, 400, 0.0000, NULL),
(1216, 2135, 510, 1, 1.3000, 747.5000, 575, 0.0000, NULL),
(1217, 2135, 511, 1, 1.3000, 734.5000, 565, 0.0000, NULL),
(1218, 2098, 512, 1, 1.7000, 940.1000, 553, 0.0000, NULL),
(1219, 1715, 513, 1, 1.2000, 534.0000, 445, 0.0000, NULL),
(1220, 2086, 513, 1, 1.7000, 357.0000, 210, 0.0000, NULL),
(1221, 1402, 514, 1, 0.2300, 2024.0000, 44, 0.0000, NULL),
(1222, 2141, 515, 1, 1.3000, 464.1000, 357, 0.0000, NULL),
(1223, 2133, 515, 1, 1.3000, 1119.3000, 861, 0.0000, NULL),
(1224, 2124, 516, 1, 1.3000, 748.8000, 576, 0.0000, NULL),
(1225, 2146, 516, 1, 1.3000, 698.1000, 537, 0.0000, NULL),
(1226, 2146, 516, 1, 1.3000, 716.3000, 551, 0.0000, NULL),
(1227, 2146, 516, 1, 1.3000, 655.2000, 504, 0.0000, NULL),
(1228, 2146, 517, 1, 1.3000, 670.8000, 516, 0.0000, NULL),
(1229, 2124, 517, 1, 1.3000, 462.8000, 356, 0.0000, NULL),
(1230, 2124, 517, 1, 1.3000, 760.5000, 585, 0.0000, NULL),
(1231, 2124, 517, 1, 1.3000, 772.2000, 594, 0.0000, NULL),
(1232, 2124, 517, 1, 1.3000, 734.5000, 565, 0.0000, NULL),
(1233, 2124, 518, 1, 1.3000, 722.8000, 556, 0.0000, NULL),
(1234, 2124, 518, 1, 1.3000, 677.3000, 521, 0.0000, NULL),
(1235, 2143, 519, 1, 1.3000, 566.8000, 436, 0.0000, NULL),
(1236, 2139, 519, 1, 1.3000, 808.6000, 622, 0.0000, NULL),
(1237, 2139, 519, 1, 1.3000, 299.0000, 230, 0.0000, NULL),
(1238, 2142, 520, 1, 1.3000, 694.2000, 534, 0.0000, NULL),
(1239, 2142, 520, 1, 1.3000, 663.0000, 510, 0.0000, NULL),
(1240, 2126, 521, 1, 1.3000, 624.0000, 480, 0.0000, NULL),
(1241, 2126, 521, 1, 1.3000, 637.0000, 490, 0.0000, NULL),
(1242, 2126, 521, 1, 1.3000, 694.2000, 534, 0.0000, NULL);
INSERT  INTO `orders_details` (`iD`, `ProductID`, `OrderID`, `WarehouseID`, `unitPrice`, `price`, `quantity`, `discount`, `comments`) VALUES
(1243, 2128, 522, 1, 1.3000, 728.0000, 560, 0.0000, NULL),
(1244, 2128, 522, 1, 1.3000, 741.0000, 570, 0.0000, NULL),
(1245, 2128, 522, 1, 1.3000, 487.5000, 375, 0.0000, NULL),
(1246, 2146, 523, 1, 1.3000, 747.5000, 575, 0.0000, NULL),
(1247, 2146, 523, 1, 1.3000, 702.0000, 540, 0.0000, NULL),
(1248, 2146, 523, 1, 1.3000, 761.8000, 586, 0.0000, NULL),
(1249, 2146, 523, 1, 1.3000, 650.0000, 500, 0.0000, NULL),
(1250, 2124, 524, 1, 1.3000, 637.0000, 490, 0.0000, NULL),
(1251, 2146, 524, 1, 1.3000, 673.4000, 518, 0.0000, NULL),
(1252, 2124, 524, 1, 1.3000, 767.0000, 590, 0.0000, NULL),
(1253, 2124, 524, 1, 1.3000, 767.0000, 590, 0.0000, NULL),
(1254, 1402, 525, 1, 0.2300, 4048.0000, 88, 0.0000, NULL),
(1255, 1402, 526, 1, 0.2300, 10120.0000, 220, 0.0000, NULL),
(1256, 2138, 527, 1, 1.3000, 700.7000, 539, 0.0000, NULL),
(1257, 2119, 528, 2, 1.3000, 5370.3000, 4131, 0.0000, NULL),
(1258, 2124, 529, 1, 1.3000, 737.1000, 567, 0.0000, NULL),
(1259, 2124, 529, 1, 1.3000, 715.0000, 550, 0.0000, NULL),
(1260, 2124, 529, 1, 1.3000, 847.6000, 652, 0.0000, NULL),
(1261, 2124, 529, 1, 1.3000, 708.5000, 545, 0.0000, NULL),
(1262, 2124, 529, 1, 1.3000, 786.5000, 605, 0.0000, NULL),
(1263, 2124, 529, 1, 1.3000, 434.2000, 334, 0.0000, NULL),
(1264, 2094, 530, 1, 1.7000, 969.0000, 570, 0.0000, NULL),
(1265, 2154, 531, 1, 1.3000, 668.2000, 514, 0.0000, NULL),
(1266, 2155, 531, 1, 1.3000, 730.6000, 562, 0.0000, NULL),
(1267, 2152, 531, 1, 1.3000, 721.5000, 555, 0.0000, NULL),
(1268, 2138, 531, 1, 1.3000, 663.0000, 510, 0.0000, NULL),
(1269, 2155, 531, 1, 1.3000, 404.3000, 311, 0.0000, NULL),
(1270, 2153, 531, 1, 1.3000, 362.7000, 279, 0.0000, NULL),
(1271, 2151, 532, 1, 1.3000, 380.9000, 293, 0.0000, NULL),
(1272, 2154, 532, 1, 1.3000, 301.6000, 232, 0.0000, NULL),
(1273, 2147, 532, 1, 1.3000, 825.5000, 635, 0.0000, NULL),
(1274, 2147, 533, 1, 1.3000, 845.0000, 650, 0.0000, NULL),
(1275, 2149, 533, 1, 1.3000, 887.9000, 683, 0.0000, NULL),
(1276, 2149, 533, 1, 1.3000, 923.0000, 710, 0.0000, NULL),
(1277, 2147, 533, 1, 1.3000, 910.0000, 700, 0.0000, NULL),
(1278, 2156, 534, 1, 1.3000, 764.4000, 588, 0.0000, NULL),
(1279, 1402, 535, 1, 0.2300, 2024.0000, 44, 0.0000, NULL),
(1280, 1405, 536, 1, 1.0600, 30596.9000, 28865, 0.0000, NULL),
(1281, 1410, 536, 1, 1.0600, 27486.8600, 25931, 0.0000, NULL),
(1282, 1402, 537, 1, 0.2300, 10120.0000, 220, 0.0000, NULL),
(1283, 1685, 538, 1, 1.3000, 677.3000, 521, 0.0000, NULL),
(1284, 1685, 538, 1, 1.3000, 660.4000, 508, 0.0000, NULL),
(1285, 1405, 539, 1, 1.3000, 670.8000, 516, 0.0000, NULL),
(1286, 1405, 539, 1, 1.3000, 672.1000, 517, 0.0000, NULL),
(1287, 1405, 539, 1, 1.3000, 689.0000, 530, 0.0000, NULL),
(1288, 1405, 539, 1, 1.3000, 676.0000, 520, 0.0000, NULL),
(1289, 1405, 539, 1, 1.3000, 657.8000, 506, 0.0000, NULL),
(1290, 1405, 540, 1, 1.3000, 666.9000, 513, 0.0000, NULL),
(1291, 1405, 540, 1, 1.3000, 676.0000, 520, 0.0000, NULL),
(1292, 1405, 540, 1, 1.3000, 639.6000, 492, 0.0000, NULL),
(1293, 1405, 540, 1, 1.3000, 536.9000, 413, 0.0000, NULL),
(1294, 1405, 540, 1, 1.3000, 666.9000, 513, 0.0000, NULL),
(1295, 2124, 541, 1, 1.3000, 802.1000, 617, 0.0000, NULL),
(1296, 2146, 542, 1, 1.3000, 759.2000, 584, 0.0000, NULL),
(1297, 2146, 543, 1, 1.3000, 699.4000, 538, 0.0000, NULL),
(1298, 2146, 544, 1, 1.3000, 734.5000, 565, 0.0000, NULL),
(1299, 2146, 545, 1, 1.3000, 761.8000, 586, 0.0000, NULL),
(1300, 2146, 545, 1, 1.3000, 778.7000, 599, 0.0000, NULL),
(1301, 2146, 545, 1, 1.3000, 735.8000, 566, 0.0000, NULL),
(1302, 2146, 546, 1, 1.3000, 778.7000, 599, 0.0000, NULL),
(1303, 2146, 546, 1, 1.3000, 690.3000, 531, 0.0000, NULL),
(1304, 2124, 546, 1, 1.3000, 747.5000, 575, 0.0000, NULL),
(1305, 2146, 546, 1, 1.3000, 664.3000, 511, 0.0000, NULL),
(1306, 2124, 547, 1, 1.3000, 722.8000, 556, 0.0000, NULL),
(1307, 2146, 547, 1, 1.3000, 681.2000, 524, 0.0000, NULL),
(1308, 2146, 547, 1, 1.3000, 806.0000, 620, 0.0000, NULL),
(1309, 2124, 547, 1, 1.3000, 535.6000, 412, 0.0000, NULL),
(1310, 1405, 548, 1, 1.3000, 444.6000, 342, 0.0000, NULL),
(1311, 1686, 549, 1, 1.3000, 656.5000, 505, 0.0000, NULL),
(1312, 1686, 549, 1, 1.3000, 647.4000, 498, 0.0000, NULL),
(1313, 1685, 550, 1, 1.3000, 648.7000, 499, 0.0000, NULL),
(1314, 1685, 550, 1, 1.3000, 672.1000, 517, 0.0000, NULL),
(1315, 1560, 551, 1, 1.2000, 282.0000, 235, 0.0000, NULL),
(1316, 1405, 552, 1, 1.3000, 699.4000, 538, 0.0000, NULL),
(1317, 1405, 553, 1, 1.3000, 644.8000, 496, 0.0000, NULL),
(1318, 1405, 554, 1, 1.3000, 681.2000, 524, 0.0000, NULL),
(1319, 1405, 554, 1, 1.3000, 655.2000, 504, 0.0000, NULL),
(1320, 1405, 554, 1, 1.3000, 661.7000, 509, 0.0000, NULL),
(1321, 1405, 554, 1, 1.3000, 659.1000, 507, 0.0000, NULL),
(1322, 1402, 555, 1, 0.2300, 230.0000, 5, 0.0000, NULL),
(1323, 1907, 556, 1, 1.3000, 513.5000, 395, 0.0000, NULL),
(1324, 1907, 556, 1, 1.3000, 536.9000, 413, 0.0000, NULL),
(1325, 1612, 557, 1, 1.2000, 234.0000, 195, 0.0000, NULL),
(1326, 1612, 557, 1, 1.2000, 243.6000, 203, 0.0000, NULL),
(1327, 1612, 557, 1, 1.2000, 331.2000, 276, 0.0000, NULL),
(1328, 1715, 558, 1, 1.2000, 526.8000, 439, 0.0000, NULL),
(1329, 1612, 559, 1, 1.2000, 343.2000, 286, 0.0000, NULL),
(1330, 1612, 559, 1, 1.2000, 345.6000, 288, 0.0000, NULL),
(1331, 1612, 559, 1, 1.2000, 181.2000, 151, 0.0000, NULL),
(1332, 1405, 560, 1, 1.3000, 683.8000, 526, 0.0000, NULL),
(1333, 1405, 560, 1, 1.3000, 681.2000, 524, 0.0000, NULL),
(1334, 1405, 560, 1, 1.3000, 665.6000, 512, 0.0000, NULL),
(1335, 1405, 560, 1, 1.3000, 695.5000, 535, 0.0000, NULL),
(1336, 1405, 560, 1, 1.3000, 699.4000, 538, 0.0000, NULL),
(1337, 1405, 561, 1, 1.3000, 682.5000, 525, 0.0000, NULL),
(1338, 1405, 561, 1, 1.3000, 661.7000, 509, 0.0000, NULL),
(1339, 1405, 561, 1, 1.3000, 677.3000, 521, 0.0000, NULL),
(1340, 1405, 561, 1, 1.3000, 672.1000, 517, 0.0000, NULL),
(1341, 1405, 561, 1, 1.3000, 659.1000, 507, 0.0000, NULL),
(1342, 1405, 562, 1, 1.3000, 663.0000, 510, 0.0000, NULL),
(1343, 1405, 562, 1, 1.3000, 673.4000, 518, 0.0000, NULL),
(1344, 1405, 562, 1, 1.3000, 673.4000, 518, 0.0000, NULL),
(1345, 1405, 562, 1, 1.3000, 659.1000, 507, 0.0000, NULL),
(1346, 1405, 562, 1, 1.3000, 674.7000, 519, 0.0000, NULL),
(1347, 1410, 563, 1, 1.3000, 685.1000, 527, 0.0000, NULL),
(1348, 1410, 563, 1, 1.3000, 686.4000, 528, 0.0000, NULL),
(1349, 1410, 563, 1, 1.3000, 683.8000, 526, 0.0000, NULL),
(1350, 1410, 563, 1, 1.3000, 698.1000, 537, 0.0000, NULL),
(1351, 1405, 564, 1, 1.3000, 642.2000, 494, 0.0000, NULL),
(1352, 1410, 564, 1, 1.3000, 659.1000, 507, 0.0000, NULL),
(1353, 1410, 564, 1, 1.3000, 655.2000, 504, 0.0000, NULL),
(1354, 1410, 564, 1, 1.3000, 656.5000, 505, 0.0000, NULL),
(1355, 1405, 565, 1, 1.3000, 664.3000, 511, 0.0000, NULL),
(1356, 1405, 566, 1, 1.3000, 639.6000, 492, 0.0000, NULL),
(1357, 1589, 567, 1, 1.2000, 388.8000, 324, 0.0000, NULL),
(1358, 1405, 568, 1, 1.3000, 669.5000, 515, 0.0000, NULL),
(1359, 1612, 568, 1, 1.2000, 183.6000, 153, 0.0000, NULL),
(1360, 1402, 569, 1, 0.2300, 92.0000, 2, 0.0000, NULL),
(1361, 2102, 570, 1, 1.3000, 473.2000, 364, 0.0000, NULL),
(1362, 1402, 571, 1, 0.2300, 4048.0000, 88, 0.0000, NULL),
(1363, 1685, 572, 1, 1.3000, 681.2000, 524, 0.0000, NULL),
(1364, 1685, 572, 1, 1.3000, 655.2000, 504, 0.0000, NULL),
(1365, 1685, 572, 1, 1.3000, 639.6000, 492, 0.0000, NULL),
(1366, 2124, 573, 1, 1.3000, 718.9000, 553, 0.0000, NULL),
(1367, 2124, 573, 1, 1.3000, 735.8000, 566, 0.0000, NULL),
(1368, 1685, 574, 1, 1.3000, 655.2000, 504, 0.0000, NULL),
(1369, 1685, 574, 1, 1.3000, 669.5000, 515, 0.0000, NULL),
(1370, 1685, 574, 1, 1.3000, 666.9000, 513, 0.0000, NULL),
(1371, 2157, 575, 1, 1.3000, 556.4000, 428, 0.0000, NULL),
(1372, 2157, 575, 1, 1.3000, 276.9000, 213, 0.0000, NULL),
(1373, 2158, 575, 1, 1.3000, 266.5000, 205, 0.0000, NULL),
(1374, 2158, 576, 1, 1.3000, 612.3000, 471, 0.0000, NULL),
(1375, 2101, 577, 1, 1.3000, 845.0000, 650, 0.0000, NULL),
(1376, 2144, 578, 1, 1.3000, 1322.1000, 1017, 0.0000, NULL),
(1377, 2284, 579, 1, 0.9500, 754.3000, 794, 0.0000, NULL),
(1378, 2284, 579, 1, 0.9500, 599.4500, 631, 0.0000, NULL),
(1379, 2292, 580, 1, 0.9500, 414.2000, 436, 0.0000, NULL),
(1380, 2292, 580, 1, 0.9500, 360.0500, 379, 0.0000, NULL),
(1381, 2293, 580, 1, 0.9500, 452.2000, 476, 0.0000, NULL),
(1382, 2293, 580, 1, 0.9500, 402.8000, 424, 0.0000, NULL),
(1383, 1402, 581, 1, 0.2300, 4048.0000, 88, 0.0000, NULL),
(1384, 2164, 582, 1, 1.3000, 260.0000, 200, 0.0000, NULL),
(1385, 2165, 582, 1, 1.3000, 260.0000, 200, 0.0000, NULL),
(1386, 2166, 582, 1, 1.3000, 609.7000, 469, 0.0000, NULL),
(1387, 2163, 582, 1, 1.3000, 538.2000, 414, 0.0000, NULL),
(1388, 1612, 583, 1, 1.2000, 338.4000, 282, 0.0000, NULL),
(1389, 1612, 583, 1, 1.2000, 342.0000, 285, 0.0000, NULL),
(1390, 1616, 583, 1, 1.2000, 370.8000, 309, 0.0000, NULL),
(1391, 2160, 584, 1, 1.7000, 974.1000, 573, 0.0000, NULL),
(1392, 2160, 584, 1, 1.7000, 734.4000, 432, 0.0000, NULL),
(1393, 2160, 584, 1, 1.7000, 776.9000, 457, 0.0000, NULL),
(1394, 2160, 584, 1, 1.7000, 914.6000, 538, 0.0000, NULL),
(1395, 2303, 585, 1, 1.3000, 1172.6000, 902, 0.0000, NULL),
(1396, 2303, 585, 1, 1.3000, 1036.1000, 797, 0.0000, NULL),
(1397, 2304, 585, 1, 1.3000, 585.0000, 450, 0.0000, NULL),
(1398, 2304, 585, 1, 1.3000, 490.1000, 377, 0.0000, NULL),
(1399, 2295, 586, 1, 0.9500, 603.2500, 635, 0.0000, NULL),
(1400, 1402, 587, 1, 0.2300, 920.0000, 20, 0.0000, NULL),
(1401, 1402, 588, 1, 0.2300, 2024.0000, 44, 0.0000, NULL),
(1402, 2316, 589, 1, 0.9500, 387.6000, 408, 0.0000, NULL),
(1403, 2314, 589, 1, 0.9500, 721.0500, 759, 0.0000, NULL),
(1404, 2314, 589, 1, 0.9500, 690.6500, 727, 0.0000, NULL),
(1405, 2162, 590, 1, 1.3000, 388.7000, 299, 0.0000, NULL),
(1406, 2162, 590, 1, 1.3000, 399.1000, 307, 0.0000, NULL),
(1407, 1685, 591, 1, 1.3000, 694.2000, 534, 0.0000, NULL),
(1408, 1685, 591, 1, 1.3000, 704.6000, 542, 0.0000, NULL),
(1409, 1685, 591, 1, 1.3000, 682.5000, 525, 0.0000, NULL),
(1410, 2312, 592, 1, 0.9500, 391.4000, 412, 0.0000, NULL),
(1411, 2312, 592, 1, 0.9500, 324.9000, 342, 0.0000, NULL),
(1412, 2297, 592, 1, 0.9500, 604.2000, 636, 0.0000, NULL),
(1413, 1686, 593, 1, 1.3000, 669.5000, 515, 0.0000, NULL),
(1414, 1686, 593, 1, 1.3000, 659.1000, 507, 0.0000, NULL),
(1415, 2306, 594, 1, 0.9500, 405.6500, 427, 0.0000, NULL),
(1416, 2306, 594, 1, 0.9500, 755.2500, 795, 0.0000, NULL),
(1417, 2297, 594, 1, 0.9500, 771.4000, 812, 0.0000, NULL),
(1418, 2310, 594, 1, 0.9500, 389.5000, 410, 0.0000, NULL),
(1419, 1405, 595, 1, 1.3000, 661.7000, 509, 0.0000, NULL),
(1420, 2288, 596, 1, 0.9500, 652.6500, 687, 0.0000, NULL),
(1421, 2290, 596, 1, 0.9500, 688.7500, 725, 0.0000, NULL),
(1422, 2288, 596, 1, 0.9500, 694.4500, 731, 0.0000, NULL),
(1423, 2286, 596, 1, 0.9500, 635.5500, 669, 0.0000, NULL),
(1424, 2294, 596, 1, 0.9500, 692.5500, 729, 0.0000, NULL),
(1425, 2294, 596, 1, 0.9500, 685.9000, 722, 0.0000, NULL),
(1426, 2290, 596, 1, 0.9500, 709.6500, 747, 0.0000, NULL),
(1427, 2286, 596, 1, 0.9500, 720.1000, 758, 0.0000, NULL),
(1428, 1402, 597, 1, 0.2300, 1380.0000, 30, 0.0000, NULL),
(1429, 2320, 598, 1, 0.9500, 1019.3500, 1073, 0.0000, NULL),
(1430, 2322, 598, 1, 0.9500, 294.5000, 310, 0.0000, NULL),
(1431, 2322, 598, 1, 0.9500, 249.8500, 263, 0.0000, NULL),
(1432, 2299, 598, 1, 0.9500, 326.8000, 344, 0.0000, NULL),
(1433, 1686, 599, 1, 1.3000, 429.0000, 330, 0.0000, NULL),
(1434, 2119, 600, 2, 1.3000, 1888.9000, 1453, 0.0000, NULL),
(1435, 1685, 601, 1, 1.3000, 660.4000, 508, 0.0000, NULL),
(1436, 1685, 601, 1, 1.3000, 676.0000, 520, 0.0000, NULL),
(1437, 1685, 601, 1, 1.3000, 676.0000, 520, 0.0000, NULL),
(1438, 1402, 602, 1, 0.2300, 8096.0000, 176, 0.0000, NULL),
(1439, 1686, 603, 1, 1.3000, 670.8000, 516, 0.0000, NULL),
(1440, 1686, 603, 1, 1.3000, 666.9000, 513, 0.0000, NULL),
(1441, 1686, 603, 1, 1.3000, 659.1000, 507, 0.0000, NULL),
(1442, 1686, 603, 1, 1.3000, 679.9000, 523, 0.0000, NULL),
(1443, 1686, 603, 1, 1.3000, 657.8000, 506, 0.0000, NULL),
(1444, 1686, 603, 1, 1.3000, 685.1000, 527, 0.0000, NULL),
(1445, 1686, 603, 1, 1.3000, 672.1000, 517, 0.0000, NULL),
(1446, 1686, 603, 1, 1.3000, 647.4000, 498, 0.0000, NULL),
(1447, 2295, 604, 1, 0.9500, 888.2500, 935, 0.0000, NULL),
(1448, 1612, 605, 1, 1.2000, 240.0000, 200, 0.0000, NULL),
(1449, 1610, 605, 1, 1.2000, 333.6000, 278, 0.0000, NULL),
(1450, 2327, 606, 1, 0.9500, 1111.5000, 1170, 0.0000, NULL),
(1451, 2329, 606, 1, 0.9500, 943.3500, 993, 0.0000, NULL),
(1452, 2330, 607, 1, 0.9500, 886.3500, 933, 0.0000, NULL),
(1453, 2329, 607, 1, 0.9500, 846.4500, 891, 0.0000, NULL),
(1454, 2333, 608, 1, 0.9500, 939.5500, 989, 0.0000, NULL),
(1455, 2333, 608, 1, 0.9500, 926.2500, 975, 0.0000, NULL),
(1456, 2332, 608, 1, 0.9500, 763.8000, 804, 0.0000, NULL),
(1457, 1402, 609, 1, 0.2300, 4048.0000, 88, 0.0000, NULL),
(1458, 2124, 610, 1, 1.3000, 694.2000, 534, 0.0000, NULL),
(1459, 2124, 610, 1, 1.3000, 735.8000, 566, 0.0000, NULL),
(1461, 1402, 612, 1, 0.2300, 6072.0000, 132, 0.0000, NULL),
(1462, 2332, 613, 1, 0.9500, 655.5000, 690, 0.0000, NULL),
(1463, 1410, 614, 1, 1.3000, 704.6000, 542, 0.0000, NULL),
(1464, 1410, 614, 1, 1.3000, 698.1000, 537, 0.0000, NULL),
(1465, 1410, 614, 1, 1.3000, 696.8000, 536, 0.0000, NULL),
(1466, 1410, 614, 1, 1.3000, 702.0000, 540, 0.0000, NULL),
(1467, 2324, 615, 1, 0.9500, 446.5000, 470, 0.0000, NULL),
(1468, 2325, 615, 1, 0.9500, 369.5500, 389, 0.0000, NULL),
(1469, 2324, 615, 1, 0.9500, 353.4000, 372, 0.0000, NULL),
(1470, 1910, 616, 1, 1.3000, 694.2000, 534, 0.0000, NULL),
(1471, 1912, 616, 1, 1.3000, 2718.3000, 2091, 0.0000, NULL),
(1472, 1911, 616, 1, 1.3000, 1549.6000, 1192, 0.0000, NULL),
(1473, 2337, 617, 1, 1.3000, 587.6000, 452, 0.0000, NULL),
(1474, 2337, 617, 1, 1.3000, 429.0000, 330, 0.0000, NULL),
(1475, 2335, 618, 1, 0.9500, 575.7000, 606, 0.0000, NULL),
(1476, 1686, 619, 1, 1.3000, 648.7000, 499, 0.0000, NULL),
(1477, 1686, 619, 1, 1.3000, 670.8000, 516, 0.0000, NULL),
(1478, 2343, 620, 1, 1.3000, 496.6000, 382, 0.0000, NULL),
(1479, 2036, 620, 1, 1.3000, 351.0000, 270, 0.0000, NULL),
(1480, 2340, 620, 1, 1.3000, 449.8000, 346, 0.0000, NULL),
(1481, 2103, 621, 1, 1.3000, 141.7000, 109, 0.0000, NULL),
(1482, 2068, 621, 1, 1.3000, 650.0000, 500, 0.0000, NULL),
(1483, 2071, 621, 1, 1.3000, 364.0000, 280, 0.0000, NULL),
(1484, 2341, 622, 1, 1.3000, 364.0000, 280, 0.0000, NULL),
(1485, 2068, 623, 1, 1.3000, 876.2000, 674, 0.0000, NULL),
(1486, 2339, 624, 1, 1.3000, 263.9000, 203, 0.0000, NULL),
(1487, 1910, 625, 1, 1.3000, 2805.4000, 2158, 0.0000, NULL),
(1488, 1912, 625, 1, 1.3000, 928.2000, 714, 0.0000, NULL),
(1489, 1911, 625, 1, 1.3000, 1491.1000, 1147, 0.0000, NULL),
(1490, 2346, 626, 1, 0.9500, 475.0000, 500, 0.0000, NULL),
(1491, 2345, 626, 1, 0.9500, 589.0000, 620, 0.0000, NULL),
(1492, 2320, 627, 1, 0.9500, 588.0500, 619, 0.0000, NULL),
(1493, 2398, 628, 1, 0.9500, 1082.0500, 1139, 0.0000, NULL),
(1494, 2399, 629, 1, 1.7000, 603.5000, 355, 0.0000, NULL),
(1495, 2399, 629, 1, 1.7000, 719.1000, 423, 0.0000, NULL),
(1496, 1612, 630, 1, 1.2000, 187.2000, 156, 0.0000, NULL),
(1497, 1612, 630, 1, 1.2000, 189.6000, 158, 0.0000, NULL),
(1498, 1612, 630, 1, 1.2000, 193.2000, 161, 0.0000, NULL),
(1499, 1612, 630, 1, 1.2000, 188.4000, 157, 0.0000, NULL),
(1500, 1610, 630, 1, 1.2000, 334.8000, 279, 0.0000, NULL),
(1501, 2396, 631, 1, 1.3000, 291.2000, 224, 0.0000, NULL),
(1502, 2397, 631, 1, 1.3000, 600.6000, 462, 0.0000, NULL),
(1503, 1910, 632, 1, 1.3000, 705.9000, 543, 0.0000, NULL),
(1504, 1912, 632, 1, 1.3000, 941.2000, 724, 0.0000, NULL),
(1505, 1911, 632, 1, 1.3000, 2467.4000, 1898, 0.0000, NULL),
(1506, 1686, 633, 1, 1.3000, 683.8000, 526, 0.0000, NULL),
(1507, 1686, 633, 1, 1.3000, 639.6000, 492, 0.0000, NULL),
(1508, 2404, 634, 1, 0.9500, 573.8000, 604, 0.0000, NULL),
(1509, 2408, 635, 1, 0.9500, 1083.9500, 1141, 0.0000, NULL),
(1510, 2408, 635, 1, 0.9500, 929.1000, 978, 0.0000, NULL),
(1511, 2406, 635, 1, 0.9500, 665.0000, 700, 0.0000, NULL),
(1512, 2402, 636, 1, 1.3000, 596.7000, 459, 0.0000, NULL),
(1513, 2402, 636, 1, 1.3000, 594.1000, 457, 0.0000, NULL),
(1514, 1910, 637, 1, 1.3000, 1365.0000, 1050, 0.0000, NULL),
(1515, 1912, 637, 1, 1.3000, 1849.9000, 1423, 0.0000, NULL),
(1516, 1911, 637, 1, 1.3000, 808.6000, 622, 0.0000, NULL),
(1517, 1686, 638, 1, 1.3000, 650.0000, 500, 0.0000, NULL),
(1518, 2124, 639, 1, 1.3000, 800.8000, 616, 0.0000, NULL),
(1519, 1686, 640, 1, 1.3000, 657.8000, 506, 0.0000, NULL),
(1520, 1686, 640, 1, 1.3000, 640.9000, 493, 0.0000, NULL),
(1521, 1686, 640, 1, 1.3000, 656.5000, 505, 0.0000, NULL),
(1522, 1686, 640, 1, 1.3000, 683.8000, 526, 0.0000, NULL),
(1523, 1686, 640, 1, 1.3000, 677.3000, 521, 0.0000, NULL),
(1524, 1686, 640, 1, 1.3000, 659.1000, 507, 0.0000, NULL),
(1525, 1686, 640, 1, 1.3000, 647.4000, 498, 0.0000, NULL),
(1526, 1686, 640, 1, 1.3000, 679.9000, 523, 0.0000, NULL),
(1527, 1686, 640, 1, 1.3000, 673.4000, 518, 0.0000, NULL),
(1528, 2402, 641, 1, 1.3000, 588.9000, 453, 0.0000, NULL),
(1529, 2402, 641, 1, 1.3000, 568.1000, 437, 0.0000, NULL),
(1530, 2402, 641, 1, 1.3000, 479.7000, 369, 0.0000, NULL),
(1531, 2402, 641, 1, 1.3000, 344.5000, 265, 0.0000, NULL),
(1532, 2318, 641, 1, 1.7000, 606.9000, 357, 0.0000, NULL),
(1533, 2318, 641, 1, 1.7000, 1064.2000, 626, 0.0000, NULL),
(1534, 2308, 642, 1, 0.9500, 1001.3000, 1054, 0.0000, NULL),
(1535, 2301, 642, 1, 0.9500, 609.9000, 642, 0.0000, NULL),
(1536, 2299, 642, 1, 0.9500, 604.2000, 636, 0.0000, NULL),
(1537, 2369, 643, 2, 1.7000, 3197.7000, 1881, 0.0000, NULL),
(1538, 2348, 643, 2, 1.7000, 3211.3000, 1889, 0.0000, NULL),
(1539, 2359, 643, 2, 1.7000, 3411.9000, 2007, 0.0000, NULL),
(1541, 2412, 644, 1, 0.9500, 806.5500, 849, 0.0000, NULL),
(1542, 2412, 644, 1, 0.9500, 558.6000, 588, 0.0000, NULL),
(1543, 2409, 644, 1, 0.9500, 997.5000, 1050, 0.0000, NULL),
(1544, 2416, 645, 1, 0.9500, 940.5000, 990, 0.0000, NULL),
(1545, 2416, 646, 1, 0.9500, 954.7500, 1005, 0.0000, NULL),
(1546, 2411, 646, 1, 0.9500, 969.0000, 1020, 0.0000, NULL),
(1547, 2411, 646, 1, 0.9500, 743.8500, 783, 0.0000, NULL),
(1548, 2301, 647, 1, 0.9500, 653.6000, 688, 0.0000, NULL),
(1549, 2414, 648, 1, 1.7000, 613.7000, 361, 0.0000, NULL),
(1550, 2414, 648, 1, 1.7000, 703.8000, 414, 0.0000, NULL),
(1551, 2385, 643, 2, 1.7000, 4052.8000, 2384, 0.0000, NULL),
(1552, 1402, 649, 1, 0.2300, 138.0000, 3, 0.0000, NULL),
(1553, 2325, 650, 1, 0.9500, 341.0500, 359, 0.0000, NULL),
(1554, 2418, 651, 1, 0.9500, 584.2500, 615, 0.0000, NULL),
(1555, 2420, 652, 1, 1.3000, 552.5000, 425, 0.0000, NULL),
(1556, 2420, 652, 1, 1.3000, 625.3000, 481, 0.0000, NULL),
(1557, 1405, 653, 1, 1.3000, 687.7000, 529, 0.0000, NULL),
(1558, 1405, 653, 1, 1.3000, 698.1000, 537, 0.0000, NULL),
(1559, 2422, 654, 1, 0.9500, 627.0000, 660, 0.0000, NULL),
(1560, 1405, 655, 1, 1.3000, 689.0000, 530, 0.0000, NULL),
(1561, 2432, 656, 1, 1.3000, 575.9000, 443, 0.0000, NULL),
(1562, 2432, 656, 1, 1.3000, 590.2000, 454, 0.0000, NULL),
(1563, 2432, 656, 1, 1.3000, 494.0000, 380, 0.0000, NULL),
(1564, 2432, 656, 1, 1.3000, 579.8000, 446, 0.0000, NULL),
(1565, 2432, 656, 1, 1.3000, 588.9000, 453, 0.0000, NULL),
(1566, 2432, 656, 1, 1.3000, 581.1000, 447, 0.0000, NULL),
(1567, 1402, 657, 1, 0.2300, 8096.0000, 176, 0.0000, NULL),
(1568, 2072, 658, 2, 1.5000, 2740.5000, 1827, 0.0000, NULL),
(1569, 2438, 659, 1, 1.3000, 702.0000, 540, 0.0000, NULL),
(1570, 1410, 660, 1, 1.3000, 696.8000, 536, 0.0000, NULL),
(1571, 2434, 661, 1, 1.3000, 780.0000, 600, 0.0000, NULL),
(1572, 2436, 662, 1, 1.7000, 884.0000, 520, 0.0000, NULL),
(1573, 2436, 662, 1, 1.7000, 923.1000, 543, 0.0000, NULL),
(1574, 2426, 663, 1, 1.3000, 664.3000, 511, 0.0000, NULL),
(1575, 1402, 664, 1, 0.2300, 8096.0000, 176, 0.0000, NULL),
(1576, 1961, 665, 1, 1.3000, 4784.0000, 3680, 0.0000, NULL),
(1577, 2334, 666, 1, 1.3000, 734.5000, 565, 0.0000, NULL),
(1578, 1405, 667, 1, 1.3000, 689.0000, 530, 0.0000, NULL),
(1579, 1405, 667, 1, 1.3000, 716.3000, 551, 0.0000, NULL),
(1580, 1405, 667, 1, 1.3000, 685.1000, 527, 0.0000, NULL),
(1581, 1405, 667, 1, 1.3000, 702.0000, 540, 0.0000, NULL),
(1582, 1686, 667, 1, 1.3000, 655.2000, 504, 0.0000, NULL),
(1583, 1686, 667, 1, 1.3000, 698.1000, 537, 0.0000, NULL),
(1584, 2446, 668, 1, 1.7000, 821.1000, 483, 0.0000, NULL),
(1585, 2446, 668, 1, 1.7000, 826.2000, 486, 0.0000, NULL),
(1586, 1685, 669, 1, 1.3000, 665.6000, 512, 0.0000, NULL),
(1587, 1685, 669, 1, 1.3000, 648.7000, 499, 0.0000, NULL),
(1588, 1685, 669, 1, 1.3000, 633.1000, 487, 0.0000, NULL),
(1589, 1685, 669, 1, 1.3000, 661.7000, 509, 0.0000, NULL),
(1590, 1685, 669, 1, 1.3000, 647.4000, 498, 0.0000, NULL),
(1591, 2441, 670, 1, 1.3000, 682.5000, 525, 0.0000, NULL),
(1592, 2424, 671, 1, 1.3000, 331.5000, 255, 0.0000, NULL),
(1593, 2424, 671, 1, 1.3000, 504.4000, 388, 0.0000, NULL),
(1594, 1402, 672, 1, 0.2300, 8096.0000, 176, 0.0000, NULL),
(1595, 2036, 673, 1, 1.3000, 786.5000, 605, 0.0000, NULL),
(1596, 1910, 674, 2, 1.3000, 5768.1000, 4437, 0.0000, NULL),
(1597, 1911, 674, 2, 1.3000, 6645.6000, 5112, 0.0000, NULL),
(1598, 1912, 674, 2, 1.3000, 7073.3000, 5441, 0.0000, NULL),
(1599, 1913, 674, 2, 1.3000, 8307.0000, 6390, 0.0000, NULL),
(1600, 1686, 675, 1, 1.3000, 673.4000, 518, 0.0000, NULL),
(1601, 1686, 675, 1, 1.3000, 651.3000, 501, 0.0000, NULL),
(1602, 2444, 676, 1, 1.7000, 464.1000, 273, 0.0000, NULL),
(1603, 2443, 676, 1, 1.7000, 574.6000, 338, 0.0000, NULL),
(1604, 2444, 677, 1, 1.7000, 416.5000, 245, 0.0000, NULL),
(1605, 2443, 677, 1, 1.7000, 683.4000, 402, 0.0000, NULL),
(1606, 1402, 678, 1, 0.2300, 92.0000, 2, 0.0000, NULL),
(1607, 1402, 679, 1, 0.2300, 92.0000, 2, 0.0000, NULL),
(1608, 2448, 680, 1, 0.9500, 731.5000, 770, 0.0000, NULL),
(1609, 2450, 680, 1, 0.9500, 779.9500, 821, 0.0000, NULL),
(1610, 2448, 680, 1, 0.9500, 694.4500, 731, 0.0000, NULL),
(1611, 2422, 681, 1, 0.9500, 859.7500, 905, 0.0000, NULL),
(1612, 1685, 682, 1, 1.3000, 648.7000, 499, 0.0000, NULL),
(1613, 2068, 683, 1, 1.3000, 479.7000, 369, 0.0000, NULL),
(1614, 1405, 684, 1, 1.3000, 65.0000, 50, 0.0000, NULL),
(1615, 2120, 685, 2, 1.3000, 1810.9000, 1393, 0.0000, NULL),
(1616, 2428, 686, 1, 1.3000, 345.8000, 266, 0.0000, NULL),
(1617, 2428, 686, 1, 1.3000, 639.6000, 492, 0.0000, NULL),
(1618, 2454, 687, 1, 1.7000, 601.8000, 354, 0.0000, NULL),
(1619, 2454, 687, 1, 1.7000, 1020.0000, 600, 0.0000, NULL),
(1620, 2454, 687, 1, 1.7000, 1105.0000, 650, 0.0000, NULL),
(1621, 2454, 687, 1, 1.7000, 1122.0000, 660, 0.0000, NULL),
(1622, 2454, 687, 1, 1.7000, 1037.0000, 610, 0.0000, NULL),
(1623, 2452, 687, 1, 1.7000, 1234.2000, 726, 0.0000, NULL),
(1624, 2452, 687, 1, 1.7000, 1139.0000, 670, 0.0000, NULL),
(1625, 2455, 687, 1, 1.7000, 2482.0000, 1460, 0.0000, NULL),
(1626, 1410, 688, 1, 1.3000, 722.8000, 556, 0.0000, NULL),
(1627, 1410, 688, 1, 1.3000, 698.1000, 537, 0.0000, NULL),
(1628, 1405, 689, 1, 1.3000, 692.9000, 533, 0.0000, NULL),
(1629, 2460, 690, 1, 0.9500, 765.7000, 806, 0.0000, NULL),
(1630, 2460, 690, 1, 0.9500, 788.5000, 830, 0.0000, NULL),
(1631, 1685, 691, 1, 1.3000, 659.1000, 507, 0.0000, NULL),
(1632, 1685, 691, 1, 1.3000, 664.3000, 511, 0.0000, NULL),
(1633, 2467, 692, 1, 0.9500, 825.5500, 869, 0.0000, NULL),
(1634, 2466, 692, 1, 0.9500, 791.3500, 833, 0.0000, NULL),
(1635, 2469, 692, 1, 0.9500, 685.9000, 722, 0.0000, NULL),
(1636, 2466, 692, 1, 0.9500, 740.0500, 779, 0.0000, NULL),
(1637, 2469, 692, 1, 0.9500, 647.9000, 682, 0.0000, NULL),
(1638, 2471, 692, 1, 0.9500, 599.4500, 631, 0.0000, NULL),
(1639, 1685, 693, 1, 1.3000, 673.4000, 518, 0.0000, NULL),
(1640, 2464, 694, 1, 1.3000, 481.0000, 370, 0.0000, NULL),
(1641, 2464, 694, 1, 1.3000, 1092.0000, 840, 0.0000, NULL),
(1642, 2473, 695, 1, 0.9500, 820.8000, 864, 0.0000, NULL),
(1643, 2475, 695, 1, 0.9500, 729.6000, 768, 0.0000, NULL),
(1644, 2478, 696, 1, 1.7000, 2968.2000, 1746, 0.0000, NULL),
(1645, 2477, 696, 1, 1.7000, 1387.2000, 816, 0.0000, NULL),
(1646, 1410, 697, 1, 1.3000, 689.0000, 530, 0.0000, NULL),
(1647, 1410, 697, 1, 1.3000, 700.7000, 539, 0.0000, NULL),
(1648, 1685, 698, 1, 1.3000, 669.5000, 515, 0.0000, NULL),
(1649, 1685, 698, 1, 1.3000, 660.4000, 508, 0.0000, NULL),
(1650, 1410, 699, 1, 1.3000, 704.6000, 542, 0.0000, NULL),
(1651, 1405, 700, 1, 1.3000, 687.7000, 529, 0.0000, NULL),
(1652, 1405, 700, 1, 1.3000, 709.8000, 546, 0.0000, NULL),
(1653, 1405, 700, 1, 1.3000, 690.3000, 531, 0.0000, NULL),
(1654, 2482, 701, 1, 0.9500, 1082.0500, 1139, 0.0000, NULL),
(1655, 2480, 701, 1, 0.9500, 426.5500, 449, 0.0000, NULL),
(1656, 2484, 702, 1, 0.9500, 636.5000, 670, 0.0000, NULL),
(1657, 2036, 703, 1, 1.3000, 787.8000, 606, 0.0000, NULL),
(1658, 2424, 703, 1, 1.3000, 517.4000, 398, 0.0000, NULL),
(1659, 2424, 703, 1, 1.3000, 276.9000, 213, 0.0000, NULL),
(1660, 2381, 704, 2, 1.7000, 3192.6000, 1878, 0.0000, NULL),
(1661, 2446, 705, 1, 1.7000, 918.0000, 540, 0.0000, NULL),
(1662, 1405, 706, 1, 1.3000, 689.0000, 530, 0.0000, NULL),
(1663, 1405, 706, 1, 1.3000, 715.0000, 550, 0.0000, NULL),
(1664, 1405, 706, 1, 1.3000, 685.1000, 527, 0.0000, NULL),
(1665, 1405, 706, 1, 1.3000, 695.5000, 535, 0.0000, NULL),
(1666, 1405, 706, 1, 1.3000, 689.0000, 530, 0.0000, NULL),
(1669, 1410, 707, 1, 1.3000, 702.0000, 540, 0.0000, NULL),
(1670, 1410, 707, 1, 1.3000, 705.9000, 543, 0.0000, NULL),
(1671, 2486, 708, 1, 1.3000, 897.0000, 690, 0.0000, NULL),
(1672, 1983, 709, 1, 1.3000, 130.0000, 100, 0.0000, NULL),
(1673, 2494, 710, 1, 1.7000, 969.0000, 570, 0.0000, NULL),
(1674, 2489, 711, 1, 1.7000, 1504.5000, 885, 0.0000, NULL),
(1675, 1983, 712, 1, 1.3000, 156.0000, 120, 0.0000, NULL),
(1676, 1983, 713, 1, 1.3000, 219.7000, 169, 0.0000, NULL),
(1677, 2492, 714, 1, 1.3000, 618.8000, 476, 0.0000, NULL),
(1678, 2492, 714, 1, 1.3000, 681.2000, 524, 0.0000, NULL),
(1679, 2494, 715, 1, 1.7000, 800.7000, 471, 0.0000, NULL),
(1680, 2494, 715, 1, 1.7000, 1173.0000, 690, 0.0000, NULL),
(1681, 2489, 716, 1, 1.7000, 1499.4000, 882, 0.0000, NULL),
(1682, 2496, 716, 1, 1.7000, 1001.3000, 589, 0.0000, NULL),
(1683, 2496, 716, 1, 1.7000, 311.1000, 183, 0.0000, NULL),
(1684, 2334, 717, 1, 1.3000, 708.5000, 545, 0.0000, NULL),
(1685, 2497, 718, 1, 1.3000, 3966.3000, 3051, 0.0000, NULL),
(1686, 2426, 718, 1, 1.3000, 1449.5000, 1115, 0.0000, NULL),
(1687, 2036, 718, 1, 1.3000, 1496.3000, 1151, 0.0000, NULL),
(1688, 1983, 718, 1, 1.3000, 686.4000, 528, 0.0000, NULL),
(1689, 1963, 718, 1, 1.3000, 1817.4000, 1398, 0.0000, NULL),
(1690, 1983, 719, 1, 1.3000, 691.6000, 532, 0.0000, NULL),
(1691, 1983, 719, 1, 1.3000, 690.3000, 531, 0.0000, NULL),
(1692, 1983, 719, 1, 1.3000, 699.4000, 538, 0.0000, NULL),
(1693, 1402, 719, 1, 0.2300, 6072.0000, 132, 0.0000, NULL),
(1694, 1410, 720, 1, 1.3000, 711.1000, 547, 0.0000, NULL),
(1695, 1410, 720, 1, 1.3000, 692.9000, 533, 0.0000, NULL),
(1696, 2499, 721, 1, 0.9500, 739.1000, 778, 0.0000, NULL),
(1697, 2490, 722, 1, 1.3000, 482.3000, 371, 0.0000, NULL),
(1698, 2490, 722, 1, 1.3000, 451.1000, 347, 0.0000, NULL),
(1699, 1685, 723, 1, 1.3000, 626.6000, 482, 0.0000, NULL),
(1700, 2460, 724, 1, 0.9500, 765.7000, 806, 0.0000, NULL),
(1701, 2506, 725, 1, 0.9500, 378.1000, 398, 0.0000, NULL),
(1702, 2094, 726, 1, 1.7000, 510.0000, 300, 0.0000, NULL),
(1703, 1402, 727, 1, 0.2300, 2024.0000, 44, 0.0000, NULL),
(1704, 1402, 728, 1, 0.2300, 92.0000, 2, 0.0000, NULL),
(1705, 2501, 729, 1, 1.3000, 899.6000, 692, 0.0000, NULL),
(1706, 1410, 729, 1, 1.3000, 695.5000, 535, 0.0000, NULL),
(1707, 2512, 730, 1, 0.9500, 266.9500, 281, 0.0000, NULL),
(1708, 2512, 730, 1, 0.9500, 271.7000, 286, 0.0000, NULL),
(1711, 1405, 732, 1, 1.3000, 699.4000, 538, 0.0000, NULL),
(1712, 1405, 732, 1, 1.3000, 718.9000, 553, 0.0000, NULL),
(1713, 1405, 732, 1, 1.3000, 692.9000, 533, 0.0000, NULL),
(1714, 1405, 732, 1, 1.3000, 695.5000, 535, 0.0000, NULL),
(1715, 1405, 732, 1, 1.3000, 709.8000, 546, 0.0000, NULL),
(1716, 2334, 733, 1, 1.3000, 721.5000, 555, 0.0000, NULL),
(1717, 2334, 733, 1, 1.3000, 725.4000, 558, 0.0000, NULL),
(1718, 2334, 733, 1, 1.3000, 722.8000, 556, 0.0000, NULL),
(1719, 2334, 733, 1, 1.3000, 728.0000, 560, 0.0000, NULL),
(1720, 2492, 734, 1, 1.3000, 895.7000, 689, 0.0000, NULL),
(1721, 2492, 734, 1, 1.3000, 473.2000, 364, 0.0000, NULL),
(1722, 2334, 731, 1, 1.3000, 713.7000, 549, 0.0000, NULL),
(1723, 2334, 731, 1, 1.3000, 707.2000, 544, 0.0000, NULL),
(1724, 1402, 735, 1, 0.2300, 276.0000, 6, 0.0000, NULL),
(1725, 2505, 736, 1, 0.9500, 797.0500, 839, 0.0000, NULL),
(1726, 2510, 737, 1, 1.3000, 1670.5000, 1285, 0.0000, NULL),
(1727, 2508, 737, 1, 1.3000, 941.2000, 724, 0.0000, NULL),
(1728, 2514, 738, 1, 1.7000, 1710.2000, 1006, 0.0000, NULL),
(1729, 1402, 739, 1, 0.2300, 230.0000, 5, 0.0000, NULL),
(1730, 1402, 740, 1, 0.2300, 92.0000, 2, 0.0000, NULL),
(1731, 1410, 741, 1, 1.3000, 716.3000, 551, 0.0000, NULL),
(1732, 1410, 741, 1, 1.3000, 689.0000, 530, 0.0000, NULL),
(1733, 1410, 742, 1, 1.3000, 699.4000, 538, 0.0000, NULL),
(1734, 1410, 742, 1, 1.3000, 696.8000, 536, 0.0000, NULL),
(1735, 1410, 743, 1, 1.3000, 700.7000, 539, 0.0000, NULL),
(1736, 1686, 744, 1, 1.3000, 436.8000, 336, 0.0000, NULL),
(1737, 1685, 744, 1, 1.3000, 374.4000, 288, 0.0000, NULL),
(1738, 1685, 744, 1, 1.3000, 673.4000, 518, 0.0000, NULL),
(1739, 2488, 745, 1, 1.3000, 543.4000, 418, 0.0000, NULL),
(1740, 1685, 746, 1, 1.3000, 656.5000, 505, 0.0000, NULL),
(1741, 1685, 746, 1, 1.3000, 674.7000, 519, 0.0000, NULL),
(1742, 1685, 746, 1, 1.3000, 393.9000, 303, 0.0000, NULL),
(1743, 2334, 747, 1, 1.3000, 705.9000, 543, 0.0000, NULL),
(1744, 2334, 747, 1, 1.3000, 711.1000, 547, 0.0000, NULL),
(1745, 2334, 747, 1, 1.3000, 728.0000, 560, 0.0000, NULL),
(1746, 2334, 747, 1, 1.3000, 704.6000, 542, 0.0000, NULL),
(1747, 2334, 747, 1, 1.3000, 715.0000, 550, 0.0000, NULL),
(1748, 2334, 747, 1, 1.3000, 705.9000, 543, 0.0000, NULL),
(1749, 2334, 747, 1, 1.3000, 699.4000, 538, 0.0000, NULL),
(1750, 2334, 747, 1, 1.3000, 711.1000, 547, 0.0000, NULL),
(1751, 2486, 748, 1, 1.3000, 972.4000, 748, 0.0000, NULL),
(1752, 2486, 748, 1, 1.3000, 891.8000, 686, 0.0000, NULL),
(1753, 2486, 748, 1, 1.3000, 906.1000, 697, 0.0000, NULL),
(1754, 2462, 749, 1, 1.3000, 322.4000, 248, 0.0000, NULL),
(1755, 2523, 750, 1, 1.7000, 2023.0000, 1190, 0.0000, NULL),
(1756, 2518, 751, 2, 2.0000, 14660.0000, 7330, 0.0000, NULL),
(1757, 2527, 752, 1, 1.7000, 685.1000, 403, 0.0000, NULL),
(1758, 2523, 752, 1, 1.7000, 2023.0000, 1190, 0.0000, NULL),
(1759, 2492, 753, 1, 1.3000, 708.5000, 545, 0.0000, NULL),
(1760, 2492, 753, 1, 1.3000, 712.4000, 548, 0.0000, NULL),
(1761, 1405, 754, 1, 1.3000, 143.0000, 110, 0.0000, NULL),
(1762, 1402, 755, 1, 0.2300, 4048.0000, 88, 0.0000, NULL),
(1763, 1402, 756, 1, 0.2300, 230.0000, 5, 0.0000, NULL),
(1764, 1685, 757, 1, 1.3000, 657.8000, 506, 0.0000, NULL),
(1765, 1685, 757, 1, 1.3000, 655.2000, 504, 0.0000, NULL),
(1766, 1685, 757, 1, 1.3000, 668.2000, 514, 0.0000, NULL),
(1767, 2492, 758, 1, 1.3000, 707.2000, 544, 0.0000, NULL),
(1768, 2492, 758, 1, 1.3000, 734.5000, 565, 0.0000, NULL),
(1769, 1405, 759, 1, 1.3000, 479.7000, 369, 0.0000, NULL),
(1770, 2492, 760, 1, 1.3000, 747.5000, 575, 0.0000, NULL),
(1771, 2525, 761, 1, 2.0000, 50.0000, 25, 0.0000, NULL),
(1772, 2528, 762, 1, 0.9500, 429.4000, 452, 0.0000, NULL),
(1773, 1405, 763, 1, 1.3000, 696.8000, 536, 0.0000, NULL),
(1774, 1405, 763, 1, 1.3000, 695.5000, 535, 0.0000, NULL),
(1775, 2462, 764, 1, 1.3000, 683.8000, 526, 0.0000, NULL),
(1776, 2079, 765, 2, 1.5000, 4945.5000, 3297, 0.0000, NULL),
(1777, 1402, 766, 1, 0.2300, 2024.0000, 44, 0.0000, NULL),
(1778, 2521, 767, 1, 2.0000, 1844.0000, 922, 0.0000, NULL),
(1779, 2535, 768, 1, 1.7000, 1065.9000, 627, 0.0000, NULL),
(1780, 2535, 768, 1, 1.7000, 605.2000, 356, 0.0000, NULL),
(1781, 2530, 769, 1, 1.3000, 871.0000, 670, 0.0000, NULL),
(1782, 2334, 769, 1, 1.3000, 653.9000, 503, 0.0000, NULL),
(1783, 1402, 770, 1, 0.2300, 230.0000, 5, 0.0000, NULL),
(1784, 2525, 771, 1, 2.0000, 50.0000, 25, 0.0000, NULL),
(1785, 1402, 772, 1, 0.2300, 2024.0000, 44, 0.0000, NULL),
(1786, 2428, 773, 1, 1.3000, 455.0000, 350, 0.0000, NULL),
(1787, 1402, 774, 1, 0.2300, 46.0000, 1, 0.0000, NULL),
(1788, 2396, 775, 1, 1.3000, 770.9000, 593, 0.0000, NULL),
(1789, 1405, 776, 1, 1.3000, 130.0000, 100, 0.0000, NULL),
(1790, 1405, 777, 1, 1.3000, 677.3000, 521, 0.0000, NULL),
(1791, 1405, 777, 1, 1.3000, 690.3000, 531, 0.0000, NULL),
(1792, 2525, 778, 1, 2.0000, 74.0000, 37, 0.0000, NULL),
(1793, 2334, 779, 1, 1.3000, 130.0000, 100, 0.0000, NULL),
(1794, 2073, 780, 2, 1.5000, 5349.0000, 3566, 0.0000, NULL),
(1795, 2074, 780, 2, 1.5000, 3094.5000, 2063, 0.0000, NULL),
(1796, 2075, 780, 2, 1.5000, 3268.5000, 2179, 0.0000, NULL),
(1797, 2549, 781, 1, 1.7000, 1252.9000, 737, 0.0000, NULL),
(1798, 2521, 782, 1, 2.0000, 800.0000, 400, 0.0000, NULL),
(1799, 1402, 783, 1, 0.2300, 2024.0000, 44, 0.0000, NULL),
(1800, 2541, 784, 1, 1.7000, 1808.8000, 1064, 0.0000, NULL),
(1801, 2540, 784, 1, 1.7000, 579.7000, 341, 0.0000, NULL),
(1802, 2552, 785, 1, 1.7000, 382.5000, 225, 0.0000, NULL),
(1803, 2492, 786, 1, 1.3000, 685.1000, 527, 0.0000, NULL),
(1804, 2492, 786, 1, 1.3000, 809.9000, 623, 0.0000, NULL),
(1805, 1402, 787, 1, 0.2300, 2024.0000, 44, 0.0000, NULL),
(1806, 2536, 788, 1, 1.7000, 1101.6000, 648, 0.0000, NULL),
(1807, 2536, 788, 1, 1.7000, 1079.5000, 635, 0.0000, NULL),
(1808, 2492, 789, 1, 1.3000, 705.9000, 543, 0.0000, NULL),
(1809, 2492, 789, 1, 1.3000, 705.9000, 543, 0.0000, NULL),
(1810, 2492, 790, 1, 1.3000, 864.5000, 665, 0.0000, NULL),
(1811, 2351, 791, 2, 1.7000, 5120.4000, 3012, 0.0000, NULL),
(1812, 1402, 792, 1, 0.2300, 2300.0000, 50, 0.0000, NULL),
(1813, 2554, 793, 1, 1.7000, 1303.9000, 767, 0.0000, NULL),
(1814, 2547, 793, 1, 1.7000, 821.1000, 483, 0.0000, NULL),
(1815, 2543, 794, 1, 2.0000, 100.0000, 50, 0.0000, NULL),
(1816, 1402, 795, 1, 0.2300, 92.0000, 2, 0.0000, NULL),
(1817, 2556, 796, 1, 1.7000, 1088.0000, 640, 0.0000, NULL),
(1818, 2546, 797, 1, 1.7000, 1003.0000, 590, 0.0000, NULL),
(1819, 2556, 798, 1, 1.7000, 1089.7000, 641, 0.0000, NULL),
(1820, 2532, 799, 1, 1.5000, 255.0000, 170, 0.0000, NULL),
(1821, 2533, 799, 1, 1.5000, 981.0000, 654, 0.0000, NULL),
(1822, 2558, 800, 1, 1.7000, 1071.0000, 630, 0.0000, NULL),
(1823, 2559, 800, 1, 1.7000, 799.0000, 470, 0.0000, NULL),
(1824, 2558, 800, 1, 1.7000, 691.9000, 407, 0.0000, NULL),
(1825, 2558, 800, 1, 1.7000, 742.9000, 437, 0.0000, NULL),
(1826, 2334, 801, 1, 1.3000, 390.0000, 300, 0.0000, NULL),
(1827, 2556, 801, 1, 1.7000, 814.3000, 479, 0.0000, NULL),
(1828, 2548, 802, 1, 1.7000, 1139.0000, 670, 0.0000, NULL),
(1829, 2314, 803, 1, 0.9500, 332.5000, 350, 0.0000, NULL),
(1830, 2036, 804, 1, 1.3000, 793.0000, 610, 0.0000, NULL),
(1831, 2340, 804, 1, 1.3000, 627.9000, 483, 0.0000, NULL),
(1832, 2340, 804, 1, 1.3000, 448.5000, 345, 0.0000, NULL),
(1833, 2544, 805, 1, 2.0000, 600.0000, 300, 0.0000, NULL),
(1834, 2755, 806, 1, 1.4000, 883.4000, 631, 0.0000, NULL),
(1835, 2753, 806, 1, 1.4000, 883.4000, 631, 0.0000, NULL),
(1836, 2761, 807, 1, 1.6000, 856.0000, 535, 0.0000, NULL),
(1837, 2538, 808, 1, 2.0000, 600.0000, 300, 0.0000, NULL),
(1838, 2556, 809, 1, 1.7000, 1094.8000, 644, 0.0000, NULL),
(1839, 2556, 809, 1, 1.7000, 1045.5000, 615, 0.0000, NULL),
(1840, 2776, 810, 2, 1.2000, 3583.2000, 2986, 0.0000, NULL),
(1841, 2777, 810, 2, 1.2000, 3426.0000, 2855, 0.0000, NULL),
(1842, 2762, 811, 1, 1.6000, 523.2000, 327, 0.0000, NULL),
(1843, 2762, 811, 1, 1.6000, 1076.8000, 673, 0.0000, NULL),
(1844, 2759, 812, 1, 1.4000, 852.6000, 609, 0.0000, NULL),
(1845, 2768, 813, 2, 1.2000, 2499.6000, 2083, 0.0000, NULL),
(1846, 2780, 814, 1, 1.7000, 595.0000, 350, 0.0000, NULL),
(1847, 1402, 815, 1, 0.2300, 2024.0000, 44, 0.0000, NULL),
(1848, 2757, 816, 1, 1.4000, 869.4000, 621, 0.0000, NULL),
(1849, 2787, 817, 1, 2.0000, 614.0000, 307, 0.0000, NULL),
(1850, 2786, 817, 1, 2.0000, 716.0000, 358, 0.0000, NULL),
(1851, 2782, 818, 1, 1.6000, 302.4000, 189, 0.0000, NULL),
(1852, 2124, 819, 1, 1.3000, 334.1000, 257, 0.0000, NULL),
(1853, 2428, 820, 1, 1.3000, 668.2000, 514, 0.0000, NULL),
(1854, 2428, 820, 1, 1.3000, 653.9000, 503, 0.0000, NULL),
(1855, 2790, 821, 1, 0.9500, 396.1500, 417, 0.0000, NULL),
(1856, 2789, 821, 1, 0.9500, 671.6500, 707, 0.0000, NULL),
(1857, 2428, 822, 1, 1.3000, 757.9000, 583, 0.0000, NULL),
(1858, 2426, 823, 1, 1.3000, 677.3000, 521, 0.0000, NULL),
(1859, 2156, 823, 1, 1.3000, 299.0000, 230, 0.0000, NULL),
(1860, 2778, 824, 1, 1.3000, 975.0000, 750, 0.0000, NULL),
(1861, 2778, 824, 1, 1.3000, 1056.9000, 813, 0.0000, NULL),
(1862, 2778, 825, 1, 1.3000, 1040.0000, 800, 0.0000, NULL),
(1863, 2792, 826, 1, 1.7000, 178.5000, 105, 0.0000, NULL),
(1864, 2795, 827, 1, 1.6000, 817.6000, 511, 0.0000, NULL),
(1865, 2795, 827, 1, 1.6000, 942.4000, 589, 0.0000, NULL),
(1866, 2793, 828, 1, 1.7000, 204.0000, 120, 0.0000, NULL),
(1867, 2552, 829, 1, 1.7000, 382.5000, 225, 0.0000, NULL),
(1868, 2800, 830, 1, 1.4000, 879.2000, 628, 0.0000, NULL),
(1869, 2797, 831, 1, 1.7000, 1152.6000, 678, 0.0000, NULL),
(1870, 2428, 832, 1, 1.3000, 646.1000, 497, 0.0000, NULL),
(1871, 2428, 832, 1, 1.3000, 639.6000, 492, 0.0000, NULL),
(1874, 2428, 834, 1, 1.3000, 653.9000, 503, 0.0000, NULL),
(1875, 2813, 835, 1, 0.9500, 571.9000, 602, 0.0000, NULL),
(1876, 2813, 835, 1, 0.9500, 559.5500, 589, 0.0000, NULL),
(1877, 2804, 835, 1, 0.9500, 712.5000, 750, 0.0000, NULL),
(1878, 2808, 835, 1, 0.9500, 881.6000, 928, 0.0000, NULL),
(1879, 2814, 835, 1, 0.9500, 598.5000, 630, 0.0000, NULL),
(1880, 2802, 835, 1, 0.9500, 874.9500, 921, 0.0000, NULL),
(1881, 2810, 835, 1, 0.9500, 1039.3000, 1094, 0.0000, NULL),
(1882, 2808, 835, 1, 0.9500, 221.3500, 233, 0.0000, NULL),
(1883, 1402, 836, 1, 0.2300, 598.0000, 13, 0.0000, NULL),
(1884, 2774, 837, 2, 1.2000, 2989.2000, 2491, 0.0000, NULL),
(1885, 2533, 838, 1, 2.5000, 1615.0000, 646, 0.0000, NULL),
(1886, 2532, 838, 1, 2.5000, 1535.0000, 614, 0.0000, NULL),
(1887, 2532, 839, 1, 2.5000, 1590.0000, 636, 0.0000, NULL),
(1888, 2816, 840, 1, 2.5000, 1515.0000, 606, 0.0000, NULL),
(1889, 2816, 840, 1, 2.5000, 862.5000, 345, 0.0000, NULL),
(1890, 2446, 841, 1, 2.5000, 1340.0000, 536, 0.0000, NULL),
(1891, 2817, 842, 1, 2.5000, 1500.0000, 600, 0.0000, NULL),
(1893, 1402, 843, 1, 0.2300, 598.0000, 13, 0.0000, NULL),
(1894, 2334, 843, 1, 2.5000, 385.0000, 154, 0.0000, NULL),
(1895, 2762, 844, 1, 2.5000, 1352.5000, 541, 0.0000, NULL),
(1896, 2817, 845, 1, 2.5000, 1255.0000, 502, 0.0000, NULL),
(1897, 1402, 846, 1, 0.2300, 828.0000, 18, 0.0000, NULL),
(1898, 2819, 847, 1, 2.5000, 2637.5000, 1055, 0.0000, NULL),
(1899, 2823, 848, 1, 2.5000, 4362.5000, 1745, 0.0000, NULL),
(1900, 2821, 848, 1, 2.6000, 1313.0000, 505, 0.0000, NULL),
(1901, 1402, 849, 1, 0.2300, 1150.0000, 25, 0.0000, NULL),
(1902, 2824, 850, 1, 2.5000, 1450.0000, 580, 0.0000, NULL),
(1903, 2827, 851, 1, 2.5000, 1125.0000, 450, 0.0000, NULL),
(1904, 2826, 851, 1, 2.5000, 1125.0000, 450, 0.0000, NULL),
(1905, 1402, 852, 1, 0.2300, 230.0000, 5, 0.0000, NULL);



-- --------------------------------------------------------

--
-- Table structure for table `orders_refunds`
--

DROP TABLE IF EXISTS `orders_refunds`;
CREATE TABLE `orders_refunds` (
  `iD` int(11) NOT NULL,
  `OrderID` int(11) NOT NULL,
  `CargoTransID` int(11) DEFAULT NULL,
  `date` datetime NOT NULL DEFAULT current_timestamp(),
  `billNo` varchar(255) DEFAULT NULL,
  `comments` text DEFAULT NULL
) ENGINE=InnoDB DEFAULT CHARSET=utf8 COLLATE=utf8_general_ci;

--
-- Dumping data for table `orders_refunds`
--

INSERT  INTO `orders_refunds` (`iD`, `OrderID`, `CargoTransID`, `date`, `billNo`, `comments`) VALUES
(1, 123, NULL, '2021-08-31 00:39:36', NULL, NULL),
(2, 122, NULL, '2021-08-31 23:22:13', NULL, NULL),
(3, 150, NULL, '2021-09-28 13:17:10', NULL, NULL),
(4, 490, NULL, '2022-02-21 13:31:01', NULL, NULL),
(5, 610, NULL, '2022-04-20 15:08:11', NULL, NULL),
(6, 655, NULL, '2022-05-15 10:21:33', NULL, NULL),
(7, 641, NULL, '2022-05-16 13:34:35', NULL, NULL),
(8, 690, NULL, '2022-06-06 09:40:41', NULL, NULL),
(9, 589, NULL, '2022-06-21 15:10:17', NULL, NULL),
(10, 750, NULL, '2022-07-06 11:02:06', NULL, NULL),
(11, 776, NULL, '2022-08-04 12:38:11', NULL, NULL),
(12, 805, NULL, '2022-09-06 13:34:50', NULL, NULL),
(13, 803, NULL, '2022-09-11 12:53:25', NULL, NULL),
(14, 772, NULL, '2022-09-15 13:38:36', NULL, NULL),
(15, 780, NULL, '2022-08-07 14:35:18', NULL, NULL);

-- --------------------------------------------------------

--
-- Table structure for table `order_refunds_order_details`
--

DROP TABLE IF EXISTS `order_refunds_order_details`;
CREATE TABLE `order_refunds_order_details` (
  `iD` int(11) NOT NULL,
  `OrderRefundID` int(11) NOT NULL,
  `ProductID` int(11) NOT NULL,
  `OrderID` int(11) NOT NULL,
  `OrderDetailsID` int(11) NOT NULL,
  `WarehouseID` int(11) NOT NULL,
  `quantity` double NOT NULL,
  `comments` text DEFAULT NULL
) ENGINE=InnoDB DEFAULT CHARSET=utf8 COLLATE=utf8_general_ci;

--
-- Dumping data for table `order_refunds_order_details`
--
--
-- Triggers `order_refunds_order_details`
--
DROP TRIGGER IF EXISTS `u_s_a_orders_refund`;
DELIMITER $$
CREATE TRIGGER `u_s_a_orders_refund` AFTER INSERT ON `order_refunds_order_details` FOR EACH ROW BEGIN
CALL  PlusQuantity(NEW.WarehouseID,NEW.ProductID,NEW.quantity,-1);
END
$$
DELIMITER ;
DROP TRIGGER IF EXISTS `u_s_a_orders_refund_d`;
DELIMITER $$
CREATE TRIGGER `u_s_a_orders_refund_d` AFTER DELETE ON `order_refunds_order_details` FOR EACH ROW BEGIN
CALL  MinusQuantity(OLD.WarehouseID,OLD.ProductID,OLD.quantity,-1);
END
$$
DELIMITER ;
DROP TRIGGER IF EXISTS `u_s_a_orders_refund_e`;
DELIMITER $$
CREATE TRIGGER `u_s_a_orders_refund_e` AFTER UPDATE ON `order_refunds_order_details` FOR EACH ROW BEGIN
IF OLD.WarehouseID <> NEW.WarehouseID OR OLD.ProductID <> NEW.ProductID THEN CALL MinusQuantity(OLD.WarehouseID,OLD.ProductID,OLD.quantity,-1);CALL  PlusQuantity(NEW.WarehouseID,NEW.ProductID,NEW.quantity,-1);
ELSE
CALL  PlusQuantity(NEW.WarehouseID,NEW.ProductID,NEW.quantity,OLD.quantity);
END IF;
END
$$
DELIMITER ;
INSERT  INTO `order_refunds_order_details` (`iD`, `OrderRefundID`, `ProductID`, `OrderID`, `OrderDetailsID`, `WarehouseID`, `quantity`, `comments`) VALUES
(1, 1, 1422, 123, 261, 1, 600, NULL),
(2, 2, 1419, 122, 259, 1, 30, NULL),
(3, 3, 1704, 150, 347, 1, 27, NULL),
(4, 4, 2094, 490, 1182, 1, 300, NULL),
(5, 5, 2124, 610, 1459, 1, 566, NULL),
(6, 5, 2124, 610, 1458, 1, 50, NULL),
(7, 6, 1405, 655, 1560, 1, 530, NULL),
(8, 7, 2402, 641, 1528, 1, 90, NULL),
(9, 8, 2460, 690, 1629, 1, 806, NULL),
(10, 9, 2314, 589, 1403, 1, 759, NULL),
(11, 9, 2314, 589, 1404, 1, 718, NULL),
(12, 10, 2523, 750, 1755, 1, 1190, NULL),
(13, 11, 1405, 776, 1789, 1, 100, NULL),
(14, 12, 2544, 805, 1833, 1, 300, NULL),
(15, 13, 2314, 803, 1829, 1, 350, NULL),
(16, 14, 1402, 772, 1785, 1, 32, NULL),
(17, 15, 2073, 780, 1794, 1, 3566, NULL),
(18, 15, 2074, 780, 1795, 1, 2063, NULL),
(19, 15, 2075, 780, 1796, 1, 2179, NULL);



-- --------------------------------------------------------

--
-- Stand-in structure for view `pending_cut_requests`
-- (See below for the actual view)
--
DROP VIEW IF EXISTS `pending_cut_requests`;
CREATE TABLE `pending_cut_requests` (
`ProductID` int(11)
,`CutRequestID` int(11)
,`CustomerID` int(11)
,`EmployeeID` int(11)
,`date` datetime
,`quantity` double
);

-- --------------------------------------------------------

--
-- Stand-in structure for view `pending_reservation_invoice`
-- (See below for the actual view)
--
DROP VIEW IF EXISTS `pending_reservation_invoice`;
CREATE TABLE `pending_reservation_invoice` (
`ProductID` int(11)
,`ReservationID` int(11)
,`CustomerID` int(11)
,`quantity` double
,`termsDate` datetime
);

-- --------------------------------------------------------

--
-- Table structure for table `permissions_levels`
--

DROP TABLE IF EXISTS `permissions_levels`;
CREATE TABLE `permissions_levels` (
  `iD` smallint(6) NOT NULL,
  `userlevelid` int(11) NOT NULL,
  `table_name` varchar(50) NOT NULL,
  `print` tinyint(1) NOT NULL DEFAULT 0,
  `notification` tinyint(1) NOT NULL DEFAULT 0,
  `list` tinyint(1) NOT NULL DEFAULT 0,
  `view` tinyint(1) NOT NULL DEFAULT 0,
  `add` tinyint(1) NOT NULL DEFAULT 0,
  `edit` tinyint(1) NOT NULL DEFAULT 0,
  `delete_action` tinyint(1) NOT NULL DEFAULT 0
) ENGINE=InnoDB DEFAULT CHARSET=utf8 COLLATE=utf8_general_ci;

--
-- Dumping data for table `permissions_levels`
--

INSERT  INTO `permissions_levels` (`iD`, `userlevelid`, `table_name`, `print`, `notification`, `list`, `view`, `add`, `edit`, `delete_action`) VALUES
(101, -2, 'action_exchange_rate', 1, 1, 1, 1, 1, 1, 1),
(102, -2, 'action_block', 1, 1, 1, 1, 1, 1, 1),
(103, -2, 'action_transfer_account', 1, 1, 1, 1, 1, 1, 1),
(104, -2, 'action_notification', 1, 1, 1, 1, 1, 1, 1),
(105, -2, 'action_change_customers_password', 1, 1, 1, 1, 1, 1, 1),
(106, -2, 'text_customers_password', 1, 1, 1, 1, 1, 1, 1),
(107, -2, 'text_transaction_added_by', 1, 1, 1, 1, 1, 1, 1),
(108, -2, 'text_prices_for_customer', 1, 1, 1, 1, 1, 1, 1),
(109, -2, 'text_products_notes', 1, 1, 1, 1, 1, 1, 1),
(110, -2, 'text_purchase_price', 1, 1, 1, 1, 1, 1, 1),
(111, -2, 'text_balance_due', 1, 1, 1, 1, 1, 1, 1),
(112, -2, 'text_balance_due_today', 1, 1, 1, 1, 1, 1, 1),
(113, -2, 'list_product_movement', 1, 1, 1, 1, 1, 1, 1),
(114, -2, 'list_customers_balances', 1, 1, 1, 1, 1, 1, 1),
(115, -2, 'list_block', 1, 1, 1, 1, 1, 1, 1),
(116, -2, 'list_fund', 1, 1, 1, 1, 1, 1, 1),
(117, -2, 'list_dashboard', 1, 1, 1, 1, 1, 1, 1),
(118, -2, 'list_sales', 1, 1, 1, 1, 1, 1, 1),
(119, -2, 'list_profit_loses', 1, 1, 1, 1, 1, 1, 1),
(120, -2, 'account_names', 1, 1, 1, 1, 1, 1, 1),
(121, -2, 'account_names_types', 1, 1, 1, 1, 1, 1, 1),
(122, -2, 'audittrail', 1, 1, 1, 1, 1, 1, 1),
(123, -2, 'countries', 1, 1, 1, 1, 1, 1, 1),
(124, -2, 'countries_manufactures', 1, 1, 1, 1, 1, 1, 1),
(125, -2, 'credits', 1, 1, 1, 1, 1, 1, 1),
(126, -2, 'currency', 1, 1, 1, 1, 1, 1, 1),
(127, -2, 'customers', 1, 1, 1, 1, 1, 1, 1),
(128, -2, 'customers_balances', 1, 1, 1, 1, 1, 1, 1),
(129, -2, 'customs_declarations', 1, 1, 1, 1, 1, 1, 1),
(130, -2, 'customs_declarations_images', 1, 1, 1, 1, 1, 1, 1),
(131, -2, 'cut_request_results', 1, 1, 1, 1, 1, 1, 1),
(132, -2, 'cut_requests', 1, 1, 1, 1, 1, 1, 1),
(133, -2, 'dealers', 1, 1, 1, 1, 1, 1, 1),
(134, -2, 'debits', 1, 1, 1, 1, 1, 1, 1),
(135, -2, 'employees', 1, 1, 1, 1, 1, 1, 1),
(136, -2, 'equalities', 1, 1, 1, 1, 1, 1, 1),
(137, -2, 'equality_credits', 1, 1, 1, 1, 1, 1, 1),
(138, -2, 'equality_debits', 1, 1, 1, 1, 1, 1, 1),
(139, -2, 'extended_order_refund', 1, 1, 1, 1, 1, 1, 1),
(140, -2, 'extended_orders', 1, 1, 1, 1, 1, 1, 1),
(141, -2, 'extended_products_inputs', 1, 1, 1, 1, 1, 1, 1),
(142, -2, 'extended_products_outputs', 1, 1, 1, 1, 1, 1, 1),
(143, -2, 'extended_purchases', 1, 1, 1, 1, 1, 1, 1),
(144, -2, 'extended_purchases_refund', 1, 1, 1, 1, 1, 1, 1),
(145, -2, 'extended_transfers', 1, 1, 1, 1, 1, 1, 1),
(146, -2, 'fund_balance', 1, 1, 1, 1, 1, 1, 1),
(147, -2, 'grades', 1, 1, 1, 1, 1, 1, 1),
(148, -2, 'gsms', 1, 1, 1, 1, 1, 1, 1),
(149, -2, 'incomes', 1, 1, 1, 1, 1, 1, 1),
(150, -2, 'inventory_input', 1, 1, 1, 1, 1, 1, 1),
(151, -2, 'inventory_orders', 1, 1, 1, 1, 1, 1, 1),
(152, -2, 'inventory_orders_refund', 1, 1, 1, 1, 1, 1, 1),
(153, -2, 'inventory_output', 1, 1, 1, 1, 1, 1, 1),
(154, -2, 'inventory_products', 1, 1, 1, 1, 1, 1, 1),
(155, -2, 'inventory_purchases', 1, 1, 1, 1, 1, 1, 1),
(156, -2, 'inventory_purchases_refund', 1, 1, 1, 1, 1, 1, 1),
(157, -2, 'inventory_total_input', 1, 1, 1, 1, 1, 1, 1),
(158, -2, 'inventory_total_output', 1, 1, 1, 1, 1, 1, 1),
(159, -2, 'inventory_transfer_from', 1, 1, 1, 1, 1, 1, 1),
(160, -2, 'inventory_transfer_to', 1, 1, 1, 1, 1, 1, 1),
(161, -2, 'journal_voucher', 1, 1, 1, 1, 1, 1, 1),
(162, -2, 'manufactures', 1, 1, 1, 1, 1, 1, 1),
(163, -2, 'order_refunds_order_details', 1, 1, 1, 1, 1, 1, 1),
(164, -2, 'orders', 1, 1, 1, 1, 1, 1, 1),
(165, -2, 'orders_details', 1, 1, 1, 1, 1, 1, 1),
(166, -2, 'orders_refunds', 1, 1, 1, 1, 1, 1, 1),
(167, -2, 'permissions_levels', 1, 1, 1, 1, 1, 1, 1),
(168, -2, 'phones', 1, 1, 1, 1, 1, 1, 1),
(169, -2, 'phpgen_user_perms', 1, 1, 1, 1, 1, 1, 1),
(170, -2, 'products', 1, 1, 1, 1, 1, 1, 1),
(171, -2, 'products_all_view', 1, 1, 1, 1, 1, 1, 1),
(172, -2, 'products_inputs', 1, 1, 1, 1, 1, 1, 1),
(173, -2, 'products_inputs_details', 1, 1, 1, 1, 1, 1, 1),
(174, -2, 'products_outputs', 1, 1, 1, 1, 1, 1, 1),
(175, -2, 'products_outputs_details', 1, 1, 1, 1, 1, 1, 1),
(176, -2, 'products_prices', 1, 1, 1, 1, 1, 1, 1),
(177, -2, 'products_search_view', 1, 1, 1, 1, 1, 1, 1),
(178, -2, 'products_types', 1, 1, 1, 1, 1, 1, 1),
(179, -2, 'products_web_view', 1, 1, 1, 1, 1, 1, 1),
(180, -2, 'products_web_view_reels', 1, 1, 1, 1, 1, 1, 1),
(181, -2, 'purchases', 1, 1, 1, 1, 1, 1, 1),
(182, -2, 'purchases_details', 1, 1, 1, 1, 1, 1, 1),
(183, -2, 'purchases_refunds', 1, 1, 1, 1, 1, 1, 1),
(184, -2, 'purchases_refunds_purchases_details', 1, 1, 1, 1, 1, 1, 1),
(185, -2, 'qualities', 1, 1, 1, 1, 1, 1, 1),
(186, -2, 'sales', 1, 1, 1, 1, 1, 1, 1),
(187, -2, 'setting', 1, 1, 1, 1, 1, 1, 1),
(188, -2, 'sizes', 1, 1, 1, 1, 1, 1, 1),
(189, -2, 'sizes_cut_requests', 1, 1, 1, 1, 1, 1, 1),
(190, -2, 'spendings', 1, 1, 1, 1, 1, 1, 1),
(191, -2, 'spendings_orders', 1, 1, 1, 1, 1, 1, 1),
(192, -2, 'spendings_transfers', 1, 1, 1, 1, 1, 1, 1),
(193, -2, 'syp_exchange_rate', 1, 1, 1, 1, 1, 1, 1),
(194, -2, 'transfers', 1, 1, 1, 1, 1, 1, 1),
(195, -2, 'transfers_details', 1, 1, 1, 1, 1, 1, 1),
(196, -2, 'userlevels', 1, 1, 1, 1, 1, 1, 1),
(197, -2, 'warehouse', 1, 1, 1, 1, 1, 1, 1),
(198, -2, 'warehouse_employees', 1, 1, 1, 1, 1, 1, 1),
(199, -2, 'wasted_products', 1, 1, 1, 1, 1, 1, 1),
(200, -3, 'action_exchange_rate', 1, 1, 1, 1, 0, 0, 0),
(201, -3, 'action_block', 1, 1, 1, 1, 0, 0, 0),
(202, -3, 'action_transfer_account', 1, 1, 1, 1, 0, 0, 0),
(203, -3, 'action_notification', 1, 1, 1, 1, 0, 0, 0),
(204, -3, 'action_change_customers_password', 1, 1, 1, 1, 0, 0, 0),
(205, -3, 'text_customers_password', 1, 1, 1, 1, 0, 0, 0),
(206, -3, 'text_transaction_added_by', 1, 1, 1, 1, 0, 0, 0),
(207, -3, 'text_prices_for_customer', 1, 1, 1, 1, 0, 0, 0),
(208, -3, 'text_products_notes', 1, 1, 1, 1, 0, 0, 0),
(209, -3, 'text_purchase_price', 1, 1, 1, 1, 0, 0, 0),
(210, -3, 'text_balance_due', 1, 1, 1, 1, 0, 0, 0),
(211, -3, 'text_balance_due_today', 1, 1, 1, 1, 0, 0, 0),
(212, -3, 'list_product_movement', 1, 1, 1, 1, 0, 0, 0),
(213, -3, 'list_customers_balances', 1, 1, 1, 1, 0, 0, 0),
(214, -3, 'list_block', 1, 1, 1, 1, 0, 0, 0),
(215, -3, 'list_fund', 1, 1, 1, 1, 0, 0, 0),
(216, -3, 'list_dashboard', 1, 1, 1, 1, 0, 0, 0),
(217, -3, 'list_sales', 1, 1, 1, 1, 0, 0, 0),
(218, -3, 'list_profit_loses', 1, 1, 1, 1, 0, 0, 0),
(219, -3, 'account_names', 1, 1, 1, 1, 0, 0, 0),
(220, -3, 'account_names_types', 1, 1, 1, 1, 0, 0, 0),
(221, -3, 'audittrail', 1, 1, 1, 1, 0, 0, 0),
(222, -3, 'countries', 1, 1, 1, 1, 0, 0, 0),
(223, -3, 'countries_manufactures', 1, 1, 1, 1, 0, 0, 0),
(224, -3, 'credits', 1, 1, 1, 1, 0, 0, 0),
(225, -3, 'currency', 1, 1, 1, 1, 0, 0, 0),
(226, -3, 'customers', 1, 1, 1, 1, 0, 0, 0),
(227, -3, 'customers_balances', 1, 1, 1, 1, 0, 0, 0),
(228, -3, 'customs_declarations', 1, 1, 1, 1, 0, 0, 0),
(229, -3, 'customs_declarations_images', 1, 1, 1, 1, 0, 0, 0),
(230, -3, 'cut_request_results', 1, 1, 1, 1, 0, 0, 0),
(231, -3, 'cut_requests', 1, 1, 1, 1, 0, 0, 0),
(232, -3, 'dealers', 1, 1, 1, 1, 0, 0, 0),
(233, -3, 'debits', 1, 1, 1, 1, 0, 0, 0),
(234, -3, 'employees', 1, 1, 1, 1, 0, 0, 0),
(235, -3, 'equalities', 1, 1, 1, 1, 0, 0, 0),
(236, -3, 'equality_credits', 1, 1, 1, 1, 0, 0, 0),
(237, -3, 'equality_debits', 1, 1, 1, 1, 0, 0, 0),
(238, -3, 'extended_order_refund', 1, 1, 1, 1, 0, 0, 0),
(239, -3, 'extended_orders', 1, 1, 1, 1, 0, 0, 0),
(240, -3, 'extended_products_inputs', 1, 1, 1, 1, 0, 0, 0),
(241, -3, 'extended_products_outputs', 1, 1, 1, 1, 0, 0, 0),
(242, -3, 'extended_purchases', 1, 1, 1, 1, 0, 0, 0),
(243, -3, 'extended_purchases_refund', 1, 1, 1, 1, 0, 0, 0),
(244, -3, 'extended_transfers', 1, 1, 1, 1, 0, 0, 0),
(245, -3, 'fund_balance', 1, 1, 1, 1, 0, 0, 0),
(246, -3, 'grades', 1, 1, 1, 1, 0, 0, 0),
(247, -3, 'gsms', 1, 1, 1, 1, 0, 0, 0),
(248, -3, 'incomes', 1, 1, 1, 1, 0, 0, 0),
(249, -3, 'inventory_input', 1, 1, 1, 1, 0, 0, 0),
(250, -3, 'inventory_orders', 1, 1, 1, 1, 0, 0, 0),
(251, -3, 'inventory_orders_refund', 1, 1, 1, 1, 0, 0, 0),
(252, -3, 'inventory_output', 1, 1, 1, 1, 0, 0, 0),
(253, -3, 'inventory_products', 1, 1, 1, 1, 0, 0, 0),
(254, -3, 'inventory_purchases', 1, 1, 1, 1, 0, 0, 0),
(255, -3, 'inventory_purchases_refund', 1, 1, 1, 1, 0, 0, 0),
(256, -3, 'inventory_total_input', 1, 1, 1, 1, 0, 0, 0),
(257, -3, 'inventory_total_output', 1, 1, 1, 1, 0, 0, 0),
(258, -3, 'inventory_transfer_from', 1, 1, 1, 1, 0, 0, 0),
(259, -3, 'inventory_transfer_to', 1, 1, 1, 1, 0, 0, 0),
(260, -3, 'journal_voucher', 1, 1, 1, 1, 0, 0, 0),
(261, -3, 'manufactures', 1, 1, 1, 1, 0, 0, 0),
(262, -3, 'order_refunds_order_details', 1, 1, 1, 1, 0, 0, 0),
(263, -3, 'orders', 1, 1, 1, 1, 0, 0, 0),
(264, -3, 'orders_details', 1, 1, 1, 1, 0, 0, 0),
(265, -3, 'orders_refunds', 1, 1, 1, 1, 0, 0, 0),
(266, -3, 'permissions_levels', 0, 0, 0, 0, 0, 0, 0),
(267, -3, 'phones', 1, 1, 1, 1, 0, 0, 0),
(268, -3, 'phpgen_user_perms', 1, 1, 1, 1, 0, 0, 0),
(269, -3, 'products', 1, 1, 1, 1, 0, 0, 0),
(270, -3, 'products_all_view', 1, 1, 1, 1, 0, 0, 0),
(271, -3, 'products_inputs', 1, 1, 1, 1, 0, 0, 0),
(272, -3, 'products_inputs_details', 1, 1, 1, 1, 0, 0, 0),
(273, -3, 'products_outputs', 1, 1, 1, 1, 0, 0, 0),
(274, -3, 'products_outputs_details', 1, 1, 1, 1, 0, 0, 0),
(275, -3, 'products_prices', 1, 1, 1, 1, 0, 0, 0),
(276, -3, 'products_search_view', 1, 1, 1, 1, 0, 0, 0),
(277, -3, 'products_types', 1, 1, 1, 1, 0, 0, 0),
(278, -3, 'products_web_view', 1, 1, 1, 1, 0, 0, 0),
(279, -3, 'products_web_view_reels', 1, 1, 1, 1, 0, 0, 0),
(280, -3, 'purchases', 1, 1, 1, 1, 0, 0, 0),
(281, -3, 'purchases_details', 1, 1, 1, 1, 0, 0, 0),
(282, -3, 'purchases_refunds', 1, 1, 1, 1, 0, 0, 0),
(283, -3, 'purchases_refunds_purchases_details', 1, 1, 1, 1, 0, 0, 0),
(284, -3, 'qualities', 1, 1, 1, 1, 0, 0, 0),
(285, -3, 'sales', 1, 1, 1, 1, 0, 0, 0),
(286, -3, 'setting', 1, 1, 1, 1, 0, 0, 0),
(287, -3, 'sizes', 1, 1, 1, 1, 0, 0, 0),
(288, -3, 'sizes_cut_requests', 1, 1, 1, 1, 0, 0, 0),
(289, -3, 'spendings', 1, 1, 1, 1, 0, 0, 0),
(290, -3, 'spendings_orders', 1, 1, 1, 1, 0, 0, 0),
(291, -3, 'spendings_transfers', 1, 1, 1, 1, 0, 0, 0),
(292, -3, 'syp_exchange_rate', 1, 1, 1, 1, 0, 0, 0),
(293, -3, 'transfers', 1, 1, 1, 1, 0, 0, 0),
(294, -3, 'transfers_details', 1, 1, 1, 1, 0, 0, 0),
(295, -3, 'userlevels', 0, 0, 0, 0, 0, 0, 0),
(296, -3, 'warehouse', 1, 1, 1, 1, 0, 0, 0),
(297, -3, 'warehouse_employees', 1, 1, 1, 1, 0, 0, 0),
(298, -3, 'wasted_products', 1, 1, 1, 1, 0, 0, 0),
(299, -6, 'action_exchange_rate', 0, 0, 0, 0, 0, 0, 0),
(300, -6, 'action_block', 0, 0, 0, 0, 0, 0, 0),
(301, -6, 'action_transfer_account', 0, 0, 0, 0, 0, 0, 0),
(302, -6, 'action_notification', 0, 0, 0, 0, 0, 0, 0),
(303, -6, 'action_change_customers_password', 0, 0, 0, 0, 0, 0, 0),
(304, -6, 'text_customers_password', 0, 0, 0, 0, 0, 0, 0),
(305, -6, 'text_transaction_added_by', 0, 0, 0, 0, 0, 0, 0),
(306, -6, 'text_prices_for_customer', 0, 0, 0, 0, 0, 0, 0),
(307, -6, 'text_products_notes', 0, 0, 0, 0, 0, 0, 0),
(308, -6, 'text_purchase_price', 0, 0, 0, 0, 0, 0, 0),
(309, -6, 'text_balance_due', 0, 0, 0, 0, 0, 0, 0),
(310, -6, 'text_balance_due_today', 0, 0, 0, 0, 0, 0, 0),
(311, -6, 'text_balance_due_previous', 0, 0, 0, 0, 0, 0, 0),
(312, -6, 'list_products_movement', 0, 0, 1, 1, 0, 0, 0),
(313, -6, 'list_customers_balances', 0, 0, 0, 0, 0, 0, 0),
(314, -6, 'list_block', 0, 0, 0, 0, 0, 0, 0),
(315, -6, 'list_fund', 0, 0, 0, 0, 0, 0, 0),
(316, -6, 'list_dashboard', 0, 0, 0, 0, 0, 0, 0),
(317, -6, 'list_sales', 0, 0, 0, 0, 0, 0, 0),
(318, -6, 'list_profit_loses', 0, 0, 0, 0, 0, 0, 0),
(319, -6, 'list_products_movements', 0, 0, 1, 1, 0, 0, 0),
(320, -6, 'account_names', 0, 0, 0, 0, 0, 0, 0),
(321, -6, 'account_names_types', 0, 0, 0, 0, 0, 0, 0),
(322, -6, 'audittrail', 0, 0, 0, 0, 0, 0, 0),
(323, -6, 'countries', 0, 0, 0, 0, 0, 0, 0),
(324, -6, 'countries_manufactures', 0, 0, 0, 0, 0, 0, 0),
(325, -6, 'credits', 0, 0, 0, 1, 1, 1, 1),
(326, -6, 'currency', 0, 0, 0, 0, 0, 0, 0),
(327, -6, 'customers', 0, 0, 1, 1, 1, 1, 1),
(328, -6, 'customers_balances', 0, 0, 0, 0, 0, 0, 0),
(329, -6, 'customers_contacts', 0, 0, 0, 0, 0, 0, 0),
(330, -6, 'customs_declarations', 1, 1, 1, 1, 1, 1, 1),
(331, -6, 'customs_declarations_images', 1, 1, 1, 1, 1, 1, 1),
(332, -6, 'cut_request_results', 1, 1, 1, 1, 1, 1, 1),
(333, -6, 'cut_requests', 1, 1, 1, 1, 1, 1, 1),
(334, -6, 'dealers', 0, 0, 0, 0, 0, 0, 0),
(335, -6, 'debits', 0, 0, 0, 1, 1, 1, 1),
(336, -6, 'employees', 0, 0, 1, 1, 0, 0, 0),
(337, -6, 'equalities', 0, 0, 0, 0, 0, 0, 0),
(338, -6, 'equality_credits', 0, 0, 0, 0, 0, 0, 0),
(339, -6, 'equality_debits', 0, 0, 0, 0, 0, 0, 0),
(340, -6, 'equality_incomes', 0, 0, 0, 0, 0, 0, 0),
(341, -6, 'equality_spendings', 0, 0, 0, 0, 0, 0, 0),
(342, -6, 'extended_order_refund', 0, 0, 0, 0, 0, 0, 0),
(343, -6, 'extended_orders', 0, 0, 0, 0, 0, 0, 0),
(344, -6, 'extended_products_inputs', 0, 0, 0, 0, 0, 0, 0),
(345, -6, 'extended_products_outputs', 0, 0, 0, 0, 0, 0, 0),
(346, -6, 'extended_purchases', 0, 0, 0, 0, 0, 0, 0),
(347, -6, 'extended_purchases_refund', 0, 0, 0, 0, 0, 0, 0),
(348, -6, 'extended_transfers', 0, 0, 0, 0, 0, 0, 0),
(349, -6, 'fund_balance', 0, 0, 0, 0, 0, 0, 0),
(350, -6, 'grades', 0, 0, 0, 0, 0, 0, 0),
(351, -6, 'gsms', 0, 0, 0, 0, 0, 0, 0),
(352, -6, 'incomes', 0, 0, 0, 1, 1, 1, 1),
(353, -6, 'inventory_input', 0, 0, 0, 0, 0, 0, 0),
(354, -6, 'inventory_orders', 0, 0, 0, 0, 0, 0, 0),
(355, -6, 'inventory_orders_refund', 0, 0, 0, 0, 0, 0, 0),
(356, -6, 'inventory_output', 0, 0, 0, 0, 0, 0, 0),
(357, -6, 'inventory_products', 0, 0, 0, 0, 0, 0, 0),
(358, -6, 'inventory_purchases', 0, 0, 0, 0, 0, 0, 0),
(359, -6, 'inventory_purchases_refund', 0, 0, 0, 0, 0, 0, 0),
(360, -6, 'inventory_total_input', 0, 0, 0, 0, 0, 0, 0),
(361, -6, 'inventory_total_output', 0, 0, 0, 0, 0, 0, 0),
(362, -6, 'inventory_transfer_from', 0, 0, 0, 0, 0, 0, 0),
(363, -6, 'inventory_transfer_to', 0, 0, 0, 0, 0, 0, 0),
(364, -6, 'journal_voucher', 0, 0, 0, 0, 0, 0, 0),
(365, -6, 'manufactures', 0, 0, 0, 0, 0, 0, 0),
(366, -6, 'order_refunds_order_details', 0, 0, 0, 0, 0, 0, 0),
(367, -6, 'orders', 1, 1, 1, 1, 1, 1, 1),
(368, -6, 'orders_details', 1, 1, 1, 1, 1, 1, 1),
(369, -6, 'orders_refunds', 1, 1, 1, 1, 1, 1, 1),
(370, -6, 'pending_cut_requests', 0, 0, 0, 0, 0, 0, 0),
(371, -6, 'permissions_levels', 0, 0, 0, 0, 0, 0, 0),
(372, -6, 'phones', 0, 0, 0, 0, 0, 0, 0),
(373, -6, 'phpgen_user_perms', 0, 0, 0, 0, 0, 0, 0),
(374, -6, 'products', 1, 1, 1, 1, 0, 1, 0),
(375, -6, 'products_all_view', 0, 0, 0, 0, 0, 0, 0),
(376, -6, 'products_inputs', 0, 0, 0, 0, 0, 0, 0),
(377, -6, 'products_inputs_details', 0, 0, 0, 1, 1, 1, 0),
(378, -6, 'products_outputs', 0, 0, 0, 0, 0, 0, 0),
(379, -6, 'products_outputs_details', 0, 0, 0, 0, 0, 0, 0),
(380, -6, 'products_prices', 0, 0, 0, 0, 0, 0, 0),
(381, -6, 'products_search_view', 0, 0, 0, 0, 0, 0, 0),
(382, -6, 'products_types', 0, 0, 0, 0, 0, 0, 0),
(383, -6, 'products_web_view', 0, 0, 0, 0, 0, 0, 0),
(384, -6, 'products_web_view_reels', 0, 0, 0, 0, 0, 0, 0),
(385, -6, 'profits_cut_requests_products', 0, 0, 0, 0, 0, 0, 0),
(386, -6, 'purchases', 0, 0, 0, 0, 0, 0, 0),
(387, -6, 'purchases_details', 0, 0, 0, 0, 0, 0, 0),
(388, -6, 'purchases_refunds', 0, 0, 0, 0, 0, 0, 0),
(389, -6, 'purchases_refunds_purchases_details', 0, 0, 0, 0, 0, 0, 0),
(390, -6, 'qualities', 0, 0, 0, 0, 0, 0, 0),
(391, -6, 'sales', 0, 0, 0, 0, 0, 0, 0),
(392, -6, 'setting', 0, 0, 0, 0, 0, 0, 0),
(393, -6, 'sizes', 0, 0, 0, 0, 0, 0, 0),
(394, -6, 'sizes_cut_requests', 0, 0, 1, 1, 1, 1, 1),
(395, -6, 'spendings', 0, 0, 0, 1, 1, 1, 1),
(396, -6, 'spendings_orders', 0, 0, 0, 0, 0, 0, 0),
(397, -6, 'spendings_transfers', 0, 0, 0, 0, 0, 0, 0),
(398, -6, 'syp_exchange_rate', 0, 0, 0, 0, 0, 0, 0),
(399, -6, 'transfers', 0, 0, 0, 0, 0, 0, 0),
(400, -6, 'transfers_details', 0, 0, 0, 0, 0, 0, 0),
(401, -6, 'userlevels', 0, 0, 0, 0, 0, 0, 0),
(402, -6, 'warehouse', 0, 0, 0, 1, 1, 1, 1),
(403, -6, 'warehouse_employees', 0, 0, 0, 0, 0, 0, 0),
(404, -6, 'wasted_cut_requests_products', 0, 0, 0, 0, 0, 0, 0),
(405, -8, 'action_exchange_rate', 0, 0, 0, 0, 0, 0, 0),
(406, -8, 'action_block', 0, 0, 0, 0, 0, 0, 0),
(407, -8, 'action_transfer_account', 0, 0, 0, 0, 0, 0, 0),
(408, -8, 'action_notification', 0, 0, 0, 0, 0, 0, 0),
(409, -8, 'action_change_customers_password', 0, 0, 0, 0, 0, 0, 0),
(410, -8, 'text_customers_password', 0, 0, 0, 0, 0, 0, 0),
(411, -8, 'text_customers_balances', 0, 0, 0, 0, 0, 0, 0),
(412, -8, 'text_transaction_added_by', 0, 0, 0, 0, 0, 0, 0),
(413, -8, 'text_prices_for_customer', 0, 0, 0, 0, 0, 0, 0),
(414, -8, 'text_products_notes', 0, 0, 0, 0, 0, 0, 0),
(415, -8, 'text_purchase_price', 0, 0, 0, 0, 0, 0, 0),
(416, -8, 'text_balance_due', 0, 0, 0, 0, 0, 0, 0),
(417, -8, 'text_balance_due_today', 0, 0, 0, 0, 0, 0, 0),
(418, -8, 'text_balance_due_previous', 0, 0, 0, 0, 0, 0, 0),
(419, -8, 'list_product_movement', 0, 0, 0, 0, 0, 0, 0),
(420, -8, 'list_customers_balances', 0, 0, 0, 0, 0, 0, 0),
(421, -8, 'list_block', 0, 0, 0, 0, 0, 0, 0),
(422, -8, 'list_fund', 0, 0, 0, 0, 0, 0, 0),
(423, -8, 'list_dashboard', 0, 0, 1, 1, 1, 1, 1),
(424, -8, 'list_sales', 0, 0, 0, 0, 0, 0, 0),
(425, -8, 'list_profit_loses', 0, 0, 0, 0, 0, 0, 0),
(426, -8, 'list_products_movements', 0, 0, 0, 0, 0, 0, 0),
(427, -8, 'account_names', 0, 0, 0, 0, 0, 0, 0),
(428, -8, 'account_names_types', 0, 0, 0, 0, 0, 0, 0),
(429, -8, 'audittrail', 0, 0, 0, 0, 0, 0, 0),
(430, -8, 'countries', 0, 0, 0, 0, 0, 0, 0),
(431, -8, 'countries_manufactures', 0, 0, 0, 0, 0, 0, 0),
(432, -8, 'credits', 0, 0, 0, 0, 0, 0, 0),
(433, -8, 'currency', 0, 0, 0, 0, 0, 0, 0),
(434, -8, 'customers', 0, 0, 0, 1, 0, 0, 0),
(435, -8, 'customers_balances', 0, 0, 0, 0, 0, 0, 0),
(436, -8, 'customers_contacts', 0, 0, 0, 0, 0, 0, 0),
(437, -8, 'customers_request_sizes', 0, 0, 0, 0, 0, 0, 0),
(438, -8, 'customers_request_sizes_details', 0, 0, 0, 0, 0, 0, 0),
(439, -8, 'customs_declarations', 0, 0, 0, 0, 0, 0, 0),
(440, -8, 'customs_declarations_images', 0, 0, 0, 0, 0, 0, 0),
(441, -8, 'cut_request_results', 0, 0, 0, 0, 0, 0, 0),
(442, -8, 'cut_requests', 0, 0, 1, 1, 0, 0, 0),
(443, -8, 'dealers', 0, 0, 0, 0, 0, 0, 0),
(444, -8, 'debits', 0, 0, 0, 0, 0, 0, 0),
(445, -8, 'employees', 0, 0, 1, 1, 0, 0, 0),
(446, -8, 'equalities', 0, 0, 0, 0, 0, 0, 0),
(447, -8, 'equality_credits', 0, 0, 0, 0, 0, 0, 0),
(448, -8, 'equality_debits', 0, 0, 0, 0, 0, 0, 0),
(449, -8, 'equality_incomes', 0, 0, 0, 0, 0, 0, 0),
(450, -8, 'equality_spendings', 0, 0, 0, 0, 0, 0, 0),
(451, -8, 'extended_order_refund', 0, 0, 0, 0, 0, 0, 0),
(452, -8, 'extended_orders', 0, 0, 0, 0, 0, 0, 0),
(453, -8, 'extended_products_inputs', 0, 0, 0, 0, 0, 0, 0),
(454, -8, 'extended_products_outputs', 0, 0, 0, 0, 0, 0, 0),
(455, -8, 'extended_purchases', 0, 0, 0, 0, 0, 0, 0),
(456, -8, 'extended_purchases_refund', 0, 0, 0, 0, 0, 0, 0),
(457, -8, 'extended_transfers', 0, 0, 0, 0, 0, 0, 0),
(458, -8, 'fund_balance', 0, 0, 0, 0, 0, 0, 0),
(459, -8, 'grades', 0, 0, 1, 1, 0, 0, 0),
(460, -8, 'gsms', 0, 0, 1, 1, 0, 0, 0),
(461, -8, 'incomes', 0, 0, 0, 0, 0, 0, 0),
(462, -8, 'inventory_input', 0, 0, 0, 0, 0, 0, 0),
(463, -8, 'inventory_orders', 0, 0, 0, 0, 0, 0, 0),
(464, -8, 'inventory_orders_refund', 0, 0, 0, 0, 0, 0, 0),
(465, -8, 'inventory_output', 0, 0, 0, 0, 0, 0, 0),
(466, -8, 'inventory_products', 0, 0, 0, 0, 0, 0, 0),
(467, -8, 'inventory_purchases', 0, 0, 0, 0, 0, 0, 0),
(468, -8, 'inventory_purchases_refund', 0, 0, 0, 0, 0, 0, 0),
(469, -8, 'inventory_total_input', 0, 0, 0, 0, 0, 0, 0),
(470, -8, 'inventory_total_output', 0, 0, 0, 0, 0, 0, 0),
(471, -8, 'inventory_transfer_from', 0, 0, 0, 0, 0, 0, 0),
(472, -8, 'inventory_transfer_to', 0, 0, 0, 0, 0, 0, 0),
(473, -8, 'journal_voucher', 0, 0, 0, 0, 0, 0, 0),
(474, -8, 'manufactures', 0, 0, 0, 0, 0, 0, 0),
(475, -8, 'order_refunds_order_details', 0, 0, 0, 0, 0, 0, 0),
(476, -8, 'orders', 0, 0, 0, 0, 0, 0, 0),
(477, -8, 'orders_details', 0, 0, 0, 0, 0, 0, 0),
(478, -8, 'orders_refunds', 0, 0, 0, 0, 0, 0, 0),
(479, -8, 'pending_cut_requests', 0, 0, 0, 0, 0, 0, 0),
(480, -8, 'permissions_levels', 0, 0, 0, 0, 0, 0, 0),
(481, -8, 'phones', 0, 0, 0, 0, 0, 0, 0),
(482, -8, 'phpgen_user_perms', 0, 0, 0, 0, 0, 0, 0),
(483, -8, 'products', 0, 0, 1, 1, 0, 0, 0),
(484, -8, 'products_all_view', 0, 0, 0, 0, 0, 0, 0),
(485, -8, 'products_inputs', 0, 0, 0, 0, 0, 0, 0),
(486, -8, 'products_inputs_details', 0, 0, 0, 0, 0, 0, 0),
(487, -8, 'products_outputs', 0, 0, 0, 0, 0, 0, 0),
(488, -8, 'products_outputs_details', 0, 0, 0, 0, 0, 0, 0),
(489, -8, 'products_prices', 0, 0, 0, 0, 0, 0, 0),
(490, -8, 'products_search_view', 0, 0, 0, 0, 0, 0, 0),
(491, -8, 'products_types', 0, 0, 1, 1, 0, 0, 0),
(492, -8, 'products_web_view', 0, 0, 0, 0, 0, 0, 0),
(493, -8, 'products_web_view_reels', 0, 0, 0, 0, 0, 0, 0),
(494, -8, 'profits_cut_requests_products', 0, 0, 0, 0, 0, 0, 0),
(495, -8, 'purchases', 0, 0, 0, 0, 0, 0, 0),
(496, -8, 'purchases_details', 0, 0, 0, 0, 0, 0, 0),
(497, -8, 'purchases_refunds', 0, 0, 0, 0, 0, 0, 0),
(498, -8, 'purchases_refunds_purchases_details', 0, 0, 0, 0, 0, 0, 0),
(499, -8, 'qualities', 0, 0, 1, 1, 0, 0, 0),
(500, -8, 'sales', 0, 0, 0, 0, 0, 0, 0),
(501, -8, 'setting', 0, 0, 0, 0, 0, 0, 0),
(502, -8, 'sizes', 0, 0, 1, 1, 0, 0, 0),
(503, -8, 'sizes_cut_requests', 0, 0, 1, 1, 1, 0, 0),
(504, -8, 'spendings', 0, 0, 0, 0, 0, 0, 0),
(505, -8, 'spendings_orders', 0, 0, 0, 0, 0, 0, 0),
(506, -8, 'spendings_transfers', 0, 0, 0, 0, 0, 0, 0),
(507, -8, 'syp_exchange_rate', 0, 0, 0, 0, 0, 0, 0),
(508, -8, 'transfers', 0, 0, 0, 0, 0, 0, 0),
(509, -8, 'transfers_details', 0, 0, 0, 0, 0, 0, 0),
(510, -8, 'userlevels', 0, 0, 0, 0, 0, 0, 0),
(511, -8, 'warehouse', 0, 0, 1, 1, 0, 0, 0),
(512, -8, 'warehouse_employees', 0, 0, 0, 0, 0, 0, 0),
(513, -8, 'wasted_cut_requests_products', 0, 0, 0, 0, 0, 0, 0),
(515, 2, 'products', -1, 0, 1, 1, 0, 0, 0),
(516, -13, 'action_exchange_rate', 0, 0, 1, 1, 1, 1, 1),
(517, -13, 'action_block', 0, 0, 0, 0, 0, 0, 0),
(518, -13, 'action_transfer_account', 0, 0, 0, 0, 0, 0, 0),
(519, -13, 'action_notification', 0, 0, 0, 0, 0, 0, 0),
(520, -13, 'action_change_customers_password', 0, 0, 0, 0, 0, 0, 0),
(521, -13, 'text_customers_password', 0, 0, 0, 0, 0, 0, 0),
(522, -13, 'text_customers_balances', 1, 1, 1, 1, 1, 1, 0),
(523, -13, 'text_transaction_added_by', 0, 0, 0, 0, 0, 0, 0),
(524, -13, 'text_prices_for_customer', 0, 0, 0, 0, 0, 0, 0),
(525, -13, 'text_products_notes', 0, 0, 0, 0, 0, 0, 0),
(526, -13, 'text_purchase_price', 0, 0, 0, 0, 0, 0, 0),
(527, -13, 'text_balance_due', 1, 1, 1, 1, 1, 1, 1),
(528, -13, 'text_balance_due_today', 1, 1, 1, 1, 0, 0, 0),
(529, -13, 'text_balance_due_previous', 1, 1, 1, 1, 0, 0, 0),
(530, -13, 'list_product_movement', 0, 0, 0, 0, 0, 0, 0),
(531, -13, 'list_customers_balances', 1, 1, 1, 1, 0, 0, 0),
(532, -13, 'list_block', 0, 0, 0, 0, 0, 0, 0),
(533, -13, 'list_fund', 1, 1, 1, 1, 1, 1, 1),
(534, -13, 'list_dashboard', 1, 1, 1, 1, 1, 1, 1),
(535, -13, 'list_sales', 0, 0, 0, 0, 0, 0, 0),
(536, -13, 'list_profit_loses', 0, 0, 0, 0, 0, 0, 0),
(537, -13, 'list_products_movements', 0, 0, 0, 0, 0, 0, 0),
(538, -13, 'account_names', 1, 1, 1, 1, 1, 1, 1),
(539, -13, 'account_names_types', 1, 1, 1, 1, 1, 1, 1),
(540, -13, 'audittrail', 0, 0, 0, 0, 0, 0, 0),
(541, -13, 'countries', 0, 0, 0, 0, 0, 0, 0),
(542, -13, 'countries_manufactures', 0, 0, 0, 0, 0, 0, 0),
(543, -13, 'credits', 1, 1, 1, 1, 1, 1, 1),
(544, -13, 'currency', 1, 1, 1, 1, 1, 1, 1),
(545, -13, 'customers', 1, 1, 1, 1, 1, 1, 1),
(546, -13, 'customers_balances', 1, 1, 1, 1, 1, 1, 1),
(547, -13, 'customers_contacts', 0, 0, 0, 0, 0, 0, 0),
(548, -13, 'customers_request_sizes', 0, 0, 0, 0, 0, 0, 0),
(549, -13, 'customers_request_sizes_details', 0, 0, 0, 0, 0, 0, 0),
(550, -13, 'customs_declarations', 0, 0, 0, 0, 0, 0, 0),
(551, -13, 'customs_declarations_images', 0, 0, 0, 0, 0, 0, 0),
(552, -13, 'cut_request_results', 0, 0, 0, 0, 0, 0, 0),
(553, -13, 'cut_requests', 0, 1, 1, 1, 1, 1, 1),
(554, -13, 'dealers', 0, 0, 0, 0, 0, 0, 0),
(555, -13, 'debits', 1, 1, 1, 1, 1, 1, 1),
(556, -13, 'employees', 1, 0, 1, 1, 0, 0, 0),
(557, -13, 'equalities', 0, 0, 1, 1, 1, 1, 1),
(558, -13, 'equality_credits', 1, 1, 1, 1, 1, 1, 1),
(559, -13, 'equality_debits', 1, 1, 1, 1, 1, 1, 1),
(560, -13, 'equality_incomes', 1, 1, 1, 1, 1, 1, 1),
(561, -13, 'equality_spendings', 1, 1, 1, 1, 1, 1, 1),
(562, -13, 'extended_order_refund', 0, 0, 0, 0, 0, 0, 0),
(563, -13, 'extended_orders', 0, 0, 0, 0, 0, 0, 0),
(564, -13, 'extended_products_inputs', 0, 0, 0, 0, 0, 0, 0),
(565, -13, 'extended_products_outputs', 0, 0, 0, 0, 0, 0, 0),
(566, -13, 'extended_purchases', 0, 0, 0, 0, 0, 0, 0),
(567, -13, 'extended_purchases_refund', 0, 0, 0, 0, 0, 0, 0),
(568, -13, 'extended_reservation_invoice', 0, 0, 0, 0, 0, 0, 0),
(569, -13, 'extended_transfers', 0, 0, 0, 0, 0, 0, 0),
(570, -13, 'fund_balance', 0, 0, 0, 0, 0, 0, 0),
(571, -13, 'grades', 0, 0, 0, 0, 0, 0, 0),
(572, -13, 'gsms', 0, 0, 0, 0, 0, 0, 0),
(573, -13, 'incomes', 1, 1, 1, 1, 1, 1, 1),
(574, -13, 'inventory_input', 0, 0, 0, 0, 0, 0, 0),
(575, -13, 'inventory_orders', 0, 0, 0, 0, 0, 0, 0),
(576, -13, 'inventory_orders_refund', 0, 0, 0, 0, 0, 0, 0),
(577, -13, 'inventory_output', 0, 0, 0, 0, 0, 0, 0),
(578, -13, 'inventory_products', 0, 0, 0, 0, 0, 0, 0),
(579, -13, 'inventory_purchases', 0, 0, 0, 0, 0, 0, 0),
(580, -13, 'inventory_purchases_refund', 0, 0, 0, 0, 0, 0, 0),
(581, -13, 'inventory_total_input', 0, 0, 0, 0, 0, 0, 0),
(582, -13, 'inventory_total_output', 0, 0, 0, 0, 0, 0, 0),
(583, -13, 'inventory_transfer_from', 0, 0, 0, 0, 0, 0, 0),
(584, -13, 'inventory_transfer_to', 0, 0, 0, 0, 0, 0, 0),
(585, -13, 'journal_voucher', 1, 1, 1, 1, 1, 1, 1),
(586, -13, 'manufactures', 0, 0, 0, 0, 0, 0, 0),
(587, -13, 'order_refunds_order_details', 0, 0, 0, 0, 0, 0, 0),
(588, -13, 'orders', 1, 0, 1, 1, 0, 0, 0),
(589, -13, 'orders_details', 1, 0, 1, 1, 0, 0, 0),
(590, -13, 'orders_refunds', 0, 0, 0, 0, 0, 0, 0),
(591, -13, 'pending_cut_requests', 0, 0, 0, 0, 0, 0, 0),
(592, -13, 'pending_reservation_invoice', 0, 0, 0, 0, 0, 0, 0),
(593, -13, 'permissions_levels', 0, 0, 0, 0, 0, 0, 0),
(594, -13, 'phones', 0, 0, 0, 0, 0, 0, 0),
(595, -13, 'phpgen_user_perms', 0, 0, 0, 0, 0, 0, 0),
(596, -13, 'products', 0, 0, 1, 1, 0, 0, 0),
(597, -13, 'products_all_view', 0, 0, 0, 0, 0, 0, 0),
(598, -13, 'products_inputs', 0, 0, 0, 0, 0, 0, 0),
(599, -13, 'products_inputs_details', 0, 0, 0, 0, 0, 0, 0),
(600, -13, 'products_outputs', 0, 0, 0, 0, 0, 0, 0),
(601, -13, 'products_outputs_details', 0, 0, 0, 0, 0, 0, 0),
(602, -13, 'products_prices', 0, 0, 0, 0, 0, 0, 0),
(603, -13, 'products_search_view', 0, 0, 0, 0, 0, 0, 0),
(604, -13, 'products_types', 1, 1, 1, 0, 0, 0, 0),
(605, -13, 'products_web_view', 0, 0, 0, 0, 0, 0, 0),
(606, -13, 'products_web_view_reels', 0, 0, 0, 0, 0, 0, 0),
(607, -13, 'profits_cut_requests_products', 0, 0, 0, 0, 0, 0, 0),
(608, -13, 'purchases', 0, 0, 0, 0, 0, 0, 0),
(609, -13, 'purchases_details', 0, 0, 0, 0, 0, 0, 0),
(610, -13, 'purchases_refunds', 0, 0, 0, 0, 0, 0, 0),
(611, -13, 'purchases_refunds_purchases_details', 0, 0, 0, 0, 0, 0, 0),
(612, -13, 'qualities', 0, 0, 0, 0, 0, 0, 0),
(613, -13, 'reservation_invoice', 1, 1, 1, 1, 1, 1, 1),
(614, -13, 'reservation_invoice_details', 1, 1, 1, 1, 1, 1, 1),
(615, -13, 'sales', 0, 0, 0, 0, 0, 0, 0),
(616, -13, 'setting', 0, 0, 0, 0, 0, 0, 0),
(617, -13, 'sizes', 0, 0, 0, 0, 0, 0, 0),
(618, -13, 'sizes_cut_requests', 0, 1, 1, 1, 1, 1, 1),
(619, -13, 'spendings', 1, 1, 1, 1, 1, 1, 1),
(620, -13, 'spendings_transfers', 0, 0, 0, 0, 0, 0, 0),
(621, -13, 'syp_exchange_rate', 0, 0, 1, 1, 0, 0, 0),
(622, -13, 'transfers', 0, 0, 0, 0, 0, 0, 0),
(623, -13, 'transfers_details', 0, 0, 0, 0, 0, 0, 0),
(624, -13, 'userlevels', 0, 0, 0, 0, 0, 0, 0),
(625, -13, 'warehouse', 0, 0, 1, 1, 1, 1, 0),
(626, -13, 'warehouse_employees', 0, 0, 0, 0, 0, 0, 0),
(627, -13, 'wasted_cut_requests_products', 0, 0, 0, 0, 0, 0, 0),
(628, -12, 'action_exchange_rate', 0, 0, 0, 0, 0, 0, 0),
(629, -12, 'action_block', 0, 0, 0, 0, 0, 0, 0),
(630, -12, 'action_transfer_account', 0, 0, 0, 0, 0, 0, 0),
(631, -12, 'action_notification', 0, 0, 0, 0, 0, 0, 0),
(632, -12, 'action_change_customers_password', 0, 0, 0, 0, 0, 0, 0),
(633, -12, 'text_customers_password', 0, 0, 0, 0, 0, 0, 0),
(634, -12, 'text_customers_balances', 0, 0, 0, 0, 0, 0, 0),
(635, -12, 'text_transaction_added_by', 0, 0, 0, 0, 0, 0, 0),
(636, -12, 'text_prices_for_customer', 0, 0, 1, 1, 0, 0, 0),
(637, -12, 'text_products_notes', 0, 0, 0, 0, 0, 0, 0),
(638, -12, 'text_purchase_price', 0, 0, 0, 0, 0, 0, 0),
(639, -12, 'text_balance_due', 0, 0, 0, 0, 0, 0, 0),
(640, -12, 'text_balance_due_today', 0, 0, 0, 0, 0, 0, 0),
(641, -12, 'text_balance_due_previous', 0, 0, 0, 0, 0, 0, 0),
(642, -12, 'list_product_movement', 0, 0, 0, 0, 0, 0, 0),
(643, -12, 'list_customers_balances', 0, 0, 0, 0, 0, 0, 0),
(644, -12, 'list_block', 0, 0, 0, 0, 0, 0, 0),
(645, -12, 'list_fund', 0, 0, 0, 0, 0, 0, 0),
(646, -12, 'list_dashboard', 0, 0, 0, 0, 0, 0, 0),
(647, -12, 'list_sales', 0, 0, 0, 0, 0, 0, 0),
(648, -12, 'list_profit_loses', 0, 0, 0, 0, 0, 0, 0),
(649, -12, 'list_products_movements', 0, 0, 0, 0, 0, 0, 0),
(650, -12, 'account_names', 0, 0, 0, 0, 0, 0, 0),
(651, -12, 'account_names_types', 0, 0, 0, 0, 0, 0, 0),
(652, -12, 'audittrail', 0, 0, 0, 0, 0, 0, 0),
(653, -12, 'countries', 0, 0, 0, 0, 0, 0, 0),
(654, -12, 'countries_manufactures', 0, 0, 0, 0, 0, 0, 0),
(655, -12, 'credits', 0, 0, 0, 0, 0, 0, 0),
(656, -12, 'currency', 0, 0, 0, 0, 0, 0, 0),
(657, -12, 'customers', 0, 0, 1, 1, 0, 0, 0),
(658, -12, 'customers_balances', 0, 0, 0, 0, 0, 0, 0),
(659, -12, 'customers_contacts', 0, 0, 0, 0, 0, 0, 0),
(660, -12, 'customers_request_sizes', 0, 0, 0, 0, 0, 0, 0),
(661, -12, 'customers_request_sizes_details', 0, 0, 0, 0, 0, 0, 0),
(662, -12, 'customs_declarations', 0, 0, 0, 0, 0, 0, 0),
(663, -12, 'customs_declarations_images', 0, 0, 0, 0, 0, 0, 0),
(664, -12, 'cut_request_results', 0, 0, 0, 0, 0, 0, 0),
(665, -12, 'cut_requests', 0, 0, 0, 0, 0, 0, 0),
(666, -12, 'dealers', 0, 0, 0, 0, 0, 0, 0),
(667, -12, 'debits', 0, 0, 0, 0, 0, 0, 0),
(668, -12, 'employees', 0, 0, 1, 1, 0, 0, 0),
(669, -12, 'equalities', 0, 0, 0, 0, 0, 0, 0),
(670, -12, 'equality_credits', 0, 0, 0, 0, 0, 0, 0),
(671, -12, 'equality_debits', 0, 0, 0, 0, 0, 0, 0),
(672, -12, 'equality_incomes', 0, 0, 0, 0, 0, 0, 0),
(673, -12, 'equality_spendings', 0, 0, 0, 0, 0, 0, 0),
(674, -12, 'extended_order_refund', 0, 0, 0, 0, 0, 0, 0),
(675, -12, 'extended_orders', 0, 0, 0, 0, 0, 0, 0),
(676, -12, 'extended_products_inputs', 0, 0, 0, 0, 0, 0, 0),
(677, -12, 'extended_products_outputs', 0, 0, 0, 0, 0, 0, 0),
(678, -12, 'extended_purchases', 0, 0, 0, 0, 0, 0, 0),
(679, -12, 'extended_purchases_refund', 0, 0, 0, 0, 0, 0, 0),
(680, -12, 'extended_reservation_invoice', 0, 0, 0, 0, 0, 0, 0),
(681, -12, 'extended_transfers', 0, 0, 0, 0, 0, 0, 0),
(682, -12, 'fund_balance', 0, 0, 0, 0, 0, 0, 0),
(683, -12, 'grades', 0, 0, 1, 1, 0, 0, 0),
(684, -12, 'gsms', 0, 0, 1, 1, 0, 0, 0),
(685, -12, 'incomes', 0, 0, 0, 0, 0, 0, 0),
(686, -12, 'inventory_input', 0, 0, 0, 0, 0, 0, 0),
(687, -12, 'inventory_orders', 0, 0, 0, 0, 0, 0, 0),
(688, -12, 'inventory_orders_refund', 0, 0, 0, 0, 0, 0, 0),
(689, -12, 'inventory_output', 0, 0, 0, 0, 0, 0, 0),
(690, -12, 'inventory_products', 0, 0, 0, 0, 0, 0, 0),
(691, -12, 'inventory_purchases', 0, 0, 0, 0, 0, 0, 0),
(692, -12, 'inventory_purchases_refund', 0, 0, 0, 0, 0, 0, 0),
(693, -12, 'inventory_total_input', 0, 0, 0, 0, 0, 0, 0),
(694, -12, 'inventory_total_output', 0, 0, 0, 0, 0, 0, 0),
(695, -12, 'inventory_transfer_from', 0, 0, 0, 0, 0, 0, 0),
(696, -12, 'inventory_transfer_to', 0, 0, 0, 0, 0, 0, 0),
(697, -12, 'journal_voucher', 0, 0, 0, 0, 0, 0, 0),
(698, -12, 'manufactures', 0, 0, 0, 0, 0, 0, 0),
(699, -12, 'order_refunds_order_details', 0, 0, 0, 0, 0, 0, 0),
(700, -12, 'orders', 0, 0, 0, 0, 0, 0, 0),
(701, -12, 'orders_details', 0, 0, 0, 0, 0, 0, 0),
(702, -12, 'orders_refunds', 0, 0, 0, 0, 0, 0, 0),
(703, -12, 'pending_cut_requests', 0, 0, 0, 0, 0, 0, 0),
(704, -12, 'pending_reservation_invoice', 0, 0, 0, 0, 0, 0, 0),
(705, -12, 'permissions_levels', 0, 0, 0, 0, 0, 0, 0),
(706, -12, 'phones', 0, 0, 0, 0, 0, 0, 0),
(707, -12, 'phpgen_user_perms', 0, 0, 0, 0, 0, 0, 0),
(708, -12, 'products', 0, 0, 1, 1, 0, 0, 0),
(709, -12, 'products_all_view', 0, 0, 0, 0, 0, 0, 0),
(710, -12, 'products_inputs', 0, 0, 0, 0, 0, 0, 0),
(711, -12, 'products_inputs_details', 0, 0, 0, 0, 0, 0, 0),
(712, -12, 'products_outputs', 0, 0, 0, 0, 0, 0, 0),
(713, -12, 'products_outputs_details', 0, 0, 0, 0, 0, 0, 0),
(714, -12, 'products_prices', 0, 0, 0, 0, 0, 0, 0),
(715, -12, 'products_search_view', 0, 0, 0, 0, 0, 0, 0),
(716, -12, 'products_types', 0, 0, 1, 1, 0, 0, 0),
(717, -12, 'products_web_view', 0, 0, 0, 0, 0, 0, 0),
(718, -12, 'products_web_view_reels', 0, 0, 0, 0, 0, 0, 0),
(719, -12, 'profits_cut_requests_products', 0, 0, 0, 0, 0, 0, 0),
(720, -12, 'purchases', 0, 0, 0, 0, 0, 0, 0),
(721, -12, 'purchases_details', 0, 0, 0, 0, 0, 0, 0),
(722, -12, 'purchases_refunds', 0, 0, 0, 0, 0, 0, 0),
(723, -12, 'purchases_refunds_purchases_details', 0, 0, 0, 0, 0, 0, 0),
(724, -12, 'qualities', 0, 0, 1, 1, 0, 0, 0),
(725, -12, 'reservation_invoice', 0, 0, 0, 0, 0, 0, 0),
(726, -12, 'reservation_invoice_details', 0, 0, 0, 0, 0, 0, 0),
(727, -12, 'sales', 0, 0, 0, 0, 0, 0, 0),
(728, -12, 'setting', 0, 0, 0, 0, 0, 0, 0),
(729, -12, 'sizes', 0, 0, 1, 1, 0, 0, 0),
(730, -12, 'sizes_cut_requests', 0, 0, 1, 1, 0, 0, 0),
(731, -12, 'spendings', 0, 0, 0, 0, 0, 0, 0),
(732, -12, 'spendings_transfers', 0, 0, 0, 0, 0, 0, 0),
(733, -12, 'syp_exchange_rate', 0, 0, 0, 0, 0, 0, 0),
(734, -12, 'transfers', 0, 0, 0, 0, 0, 0, 0),
(735, -12, 'transfers_details', 0, 0, 0, 0, 0, 0, 0),
(736, -12, 'userlevels', 0, 0, 0, 0, 0, 0, 0),
(737, -12, 'warehouse', 0, 0, 1, 1, 0, 0, 0),
(738, -12, 'warehouse_employees', 0, 0, 0, 0, 0, 0, 0),
(739, -12, 'wasted_cut_requests_products', 0, 0, 0, 0, 0, 0, 0),
(740, -6, 'action_cut_request_change_quantity', 0, 0, 1, 1, 0, 0, 0),
(742, 0, 'action_exchange_rate', 0, 0, 0, 0, 0, 0, 0),
(743, 0, 'action_cut_request_scan_by_product', 0, 0, 0, 0, 0, 0, 0),
(744, 0, 'action_cut_request_change_quantity', 0, 0, 0, 0, 0, 0, 0),
(745, 0, 'text_purchase_price', 0, 0, 0, 0, 0, 0, 0),
(746, 0, 'action_block', 0, 0, 0, 0, 0, 0, 0),
(747, 0, 'action_transfer_account', 0, 0, 0, 0, 0, 0, 0),
(748, 0, 'action_notification', 0, 0, 0, 0, 0, 0, 0),
(749, 0, 'action_change_customers_password', 0, 0, 0, 0, 0, 0, 0),
(750, 0, 'text_customers_password', 0, 0, 0, 0, 0, 0, 0),
(751, 0, 'text_transaction_added_by', 0, 0, 0, 0, 0, 0, 0),
(752, 0, 'text_prices_for_customer', 0, 0, 0, 0, 0, 0, 0),
(753, 0, 'text_products_notes', 0, 0, 0, 0, 0, 0, 0),
(754, 0, 'text_balance_due', 0, 0, 0, 0, 0, 0, 0),
(755, 0, 'text_balance_due_today', 0, 0, 0, 0, 0, 0, 0),
(756, 0, 'list_product_movement', 0, 0, 0, 0, 0, 0, 0),
(757, 0, 'list_customers_balances', 0, 0, 0, 0, 0, 0, 0),
(758, 0, 'list_block', 0, 0, 0, 0, 0, 0, 0),
(759, 0, 'list_fund', 0, 0, 0, 0, 0, 0, 0),
(760, 0, 'list_dashboard', 0, 0, 0, 0, 0, 0, 0),
(761, 0, 'list_sales', 0, 0, 0, 0, 0, 0, 0),
(762, 0, 'list_profit_loses', 0, 0, 0, 0, 0, 0, 0),
(763, 0, 'list_products_movements', 0, 0, 0, 0, 0, 0, 0),
(764, 0, 'set_customs_declarations', 0, 0, 0, 0, 0, 0, 0),
(765, 0, 'add_from_importer', 0, 0, 0, 0, 0, 0, 0),
(766, 0, 'account_names', 0, 0, 0, 0, 0, 0, 0),
(767, 0, 'account_names_types', 0, 0, 0, 0, 0, 0, 0),
(768, 0, 'audittrail', 0, 0, 0, 0, 0, 0, 0),
(769, 0, 'countries', 0, 0, 0, 0, 0, 0, 0),
(770, 0, 'countries_manufactures', 0, 0, 0, 0, 0, 0, 0),
(771, 0, 'credits', 0, 0, 0, 0, 0, 0, 0),
(772, 0, 'currency', 0, 0, 0, 0, 0, 0, 0),
(773, 0, 'customers', 0, 0, 0, 0, 0, 0, 0),
(774, 0, 'customers_balances', 0, 0, 0, 0, 0, 0, 0),
(775, 0, 'customers_contacts', 0, 0, 0, 0, 0, 0, 0),
(776, 0, 'customers_request_sizes', 0, 0, 0, 0, 0, 0, 0),
(777, 0, 'customers_request_sizes_details', 0, 0, 0, 0, 0, 0, 0),
(778, 0, 'customs_declarations', 0, 0, 0, 0, 0, 0, 0),
(779, 0, 'customs_declarations_images', 0, 0, 0, 0, 0, 0, 0),
(780, 0, 'cut_request_results', 0, 0, 0, 0, 0, 0, 0),
(781, 0, 'cut_requests', 0, 0, 0, 0, 0, 0, 0),
(782, 0, 'dealers', 0, 0, 0, 0, 0, 0, 0),
(783, 0, 'debits', 0, 0, 0, 0, 0, 0, 0),
(784, 0, 'employees', 0, 0, 0, 0, 0, 0, 0),
(785, 0, 'equalities', 0, 0, 0, 0, 0, 0, 0),
(786, 0, 'equality_credits', 0, 0, 0, 0, 0, 0, 0),
(787, 0, 'equality_debits', 0, 0, 0, 0, 0, 0, 0),
(788, 0, 'equality_incomes', 0, 0, 0, 0, 0, 0, 0),
(789, 0, 'equality_spendings', 0, 0, 0, 0, 0, 0, 0),
(790, 0, 'extended_order_refund', 0, 0, 0, 0, 0, 0, 0),
(791, 0, 'extended_orders', 0, 0, 0, 0, 0, 0, 0),
(792, 0, 'extended_products_inputs', 0, 0, 0, 0, 0, 0, 0),
(793, 0, 'extended_products_outputs', 0, 0, 0, 0, 0, 0, 0),
(794, 0, 'extended_purchases', 0, 0, 0, 0, 0, 0, 0),
(795, 0, 'extended_purchases_refund', 0, 0, 0, 0, 0, 0, 0),
(796, 0, 'extended_reservation_invoice', 0, 0, 0, 0, 0, 0, 0),
(797, 0, 'extended_transfers', 0, 0, 0, 0, 0, 0, 0),
(798, 0, 'fund_balance', 0, 0, 0, 0, 0, 0, 0),
(799, 0, 'grades', 0, 0, 1, 1, 0, 0, 0),
(800, 0, 'gsms', 0, 0, 1, 1, 0, 0, 0),
(801, 0, 'incomes', 0, 0, 0, 0, 0, 0, 0),
(802, 0, 'inventory_input', 0, 0, 0, 0, 0, 0, 0),
(803, 0, 'inventory_orders', 0, 0, 0, 0, 0, 0, 0),
(804, 0, 'inventory_orders_refund', 0, 0, 0, 0, 0, 0, 0),
(805, 0, 'inventory_output', 0, 0, 0, 0, 0, 0, 0),
(806, 0, 'inventory_products', 0, 0, 0, 0, 0, 0, 0),
(807, 0, 'inventory_purchases', 0, 0, 0, 0, 0, 0, 0),
(808, 0, 'inventory_purchases_refund', 0, 0, 0, 0, 0, 0, 0),
(809, 0, 'inventory_total_input', 0, 0, 0, 0, 0, 0, 0),
(810, 0, 'inventory_total_output', 0, 0, 0, 0, 0, 0, 0),
(811, 0, 'inventory_transfer_from', 0, 0, 0, 0, 0, 0, 0),
(812, 0, 'inventory_transfer_to', 0, 0, 0, 0, 0, 0, 0),
(813, 0, 'journal_voucher', 0, 0, 0, 0, 0, 0, 0),
(814, 0, 'manufactures', 0, 0, 0, 0, 0, 0, 0),
(815, 0, 'order_refunds_order_details', 0, 0, 0, 0, 0, 0, 0),
(816, 0, 'orders', 0, 0, 0, 0, 0, 0, 0),
(817, 0, 'orders_details', 0, 0, 0, 0, 0, 0, 0),
(818, 0, 'orders_refunds', 0, 0, 0, 0, 0, 0, 0),
(819, 0, 'pending_cut_requests', 0, 0, 0, 0, 0, 0, 0),
(820, 0, 'pending_reservation_invoice', 0, 0, 0, 0, 0, 0, 0),
(821, 0, 'permissions_levels', 0, 0, 0, 0, 0, 0, 0),
(822, 0, 'phones', 0, 0, 0, 0, 0, 0, 0),
(823, 0, 'phpgen_user_perms', 0, 0, 0, 0, 0, 0, 0),
(824, 0, 'products', 0, 1, 1, 1, 0, 0, 0),
(825, 0, 'products_all_view', 0, 0, 0, 0, 0, 0, 0),
(826, 0, 'products_inputs', 0, 0, 0, 0, 0, 0, 0),
(827, 0, 'products_inputs_details', 0, 0, 0, 0, 0, 0, 0),
(828, 0, 'products_outputs', 0, 0, 0, 0, 0, 0, 0),
(829, 0, 'products_outputs_details', 0, 0, 0, 0, 0, 0, 0),
(830, 0, 'products_prices', 0, 0, 0, 0, 0, 0, 0),
(831, 0, 'products_search_view', 0, 0, 0, 0, 0, 0, 0),
(832, 0, 'products_types', 0, 0, 0, 0, 0, 0, 0),
(833, 0, 'products_web_view', 0, 0, 0, 0, 0, 0, 0),
(834, 0, 'products_web_view_reels', 0, 0, 0, 0, 0, 0, 0),
(835, 0, 'profits_cut_requests_products', 0, 0, 0, 0, 0, 0, 0),
(836, 0, 'purchases', 0, 0, 0, 0, 0, 0, 0),
(837, 0, 'purchases_details', 0, 0, 0, 0, 0, 0, 0),
(838, 0, 'purchases_refunds', 0, 0, 0, 0, 0, 0, 0),
(839, 0, 'purchases_refunds_purchases_details', 0, 0, 0, 0, 0, 0, 0),
(840, 0, 'qualities', 0, 0, 1, 1, 0, 0, 0),
(841, 0, 'reservation_invoice', 0, 0, 0, 0, 0, 0, 0),
(842, 0, 'reservation_invoice_details', 0, 0, 0, 0, 0, 0, 0),
(843, 0, 'sales', 0, 0, 0, 0, 0, 0, 0),
(844, 0, 'setting', 0, 0, 0, 0, 0, 0, 0),
(845, 0, 'sizes', 0, 0, 0, 0, 0, 0, 0),
(846, 0, 'sizes_cut_requests', 0, 0, 0, 0, 0, 0, 0),
(847, 0, 'spendings', 0, 0, 0, 0, 0, 0, 0),
(848, 0, 'spendings_transfers', 0, 0, 0, 0, 0, 0, 0),
(849, 0, 'syp_exchange_rate', 0, 0, 0, 0, 0, 0, 0),
(850, 0, 'transfers', 0, 0, 0, 0, 0, 0, 0),
(851, 0, 'transfers_details', 0, 0, 0, 0, 0, 0, 0),
(852, 0, 'userlevels', 0, 0, 0, 0, 0, 0, 0),
(853, 0, 'warehouse', 0, 0, 0, 0, 0, 0, 0),
(854, 0, 'warehouse_employees', 0, 0, 0, 0, 0, 0, 0),
(855, 0, 'wasted_cut_requests_products', 0, 0, 0, 0, 0, 0, 0),
(856, -4, 'text_products_quantity', 0, 0, 1, 1, 0, 0, 0),
(857, -2, 'text_products_quantity', 0, 0, 1, 1, 0, 0, 0),
(858, -3, 'text_products_quantity', 0, 0, 1, 1, 0, 0, 0),
(859, -5, 'text_products_quantity', 0, 0, 1, 1, 0, 0, 0),
(860, -6, 'text_products_quantity', 0, 0, 1, 1, 0, 0, 0),
(861, -7, 'text_products_quantity', 0, 0, 1, 1, 0, 0, 0),
(862, -8, 'text_products_quantity', 0, 0, 1, 1, 0, 0, 0),
(863, -9, 'text_products_quantity', 0, 0, 1, 1, 0, 0, 0),
(864, -10, 'text_products_quantity', 0, 0, 1, 1, 0, 0, 0),
(865, -11, 'text_products_quantity', 0, 0, 1, 1, 0, 0, 0),
(866, -12, 'text_products_quantity', 0, 0, 1, 1, 0, 0, 0),
(867, -13, 'text_products_quantity', 0, 0, 1, 1, 0, 0, 0),
(868, 0, 'text_products_quantity', 0, 0, 1, 1, 0, 0, 0),
(869, -5, 'action_exchange_rate', 0, 0, 0, 0, 0, 0, 0),
(870, -5, 'action_block', 0, 0, 0, 0, 0, 0, 0),
(871, -5, 'action_transfer_account', 0, 0, 0, 0, 0, 0, 0),
(872, -5, 'action_notification', 0, 0, 0, 0, 0, 0, 0),
(873, -5, 'action_change_customers_password', 0, 0, 0, 0, 0, 0, 0),
(874, -5, 'text_customers_password', 0, 0, 0, 0, 0, 0, 0),
(875, -5, 'text_customers_balances', 0, 0, 0, 0, 0, 0, 0),
(876, -5, 'text_transaction_added_by', 0, 0, 0, 0, 0, 0, 0),
(877, -5, 'text_prices_for_customer', 0, 0, 0, 0, 0, 0, 0),
(878, -5, 'text_products_notes', 0, 0, 0, 0, 0, 0, 0),
(879, -5, 'text_purchase_price', 0, 0, 0, 0, 0, 0, 0),
(880, -5, 'text_balance_due', 0, 0, 0, 0, 0, 0, 0),
(881, -5, 'text_balance_due_today', 0, 0, 0, 0, 0, 0, 0),
(882, -5, 'text_balance_due_previous', 0, 0, 0, 0, 0, 0, 0),
(883, -5, 'list_product_movement', 0, 0, 0, 0, 0, 0, 0),
(884, -5, 'list_customers_balances', 0, 0, 0, 0, 0, 0, 0),
(885, -5, 'list_block', 0, 0, 0, 0, 0, 0, 0),
(886, -5, 'list_fund', 0, 0, 0, 0, 0, 0, 0),
(887, -5, 'list_dashboard', 0, 0, 0, 0, 0, 0, 0),
(888, -5, 'list_sales', 0, 0, 0, 0, 0, 0, 0),
(889, -5, 'list_profit_loses', 0, 0, 0, 0, 0, 0, 0),
(890, -5, 'list_products_movements', 0, 0, 0, 0, 0, 0, 0),
(891, -5, 'account_names', 0, 0, 0, 0, 0, 0, 0),
(892, -5, 'account_names_types', 0, 0, 0, 0, 0, 0, 0),
(893, -5, 'audittrail', 0, 0, 0, 0, 0, 0, 0),
(894, -5, 'cargo_transporters', 0, 0, 0, 0, 0, 0, 0),
(895, -5, 'countries', 0, 0, 0, 0, 0, 0, 0),
(896, -5, 'countries_manufactures', 0, 0, 0, 0, 0, 0, 0),
(897, -5, 'credits', 1, 1, 1, 1, 1, 1, 1),
(898, -5, 'currency', 0, 0, 0, 0, 0, 0, 0),
(899, -5, 'customers', 0, 0, 0, 0, 0, 0, 0),
(900, -5, 'customers_balances', 0, 0, 0, 0, 0, 0, 0),
(901, -5, 'customers_contacts', 0, 0, 0, 0, 0, 0, 0),
(902, -5, 'customers_request_sizes', 0, 0, 0, 0, 0, 0, 0),
(903, -5, 'customers_request_sizes_details', 0, 0, 0, 0, 0, 0, 0),
(904, -5, 'customs_declarations', 0, 0, 0, 0, 0, 0, 0),
(905, -5, 'customs_declarations_images', 0, 0, 0, 0, 0, 0, 0),
(906, -5, 'cut_request_results', 0, 0, 0, 0, 0, 0, 0),
(907, -5, 'cut_requests', 0, 0, 0, 0, 0, 0, 0),
(908, -5, 'dealers', 0, 0, 0, 0, 0, 0, 0),
(909, -5, 'dealers_emails', 0, 0, 0, 0, 0, 0, 0),
(910, -5, 'dealers_phones', 0, 0, 0, 0, 0, 0, 0),
(911, -5, 'dealers_social', 0, 0, 0, 0, 0, 0, 0),
(912, -5, 'debits', 0, 0, 0, 0, 0, 0, 0),
(913, -5, 'employees', 0, 0, 0, 0, 0, 0, 0),
(914, -5, 'equalities', 0, 0, 0, 0, 0, 0, 0),
(915, -5, 'equality_credits', 0, 0, 0, 0, 0, 0, 0),
(916, -5, 'equality_debits', 0, 0, 0, 0, 0, 0, 0),
(917, -5, 'equality_incomes', 0, 0, 0, 0, 0, 0, 0),
(918, -5, 'equality_spendings', 0, 0, 0, 0, 0, 0, 0),
(919, -5, 'extended_cut_requests', 0, 0, 0, 0, 0, 0, 0),
(920, -5, 'extended_order_refund', 0, 0, 0, 0, 0, 0, 0),
(921, -5, 'extended_orders', 0, 0, 0, 0, 0, 0, 0),
(922, -5, 'extended_products_inputs', 0, 0, 0, 0, 0, 0, 0),
(923, -5, 'extended_products_outputs', 0, 0, 0, 0, 0, 0, 0),
(924, -5, 'extended_purchases', 0, 0, 0, 0, 0, 0, 0),
(925, -5, 'extended_purchases_refund', 0, 0, 0, 0, 0, 0, 0),
(926, -5, 'extended_reservation_invoice', 0, 0, 0, 0, 0, 0, 0),
(927, -5, 'extended_transfers', 0, 0, 0, 0, 0, 0, 0),
(928, -5, 'fund_balance', 0, 0, 0, 0, 0, 0, 0),
(929, -5, 'governorates', 0, 0, 0, 0, 0, 0, 0),
(930, -5, 'grades', 0, 0, 0, 0, 0, 0, 0),
(931, -5, 'gsms', 0, 0, 0, 0, 0, 0, 0),
(932, -5, 'home_ads_image_list', 0, 0, 0, 0, 0, 0, 0),
(933, -5, 'home_image_list', 0, 0, 0, 0, 0, 0, 0),
(934, -5, 'home_image_list_action', 0, 0, 0, 0, 0, 0, 0),
(935, -5, 'incomes', 1, 1, 1, 1, 1, 1, 1),
(936, -5, 'inventory_input', 0, 0, 0, 0, 0, 0, 0),
(937, -5, 'inventory_orders', 0, 0, 0, 0, 0, 0, 0),
(938, -5, 'inventory_orders_refund', 0, 0, 0, 0, 0, 0, 0),
(939, -5, 'inventory_output', 0, 0, 0, 0, 0, 0, 0),
(940, -5, 'inventory_products', 0, 0, 0, 0, 0, 0, 0),
(941, -5, 'inventory_purchases', 0, 0, 0, 0, 0, 0, 0),
(942, -5, 'inventory_purchases_refund', 0, 0, 0, 0, 0, 0, 0),
(943, -5, 'inventory_total_input', 0, 0, 0, 0, 0, 0, 0),
(944, -5, 'inventory_total_output', 0, 0, 0, 0, 0, 0, 0),
(945, -5, 'inventory_transfer_from', 0, 0, 0, 0, 0, 0, 0),
(946, -5, 'inventory_transfer_to', 0, 0, 0, 0, 0, 0, 0),
(947, -5, 'journal_voucher', 0, 0, 0, 0, 0, 0, 0),
(948, -5, 'manufactures', 0, 0, 0, 0, 0, 0, 0),
(949, -5, 'order_refunds_order_details', 0, 0, 0, 0, 0, 0, 0),
(950, -5, 'orders', 0, 0, 0, 0, 0, 0, 0),
(951, -5, 'orders_details', 0, 0, 0, 0, 0, 0, 0),
(952, -5, 'orders_refunds', 0, 0, 0, 0, 0, 0, 0),
(953, -5, 'pending_cut_requests', 0, 0, 0, 0, 0, 0, 0),
(954, -5, 'pending_reservation_invoice', 0, 0, 0, 0, 0, 0, 0),
(955, -5, 'permissions_levels', 0, 0, 0, 0, 0, 0, 0),
(956, -5, 'phones', 0, 0, 0, 0, 0, 0, 0),
(957, -5, 'phpgen_user_perms', 0, 0, 0, 0, 0, 0, 0),
(958, -5, 'products', 0, 0, 0, 0, 0, 0, 0),
(959, -5, 'products_all_view', 0, 0, 0, 0, 0, 0, 0),
(960, -5, 'products_colors', 0, 0, 0, 0, 0, 0, 0),
(961, -5, 'products_inputs', 0, 0, 0, 0, 0, 0, 0),
(962, -5, 'products_inputs_details', 0, 0, 0, 0, 0, 0, 0),
(963, -5, 'products_outputs', 0, 0, 0, 0, 0, 0, 0),
(964, -5, 'products_outputs_details', 0, 0, 0, 0, 0, 0, 0),
(965, -5, 'products_prices', 0, 0, 0, 0, 0, 0, 0),
(966, -5, 'products_search_view', 0, 0, 0, 0, 0, 0, 0),
(967, -5, 'products_types', 0, 0, 0, 0, 0, 0, 0),
(968, -5, 'products_web_view', 0, 0, 0, 0, 0, 0, 0),
(969, -5, 'products_web_view_reels', 0, 0, 0, 0, 0, 0, 0),
(970, -5, 'profits_cut_requests_products', 0, 0, 0, 0, 0, 0, 0),
(971, -5, 'purchases', 0, 0, 0, 0, 0, 0, 0),
(972, -5, 'purchases_details', 0, 0, 0, 0, 0, 0, 0),
(973, -5, 'purchases_refunds', 0, 0, 0, 0, 0, 0, 0),
(974, -5, 'purchases_refunds_purchases_details', 0, 0, 0, 0, 0, 0, 0),
(975, -5, 'qualities', 0, 0, 0, 0, 0, 0, 0),
(976, -5, 'reservation_invoice', 0, 0, 0, 0, 0, 0, 0),
(977, -5, 'reservation_invoice_details', 0, 0, 0, 0, 0, 0, 0),
(978, -5, 'sales', 0, 0, 0, 0, 0, 0, 0),
(979, -5, 'setting', 0, 0, 0, 0, 0, 0, 0),
(980, -5, 'sizes', 0, 0, 0, 0, 0, 0, 0),
(981, -5, 'sizes_cut_requests', 0, 0, 0, 0, 0, 0, 0),
(982, -5, 'spendings', 1, 1, 1, 1, 1, 1, 1),
(983, -5, 'spendings_transfers', 0, 0, 0, 0, 0, 0, 0),
(984, -5, 'syp_exchange_rate', 0, 0, 0, 0, 0, 0, 0),
(985, -5, 'transfers', 0, 0, 0, 0, 0, 0, 0),
(986, -5, 'transfers_details', 0, 0, 0, 0, 0, 0, 0),
(987, -5, 'userlevels', 0, 0, 0, 0, 0, 0, 0),
(988, -5, 'warehouse', 0, 0, 0, 0, 0, 0, 0),
(989, -5, 'warehouse_employees', 0, 0, 0, 0, 0, 0, 0),
(990, -5, 'wasted_cut_requests_products', 0, 0, 0, 0, 0, 0, 0);

-- --------------------------------------------------------

--
-- Table structure for table `phones`
--

DROP TABLE IF EXISTS `phones`;
CREATE TABLE `phones` (
  `iD` int(11) NOT NULL,
  `DealersID` int(11) NOT NULL,
  `phone` varchar(20) DEFAULT NULL
) ENGINE=InnoDB DEFAULT CHARSET=utf8 COLLATE=utf8_general_ci;

-- --------------------------------------------------------

--
-- Table structure for table `phpgen_user_perms`
--

DROP TABLE IF EXISTS `phpgen_user_perms`;
CREATE TABLE `phpgen_user_perms` (
  `user_id` int(11) NOT NULL,
  `page_name` varchar(255) NOT NULL,
  `perm_name` varchar(6) NOT NULL
) ENGINE=InnoDB DEFAULT CHARSET=utf8 COLLATE=utf8_general_ci;

-- --------------------------------------------------------

--
-- Table structure for table `products`
--

DROP TABLE IF EXISTS `products`;
CREATE TABLE `products` (
  `iD` int(11) NOT NULL,
  `ParentID` int(11) DEFAULT NULL,
  `ProductTypeID` int(11) NOT NULL,
  `CustomsDeclarationID` int(11) DEFAULT NULL,
  `Country_Manufacture_CompanyID` int(11) DEFAULT NULL,
  `SizeID` int(11) NOT NULL,
  `GSMID` int(11) DEFAULT NULL,
  `GradeID` int(11) DEFAULT NULL,
  `QualityID` int(11) DEFAULT NULL,
  `ProductColorID` int(11) DEFAULT NULL,
  `date` datetime NOT NULL DEFAULT current_timestamp(),
  `sheets` int(11) DEFAULT NULL,
  `barcode` varchar(255) DEFAULT NULL,
  `fiberLines` varchar(10) NOT NULL,
  `comments` text DEFAULT NULL,
  `status` enum('NONE','PENDING','RETURNED','WASTED') NOT NULL DEFAULT 'NONE'
) ENGINE=InnoDB DEFAULT CHARSET=utf8 COLLATE=utf8_general_ci;

--
-- Dumping data for table `products`
--

INSERT  INTO `products` (`iD`, `ParentID`, `ProductTypeID`, `CustomsDeclarationID`, `Country_Manufacture_CompanyID`, `SizeID`, `GSMID`, `GradeID`, `QualityID`, `ProductColorID`, `date`, `sheets`, `barcode`, `fiberLines`, `comments`, `status`) VALUES
(466, NULL, 1, NULL, NULL, 51, 11, 7, 18, 1, '2020-01-21 12:56:47', NULL, '2844579128008', 'Width', NULL, 'NONE'),
(650, NULL, 9, NULL, NULL, 383, 14, NULL, 31, 1, '2020-01-01 12:00:00', NULL, NULL, 'Width', NULL, 'NONE'),
(1097, NULL, 13, NULL, NULL, 514, 16, NULL, NULL, 1, '2020-08-30 12:08:48', NULL, NULL, 'Width', NULL, 'NONE'),
(1100, NULL, 13, NULL, NULL, 134, 4, NULL, NULL, 1, '2020-08-30 12:08:48', NULL, NULL, 'Width', NULL, 'NONE'),
(1402, NULL, 19, NULL, NULL, 684, NULL, NULL, NULL, 1, '2022-01-17 04:41:25', 200, NULL, 'Length', NULL, 'NONE'),
(1405, NULL, 22, 22, NULL, 1, 10, NULL, NULL, 1, '2021-08-19 10:37:53', NULL, NULL, 'Width', NULL, 'NONE'),
(1410, NULL, 22, 22, NULL, 1, 10, NULL, NULL, 1, '2021-08-19 10:37:53', NULL, NULL, 'Length', NULL, 'NONE'),
(1414, NULL, 22, 22, NULL, 382, 7, NULL, NULL, 1, '2021-08-19 10:44:39', NULL, NULL, 'Width', NULL, 'NONE'),
(1415, NULL, 22, 22, NULL, 1, 7, NULL, NULL, 1, '2021-08-19 10:44:39', NULL, NULL, 'Length', NULL, 'NONE'),
(1416, NULL, 22, 22, NULL, 1, 10, NULL, NULL, 1, '2021-08-19 10:44:39', NULL, NULL, 'Length', NULL, 'NONE'),
(1417, NULL, 22, 22, NULL, 688, 11, NULL, NULL, 1, '2021-08-19 10:44:39', NULL, NULL, 'Length', NULL, 'NONE'),
(1418, NULL, 22, 22, NULL, 1, 10, NULL, NULL, 1, '2021-08-19 10:44:39', NULL, NULL, 'Width', NULL, 'NONE'),
(1419, NULL, 22, 22, NULL, 1, 7, NULL, NULL, 1, '2021-08-19 10:44:39', NULL, NULL, 'Width', NULL, 'NONE'),
(1420, NULL, 22, 22, NULL, 1, 11, NULL, NULL, 1, '2021-08-19 10:44:39', NULL, NULL, 'Width', NULL, 'NONE'),
(1421, NULL, 22, 22, NULL, 1, 3, NULL, NULL, 1, '2021-08-19 10:44:39', NULL, NULL, 'Width', NULL, 'NONE'),
(1422, NULL, 23, 24, NULL, 1, 10, 12, NULL, 1, '2021-08-21 10:05:53', NULL, NULL, 'Length', NULL, 'NONE'),
(1423, NULL, 23, 24, NULL, 121, 10, 12, NULL, 1, '2021-08-21 10:05:53', NULL, NULL, 'Length', NULL, 'NONE'),
(1424, NULL, 23, 24, NULL, 689, 10, 12, NULL, 1, '2021-08-21 10:05:53', NULL, NULL, 'Length', NULL, 'NONE'),
(1425, NULL, 23, 24, NULL, 690, 10, 12, NULL, 1, '2021-08-21 10:05:53', NULL, NULL, 'Length', NULL, 'NONE'),
(1426, NULL, 23, 24, NULL, 689, 10, 12, NULL, 1, '2021-08-21 10:05:53', NULL, NULL, 'Width', NULL, 'NONE'),
(1431, NULL, 21, 25, NULL, 24, 22, NULL, 48, 1, '2021-08-30 10:53:56', NULL, NULL, 'Width', NULL, 'NONE'),
(1432, NULL, 21, 25, NULL, 702, 10, NULL, 48, 1, '2021-08-30 10:53:56', NULL, NULL, 'Width', NULL, 'NONE'),
(1433, NULL, 21, 25, NULL, 460, 45, NULL, 48, 1, '2021-08-30 10:53:56', NULL, NULL, 'Width', NULL, 'NONE'),
(1434, NULL, 21, 25, NULL, 460, 10, NULL, 48, 1, '2021-08-30 10:53:56', NULL, NULL, 'Width', NULL, 'NONE'),
(1435, NULL, 21, 25, NULL, 460, 34, NULL, 48, 1, '2021-08-30 10:53:56', NULL, NULL, 'Width', NULL, 'NONE'),
(1436, NULL, 21, 25, NULL, 703, 10, NULL, 48, 1, '2021-08-30 10:53:56', NULL, NULL, 'Width', NULL, 'NONE'),
(1437, NULL, 21, 25, NULL, 703, 34, NULL, 48, 1, '2021-08-30 10:53:56', NULL, NULL, 'Width', NULL, 'NONE'),
(1438, NULL, 21, 25, NULL, 704, 34, NULL, 48, 1, '2021-08-30 10:53:56', NULL, NULL, 'Width', NULL, 'NONE'),
(1439, NULL, 21, 25, NULL, 432, 10, NULL, 48, 1, '2021-08-30 10:53:56', NULL, NULL, 'Width', NULL, 'NONE'),
(1440, NULL, 21, 25, NULL, 705, 34, NULL, 48, 1, '2021-08-30 10:53:56', NULL, NULL, 'Width', NULL, 'NONE'),
(1441, NULL, 21, 25, NULL, 706, 2, NULL, 48, 1, '2021-08-30 10:53:56', NULL, NULL, 'Width', NULL, 'NONE'),
(1442, NULL, 21, 25, NULL, 707, 34, NULL, 48, 1, '2021-08-30 10:53:56', NULL, NULL, 'Width', NULL, 'NONE'),
(1443, NULL, 21, 25, NULL, 708, 34, NULL, 48, 1, '2021-08-30 10:53:56', NULL, NULL, 'Width', NULL, 'NONE'),
(1444, NULL, 21, 25, NULL, 409, 2, NULL, 48, 1, '2021-08-30 10:53:56', NULL, NULL, 'Width', NULL, 'NONE'),
(1445, NULL, 21, 25, NULL, 435, 33, NULL, 48, 1, '2021-08-30 10:53:56', NULL, NULL, 'Length', NULL, 'NONE'),
(1446, NULL, 21, 25, NULL, 709, 10, NULL, 48, 1, '2021-08-30 10:53:56', NULL, NULL, 'Length', NULL, 'NONE'),
(1447, NULL, 21, 25, NULL, 437, 10, NULL, 48, 1, '2021-08-30 10:53:56', NULL, NULL, 'Width', NULL, 'NONE'),
(1448, NULL, 21, 25, NULL, 709, 34, NULL, 48, 1, '2021-08-30 10:53:56', NULL, NULL, 'Length', NULL, 'NONE'),
(1449, NULL, 21, 25, NULL, 410, 34, NULL, 48, 1, '2021-08-30 10:53:56', NULL, NULL, 'Width', NULL, 'NONE'),
(1450, NULL, 21, 25, NULL, 709, 2, NULL, 48, 1, '2021-08-30 10:53:56', NULL, NULL, 'Length', NULL, 'NONE'),
(1451, NULL, 21, 25, NULL, 485, 2, NULL, 48, 1, '2021-08-30 10:53:56', NULL, NULL, 'Width', NULL, 'NONE'),
(1452, NULL, 21, 25, NULL, 710, 2, NULL, 48, 1, '2021-08-30 10:53:56', NULL, NULL, 'Length', NULL, 'NONE'),
(1453, NULL, 21, 25, NULL, 711, 19, NULL, 48, 1, '2021-08-30 10:53:56', NULL, NULL, 'Width', NULL, 'NONE'),
(1454, NULL, 21, 25, NULL, 440, 10, NULL, 48, 1, '2021-08-30 10:53:56', NULL, NULL, 'Width', NULL, 'NONE'),
(1455, NULL, 21, 25, NULL, 712, 34, NULL, 48, 1, '2021-08-30 10:53:56', NULL, NULL, 'Width', NULL, 'NONE'),
(1456, NULL, 21, 25, NULL, 121, 28, NULL, 48, 1, '2021-08-30 10:53:56', NULL, NULL, 'Width', NULL, 'NONE'),
(1457, NULL, 21, 25, NULL, 121, 2, NULL, 48, 1, '2021-08-30 10:53:56', NULL, NULL, 'Width', NULL, 'NONE'),
(1458, NULL, 21, 25, NULL, 713, 2, NULL, 48, 1, '2021-08-30 10:53:56', NULL, NULL, 'Length', NULL, 'NONE'),
(1459, NULL, 21, 25, NULL, 432, 10, NULL, 48, 1, '2021-08-30 10:53:56', NULL, NULL, 'Length', NULL, 'NONE'),
(1460, NULL, 21, 25, NULL, 714, 34, NULL, 48, 1, '2021-08-30 10:53:56', NULL, NULL, 'Length', NULL, 'NONE'),
(1461, NULL, 21, 25, NULL, 715, 10, NULL, 48, 1, '2021-08-30 10:53:56', NULL, NULL, 'Length', NULL, 'NONE'),
(1462, NULL, 21, 25, NULL, 716, 33, NULL, 48, 1, '2021-08-30 10:53:56', NULL, NULL, 'Length', NULL, 'NONE'),
(1463, NULL, 21, 25, NULL, 717, 34, NULL, 48, 1, '2021-08-30 10:53:56', NULL, NULL, 'Length', NULL, 'NONE'),
(1464, NULL, 21, 25, NULL, 718, 34, NULL, 48, 1, '2021-08-30 10:53:56', NULL, NULL, 'Length', NULL, 'NONE'),
(1465, NULL, 21, 25, NULL, 719, 2, NULL, 48, 1, '2021-08-30 10:53:56', NULL, NULL, 'Length', NULL, 'NONE'),
(1466, NULL, 21, 25, NULL, 720, 34, NULL, 48, 1, '2021-08-30 10:53:56', NULL, NULL, 'Length', NULL, 'NONE'),
(1467, NULL, 21, 25, NULL, 346, 2, NULL, 48, 1, '2021-08-30 10:53:56', NULL, NULL, 'Length', NULL, 'NONE'),
(1468, NULL, 21, 25, NULL, 721, 2, NULL, 48, 1, '2021-08-30 10:53:56', NULL, NULL, 'Width', NULL, 'NONE'),
(1469, NULL, 21, 25, NULL, 722, 2, NULL, 48, 1, '2021-08-30 10:53:56', NULL, NULL, 'Length', NULL, 'NONE'),
(1470, NULL, 21, 25, NULL, 457, 28, NULL, 48, 1, '2021-08-30 10:53:56', NULL, NULL, 'Length', NULL, 'NONE'),
(1471, NULL, 21, 25, NULL, 409, 10, NULL, 48, 1, '2021-08-30 10:53:56', NULL, NULL, 'Length', NULL, 'NONE'),
(1472, NULL, 21, 25, NULL, 409, 2, NULL, 48, 1, '2021-08-30 10:53:56', NULL, NULL, 'Length', NULL, 'NONE'),
(1473, NULL, 21, 25, NULL, 133, 2, NULL, 48, 1, '2021-08-30 10:53:56', NULL, NULL, 'Length', NULL, 'NONE'),
(1474, NULL, 21, 25, NULL, 723, 2, NULL, 48, 1, '2021-08-30 10:53:56', NULL, NULL, 'Length', NULL, 'NONE'),
(1475, NULL, 21, 25, NULL, 151, 2, NULL, 48, 1, '2021-08-30 10:53:56', NULL, NULL, 'Length', NULL, 'NONE'),
(1476, NULL, 21, 25, NULL, 724, 19, NULL, 48, 1, '2021-08-30 10:53:56', NULL, NULL, 'Length', NULL, 'NONE'),
(1477, NULL, 21, 25, NULL, 90, 28, NULL, 48, 1, '2021-08-30 10:53:56', NULL, NULL, 'Length', NULL, 'NONE'),
(1478, NULL, 21, 25, NULL, 485, 10, NULL, 48, 1, '2021-08-30 10:53:56', NULL, NULL, 'Length', NULL, 'NONE'),
(1479, NULL, 21, 25, NULL, 485, 2, NULL, 48, 1, '2021-08-30 10:53:56', NULL, NULL, 'Length', NULL, 'NONE'),
(1480, NULL, 21, 25, NULL, 410, 28, NULL, 48, 1, '2021-08-30 10:53:56', NULL, NULL, 'Length', NULL, 'NONE'),
(1481, NULL, 21, 25, NULL, 725, 2, NULL, 48, 1, '2021-08-30 10:53:56', NULL, NULL, 'Length', NULL, 'NONE'),
(1482, NULL, 21, 25, NULL, 410, 2, NULL, 48, 1, '2021-08-30 10:53:56', NULL, NULL, 'Length', NULL, 'NONE'),
(1483, NULL, 21, 25, NULL, 712, 34, NULL, 48, 1, '2021-08-30 10:53:56', NULL, NULL, 'Length', NULL, 'NONE'),
(1484, NULL, 21, 25, NULL, 726, 2, NULL, 48, 1, '2021-08-30 10:53:56', NULL, NULL, 'Length', NULL, 'NONE'),
(1485, NULL, 21, 25, NULL, 727, 2, NULL, 48, 1, '2021-08-30 10:53:56', NULL, NULL, 'Length', NULL, 'NONE'),
(1486, NULL, 21, 25, NULL, 1, 28, NULL, 48, 1, '2021-08-30 10:53:56', NULL, NULL, 'Length', NULL, 'NONE'),
(1487, NULL, 21, 25, NULL, 728, 34, NULL, 48, 1, '2021-08-30 10:53:56', NULL, NULL, 'Length', NULL, 'NONE'),
(1488, NULL, 21, 25, NULL, 434, 19, NULL, 48, 1, '2021-08-30 10:53:56', NULL, NULL, 'Length', NULL, 'NONE'),
(1489, NULL, 21, 25, NULL, 121, 28, NULL, 48, 1, '2021-08-30 10:53:56', NULL, NULL, 'Length', NULL, 'NONE'),
(1490, NULL, 21, 25, NULL, 729, 10, NULL, 48, 1, '2021-08-30 10:53:56', NULL, NULL, 'Length', NULL, 'NONE'),
(1491, NULL, 21, 25, NULL, 121, 2, NULL, 48, 1, '2021-08-30 10:53:56', NULL, NULL, 'Length', NULL, 'NONE'),
(1492, NULL, 21, 25, NULL, 426, 28, NULL, 48, 1, '2021-08-30 10:53:56', NULL, NULL, 'Length', NULL, 'NONE'),
(1493, NULL, 21, 25, NULL, 730, 2, NULL, 48, 1, '2021-08-30 10:53:56', NULL, NULL, 'Length', NULL, 'NONE'),
(1494, 1414, 22, 22, NULL, 732, 7, NULL, NULL, 1, '2021-08-31 01:22:54', NULL, NULL, 'Length', NULL, 'NONE'),
(1502, NULL, 27, NULL, NULL, 147, 21, 20, 49, 1, '2021-09-14 10:05:49', NULL, NULL, 'Width', NULL, 'NONE'),
(1503, NULL, 27, NULL, NULL, 175, 47, 20, 49, 1, '2021-09-14 10:05:49', NULL, NULL, 'Width', NULL, 'NONE'),
(1504, NULL, 27, NULL, NULL, 40, 47, 20, 49, 1, '2021-09-14 10:05:49', NULL, NULL, 'Width', NULL, 'NONE'),
(1505, NULL, 27, NULL, NULL, 24, 47, 20, 49, 1, '2021-09-14 10:05:49', NULL, NULL, 'Width', NULL, 'NONE'),
(1506, NULL, 27, NULL, NULL, 743, 47, 20, 49, 1, '2021-09-14 10:05:49', NULL, NULL, 'Width', NULL, 'NONE'),
(1507, NULL, 27, NULL, NULL, 147, 28, 20, 49, 1, '2021-09-14 10:05:49', NULL, NULL, 'Width', NULL, 'NONE'),
(1508, NULL, 27, NULL, NULL, 744, 33, 20, 49, 1, '2021-09-14 10:05:49', NULL, NULL, 'Width', NULL, 'NONE'),
(1509, NULL, 27, NULL, NULL, 271, 21, 21, 49, 1, '2021-09-14 10:05:49', NULL, NULL, 'Width', NULL, 'NONE'),
(1510, NULL, 27, NULL, NULL, 169, 47, 21, 49, 1, '2021-09-14 10:05:49', NULL, NULL, 'Width', NULL, 'NONE'),
(1511, NULL, 27, NULL, NULL, 147, 21, 21, 49, 1, '2021-09-14 10:05:49', NULL, NULL, 'Width', NULL, 'NONE'),
(1512, NULL, 27, NULL, NULL, 745, 21, 21, 49, 1, '2021-09-14 10:05:49', NULL, NULL, 'Width', NULL, 'NONE'),
(1513, NULL, 27, NULL, NULL, 746, 21, 21, 49, 1, '2021-09-14 10:05:49', NULL, NULL, 'Width', NULL, 'NONE'),
(1514, NULL, 27, NULL, NULL, 169, 47, 21, 49, 1, '2021-09-14 10:05:49', NULL, NULL, 'Width', NULL, 'NONE'),
(1515, NULL, 27, NULL, NULL, 383, 47, 21, 49, 1, '2021-09-14 10:05:49', NULL, NULL, 'Width', NULL, 'NONE'),
(1516, NULL, 27, NULL, NULL, 747, 47, 21, 49, 1, '2021-09-14 10:05:49', NULL, NULL, 'Width', NULL, 'NONE'),
(1517, NULL, 27, NULL, NULL, 205, 28, 21, 49, 1, '2021-09-14 10:05:49', NULL, NULL, 'Width', NULL, 'NONE'),
(1518, NULL, 27, NULL, NULL, 404, 28, 21, 49, 1, '2021-09-14 10:05:49', NULL, NULL, 'Width', NULL, 'NONE'),
(1519, NULL, 27, NULL, NULL, 169, 28, 21, 49, 1, '2021-09-14 10:05:49', NULL, NULL, 'Width', NULL, 'NONE'),
(1520, NULL, 27, NULL, NULL, 176, 28, 21, 49, 1, '2021-09-14 10:05:49', NULL, NULL, 'Width', NULL, 'NONE'),
(1521, NULL, 27, NULL, NULL, 182, 10, 21, 49, 1, '2021-09-14 10:05:49', NULL, NULL, 'Width', NULL, 'NONE'),
(1522, NULL, 27, NULL, NULL, 169, 10, 21, 49, 1, '2021-09-14 10:05:49', NULL, NULL, 'Width', NULL, 'NONE'),
(1523, NULL, 27, NULL, NULL, 748, 10, 21, 49, 1, '2021-09-14 10:05:49', NULL, NULL, 'Width', NULL, 'NONE'),
(1524, NULL, 27, NULL, NULL, 749, 33, 21, 49, 1, '2021-09-14 10:05:49', NULL, NULL, 'Width', NULL, 'NONE'),
(1525, NULL, 27, NULL, NULL, 169, 33, 21, 49, 1, '2021-09-14 10:05:49', NULL, NULL, 'Width', NULL, 'NONE'),
(1526, NULL, 27, NULL, NULL, 396, 38, 21, 49, 1, '2021-09-14 10:05:49', NULL, NULL, 'Width', NULL, 'NONE'),
(1527, NULL, 27, NULL, NULL, 169, 38, 21, 49, 1, '2021-09-14 10:05:49', NULL, NULL, 'Width', NULL, 'NONE'),
(1528, NULL, 27, NULL, NULL, 156, 38, 21, 49, 1, '2021-09-14 10:05:49', NULL, NULL, 'Width', NULL, 'NONE'),
(1529, NULL, 25, NULL, NULL, 593, 10, 7, 1, 1, '2021-09-14 10:05:49', NULL, NULL, 'Width', NULL, 'NONE'),
(1530, NULL, 24, NULL, NULL, 207, 3, 9, 11, 1, '2021-09-14 10:05:49', NULL, NULL, 'Width', NULL, 'NONE'),
(1531, NULL, 26, NULL, NULL, 169, 41, 22, 50, 1, '2021-09-14 10:05:49', NULL, NULL, 'Width', NULL, 'NONE'),
(1532, NULL, 26, NULL, NULL, 51, 48, 22, 50, 1, '2021-09-14 10:05:49', NULL, NULL, 'Width', NULL, 'NONE'),
(1533, NULL, 26, NULL, NULL, 169, 48, 22, 50, 1, '2021-09-14 10:05:49', NULL, NULL, 'Width', NULL, 'NONE'),
(1534, NULL, 26, NULL, NULL, 169, 22, 22, 50, 1, '2021-09-14 10:05:49', NULL, NULL, 'Width', NULL, 'NONE'),
(1535, NULL, 26, NULL, NULL, 530, 26, 22, 50, 1, '2021-09-14 10:05:49', NULL, NULL, 'Width', NULL, 'NONE'),
(1536, NULL, 26, NULL, NULL, 205, 26, 22, 50, 1, '2021-09-14 10:05:49', NULL, NULL, 'Width', NULL, 'NONE'),
(1537, NULL, 26, NULL, NULL, 750, 26, 22, 50, 1, '2021-09-14 10:05:49', NULL, NULL, 'Width', NULL, 'NONE'),
(1538, NULL, 26, NULL, NULL, 313, 26, 22, 50, 1, '2021-09-14 10:05:49', NULL, NULL, 'Width', NULL, 'NONE'),
(1539, NULL, 26, NULL, NULL, 530, 49, 22, 50, 1, '2021-09-14 10:05:49', NULL, NULL, 'Width', NULL, 'NONE'),
(1540, NULL, 26, NULL, NULL, 3, 49, 22, 50, 1, '2021-09-14 10:05:49', NULL, NULL, 'Width', NULL, 'NONE'),
(1541, NULL, 26, NULL, NULL, 265, 26, 23, 50, 1, '2021-09-14 10:05:49', NULL, NULL, 'Width', NULL, 'NONE'),
(1542, NULL, 26, NULL, NULL, 3, 49, 23, 50, 1, '2021-09-14 10:05:49', NULL, NULL, 'Width', NULL, 'NONE'),
(1543, NULL, 27, NULL, NULL, 751, 28, 20, 49, 1, '2021-09-14 10:05:49', NULL, NULL, 'Width', NULL, 'NONE'),
(1544, NULL, 27, NULL, NULL, 751, 28, 21, 49, 1, '2021-09-14 10:05:49', NULL, NULL, 'Width', NULL, 'NONE'),
(1545, NULL, 24, NULL, NULL, 752, 6, 24, 11, 1, '2021-09-14 10:05:49', NULL, NULL, 'Length', NULL, 'NONE'),
(1546, NULL, 27, NULL, NULL, 753, 38, 20, 49, 1, '2021-09-14 10:05:49', NULL, NULL, 'Length', NULL, 'NONE'),
(1547, NULL, 28, NULL, NULL, 549, 21, 25, 12, 1, '2021-09-14 10:05:49', NULL, NULL, 'Width', NULL, 'NONE'),
(1548, NULL, 28, NULL, NULL, 754, 21, 26, 51, 1, '2021-09-14 10:05:49', NULL, NULL, 'Width', NULL, 'NONE'),
(1549, NULL, 27, NULL, NULL, 755, 28, 20, 49, 1, '2021-09-14 10:05:49', NULL, NULL, 'Width', NULL, 'NONE'),
(1550, NULL, 27, NULL, NULL, 756, 28, 20, 49, 1, '2021-09-14 10:05:49', NULL, NULL, 'Width', NULL, 'NONE'),
(1551, NULL, 27, NULL, NULL, 757, 28, 21, 49, 1, '2021-09-14 10:05:49', NULL, NULL, 'Width', NULL, 'NONE'),
(1552, NULL, 25, NULL, NULL, 758, 11, 6, 18, 1, '2021-09-14 10:05:49', NULL, NULL, 'Width', NULL, 'NONE'),
(1553, NULL, 24, NULL, NULL, 759, 10, 9, 7, 1, '2021-09-14 10:05:49', NULL, NULL, 'Length', NULL, 'NONE'),
(1554, NULL, 28, NULL, NULL, 760, 16, 26, 12, 1, '2021-09-14 10:05:49', NULL, NULL, 'Length', NULL, 'NONE'),
(1555, NULL, 26, NULL, NULL, 761, 26, 23, 50, 1, '2021-09-14 10:05:49', NULL, NULL, 'Length', NULL, 'NONE'),
(1556, NULL, 27, NULL, NULL, 762, 33, 21, 49, 1, '2021-09-14 10:05:49', NULL, NULL, 'Length', NULL, 'NONE'),
(1557, NULL, 28, NULL, NULL, 763, 19, 25, 12, 1, '2021-09-14 10:05:49', NULL, NULL, 'Width', NULL, 'NONE'),
(1558, NULL, 26, NULL, NULL, 764, 26, 22, 50, 1, '2021-09-14 10:05:49', NULL, NULL, 'Width', NULL, 'NONE'),
(1559, NULL, 27, NULL, NULL, 765, 28, 21, 49, 1, '2021-09-14 10:05:49', NULL, NULL, 'Width', NULL, 'NONE'),
(1560, NULL, 26, NULL, NULL, 766, 26, 22, 50, 1, '2021-09-14 10:05:49', NULL, NULL, 'Width', NULL, 'NONE'),
(1561, NULL, 27, NULL, NULL, 767, 47, 21, 49, 1, '2021-09-14 10:05:49', NULL, NULL, 'Width', NULL, 'NONE'),
(1562, NULL, 27, NULL, NULL, 768, 47, 20, 49, 1, '2021-09-14 10:05:49', NULL, NULL, 'Width', NULL, 'NONE'),
(1563, NULL, 29, NULL, NULL, 769, 11, 27, 52, 1, '2021-09-14 10:05:49', NULL, NULL, 'Width', NULL, 'NONE'),
(1564, NULL, 26, NULL, NULL, 770, 26, 22, 50, 1, '2021-09-14 10:05:49', NULL, NULL, 'Width', NULL, 'NONE'),
(1565, NULL, 28, NULL, NULL, 771, 21, 25, 12, 1, '2021-09-14 10:05:49', NULL, NULL, 'Width', NULL, 'NONE'),
(1566, NULL, 28, NULL, NULL, 772, 41, 25, 12, 1, '2021-09-14 10:05:49', NULL, NULL, 'Width', NULL, 'NONE'),
(1567, NULL, 27, NULL, NULL, 222, 21, 20, 49, 1, '2021-09-14 10:05:49', NULL, NULL, 'Width', NULL, 'NONE'),
(1568, NULL, 25, NULL, NULL, 773, 9, 7, 1, 1, '2021-09-14 10:05:49', NULL, NULL, 'Length', NULL, 'NONE'),
(1569, NULL, 27, NULL, NULL, 774, 47, 20, 49, 1, '2021-09-14 10:05:49', NULL, NULL, 'Length', NULL, 'NONE'),
(1570, NULL, 27, NULL, NULL, 774, 38, 20, 49, 1, '2021-09-14 10:05:49', NULL, NULL, 'Length', NULL, 'NONE'),
(1571, NULL, 27, NULL, NULL, 775, 28, 20, 49, 1, '2021-09-14 10:05:49', NULL, NULL, 'Width', NULL, 'NONE'),
(1572, NULL, 27, NULL, NULL, 776, 28, 20, 49, 1, '2021-09-14 10:05:49', NULL, NULL, 'Width', NULL, 'NONE'),
(1573, NULL, 27, NULL, NULL, 777, 28, 21, 49, 1, '2021-09-14 10:05:49', NULL, NULL, 'Width', NULL, 'NONE'),
(1574, NULL, 27, NULL, NULL, 776, 28, 21, 49, 1, '2021-09-14 10:05:49', NULL, NULL, 'Width', NULL, 'NONE'),
(1575, NULL, 27, NULL, NULL, 778, 28, 21, 49, 1, '2021-09-14 10:05:49', NULL, NULL, 'Width', NULL, 'NONE'),
(1576, NULL, 29, NULL, NULL, 779, 1, 28, 53, 1, '2021-09-14 10:05:49', NULL, NULL, 'Length', NULL, 'NONE'),
(1577, NULL, 27, NULL, NULL, 780, 47, 21, 49, 1, '2021-09-14 10:05:49', NULL, NULL, 'Width', NULL, 'NONE'),
(1578, NULL, 29, NULL, NULL, 781, 11, 27, 53, 1, '2021-09-14 10:05:49', NULL, NULL, 'Length', NULL, 'NONE'),
(1579, NULL, 27, NULL, NULL, 782, 33, 21, 49, 1, '2021-09-14 10:05:49', NULL, NULL, 'Width', NULL, 'NONE'),
(1580, NULL, 27, NULL, NULL, 783, 33, 21, 49, 1, '2021-09-14 10:05:49', NULL, NULL, 'Length', NULL, 'NONE'),
(1581, NULL, 25, NULL, NULL, 784, 11, 7, 18, 1, '2021-09-14 10:05:49', NULL, NULL, 'Length', NULL, 'NONE'),
(1582, NULL, 25, NULL, NULL, 785, 1, 7, 1, 1, '2021-09-14 10:05:49', NULL, NULL, 'Length', NULL, 'NONE'),
(1583, NULL, 25, NULL, NULL, 786, 11, 7, 17, 1, '2021-09-14 10:05:49', NULL, NULL, 'Length', NULL, 'NONE'),
(1584, NULL, 28, NULL, NULL, 787, 6, 25, 12, 1, '2021-09-14 10:05:49', NULL, NULL, 'Width', NULL, 'NONE'),
(1585, NULL, 27, NULL, NULL, 788, 28, 21, 49, 1, '2021-09-14 10:05:49', NULL, NULL, 'Length', NULL, 'NONE'),
(1586, NULL, 24, NULL, NULL, 789, 2, 24, 21, 1, '2021-09-14 10:05:49', NULL, NULL, 'Length', NULL, 'NONE'),
(1587, NULL, 29, NULL, NULL, 790, 8, 28, 52, 1, '2021-09-14 10:05:49', NULL, NULL, 'Length', NULL, 'NONE'),
(1588, NULL, 26, NULL, NULL, 791, 49, 22, 50, 1, '2021-09-14 10:05:49', NULL, NULL, 'Length', NULL, 'NONE'),
(1589, NULL, 26, NULL, NULL, 792, 19, 22, 50, 1, '2021-09-14 10:05:49', NULL, NULL, 'Length', NULL, 'NONE'),
(1590, NULL, 25, NULL, NULL, 793, 11, 7, 1, 1, '2021-09-14 10:05:49', NULL, NULL, 'Length', NULL, 'NONE'),
(1591, NULL, 26, NULL, NULL, 794, 48, 22, 50, 1, '2021-09-14 10:05:49', NULL, NULL, 'Length', NULL, 'NONE'),
(1592, NULL, 26, NULL, NULL, 795, 48, 22, 50, 1, '2021-09-14 10:05:49', NULL, NULL, 'Length', NULL, 'NONE'),
(1593, NULL, 27, NULL, NULL, 796, 28, 20, 49, 1, '2021-09-14 10:05:49', NULL, NULL, 'Length', NULL, 'NONE'),
(1594, NULL, 24, NULL, NULL, 797, 21, 9, 7, 1, '2021-09-14 10:05:49', NULL, NULL, 'Width', NULL, 'NONE'),
(1595, NULL, 25, NULL, NULL, 798, 11, 6, 1, 1, '2021-09-14 10:05:49', NULL, NULL, 'Length', NULL, 'NONE'),
(1596, NULL, 27, NULL, NULL, 799, 47, 20, 49, 1, '2021-09-14 10:05:49', NULL, NULL, 'Length', NULL, 'NONE'),
(1597, NULL, 27, NULL, NULL, 800, 28, 20, 49, 1, '2021-09-14 10:05:49', NULL, NULL, 'Length', NULL, 'NONE'),
(1598, NULL, 25, NULL, NULL, 801, 11, 6, 1, 1, '2021-09-14 10:05:49', NULL, NULL, 'Length', NULL, 'NONE'),
(1599, NULL, 25, NULL, NULL, 802, 3, 7, 18, 1, '2021-09-14 10:05:49', NULL, NULL, 'Length', NULL, 'NONE'),
(1600, NULL, 27, NULL, NULL, 803, 47, 20, 49, 1, '2021-09-14 10:05:49', NULL, NULL, 'Length', NULL, 'NONE'),
(1601, NULL, 27, NULL, NULL, 804, 21, 20, 49, 1, '2021-09-14 10:05:49', NULL, NULL, 'Length', NULL, 'NONE'),
(1602, NULL, 27, NULL, NULL, 805, 47, 20, 49, 1, '2021-09-14 10:05:49', NULL, NULL, 'Length', NULL, 'NONE'),
(1603, NULL, 27, NULL, NULL, 806, 28, 21, 49, 1, '2021-09-14 10:05:49', NULL, NULL, 'Length', NULL, 'NONE'),
(1604, NULL, 30, NULL, NULL, 807, 3, 29, 54, 1, '2021-09-14 10:05:49', NULL, NULL, 'Length', NULL, 'NONE'),
(1605, NULL, 28, NULL, NULL, 808, 6, 25, 12, 1, '2021-09-14 10:05:49', NULL, NULL, 'Width', NULL, 'NONE'),
(1606, NULL, 28, NULL, NULL, 809, 6, 25, 12, 1, '2021-09-14 10:05:49', NULL, NULL, 'Width', NULL, 'NONE'),
(1607, NULL, 25, NULL, NULL, 810, 11, 6, 18, 1, '2021-09-14 10:05:49', NULL, NULL, 'Length', NULL, 'NONE'),
(1608, NULL, 25, NULL, NULL, 811, 11, 7, 18, 1, '2021-09-14 10:05:49', NULL, NULL, 'Length', NULL, 'NONE'),
(1609, NULL, 24, NULL, NULL, 812, 1, 9, 22, 1, '2021-09-14 10:05:49', NULL, NULL, 'Length', NULL, 'NONE'),
(1610, NULL, 26, NULL, NULL, 813, 48, 22, 50, 1, '2021-09-14 10:05:49', NULL, NULL, 'Length', NULL, 'NONE'),
(1611, NULL, 26, NULL, NULL, 814, 28, 22, 50, 1, '2021-09-14 10:05:49', NULL, NULL, 'Length', NULL, 'NONE'),
(1612, NULL, 26, NULL, NULL, 815, 26, 23, 50, 1, '2021-09-14 10:05:49', NULL, NULL, 'Length', NULL, 'NONE'),
(1613, NULL, 26, NULL, NULL, 816, 48, 22, 50, 1, '2021-09-14 10:05:49', NULL, NULL, 'Length', NULL, 'NONE'),
(1614, NULL, 27, NULL, NULL, 817, 28, 21, 49, 1, '2021-09-14 10:05:49', NULL, NULL, 'Length', NULL, 'NONE'),
(1615, NULL, 27, NULL, NULL, 818, 10, 21, 49, 1, '2021-09-14 10:05:49', NULL, NULL, 'Length', NULL, 'NONE'),
(1616, NULL, 26, NULL, NULL, 819, 26, 22, 50, 1, '2021-09-14 10:05:49', NULL, NULL, 'Length', NULL, 'NONE'),
(1617, NULL, 27, NULL, NULL, 820, 33, 20, 49, 1, '2021-09-14 10:05:49', NULL, NULL, 'Length', NULL, 'NONE'),
(1618, NULL, 27, NULL, NULL, 821, 38, 20, 49, 1, '2021-09-14 10:05:49', NULL, NULL, 'Length', NULL, 'NONE'),
(1619, NULL, 25, NULL, NULL, 822, 9, 7, 9, 1, '2021-09-14 10:05:49', NULL, NULL, 'Length', NULL, 'NONE'),
(1620, NULL, 28, NULL, NULL, 823, 19, 25, 12, 1, '2021-09-14 10:05:49', NULL, NULL, 'Width', NULL, 'NONE'),
(1621, NULL, 24, NULL, NULL, 191, 11, 9, 11, 1, '2021-09-14 10:05:49', NULL, NULL, 'Length', NULL, 'NONE'),
(1622, NULL, 26, NULL, NULL, 824, 41, 22, 50, 1, '2021-09-14 10:05:49', NULL, NULL, 'Width', NULL, 'NONE'),
(1623, NULL, 26, NULL, NULL, 825, 28, 22, 50, 1, '2021-09-14 10:05:49', NULL, NULL, 'Length', NULL, 'NONE'),
(1624, NULL, 24, NULL, NULL, 463, 11, 9, 11, 1, '2021-09-14 10:05:49', NULL, NULL, 'Length', NULL, 'NONE'),
(1625, NULL, 27, NULL, NULL, 826, 47, 21, 49, 1, '2021-09-14 10:05:49', NULL, NULL, 'Length', NULL, 'NONE'),
(1626, NULL, 29, NULL, NULL, 827, 11, 27, 53, 1, '2021-09-14 10:05:49', NULL, NULL, 'Length', NULL, 'NONE'),
(1627, NULL, 27, NULL, NULL, 411, 47, 21, 49, 1, '2021-09-14 10:05:49', NULL, NULL, 'Length', NULL, 'NONE'),
(1628, NULL, 26, NULL, NULL, 1, 49, 22, 50, 1, '2021-09-14 10:05:49', NULL, NULL, 'Length', NULL, 'NONE'),
(1629, NULL, 26, NULL, NULL, 1, 22, 23, 50, 1, '2021-09-14 10:05:49', NULL, NULL, 'Length', NULL, 'NONE'),
(1630, NULL, 27, NULL, NULL, 828, 38, 21, 49, 1, '2021-09-14 10:05:49', NULL, NULL, 'Length', NULL, 'NONE'),
(1631, NULL, 26, NULL, NULL, 434, 26, 23, 50, 1, '2021-09-14 10:05:49', NULL, NULL, 'Length', NULL, 'NONE'),
(1632, NULL, 26, NULL, NULL, 264, 19, 23, 50, 1, '2021-09-14 10:05:49', NULL, NULL, 'Length', NULL, 'NONE'),
(1633, NULL, 27, NULL, NULL, 121, 47, 20, 49, 1, '2021-09-14 10:05:49', NULL, NULL, 'Length', NULL, 'NONE'),
(1634, NULL, 24, NULL, NULL, 121, 3, 24, 11, 1, '2021-09-14 10:05:49', NULL, NULL, 'Length', NULL, 'NONE'),
(1635, NULL, 26, NULL, NULL, 121, 41, 22, 50, 1, '2021-09-14 10:05:49', NULL, NULL, 'Length', NULL, 'NONE'),
(1636, NULL, 26, NULL, NULL, 121, 48, 22, 50, 1, '2021-09-14 10:05:49', NULL, NULL, 'Length', NULL, 'NONE'),
(1637, NULL, 26, NULL, NULL, 430, 22, 22, 50, 1, '2021-09-14 10:05:49', NULL, NULL, 'Length', NULL, 'NONE'),
(1638, NULL, 26, NULL, NULL, 121, 22, 22, 50, 1, '2021-09-14 10:05:49', NULL, NULL, 'Length', NULL, 'NONE'),
(1639, NULL, 26, NULL, NULL, 121, 22, 23, 50, 1, '2021-09-14 10:05:49', NULL, NULL, 'Length', NULL, 'NONE'),
(1640, NULL, 26, NULL, NULL, 121, 49, 23, 50, 1, '2021-09-14 10:05:49', NULL, NULL, 'Length', NULL, 'NONE'),
(1641, NULL, 27, NULL, NULL, 829, 47, 21, 49, 1, '2021-09-14 10:05:49', NULL, NULL, 'Length', NULL, 'NONE'),
(1642, NULL, 28, NULL, NULL, 830, 6, 25, 12, 1, '2021-09-14 10:05:49', NULL, NULL, 'Width', NULL, 'NONE'),
(1643, NULL, 28, NULL, NULL, 831, 6, 25, 12, 1, '2021-09-14 10:05:49', NULL, NULL, 'Width', NULL, 'NONE'),
(1644, NULL, 28, NULL, NULL, 832, 19, 25, 12, 1, '2021-09-14 10:05:49', NULL, NULL, 'Length', NULL, 'NONE'),
(1645, NULL, 28, NULL, NULL, 833, 6, 25, 12, 1, '2021-09-14 10:05:49', NULL, NULL, 'Width', NULL, 'NONE'),
(1646, NULL, 28, NULL, NULL, 834, 6, 25, 12, 1, '2021-09-14 10:05:49', NULL, NULL, 'Width', NULL, 'NONE'),
(1647, NULL, 27, NULL, NULL, 835, 28, 20, 49, 1, '2021-09-14 10:05:49', NULL, NULL, 'Length', NULL, 'NONE'),
(1648, NULL, 28, NULL, NULL, 836, 6, 25, 12, 1, '2021-09-14 10:05:49', NULL, NULL, 'Length', NULL, 'NONE'),
(1649, NULL, 28, NULL, NULL, 837, 6, 25, 12, 1, '2021-09-14 10:05:49', NULL, NULL, 'Length', NULL, 'NONE'),
(1650, NULL, 28, NULL, NULL, 838, 21, 26, 12, 1, '2021-09-14 10:05:49', NULL, NULL, 'Length', NULL, 'NONE'),
(1651, NULL, 27, NULL, NULL, 839, 47, 21, 49, 1, '2021-09-14 10:05:49', NULL, NULL, 'Length', NULL, 'NONE'),
(1652, NULL, 27, NULL, NULL, 840, 47, 20, 49, 1, '2021-09-14 10:05:49', NULL, NULL, 'Length', NULL, 'NONE'),
(1653, NULL, 27, NULL, NULL, 841, 47, 21, 49, 1, '2021-09-14 10:05:49', NULL, NULL, 'Length', NULL, 'NONE'),
(1654, NULL, 28, NULL, NULL, 842, 6, 25, 12, 1, '2021-09-14 10:05:49', NULL, NULL, 'Length', NULL, 'NONE'),
(1655, NULL, 28, NULL, NULL, 843, 6, 25, 12, 1, '2021-09-14 10:05:49', NULL, NULL, 'Length', NULL, 'NONE'),
(1656, NULL, 29, NULL, NULL, 844, 23, 28, 53, 1, '2021-09-14 10:05:49', NULL, NULL, 'Length', NULL, 'NONE'),
(1657, NULL, 29, NULL, NULL, 845, 23, 28, 53, 1, '2021-09-14 10:05:49', NULL, NULL, 'Length', NULL, 'NONE'),
(1658, NULL, 24, NULL, NULL, 846, 6, 9, 22, 1, '2021-09-14 10:05:49', NULL, NULL, 'Length', NULL, 'NONE'),
(1659, NULL, 28, NULL, NULL, 847, 6, 25, 12, 1, '2021-09-14 10:05:49', NULL, NULL, 'Length', NULL, 'NONE'),
(1660, NULL, 27, NULL, NULL, 848, 10, 20, 49, 1, '2021-09-14 10:05:49', NULL, NULL, 'Length', NULL, 'NONE'),
(1661, NULL, 28, NULL, NULL, 849, 6, 25, 12, 1, '2021-09-14 10:05:49', NULL, NULL, 'Length', NULL, 'NONE'),
(1662, NULL, 28, NULL, NULL, 850, 19, 25, 12, 1, '2021-09-14 10:05:49', NULL, NULL, 'Length', NULL, 'NONE'),
(1663, NULL, 28, NULL, NULL, 851, 6, 25, 12, 1, '2021-09-14 10:05:49', NULL, NULL, 'Length', NULL, 'NONE'),
(1664, NULL, 28, NULL, NULL, 852, 6, 26, 12, 1, '2021-09-14 10:05:49', NULL, NULL, 'Length', NULL, 'NONE'),
(1665, NULL, 28, NULL, NULL, 853, 6, 25, 12, 1, '2021-09-14 10:05:49', NULL, NULL, 'Length', NULL, 'NONE'),
(1666, NULL, 28, NULL, NULL, 854, 6, 25, 12, 1, '2021-09-14 10:05:49', NULL, NULL, 'Length', NULL, 'NONE'),
(1667, NULL, 28, NULL, NULL, 855, 6, 25, 12, 1, '2021-09-14 10:05:49', NULL, NULL, 'Length', NULL, 'NONE'),
(1668, NULL, 28, NULL, NULL, 856, 6, 25, 12, 1, '2021-09-14 10:05:49', NULL, NULL, 'Length', NULL, 'NONE'),
(1669, 1506, 27, NULL, NULL, 859, 47, 20, 49, 1, '2021-09-14 10:14:14', NULL, NULL, 'Length', NULL, 'NONE'),
(1670, 1506, 27, NULL, NULL, 860, 47, 20, 49, 1, '2021-09-14 10:14:14', NULL, NULL, 'Length', NULL, 'NONE'),
(1671, 1529, 25, NULL, NULL, 862, 10, 7, 1, 1, '2021-09-14 10:20:54', NULL, NULL, 'Length', NULL, 'NONE'),
(1672, 1529, 25, NULL, NULL, 863, 10, 7, 1, 1, '2021-09-14 10:21:06', NULL, NULL, 'Length', NULL, 'WASTED'),
(1673, 1517, 27, NULL, NULL, 865, 28, 21, 49, 1, '2021-09-14 10:23:25', NULL, NULL, 'Length', NULL, 'NONE'),
(1674, 1517, 27, NULL, NULL, 866, 28, 21, 49, 1, '2021-09-14 10:23:40', NULL, NULL, 'Length', NULL, 'WASTED'),
(1675, 1507, 27, NULL, NULL, 870, 28, 20, 49, 1, '2021-09-14 13:15:37', NULL, NULL, 'Length', NULL, 'NONE'),
(1676, 1516, 27, NULL, NULL, 872, 47, 21, 49, 1, '2021-09-18 09:25:07', NULL, NULL, 'Length', NULL, 'NONE'),
(1677, 1516, 27, NULL, NULL, 873, 47, 21, 49, 1, '2021-09-18 09:25:07', NULL, NULL, 'Length', NULL, 'NONE'),
(1678, 1516, 27, NULL, NULL, 874, 47, 21, 49, 1, '2021-09-18 09:26:15', NULL, NULL, 'Length', NULL, 'WASTED'),
(1679, NULL, 22, NULL, NULL, 205, 7, NULL, NULL, 1, '2021-09-20 10:08:05', NULL, NULL, 'Width', NULL, 'NONE'),
(1680, NULL, 22, NULL, NULL, 263, 7, NULL, NULL, 1, '2021-09-20 10:08:05', NULL, NULL, 'Width', NULL, 'NONE'),
(1681, NULL, 22, NULL, NULL, 263, 18, NULL, NULL, 1, '2021-09-20 10:08:05', NULL, NULL, 'Width', NULL, 'NONE'),
(1682, NULL, 22, NULL, NULL, 207, 18, NULL, NULL, 1, '2021-09-20 10:08:05', NULL, NULL, 'Width', NULL, 'NONE'),
(1683, NULL, 22, NULL, NULL, 205, 18, NULL, NULL, 1, '2021-09-20 10:08:05', NULL, NULL, 'Width', NULL, 'NONE'),
(1684, NULL, 22, NULL, NULL, 40, 18, NULL, NULL, 1, '2021-09-20 10:08:05', NULL, NULL, 'Width', NULL, 'NONE'),
(1685, NULL, 22, NULL, NULL, 1, 18, NULL, NULL, 1, '2021-09-20 10:08:05', NULL, NULL, 'Width', NULL, 'NONE'),
(1686, NULL, 22, NULL, NULL, 1, 18, NULL, NULL, 1, '2021-09-20 10:08:05', NULL, NULL, 'Length', NULL, 'NONE'),
(1687, NULL, 22, NULL, NULL, 156, 18, NULL, NULL, 1, '2021-09-20 10:08:05', NULL, NULL, 'Width', NULL, 'NONE'),
(1688, 1513, 27, NULL, NULL, 875, 21, 21, 49, 1, '2021-09-20 13:03:27', NULL, NULL, 'Length', NULL, 'NONE'),
(1689, 1513, 27, NULL, NULL, 876, 21, 21, 49, 1, '2021-09-20 13:04:15', NULL, NULL, 'Length', NULL, 'NONE'),
(1690, 1513, 27, NULL, NULL, 877, 21, 21, 49, 1, '2021-09-20 13:04:38', NULL, NULL, 'Length', NULL, 'NONE'),
(1691, 1513, 27, NULL, NULL, 878, 21, 21, 49, 1, '2021-09-20 13:05:15', NULL, NULL, 'Length', NULL, 'WASTED'),
(1692, NULL, 33, NULL, NULL, 881, 6, NULL, NULL, 1, '2021-09-22 09:54:45', NULL, NULL, 'Width', NULL, 'NONE'),
(1693, NULL, 31, NULL, NULL, 882, 3, NULL, NULL, 1, '2021-09-22 09:54:45', NULL, NULL, 'Length', NULL, 'NONE'),
(1694, NULL, 31, NULL, NULL, 883, 3, NULL, NULL, 1, '2021-09-22 09:54:45', NULL, NULL, 'Length', NULL, 'NONE'),
(1695, NULL, 32, NULL, NULL, 884, 4, 30, NULL, 1, '2021-09-22 09:54:45', NULL, NULL, 'Length', NULL, 'NONE'),
(1696, NULL, 32, NULL, NULL, 885, 26, 15, NULL, 1, '2021-09-22 09:54:45', NULL, NULL, 'Width', NULL, 'NONE'),
(1697, NULL, 31, NULL, NULL, 1, 47, 31, NULL, 1, '2021-09-22 09:54:45', NULL, NULL, 'Length', NULL, 'NONE'),
(1698, NULL, 31, NULL, NULL, 886, 3, NULL, NULL, 1, '2021-09-22 09:54:45', NULL, NULL, 'Length', NULL, 'NONE'),
(1699, NULL, 32, NULL, NULL, 887, 26, 31, NULL, 1, '2021-09-22 09:54:45', NULL, NULL, 'Length', NULL, 'NONE'),
(1700, NULL, 32, NULL, NULL, 888, 28, 31, NULL, 1, '2021-09-22 09:54:45', NULL, NULL, 'Length', NULL, 'NONE'),
(1701, NULL, 32, NULL, NULL, 432, 10, 32, NULL, 1, '2021-09-22 09:54:45', NULL, NULL, 'Length', NULL, 'NONE'),
(1702, NULL, 31, NULL, NULL, 889, 3, NULL, NULL, 1, '2021-09-22 09:54:45', NULL, NULL, 'Length', NULL, 'NONE'),
(1703, NULL, 22, NULL, NULL, 455, 23, NULL, NULL, 1, '2021-09-22 11:35:22', NULL, NULL, 'Width', NULL, 'NONE'),
(1704, 1687, 22, NULL, NULL, 890, 18, NULL, NULL, 1, '2021-09-22 11:49:23', NULL, NULL, 'Length', NULL, 'NONE'),
(1705, 1687, 22, NULL, NULL, 891, 18, NULL, NULL, 1, '2021-09-22 11:49:57', NULL, NULL, 'Length', NULL, 'NONE'),
(1706, 1687, 22, NULL, NULL, 892, 18, NULL, NULL, 1, '2021-09-22 11:51:15', NULL, NULL, 'Length', NULL, 'NONE'),
(1707, 1687, 22, NULL, NULL, 893, 18, NULL, NULL, 1, '2021-09-22 11:52:01', NULL, NULL, 'Length', NULL, 'NONE'),
(1708, 1687, 22, NULL, NULL, 894, 18, NULL, NULL, 1, '2021-09-22 11:52:09', NULL, NULL, 'Length', NULL, 'NONE'),
(1709, 1687, 22, NULL, NULL, 895, 18, NULL, NULL, 1, '2021-09-22 11:52:18', NULL, NULL, 'Length', NULL, 'NONE'),
(1710, 1687, 22, NULL, NULL, 896, 18, NULL, NULL, 1, '2021-09-22 11:52:25', NULL, NULL, 'Length', NULL, 'WASTED'),
(1711, 1683, 22, NULL, NULL, 897, 18, NULL, NULL, 1, '2021-09-22 11:52:45', NULL, NULL, 'Length', NULL, 'NONE'),
(1712, 1683, 22, NULL, NULL, 898, 18, NULL, NULL, 1, '2021-09-22 11:53:01', NULL, NULL, 'Length', NULL, 'NONE'),
(1713, 1683, 22, NULL, NULL, 899, 18, NULL, NULL, 1, '2021-09-22 11:53:08', NULL, NULL, 'Length', NULL, 'NONE'),
(1714, 1683, 22, NULL, NULL, 900, 18, NULL, NULL, 1, '2021-09-22 11:53:14', NULL, NULL, 'Length', NULL, 'NONE'),
(1715, NULL, 34, NULL, NULL, 905, 17, 33, NULL, 1, '2021-09-26 10:41:13', NULL, NULL, 'Width', NULL, 'NONE'),
(1716, 1682, 22, NULL, NULL, 906, 18, NULL, NULL, 1, '2021-09-26 15:32:20', NULL, NULL, 'Length', NULL, 'NONE'),
(1717, 1682, 22, NULL, NULL, 907, 18, NULL, NULL, 1, '2021-09-26 15:32:20', NULL, NULL, 'Length', NULL, 'NONE'),
(1718, 1682, 22, NULL, NULL, 908, 18, NULL, NULL, 1, '2021-09-26 15:34:46', NULL, NULL, 'Length', NULL, 'WASTED'),
(1719, 1684, 22, NULL, NULL, 914, 18, NULL, NULL, 1, '2021-09-28 10:46:57', NULL, NULL, 'Length', NULL, 'NONE'),
(1720, 1684, 22, NULL, NULL, 915, 18, NULL, NULL, 1, '2021-09-28 10:47:24', NULL, NULL, 'Length', NULL, 'NONE'),
(1721, 1684, 22, NULL, NULL, 916, 18, NULL, NULL, 1, '2021-09-28 10:47:26', NULL, NULL, 'Length', NULL, 'NONE'),
(1722, 1503, 27, NULL, NULL, 917, 47, 20, 49, 1, '2021-09-28 12:19:44', NULL, NULL, 'Length', NULL, 'NONE'),
(1723, 1503, 27, NULL, NULL, 918, 47, 20, 49, 1, '2021-09-28 12:21:12', NULL, NULL, 'Length', NULL, 'WASTED'),
(1724, 1505, 27, NULL, NULL, 919, 47, 20, 49, 1, '2021-09-28 12:19:44', NULL, NULL, 'Length', NULL, 'NONE'),
(1725, 1505, 27, NULL, NULL, 920, 47, 20, 49, 1, '2021-09-28 12:21:28', NULL, NULL, 'Length', NULL, 'WASTED'),
(1726, 1530, 24, NULL, NULL, 921, 3, 9, 11, 1, '2021-09-28 12:19:46', NULL, NULL, 'Length', NULL, 'NONE'),
(1727, 1530, 24, NULL, NULL, 922, 3, 9, 11, 1, '2021-09-28 12:21:41', NULL, NULL, 'Length', NULL, 'WASTED'),
(1728, 1680, 22, NULL, NULL, 923, 7, NULL, NULL, 1, '2021-09-28 13:09:51', NULL, NULL, 'Length', NULL, 'NONE'),
(1729, 1680, 22, NULL, NULL, 924, 7, NULL, NULL, 1, '2021-09-28 13:10:09', NULL, NULL, 'Length', NULL, 'NONE'),
(1730, 1680, 22, NULL, NULL, 925, 7, NULL, NULL, 1, '2021-09-28 13:10:10', NULL, NULL, 'Length', NULL, 'NONE'),
(1731, 1680, 22, NULL, NULL, 926, 7, NULL, NULL, 1, '2021-09-28 13:10:31', NULL, NULL, 'Length', NULL, 'WASTED'),
(1732, 1679, 22, NULL, NULL, 927, 7, NULL, NULL, 1, '2021-09-28 13:21:01', NULL, NULL, 'Length', NULL, 'NONE'),
(1733, 1679, 22, NULL, NULL, 928, 7, NULL, NULL, 1, '2021-09-28 13:21:28', NULL, NULL, 'Length', NULL, 'NONE'),
(1734, 1679, 22, NULL, NULL, 929, 7, NULL, NULL, 1, '2021-09-28 13:21:34', NULL, NULL, 'Length', NULL, 'WASTED'),
(1735, 1681, 22, NULL, NULL, 933, 18, NULL, NULL, 1, '2021-09-30 12:22:41', NULL, NULL, 'Length', NULL, 'NONE'),
(1736, 1681, 22, NULL, NULL, 934, 18, NULL, NULL, 1, '2021-09-30 12:23:05', NULL, NULL, 'Length', NULL, 'NONE'),
(1737, 1681, 22, NULL, NULL, 935, 18, NULL, NULL, 1, '2021-09-30 12:23:06', NULL, NULL, 'Length', NULL, 'NONE'),
(1738, 1681, 22, NULL, NULL, 936, 18, NULL, NULL, 1, '2021-09-30 12:23:21', NULL, NULL, 'Length', NULL, 'WASTED'),
(1739, 1683, 22, NULL, NULL, 937, 18, NULL, NULL, 1, '2021-09-30 12:22:41', NULL, NULL, 'Length', NULL, 'NONE'),
(1740, 1683, 22, NULL, NULL, 938, 18, NULL, NULL, 1, '2021-09-30 12:23:40', NULL, NULL, 'Length', NULL, 'WASTED'),
(1741, NULL, 35, NULL, 3, 939, 10, NULL, NULL, 1, '2021-09-30 12:32:43', NULL, NULL, 'Length', NULL, 'NONE'),
(1742, 1681, 22, NULL, NULL, 950, 18, NULL, NULL, 1, '2021-10-04 10:34:58', NULL, NULL, 'Length', NULL, 'NONE'),
(1743, 1681, 22, NULL, NULL, 951, 18, NULL, NULL, 1, '2021-10-04 10:36:14', NULL, NULL, 'Length', NULL, 'NONE'),
(1744, 1681, 22, NULL, NULL, 952, 18, NULL, NULL, 1, '2021-10-04 10:36:18', NULL, NULL, 'Length', NULL, 'NONE'),
(1745, 1681, 22, NULL, NULL, 953, 18, NULL, NULL, 1, '2021-10-04 10:36:59', NULL, NULL, 'Length', NULL, 'WASTED'),
(1746, 1683, 22, NULL, NULL, 954, 18, NULL, NULL, 1, '2021-10-04 10:37:33', NULL, NULL, 'Length', NULL, 'NONE'),
(1747, 1683, 22, NULL, NULL, 955, 18, NULL, NULL, 1, '2021-10-04 10:38:23', NULL, NULL, 'Length', NULL, 'NONE'),
(1748, 1683, 22, NULL, NULL, 956, 18, NULL, NULL, 1, '2021-10-04 10:38:38', NULL, NULL, 'Length', NULL, 'NONE'),
(1749, 1683, 22, NULL, NULL, 957, 18, NULL, NULL, 1, '2021-10-04 10:38:48', NULL, NULL, 'Length', NULL, 'WASTED'),
(1756, 1681, 22, NULL, NULL, 964, 18, NULL, NULL, 1, '2021-10-04 11:50:28', NULL, NULL, 'Length', NULL, 'NONE'),
(1757, 1681, 22, NULL, NULL, 965, 18, NULL, NULL, 1, '2021-10-04 11:50:10', NULL, NULL, 'Length', NULL, 'NONE'),
(1758, 1681, 22, NULL, NULL, 966, 18, NULL, NULL, 1, '2021-10-04 11:50:40', NULL, NULL, 'Length', NULL, 'NONE'),
(1759, 1681, 22, NULL, NULL, 967, 18, NULL, NULL, 1, '2021-10-04 11:51:03', NULL, NULL, 'Length', NULL, 'NONE'),
(1760, 1681, 22, NULL, NULL, 968, 18, NULL, NULL, 1, '2021-10-04 11:51:13', NULL, NULL, 'Length', NULL, 'NONE'),
(1761, 1681, 22, NULL, NULL, 969, 18, NULL, NULL, 1, '2021-10-04 11:51:24', NULL, NULL, 'Length', NULL, 'NONE'),
(1762, 1681, 22, NULL, NULL, 970, 18, NULL, NULL, 1, '2021-10-04 13:39:51', NULL, NULL, 'Length', NULL, 'NONE'),
(1763, 1681, 22, NULL, NULL, 971, 18, NULL, NULL, 1, '2021-10-04 13:41:36', NULL, NULL, 'Length', NULL, 'NONE'),
(1764, 1681, 22, NULL, NULL, 972, 18, NULL, NULL, 1, '2021-10-04 13:42:09', NULL, NULL, 'Length', NULL, 'NONE'),
(1765, 1681, 22, NULL, NULL, 973, 18, NULL, NULL, 1, '2021-10-04 13:42:34', NULL, NULL, 'Length', NULL, 'WASTED'),
(1766, 1683, 22, NULL, NULL, 974, 18, NULL, NULL, 1, '2021-10-04 13:39:51', NULL, NULL, 'Length', NULL, 'NONE'),
(1767, 1683, 22, NULL, NULL, 975, 18, NULL, NULL, 1, '2021-10-04 13:43:30', NULL, NULL, 'Length', NULL, 'NONE'),
(1768, 1683, 22, NULL, NULL, 976, 18, NULL, NULL, 1, '2021-10-04 13:43:49', NULL, NULL, 'Length', NULL, 'NONE'),
(1769, 1540, 26, NULL, NULL, 977, 49, 22, 50, 1, '2021-10-04 13:54:44', NULL, NULL, 'Length', NULL, 'NONE'),
(1770, 1540, 26, NULL, NULL, 978, 49, 22, 50, 1, '2021-10-04 13:55:11', NULL, NULL, 'Length', NULL, 'NONE'),
(1771, 1540, 26, NULL, NULL, 979, 49, 22, 50, 1, '2021-10-04 13:55:24', NULL, NULL, 'Length', NULL, 'WASTED'),
(1772, 1540, 26, NULL, NULL, 980, 49, 22, 50, 1, '2021-10-04 13:54:44', NULL, NULL, 'Length', NULL, 'NONE'),
(1773, 1540, 26, NULL, NULL, 981, 49, 22, 50, 1, '2021-10-04 13:59:00', NULL, NULL, 'Length', NULL, 'NONE'),
(1774, 1540, 26, NULL, NULL, 982, 49, 22, 50, 1, '2021-10-04 13:59:11', NULL, NULL, 'Length', NULL, 'WASTED'),
(1787, NULL, 36, NULL, NULL, 986, 51, NULL, NULL, 1, '2021-10-07 09:44:53', NULL, NULL, 'Length', NULL, 'NONE'),
(1796, 1504, 27, NULL, NULL, 995, 47, 20, 49, 1, '2021-10-10 11:16:02', NULL, NULL, 'Length', NULL, 'NONE'),
(1797, 1504, 27, NULL, NULL, 996, 47, 20, 49, 1, '2021-10-10 11:16:26', NULL, NULL, 'Length', NULL, 'WASTED'),
(1804, 1684, 22, NULL, NULL, 1003, 18, NULL, NULL, 1, '2021-10-10 12:52:06', NULL, NULL, 'Length', NULL, 'NONE'),
(1805, 1684, 22, NULL, NULL, 1004, 18, NULL, NULL, 1, '2021-10-10 12:55:55', NULL, NULL, 'Length', NULL, 'NONE'),
(1806, 1684, 22, NULL, NULL, 1005, 18, NULL, NULL, 1, '2021-10-10 12:56:04', NULL, NULL, 'Length', NULL, 'NONE'),
(1807, 1684, 22, NULL, NULL, 1006, 18, NULL, NULL, 1, '2021-10-10 12:56:20', NULL, NULL, 'Length', NULL, 'WASTED'),
(1808, 1682, 22, NULL, NULL, 1007, 18, NULL, NULL, 1, '2021-10-10 12:52:06', NULL, NULL, 'Length', NULL, 'NONE'),
(1809, 1682, 22, NULL, NULL, 1008, 18, NULL, NULL, 1, '2021-10-10 12:57:02', NULL, NULL, 'Length', NULL, 'NONE'),
(1810, 1682, 22, NULL, NULL, 1009, 18, NULL, NULL, 1, '2021-10-10 12:57:12', NULL, NULL, 'Length', NULL, 'NONE'),
(1811, 1682, 22, NULL, NULL, 1010, 18, NULL, NULL, 1, '2021-10-10 12:57:18', NULL, NULL, 'Length', NULL, 'NONE'),
(1812, 1682, 22, NULL, NULL, 1011, 18, NULL, NULL, 1, '2021-10-10 12:57:26', NULL, NULL, 'Length', NULL, 'NONE'),
(1813, 1682, 22, NULL, NULL, 1012, 18, NULL, NULL, 1, '2021-10-10 12:57:36', NULL, NULL, 'Length', NULL, 'WASTED'),
(1814, 1681, 22, NULL, NULL, 1013, 18, NULL, NULL, 1, '2021-10-10 12:57:59', NULL, NULL, 'Length', NULL, 'NONE'),
(1815, 1681, 22, NULL, NULL, 1014, 18, NULL, NULL, 1, '2021-10-10 12:59:11', NULL, NULL, 'Length', NULL, 'WASTED'),
(1816, 1514, 27, NULL, NULL, 1015, 47, 21, 49, 1, '2021-10-10 12:59:46', NULL, NULL, 'Length', NULL, 'NONE'),
(1817, 1514, 27, NULL, NULL, 1016, 47, 21, 49, 1, '2021-10-10 12:59:46', NULL, NULL, 'Length', NULL, 'NONE'),
(1818, 1514, 27, NULL, NULL, 1017, 47, 21, 49, 1, '2021-10-10 13:00:21', NULL, NULL, 'Length', NULL, 'WASTED'),
(1819, NULL, 22, NULL, NULL, 205, 18, NULL, NULL, 1, '2021-10-23 10:22:50', NULL, NULL, 'Width', NULL, 'NONE'),
(1820, NULL, 22, NULL, NULL, 1, 10, NULL, NULL, 1, '2021-10-23 10:22:50', NULL, NULL, 'Width', NULL, 'NONE'),
(1821, NULL, 22, NULL, NULL, 1, 10, NULL, NULL, 1, '2021-10-23 10:22:50', NULL, NULL, 'Length', NULL, 'NONE'),
(1822, NULL, 22, NULL, NULL, 1, 9, NULL, NULL, 1, '2021-10-23 10:22:50', NULL, NULL, 'Width', NULL, 'NONE'),
(1823, NULL, 22, NULL, NULL, 1, 9, NULL, NULL, 1, '2021-10-23 10:22:50', NULL, NULL, 'Length', NULL, 'NONE'),
(1824, NULL, 22, NULL, NULL, 24, 18, NULL, NULL, 1, '2021-10-23 10:22:50', NULL, NULL, 'Width', NULL, 'NONE'),
(1825, NULL, 22, NULL, NULL, 176, 18, NULL, NULL, 1, '2021-10-23 10:22:50', NULL, NULL, 'Width', NULL, 'NONE'),
(1826, NULL, 22, NULL, NULL, 207, 18, NULL, NULL, 1, '2021-10-23 10:22:50', NULL, NULL, 'Width', NULL, 'NONE'),
(1827, NULL, 22, NULL, NULL, 263, 18, NULL, NULL, 1, '2021-10-23 10:22:50', NULL, NULL, 'Width', NULL, 'NONE'),
(1828, NULL, 22, NULL, NULL, 211, 18, NULL, NULL, 1, '2021-10-23 10:22:50', NULL, NULL, 'Width', NULL, 'NONE'),
(1829, NULL, 22, NULL, NULL, 40, 18, NULL, NULL, 1, '2021-10-23 10:22:50', NULL, NULL, 'Width', NULL, 'NONE'),
(1830, NULL, 22, NULL, NULL, 1025, 18, NULL, NULL, 1, '2021-10-23 10:22:50', NULL, NULL, 'Width', NULL, 'NONE'),
(1831, 1684, 22, NULL, NULL, 1019, 18, NULL, NULL, 1, '2021-10-23 16:04:03', NULL, NULL, 'Length', NULL, 'NONE'),
(1832, 1684, 22, NULL, NULL, 1019, 18, NULL, NULL, 1, '2021-10-23 16:04:03', NULL, NULL, 'Length', NULL, 'WASTED'),
(1835, 1682, 22, NULL, NULL, 1023, 18, NULL, NULL, 1, '2021-10-25 11:16:53', NULL, NULL, 'Length', NULL, 'NONE'),
(1836, 1682, 22, NULL, NULL, 1023, 18, NULL, NULL, 1, '2021-10-25 11:16:53', NULL, NULL, 'Length', NULL, 'WASTED'),
(1837, 1512, 27, NULL, NULL, 1024, 21, 21, 49, 1, '2021-10-25 11:18:31', NULL, NULL, 'Length', NULL, 'NONE'),
(1838, 1512, 27, NULL, NULL, 1024, 21, 21, 49, 1, '2021-10-25 11:18:31', NULL, NULL, 'Length', NULL, 'WASTED'),
(1839, 1684, 22, NULL, NULL, 1022, 18, NULL, NULL, 1, '2021-10-25 11:41:22', NULL, NULL, 'Length', NULL, 'NONE'),
(1840, 1684, 22, NULL, NULL, 1022, 18, NULL, NULL, 1, '2021-10-25 11:41:22', NULL, NULL, 'Length', NULL, 'WASTED'),
(1841, 1514, 27, NULL, NULL, 688, 47, 21, 49, 1, '2021-10-26 12:24:49', NULL, NULL, 'Length', NULL, 'WASTED'),
(1842, 1825, 22, NULL, NULL, 1026, 18, NULL, NULL, 1, '2021-10-26 13:04:27', NULL, NULL, 'Length', NULL, 'NONE'),
(1843, 1825, 22, NULL, NULL, 1026, 18, NULL, NULL, 1, '2021-10-26 13:04:27', NULL, NULL, 'Length', NULL, 'WASTED'),
(1844, 1827, 22, NULL, NULL, 508, 18, NULL, NULL, 1, '2021-10-26 13:10:44', NULL, NULL, 'Length', NULL, 'NONE'),
(1845, 1827, 22, NULL, NULL, 508, 18, NULL, NULL, 1, '2021-10-26 13:10:44', NULL, NULL, 'Length', NULL, 'WASTED'),
(1846, 1827, 22, NULL, NULL, 1037, 18, NULL, NULL, 1, '2021-10-27 11:23:31', NULL, NULL, 'Length', NULL, 'NONE'),
(1847, 1827, 22, NULL, NULL, 1037, 18, NULL, NULL, 1, '2021-10-27 11:23:31', NULL, NULL, 'Length', NULL, 'WASTED'),
(1848, 1830, 22, NULL, NULL, 1036, 18, NULL, NULL, 1, '2021-10-27 11:26:16', NULL, NULL, 'Length', NULL, 'NONE'),
(1849, 1830, 22, NULL, NULL, 1036, 18, NULL, NULL, 1, '2021-10-27 11:26:16', NULL, NULL, 'Length', NULL, 'WASTED'),
(1850, 1830, 22, NULL, NULL, 1030, 18, NULL, NULL, 1, '2021-10-27 12:53:36', NULL, NULL, 'Length', NULL, 'NONE'),
(1851, 1830, 22, NULL, NULL, 1030, 18, NULL, NULL, 1, '2021-10-27 12:53:36', NULL, NULL, 'Length', NULL, 'WASTED'),
(1852, 1828, 22, NULL, NULL, 1028, 18, NULL, NULL, 1, '2021-10-27 13:09:03', NULL, NULL, 'Length', NULL, 'NONE'),
(1853, 1828, 22, NULL, NULL, 1028, 18, NULL, NULL, 1, '2021-10-27 13:09:03', NULL, NULL, 'Length', NULL, 'WASTED'),
(1855, NULL, 37, NULL, NULL, 1055, 41, NULL, NULL, 1, '2021-10-30 10:00:19', NULL, NULL, 'Width', NULL, 'NONE'),
(1856, 1825, 22, NULL, NULL, 1034, 18, NULL, NULL, 1, '2021-11-01 12:38:42', NULL, NULL, 'Length', NULL, 'NONE'),
(1857, 1825, 22, NULL, NULL, 1034, 18, NULL, NULL, 1, '2021-11-01 12:38:42', NULL, NULL, 'Length', NULL, 'WASTED'),
(1858, 1684, 22, NULL, NULL, 1035, 18, NULL, NULL, 1, '2021-11-01 12:42:00', NULL, NULL, 'Length', NULL, 'NONE'),
(1859, 1684, 22, NULL, NULL, 1035, 18, NULL, NULL, 1, '2021-11-01 12:42:00', NULL, NULL, 'Length', NULL, 'WASTED'),
(1860, 1828, 22, NULL, NULL, 483, 18, NULL, NULL, 1, '2021-11-01 12:45:47', NULL, NULL, 'Length', NULL, 'NONE'),
(1861, 1828, 22, NULL, NULL, 483, 18, NULL, NULL, 1, '2021-11-01 12:45:47', NULL, NULL, 'Length', NULL, 'WASTED'),
(1862, 1687, 22, NULL, NULL, 880, 18, NULL, NULL, 1, '2021-11-01 14:59:09', NULL, NULL, 'Length', NULL, 'NONE'),
(1863, 1687, 22, NULL, NULL, 880, 18, NULL, NULL, 1, '2021-11-01 14:59:09', NULL, NULL, 'Length', NULL, 'WASTED'),
(1864, 1825, 22, NULL, NULL, 326, 18, NULL, NULL, 1, '2021-11-01 15:16:50', NULL, NULL, 'Length', NULL, 'NONE'),
(1865, 1825, 22, NULL, NULL, 326, 18, NULL, NULL, 1, '2021-11-01 15:16:50', NULL, NULL, 'Length', NULL, 'WASTED'),
(1866, 1825, 22, NULL, NULL, 1046, 18, NULL, NULL, 1, '2021-11-01 15:22:23', NULL, NULL, 'Length', NULL, 'NONE'),
(1867, 1824, 22, NULL, NULL, 910, 18, NULL, NULL, 1, '2021-11-01 15:29:21', NULL, NULL, 'Length', NULL, 'NONE'),
(1868, 1824, 22, NULL, NULL, 910, 18, NULL, NULL, 1, '2021-11-01 15:29:21', NULL, NULL, 'Length', NULL, 'WASTED'),
(1869, 1824, 22, NULL, NULL, 1060, 18, NULL, NULL, 1, '2021-11-02 12:08:24', NULL, NULL, 'Length', NULL, 'NONE'),
(1870, 1824, 22, NULL, NULL, 1061, 18, NULL, NULL, 1, '2021-11-02 12:08:24', NULL, NULL, 'Length', NULL, 'NONE'),
(1871, 1830, 22, NULL, NULL, 1053, 18, NULL, NULL, 1, '2021-11-02 14:24:21', NULL, NULL, 'Length', NULL, 'NONE'),
(1872, 1830, 22, NULL, NULL, 1053, 18, NULL, NULL, 1, '2021-11-02 14:24:21', NULL, NULL, 'Length', NULL, 'WASTED'),
(1873, 1683, 22, NULL, NULL, 1066, 18, NULL, NULL, 1, '2021-11-02 14:34:45', NULL, NULL, 'Length', NULL, 'NONE'),
(1874, 1824, 22, NULL, NULL, 1060, 18, NULL, NULL, 1, '2021-11-03 09:44:17', NULL, NULL, 'Length', NULL, 'WASTED'),
(1875, 1825, 22, NULL, NULL, 41, 18, NULL, NULL, 1, '2021-11-03 10:17:02', NULL, NULL, 'Length', NULL, 'NONE'),
(1876, 1683, 22, NULL, NULL, 1066, 18, NULL, NULL, 1, '2021-11-03 12:04:52', NULL, NULL, 'Length', NULL, 'WASTED'),
(1877, 1824, 22, NULL, NULL, 1031, 18, NULL, NULL, 1, '2021-11-03 13:38:47', NULL, NULL, 'Length', NULL, 'NONE'),
(1878, 1824, 22, NULL, NULL, 1031, 18, NULL, NULL, 1, '2021-11-03 13:38:47', NULL, NULL, 'Length', NULL, 'WASTED'),
(1879, 1819, 22, NULL, NULL, 1, 18, NULL, NULL, 1, '2021-11-04 09:39:59', NULL, NULL, 'Length', NULL, 'NONE'),
(1880, 1819, 22, NULL, NULL, 18, 18, NULL, NULL, 1, '2021-11-04 09:39:59', NULL, NULL, 'Length', NULL, 'NONE'),
(1881, 1828, 22, NULL, NULL, 471, 18, NULL, NULL, 1, '2021-11-07 11:26:38', NULL, NULL, 'Length', NULL, 'NONE'),
(1882, 1819, 22, NULL, NULL, 1, 18, NULL, NULL, 1, '2021-11-07 12:23:11', NULL, NULL, 'Length', NULL, 'WASTED'),
(1883, 1684, 22, NULL, NULL, 1071, 18, NULL, NULL, 1, '2021-11-08 11:32:52', NULL, NULL, 'Length', NULL, 'NONE'),
(1885, NULL, 38, NULL, NULL, 366, 51, NULL, 55, 1, '2021-11-14 01:20:25', NULL, NULL, 'Width', NULL, 'NONE'),
(1886, NULL, 38, NULL, NULL, 1073, 51, NULL, 55, 1, '2021-11-14 01:20:25', NULL, NULL, 'Width', NULL, 'NONE'),
(1887, NULL, 39, NULL, NULL, 341, 53, NULL, 55, 1, '2021-11-14 01:20:25', NULL, NULL, 'Width', NULL, 'NONE'),
(1888, NULL, 38, NULL, NULL, 291, 51, NULL, 55, 1, '2021-11-14 01:20:25', NULL, NULL, 'Width', NULL, 'NONE'),
(1889, NULL, 38, NULL, NULL, 1074, 51, NULL, 56, 1, '2021-11-14 01:20:25', NULL, NULL, 'Width', NULL, 'NONE'),
(1890, NULL, 39, NULL, NULL, 1075, 54, NULL, 55, 1, '2021-11-14 01:20:25', NULL, NULL, 'Width', NULL, 'NONE'),
(1891, NULL, 39, NULL, NULL, 1076, 54, NULL, 55, 1, '2021-11-14 01:20:25', NULL, NULL, 'Width', NULL, 'NONE'),
(1892, NULL, 39, NULL, NULL, 743, 55, NULL, 57, 1, '2021-11-14 01:20:25', NULL, NULL, 'Width', NULL, 'NONE'),
(1893, 1502, 27, NULL, NULL, 1077, 21, 20, 49, 1, '2021-11-18 11:47:27', NULL, NULL, 'Length', NULL, 'NONE'),
(1894, 1502, 27, NULL, NULL, 1078, 21, 20, 49, 1, '2021-11-18 11:47:27', NULL, NULL, 'Length', NULL, 'NONE'),
(1895, 1502, 27, NULL, NULL, 1079, 21, 20, 49, 1, '2021-11-18 11:47:27', NULL, NULL, 'Length', NULL, 'NONE'),
(1896, 1502, 27, NULL, NULL, 1077, 21, 20, 49, 1, '2021-11-18 11:47:27', NULL, NULL, 'Length', NULL, 'WASTED'),
(1897, 1826, 22, NULL, NULL, 1081, 18, NULL, NULL, 1, '2021-11-18 12:00:54', NULL, NULL, 'Length', NULL, 'NONE'),
(1898, 1826, 22, NULL, NULL, 207, 18, NULL, NULL, 1, '2021-11-18 12:00:54', NULL, NULL, 'Length', NULL, 'NONE'),
(1899, 1826, 22, NULL, NULL, 1069, 18, NULL, NULL, 1, '2021-11-23 11:37:53', NULL, NULL, 'Length', NULL, 'NONE'),
(1900, NULL, 32, NULL, NULL, 1084, 1, NULL, NULL, 1, '2021-11-30 14:21:27', NULL, NULL, 'Width', NULL, 'NONE'),
(1901, 1539, 26, NULL, NULL, 1085, 49, 22, 50, 1, '2021-12-09 10:07:31', NULL, NULL, 'Length', NULL, 'NONE'),
(1902, 1539, 26, NULL, NULL, 1085, 49, 22, 50, 1, '2021-12-09 10:07:31', NULL, NULL, 'Length', NULL, 'WASTED'),
(1903, 1542, 26, NULL, NULL, 9, 49, 23, 50, 1, '2021-12-09 10:11:55', NULL, NULL, 'Length', NULL, 'NONE'),
(1904, 1542, 26, NULL, NULL, 9, 49, 23, 50, 1, '2021-12-09 10:11:55', NULL, NULL, 'Length', NULL, 'WASTED'),
(1905, NULL, 22, NULL, NULL, 1, 1, NULL, NULL, 1, '2021-12-19 12:15:40', NULL, NULL, 'Width', NULL, 'NONE'),
(1906, NULL, 22, NULL, NULL, 1, 1, NULL, NULL, 1, '2021-12-19 12:15:40', NULL, NULL, 'Length', NULL, 'NONE'),
(1907, NULL, 22, NULL, NULL, 198, 11, NULL, NULL, 1, '2021-12-19 12:15:40', NULL, NULL, 'Length', NULL, 'NONE'),
(1908, NULL, 22, NULL, NULL, 1088, 11, NULL, NULL, 1, '2021-12-19 12:15:40', NULL, NULL, 'Length', NULL, 'NONE'),
(1909, NULL, 22, NULL, NULL, 176, 23, NULL, 58, 1, '2021-12-21 01:35:51', NULL, NULL, 'Width', NULL, 'NONE'),
(1910, NULL, 22, NULL, NULL, 205, 23, NULL, 58, 1, '2021-12-21 01:35:51', NULL, NULL, 'Width', NULL, 'NONE'),
(1911, NULL, 22, NULL, NULL, 207, 23, NULL, 58, 1, '2021-12-21 01:35:51', NULL, NULL, 'Width', NULL, 'NONE'),
(1912, NULL, 22, NULL, NULL, 40, 23, NULL, 58, 1, '2021-12-21 01:35:51', NULL, NULL, 'Width', NULL, 'NONE'),
(1913, NULL, 22, NULL, NULL, 263, 23, NULL, 58, 1, '2021-12-21 01:35:51', NULL, NULL, 'Width', NULL, 'NONE');
INSERT  INTO `products` (`iD`, `ParentID`, `ProductTypeID`, `CustomsDeclarationID`, `Country_Manufacture_CompanyID`, `SizeID`, `GSMID`, `GradeID`, `QualityID`, `ProductColorID`, `date`, `sheets`, `barcode`, `fiberLines`, `comments`, `status`) VALUES
(1914, NULL, 22, NULL, NULL, 362, 23, NULL, 58, 1, '2021-12-21 01:35:51', NULL, NULL, 'Width', NULL, 'NONE'),
(1915, NULL, 22, NULL, NULL, 176, 1, NULL, NULL, 1, '2021-12-21 01:37:00', NULL, NULL, 'Width', NULL, 'NONE'),
(1916, NULL, 22, NULL, NULL, 207, 1, NULL, NULL, 1, '2021-12-21 01:37:00', NULL, NULL, 'Width', NULL, 'NONE'),
(1917, NULL, 22, NULL, NULL, 177, 1, NULL, NULL, 1, '2021-12-21 01:37:00', NULL, NULL, 'Width', NULL, 'NONE'),
(1918, NULL, 22, NULL, NULL, 263, 1, NULL, NULL, 1, '2021-12-21 01:38:26', NULL, NULL, 'Width', NULL, 'NONE'),
(1919, NULL, 22, NULL, NULL, 40, 1, NULL, NULL, 1, '2021-12-21 01:38:26', NULL, NULL, 'Width', NULL, 'NONE'),
(1920, NULL, 22, NULL, NULL, 362, 1, NULL, NULL, 1, '2021-12-21 01:38:26', NULL, NULL, 'Width', NULL, 'NONE'),
(1921, NULL, 22, NULL, NULL, 352, 3, NULL, NULL, 1, '2021-12-21 01:38:26', NULL, NULL, 'Width', NULL, 'NONE'),
(1922, NULL, 22, NULL, NULL, 182, 3, NULL, NULL, 1, '2021-12-21 01:38:26', NULL, NULL, 'Width', NULL, 'NONE'),
(1923, NULL, 22, NULL, NULL, 205, 1, NULL, NULL, 1, '2021-12-21 01:39:07', NULL, NULL, 'Width', NULL, 'NONE'),
(1924, NULL, 22, NULL, NULL, 205, 3, NULL, NULL, 1, '2021-12-21 01:39:07', NULL, NULL, 'Width', NULL, 'NONE'),
(1925, NULL, 22, NULL, NULL, 263, 3, NULL, NULL, 1, '2021-12-21 01:39:07', NULL, NULL, 'Width', NULL, 'NONE'),
(1926, NULL, 22, NULL, NULL, 211, 3, NULL, NULL, 1, '2021-12-21 01:39:07', NULL, NULL, 'Width', NULL, 'NONE'),
(1927, NULL, 22, NULL, NULL, 3, 3, NULL, NULL, 1, '2021-12-21 01:39:07', NULL, NULL, 'Width', NULL, 'NONE'),
(1928, 1826, 22, NULL, NULL, 984, 18, NULL, NULL, 1, '2021-12-22 13:28:51', NULL, NULL, 'Length', NULL, 'NONE'),
(1929, 1826, 22, NULL, NULL, 984, 18, NULL, NULL, 1, '2021-12-22 13:28:51', NULL, NULL, 'Length', NULL, 'WASTED'),
(1930, 1826, 22, NULL, NULL, 1090, 18, NULL, NULL, 1, '2021-12-22 13:32:04', NULL, NULL, 'Length', NULL, 'NONE'),
(1931, 1826, 22, NULL, NULL, 1090, 18, NULL, NULL, 1, '2021-12-22 13:32:04', NULL, NULL, 'Length', NULL, 'WASTED'),
(1932, 1826, 22, NULL, NULL, 902, 18, NULL, NULL, 1, '2021-12-22 13:37:18', NULL, NULL, 'Length', NULL, 'NONE'),
(1933, 1536, 26, NULL, NULL, 1092, 26, 22, 50, 1, '2021-12-23 12:14:06', NULL, NULL, 'Length', NULL, 'NONE'),
(1934, 1536, 26, NULL, NULL, 1092, 26, 22, 50, 1, '2021-12-23 12:14:06', NULL, NULL, 'Length', NULL, 'WASTED'),
(1935, 1918, 22, NULL, NULL, 1096, 1, NULL, NULL, 1, '2021-12-23 13:40:13', NULL, NULL, 'Length', NULL, 'NONE'),
(1936, 1919, 22, NULL, NULL, 1094, 1, NULL, NULL, 1, '2021-12-23 13:41:15', NULL, NULL, 'Length', NULL, 'NONE'),
(1937, 1919, 22, NULL, NULL, 1094, 1, NULL, NULL, 1, '2021-12-23 13:41:15', NULL, NULL, 'Length', NULL, 'WASTED'),
(1938, 1912, 22, NULL, NULL, 1094, 23, NULL, 58, 1, '2021-12-23 13:43:05', NULL, NULL, 'Length', NULL, 'NONE'),
(1939, 1912, 22, NULL, NULL, 1094, 23, NULL, 58, 1, '2021-12-23 13:43:05', NULL, NULL, 'Length', NULL, 'WASTED'),
(1940, 1916, 22, NULL, NULL, 1105, 1, NULL, NULL, 1, '2021-12-23 14:52:05', NULL, NULL, 'Length', NULL, 'NONE'),
(1941, 1916, 22, NULL, NULL, 1105, 1, NULL, NULL, 1, '2021-12-23 14:52:05', NULL, NULL, 'Length', NULL, 'WASTED'),
(1943, 1926, 22, NULL, NULL, 1099, 3, NULL, NULL, 1, '2021-12-23 15:55:44', NULL, NULL, 'Length', NULL, 'WASTED'),
(1944, 1926, 22, NULL, NULL, 1117, 3, NULL, NULL, 1, '2021-12-23 16:02:21', NULL, NULL, 'Length', NULL, 'NONE'),
(1945, 1922, 22, NULL, NULL, 1098, 3, NULL, NULL, 1, '2021-12-25 09:23:11', NULL, NULL, 'Length', NULL, 'NONE'),
(1946, 1922, 22, NULL, NULL, 1098, 3, NULL, NULL, 1, '2021-12-25 09:23:11', NULL, NULL, 'Length', NULL, 'WASTED'),
(1947, 1918, 22, NULL, NULL, 1110, 1, NULL, NULL, 1, '2021-12-25 11:06:04', NULL, NULL, 'Length', NULL, 'NONE'),
(1948, 1918, 22, NULL, NULL, 1110, 1, NULL, NULL, 1, '2021-12-25 11:06:04', NULL, NULL, 'Length', NULL, 'WASTED'),
(1949, 1927, 22, NULL, NULL, 9, 3, NULL, NULL, 1, '2021-12-25 11:14:31', NULL, NULL, 'Length', NULL, 'NONE'),
(1950, 1927, 22, NULL, NULL, 9, 3, NULL, NULL, 1, '2021-12-25 11:14:31', NULL, NULL, 'Length', NULL, 'WASTED'),
(1951, 1909, 22, NULL, NULL, 1106, 23, NULL, 58, 1, '2021-12-25 11:18:26', NULL, NULL, 'Length', NULL, 'NONE'),
(1952, 1909, 22, NULL, NULL, 1106, 23, NULL, 58, 1, '2021-12-25 11:18:26', NULL, NULL, 'Length', NULL, 'WASTED'),
(1953, 1919, 22, NULL, NULL, 1101, 1, NULL, NULL, 1, '2021-12-25 11:34:24', NULL, NULL, 'Length', NULL, 'NONE'),
(1954, 1919, 22, NULL, NULL, 1101, 1, NULL, NULL, 1, '2021-12-25 11:34:24', NULL, NULL, 'Length', NULL, 'WASTED'),
(1955, 1924, 22, NULL, NULL, 687, 3, NULL, NULL, 1, '2021-12-25 11:37:32', NULL, NULL, 'Length', NULL, 'NONE'),
(1956, 1924, 22, NULL, NULL, 687, 3, NULL, NULL, 1, '2021-12-25 11:37:32', NULL, NULL, 'Length', NULL, 'WASTED'),
(1957, 1918, 22, NULL, NULL, 1104, 1, NULL, NULL, 1, '2021-12-25 11:41:51', NULL, NULL, 'Length', NULL, 'NONE'),
(1958, 1918, 22, NULL, NULL, 335, 1, NULL, NULL, 1, '2021-12-25 11:42:28', NULL, NULL, 'Length', NULL, 'NONE'),
(1959, 1918, 22, NULL, NULL, 1102, 1, NULL, NULL, 1, '2021-12-25 11:42:58', NULL, NULL, 'Length', NULL, 'NONE'),
(1960, 1913, 22, NULL, NULL, 944, 23, NULL, 58, 1, '2021-12-25 13:53:17', NULL, NULL, 'Length', NULL, 'NONE'),
(1961, 1913, 22, NULL, NULL, 1108, 23, NULL, 58, 1, '2021-12-25 13:53:17', NULL, NULL, 'Length', NULL, 'NONE'),
(1962, 1913, 22, NULL, NULL, 944, 23, NULL, 58, 1, '2021-12-25 13:53:17', NULL, NULL, 'Length', NULL, 'WASTED'),
(1963, 1912, 22, NULL, NULL, 985, 23, NULL, 58, 1, '2021-12-26 15:21:30', NULL, NULL, 'Length', NULL, 'NONE'),
(1964, 1912, 22, NULL, NULL, 985, 23, NULL, 58, 1, '2021-12-26 15:21:30', NULL, NULL, 'Length', NULL, 'WASTED'),
(1965, 1915, 22, NULL, NULL, 1111, 1, NULL, NULL, 1, '2021-12-27 13:34:52', NULL, NULL, 'Length', NULL, 'NONE'),
(1967, 1921, 22, NULL, NULL, 1120, 3, NULL, NULL, 1, '2021-12-27 13:37:58', NULL, NULL, 'Length', NULL, 'NONE'),
(1968, 1921, 22, NULL, NULL, 1120, 3, NULL, NULL, 1, '2021-12-27 13:37:58', NULL, NULL, 'Length', NULL, 'WASTED'),
(1969, 1909, 22, NULL, NULL, 725, 23, NULL, 58, 1, '2021-12-27 13:57:18', NULL, NULL, 'Length', NULL, 'NONE'),
(1970, 1915, 22, NULL, NULL, 725, 1, NULL, NULL, 1, '2021-12-27 14:00:06', NULL, NULL, 'Length', NULL, 'NONE'),
(1971, 1913, 22, NULL, NULL, 508, 23, NULL, 58, 1, '2021-12-27 14:57:39', NULL, NULL, 'Length', NULL, 'NONE'),
(1972, 1913, 22, NULL, NULL, 508, 23, NULL, 58, 1, '2021-12-27 14:57:39', NULL, NULL, 'Length', NULL, 'WASTED'),
(1973, 1915, 22, NULL, NULL, 1106, 1, NULL, NULL, 1, '2021-12-27 15:10:24', NULL, NULL, 'Length', NULL, 'NONE'),
(1974, 1920, 22, NULL, NULL, 1121, 1, NULL, NULL, 1, '2021-12-28 08:57:48', NULL, NULL, 'Length', NULL, 'NONE'),
(1975, 1920, 22, NULL, NULL, 1121, 1, NULL, NULL, 1, '2021-12-28 08:57:48', NULL, NULL, 'Length', NULL, 'WASTED'),
(1976, 1916, 22, NULL, NULL, 1118, 1, NULL, NULL, 1, '2021-12-28 09:05:18', NULL, NULL, 'Length', NULL, 'NONE'),
(1977, 1915, 22, NULL, NULL, 1106, 1, NULL, NULL, 1, '2021-12-28 09:18:37', NULL, NULL, 'Length', NULL, 'WASTED'),
(1978, 1919, 22, NULL, NULL, 1115, 1, NULL, NULL, 1, '2021-12-28 09:36:16', NULL, NULL, 'Length', NULL, 'NONE'),
(1979, 1920, 22, NULL, NULL, 1122, 1, NULL, NULL, 1, '2021-12-28 10:20:21', NULL, NULL, 'Length', NULL, 'NONE'),
(1980, 1920, 22, NULL, NULL, 1122, 1, NULL, NULL, 1, '2021-12-28 10:20:21', NULL, NULL, 'Length', NULL, 'WASTED'),
(1981, 1920, 22, NULL, NULL, 1127, 1, NULL, NULL, 1, '2021-12-28 10:22:07', NULL, NULL, 'Length', NULL, 'NONE'),
(1982, 1920, 22, NULL, NULL, 1127, 1, NULL, NULL, 1, '2021-12-28 10:22:07', NULL, NULL, 'Length', NULL, 'WASTED'),
(1983, 1910, 22, NULL, NULL, 1, 23, NULL, 58, 1, '2021-12-28 12:28:55', NULL, NULL, 'Length', NULL, 'NONE'),
(1984, 1910, 22, NULL, NULL, 1, 23, NULL, 58, 1, '2021-12-28 12:28:55', NULL, NULL, 'Length', NULL, 'WASTED'),
(1985, 1924, 22, NULL, NULL, 1, 3, NULL, NULL, 1, '2021-12-28 13:06:23', NULL, NULL, 'Length', NULL, 'NONE'),
(1986, 1924, 22, NULL, NULL, 1, 3, NULL, NULL, 1, '2021-12-28 13:06:23', NULL, NULL, 'Length', NULL, 'WASTED'),
(1987, 1910, 22, NULL, NULL, 422, 23, NULL, 58, 1, '2021-12-29 11:31:38', NULL, NULL, 'Length', NULL, 'NONE'),
(1989, 1532, 26, NULL, NULL, 1128, 48, 22, 50, 1, '2021-12-29 11:43:57', NULL, NULL, 'Length', NULL, 'NONE'),
(1990, 1532, 26, NULL, NULL, 1128, 48, 22, 50, 1, '2021-12-29 11:43:57', NULL, NULL, 'Length', NULL, 'WASTED'),
(1991, 1920, 22, NULL, NULL, 1135, 1, NULL, NULL, 1, '2021-12-29 11:57:45', NULL, NULL, 'Length', NULL, 'NONE'),
(1992, 1920, 22, NULL, NULL, 1135, 1, NULL, NULL, 1, '2021-12-29 11:57:45', NULL, NULL, 'Length', NULL, 'WASTED'),
(1993, 1923, 22, NULL, NULL, 422, 1, NULL, NULL, 1, '2021-12-29 12:01:21', NULL, NULL, 'Length', NULL, 'NONE'),
(1994, 1923, 22, NULL, NULL, 422, 1, NULL, NULL, 1, '2021-12-29 12:01:21', NULL, NULL, 'Length', NULL, 'WASTED'),
(1995, 1919, 22, NULL, NULL, 1115, 1, NULL, NULL, 1, '2021-12-29 13:08:35', NULL, NULL, 'Length', NULL, 'WASTED'),
(1996, 1916, 22, NULL, NULL, 690, 1, NULL, NULL, 1, '2022-01-02 09:59:35', NULL, NULL, 'Length', NULL, 'NONE'),
(1997, 1916, 22, NULL, NULL, 690, 1, NULL, NULL, 1, '2022-01-02 09:59:35', NULL, NULL, 'Length', NULL, 'WASTED'),
(1998, 1916, 22, NULL, NULL, 1141, 1, NULL, NULL, 1, '2022-01-02 10:04:22', NULL, NULL, 'Length', NULL, 'NONE'),
(1999, 1916, 22, NULL, NULL, 1141, 1, NULL, NULL, 1, '2022-01-02 10:04:22', NULL, NULL, 'Length', NULL, 'WASTED'),
(2000, 1923, 22, NULL, NULL, 1137, 1, NULL, NULL, 1, '2022-01-02 10:06:04', NULL, NULL, 'Length', NULL, 'NONE'),
(2001, 1923, 22, NULL, NULL, 1137, 1, NULL, NULL, 1, '2022-01-02 10:06:04', NULL, NULL, 'Length', NULL, 'WASTED'),
(2002, 1916, 22, NULL, NULL, 984, 1, NULL, NULL, 1, '2022-01-02 13:23:41', NULL, NULL, 'Length', NULL, 'NONE'),
(2003, 1916, 22, NULL, NULL, 984, 1, NULL, NULL, 1, '2022-01-02 13:23:41', NULL, NULL, 'Length', NULL, 'WASTED'),
(2004, 1915, 22, NULL, NULL, 493, 1, NULL, NULL, 1, '2022-01-02 13:24:59', NULL, NULL, 'Length', NULL, 'NONE'),
(2005, 1915, 22, NULL, NULL, 493, 1, NULL, NULL, 1, '2022-01-02 13:24:59', NULL, NULL, 'Length', NULL, 'WASTED'),
(2006, 1921, 22, NULL, NULL, 1145, 3, NULL, NULL, 1, '2022-01-02 13:27:40', NULL, NULL, 'Length', NULL, 'NONE'),
(2007, 1921, 22, NULL, NULL, 1145, 3, NULL, NULL, 1, '2022-01-02 13:27:40', NULL, NULL, 'Length', NULL, 'WASTED'),
(2008, 1542, 26, NULL, NULL, 2, 49, 23, 50, 1, '2022-01-04 14:48:51', NULL, NULL, 'Length', NULL, 'NONE'),
(2009, 1542, 26, NULL, NULL, 2, 49, 23, 50, 1, '2022-01-04 14:48:51', NULL, NULL, 'Length', NULL, 'WASTED'),
(2010, 1920, 22, NULL, NULL, 1152, 1, NULL, NULL, 1, '2022-01-04 14:51:21', NULL, NULL, 'Length', NULL, 'NONE'),
(2011, 1920, 22, NULL, NULL, 1152, 1, NULL, NULL, 1, '2022-01-04 14:51:21', NULL, NULL, 'Length', NULL, 'WASTED'),
(2012, 1911, 22, NULL, NULL, 984, 23, NULL, 58, 1, '2022-01-04 15:03:11', NULL, NULL, 'Length', NULL, 'NONE'),
(2013, 1911, 22, NULL, NULL, 984, 23, NULL, 58, 1, '2022-01-04 15:03:11', NULL, NULL, 'Length', NULL, 'WASTED'),
(2014, 1920, 22, NULL, NULL, 1154, 1, NULL, NULL, 1, '2022-01-04 15:06:26', NULL, NULL, 'Length', NULL, 'NONE'),
(2015, 1920, 22, NULL, NULL, 1154, 1, NULL, NULL, 1, '2022-01-04 15:06:26', NULL, NULL, 'Length', NULL, 'WASTED'),
(2016, 1825, 22, NULL, NULL, 1046, 18, NULL, NULL, 1, '2022-01-04 15:15:32', NULL, NULL, 'Length', NULL, 'WASTED'),
(2017, 1511, 27, NULL, NULL, 1158, 21, 21, 49, 1, '2022-01-05 14:37:38', NULL, NULL, 'Length', NULL, 'NONE'),
(2018, 1511, 27, NULL, NULL, 1158, 21, 21, 49, 1, '2022-01-05 14:37:38', NULL, NULL, 'Length', NULL, 'WASTED'),
(2019, 1917, 22, NULL, NULL, 1145, 1, NULL, NULL, 1, '2022-01-06 10:44:01', NULL, NULL, 'Length', NULL, 'NONE'),
(2020, 1917, 22, NULL, NULL, 1160, 1, NULL, NULL, 1, '2022-01-06 10:44:01', NULL, NULL, 'Length', NULL, 'NONE'),
(2021, 1917, 22, NULL, NULL, 418, 1, NULL, NULL, 1, '2022-01-06 10:44:01', NULL, NULL, 'Length', NULL, 'NONE'),
(2022, 1917, 22, NULL, NULL, 1145, 1, NULL, NULL, 1, '2022-01-06 10:44:01', NULL, NULL, 'Length', NULL, 'WASTED'),
(2023, 1824, 22, NULL, NULL, 1157, 18, NULL, NULL, 1, '2022-01-06 10:46:07', NULL, NULL, 'Length', NULL, 'NONE'),
(2024, 1824, 22, NULL, NULL, 1157, 18, NULL, NULL, 1, '2022-01-06 10:46:07', NULL, NULL, 'Length', NULL, 'WASTED'),
(2025, 1917, 22, NULL, NULL, 508, 1, NULL, NULL, 1, '2022-01-06 10:54:48', NULL, NULL, 'Length', NULL, 'NONE'),
(2026, 1917, 22, NULL, NULL, 1, 1, NULL, NULL, 1, '2022-01-06 10:54:48', NULL, NULL, 'Length', NULL, 'NONE'),
(2027, 1917, 22, NULL, NULL, 508, 1, NULL, NULL, 1, '2022-01-06 10:54:48', NULL, NULL, 'Length', NULL, 'WASTED'),
(2028, 1925, 22, NULL, NULL, 1164, 3, NULL, NULL, 1, '2022-01-09 11:31:45', NULL, NULL, 'Length', NULL, 'NONE'),
(2029, 1925, 22, NULL, NULL, 1164, 3, NULL, NULL, 1, '2022-01-09 11:31:45', NULL, NULL, 'Length', NULL, 'WASTED'),
(2030, 1911, 22, NULL, NULL, 1141, 23, NULL, 58, 1, '2022-01-09 11:32:30', NULL, NULL, 'Length', NULL, 'NONE'),
(2031, 1911, 22, NULL, NULL, 1141, 23, NULL, 58, 1, '2022-01-09 11:32:30', NULL, NULL, 'Length', NULL, 'WASTED'),
(2032, 1926, 22, NULL, NULL, 1165, 3, NULL, NULL, 1, '2022-01-09 11:33:04', NULL, NULL, 'Length', NULL, 'NONE'),
(2033, 1926, 22, NULL, NULL, 1165, 3, NULL, NULL, 1, '2022-01-09 11:33:04', NULL, NULL, 'Length', NULL, 'WASTED'),
(2034, 1914, 22, NULL, NULL, 1167, 23, NULL, 58, 1, '2022-01-09 14:04:56', NULL, NULL, 'Length', NULL, 'NONE'),
(2035, 1914, 22, NULL, NULL, 1167, 23, NULL, 58, 1, '2022-01-09 14:04:56', NULL, NULL, 'Length', NULL, 'WASTED'),
(2036, 1911, 22, NULL, NULL, 690, 23, NULL, 58, 1, '2022-01-12 09:33:36', NULL, NULL, 'Length', NULL, 'NONE'),
(2037, 1911, 22, NULL, NULL, 690, 23, NULL, 58, 1, '2022-01-12 09:33:36', NULL, NULL, 'Length', NULL, 'WASTED'),
(2038, 1825, 22, NULL, NULL, 1174, 18, NULL, NULL, 1, '2022-01-12 09:34:50', NULL, NULL, 'Length', NULL, 'NONE'),
(2039, 1825, 22, NULL, NULL, 1174, 18, NULL, NULL, 1, '2022-01-12 09:34:50', NULL, NULL, 'Length', NULL, 'WASTED'),
(2040, 1914, 22, NULL, NULL, 1127, 23, NULL, 58, 1, '2022-01-12 09:35:32', NULL, NULL, 'Length', NULL, 'NONE'),
(2041, 1914, 22, NULL, NULL, 1127, 23, NULL, 58, 1, '2022-01-12 09:35:32', NULL, NULL, 'Length', NULL, 'WASTED'),
(2044, 1925, 22, NULL, NULL, 1173, 3, NULL, NULL, 1, '2022-01-12 10:49:45', NULL, NULL, 'Length', NULL, 'NONE'),
(2045, 1925, 22, NULL, NULL, 1173, 3, NULL, NULL, 1, '2022-01-12 10:49:45', NULL, NULL, 'Length', NULL, 'WASTED'),
(2046, 1925, 22, NULL, NULL, 1172, 3, NULL, NULL, 1, '2022-01-12 10:52:29', NULL, NULL, 'Length', NULL, 'NONE'),
(2047, 1925, 22, NULL, NULL, 1171, 3, NULL, NULL, 1, '2022-01-12 10:53:07', NULL, NULL, 'Length', NULL, 'NONE'),
(2048, 1925, 22, NULL, NULL, 1171, 3, NULL, NULL, 1, '2022-01-12 10:53:07', NULL, NULL, 'Length', NULL, 'WASTED'),
(2049, 1914, 22, NULL, NULL, 1182, 23, NULL, 58, 1, '2022-01-13 13:22:21', NULL, NULL, 'Length', NULL, 'NONE'),
(2050, 1914, 22, NULL, NULL, 1179, 23, NULL, 58, 1, '2022-01-13 13:22:21', NULL, NULL, 'Length', NULL, 'WASTED'),
(2051, 1542, 26, NULL, NULL, 1183, 49, 23, 50, 1, '2022-01-13 13:24:56', NULL, NULL, 'Length', NULL, 'NONE'),
(2052, 1542, 26, NULL, NULL, 1177, 49, 23, 50, 1, '2022-01-13 13:24:56', NULL, NULL, 'Length', NULL, 'NONE'),
(2053, 1542, 26, NULL, NULL, 1176, 49, 23, 50, 1, '2022-01-13 13:24:56', NULL, NULL, 'Length', NULL, 'WASTED'),
(2056, 1921, 22, NULL, NULL, 1188, 3, NULL, NULL, 1, '2022-01-20 15:02:35', NULL, NULL, 'Length', NULL, 'NONE'),
(2057, 1921, 22, NULL, NULL, 1188, 3, NULL, NULL, 1, '2022-01-20 15:02:35', NULL, NULL, 'Length', NULL, 'WASTED'),
(2058, 1925, 22, NULL, NULL, 508, 3, NULL, NULL, 1, '2022-01-20 15:03:26', NULL, NULL, 'Length', NULL, 'NONE'),
(2059, 1925, 22, NULL, NULL, 508, 3, NULL, NULL, 1, '2022-01-20 15:03:26', NULL, NULL, 'Length', NULL, 'WASTED'),
(2060, 1916, 22, NULL, NULL, 1185, 1, NULL, NULL, 1, '2022-01-20 15:04:01', NULL, NULL, 'Length', NULL, 'NONE'),
(2061, 1916, 22, NULL, NULL, 1185, 1, NULL, NULL, 1, '2022-01-20 15:04:01', NULL, NULL, 'Length', NULL, 'WASTED'),
(2062, 1922, 22, NULL, NULL, 1189, 3, NULL, NULL, 1, '2022-01-24 14:17:17', NULL, NULL, 'Length', NULL, 'NONE'),
(2063, 1922, 22, NULL, NULL, 1190, 3, NULL, NULL, 1, '2022-01-24 14:17:17', NULL, NULL, 'Length', NULL, 'NONE'),
(2064, 1922, 22, NULL, NULL, 1189, 3, NULL, NULL, 1, '2022-01-24 14:17:17', NULL, NULL, 'Length', NULL, 'WASTED'),
(2065, NULL, 40, NULL, NULL, 1192, 56, NULL, NULL, 1, '2022-01-24 03:09:27', NULL, NULL, 'Width', NULL, 'NONE'),
(2066, 2065, 40, NULL, NULL, 1193, 56, NULL, NULL, 1, '2022-01-27 11:02:01', NULL, NULL, 'Length', NULL, 'NONE'),
(2068, 2065, 40, NULL, NULL, 1194, 56, NULL, NULL, 1, '2022-01-27 11:42:11', NULL, NULL, 'Length', NULL, 'NONE'),
(2069, 2065, 40, NULL, NULL, 1194, 56, NULL, NULL, 1, '2022-01-27 11:42:11', NULL, NULL, 'Length', NULL, 'WASTED'),
(2070, 2065, 40, NULL, NULL, 1196, 56, NULL, NULL, 1, '2022-01-31 11:17:57', NULL, NULL, 'Length', NULL, 'NONE'),
(2071, 2065, 40, NULL, NULL, 1197, 56, NULL, NULL, 1, '2022-01-31 11:17:57', NULL, NULL, 'Length', NULL, 'NONE'),
(2072, NULL, 41, NULL, NULL, 1198, 57, NULL, NULL, 1, '2022-02-03 12:46:27', NULL, NULL, 'Width', NULL, 'NONE'),
(2073, NULL, 41, NULL, NULL, 1199, 57, NULL, NULL, 1, '2022-02-03 12:46:27', NULL, NULL, 'Width', NULL, 'NONE'),
(2074, NULL, 41, NULL, NULL, 748, 86, NULL, NULL, 1, '2022-02-03 12:46:27', NULL, NULL, 'Width', NULL, 'NONE'),
(2075, NULL, 41, NULL, NULL, 169, 57, NULL, NULL, 1, '2022-02-03 12:46:27', NULL, NULL, 'Width', NULL, 'NONE'),
(2076, NULL, 41, NULL, NULL, 269, 57, NULL, NULL, 1, '2022-02-03 12:46:27', NULL, NULL, 'Width', NULL, 'NONE'),
(2077, NULL, 41, NULL, NULL, 1199, 58, NULL, NULL, 1, '2022-02-03 12:46:27', NULL, NULL, 'Width', NULL, 'NONE'),
(2078, NULL, 41, NULL, NULL, 169, 12, NULL, NULL, 1, '2022-02-03 12:46:27', NULL, NULL, 'Width', NULL, 'NONE'),
(2079, NULL, 41, NULL, NULL, 1200, 4, NULL, NULL, 1, '2022-02-03 12:46:27', NULL, NULL, 'Width', NULL, 'NONE'),
(2080, 1921, 22, NULL, NULL, 1, 3, NULL, NULL, 1, '2022-02-03 13:16:14', NULL, NULL, 'Length', NULL, 'NONE'),
(2081, 1921, 22, NULL, NULL, 1203, 3, NULL, NULL, 1, '2022-02-03 13:16:14', NULL, NULL, 'Length', NULL, 'NONE'),
(2082, 1921, 22, NULL, NULL, 1202, 3, NULL, NULL, 1, '2022-02-03 13:16:14', NULL, NULL, 'Length', NULL, 'NONE'),
(2083, 1921, 22, NULL, NULL, 1202, 3, NULL, NULL, 1, '2022-02-03 13:16:14', NULL, NULL, 'Length', NULL, 'WASTED'),
(2084, 2074, 42, NULL, NULL, 205, 59, NULL, NULL, 1, '2022-02-06 11:13:12', NULL, NULL, 'Width', NULL, 'NONE'),
(2085, NULL, 42, NULL, NULL, 205, 60, NULL, NULL, 1, '2022-02-08 01:28:57', NULL, NULL, 'Width', NULL, 'NONE'),
(2086, 2085, 42, NULL, NULL, 1204, 60, NULL, NULL, 1, '2022-02-08 13:37:16', NULL, NULL, 'Length', NULL, 'NONE'),
(2087, 2085, 42, NULL, NULL, 1204, 60, NULL, NULL, 1, '2022-02-08 13:37:16', NULL, NULL, 'Length', NULL, 'WASTED'),
(2088, 2084, 42, NULL, NULL, 1204, 59, NULL, NULL, 1, '2022-02-08 13:38:39', NULL, NULL, 'Length', NULL, 'NONE'),
(2089, 2084, 42, NULL, NULL, 1205, 59, NULL, NULL, 1, '2022-02-08 13:38:39', NULL, NULL, 'Length', NULL, 'NONE'),
(2090, 2084, 42, NULL, NULL, 1206, 59, NULL, NULL, 1, '2022-02-08 13:38:39', NULL, NULL, 'Length', NULL, 'NONE'),
(2091, 2084, 42, NULL, NULL, 1204, 59, NULL, NULL, 1, '2022-02-08 13:38:39', NULL, NULL, 'Length', NULL, 'WASTED'),
(2093, 2084, 42, NULL, NULL, 1212, 59, NULL, NULL, 1, '2022-02-13 12:06:09', NULL, NULL, 'Length', NULL, 'NONE'),
(2094, 2084, 42, NULL, NULL, 1, 59, NULL, NULL, 1, '2022-02-13 12:06:09', NULL, NULL, 'Length', NULL, 'NONE'),
(2096, 2084, 42, NULL, NULL, 1212, 59, NULL, NULL, 1, '2022-02-13 12:06:09', NULL, NULL, 'Length', NULL, 'WASTED'),
(2097, 2084, 42, NULL, NULL, 687, 59, NULL, NULL, 1, '2022-02-14 09:43:50', NULL, NULL, 'Length', NULL, 'NONE'),
(2098, 2085, 42, NULL, NULL, 1, 60, NULL, NULL, 1, '2022-02-14 09:49:22', NULL, NULL, 'Length', NULL, 'NONE'),
(2099, 2085, 42, NULL, NULL, 1, 60, NULL, NULL, 1, '2022-02-14 09:49:22', NULL, NULL, 'Length', NULL, 'WASTED'),
(2100, NULL, 22, NULL, NULL, 1218, 1, NULL, NULL, 1, '2022-02-16 02:18:08', NULL, NULL, 'Width', NULL, 'NONE'),
(2101, NULL, 40, NULL, NULL, 1219, 1, NULL, NULL, 1, '2022-02-16 02:18:08', NULL, NULL, 'Width', NULL, 'NONE'),
(2102, NULL, 40, NULL, NULL, 1220, 61, NULL, NULL, 1, '2022-02-16 02:18:08', NULL, NULL, 'Width', NULL, 'NONE'),
(2103, NULL, 40, NULL, NULL, 1, 10, NULL, NULL, 1, '2022-02-16 02:18:08', NULL, NULL, 'Length', NULL, 'NONE'),
(2104, NULL, 39, NULL, NULL, 1221, 62, NULL, NULL, 1, '2022-02-20 11:34:19', NULL, NULL, 'Width', NULL, 'NONE'),
(2105, NULL, 39, NULL, NULL, 1222, 63, NULL, NULL, 1, '2022-02-20 11:34:19', NULL, NULL, 'Width', NULL, 'NONE'),
(2106, NULL, 39, NULL, NULL, 1222, 64, NULL, NULL, 1, '2022-02-20 11:34:19', NULL, NULL, 'Width', NULL, 'NONE'),
(2107, NULL, 39, NULL, NULL, 405, 55, NULL, NULL, 1, '2022-02-20 11:34:19', NULL, NULL, 'Width', NULL, 'NONE'),
(2108, NULL, 39, NULL, NULL, 1223, 63, NULL, NULL, 1, '2022-02-20 11:34:19', NULL, NULL, 'Width', NULL, 'NONE'),
(2109, NULL, 39, NULL, NULL, 1223, 62, NULL, NULL, 1, '2022-02-20 11:34:19', NULL, NULL, 'Width', NULL, 'NONE'),
(2110, NULL, 39, NULL, NULL, 533, 62, NULL, NULL, 1, '2022-02-20 11:34:19', NULL, NULL, 'Width', NULL, 'NONE'),
(2111, NULL, 39, NULL, NULL, 1224, 65, NULL, NULL, 1, '2022-02-20 11:34:19', NULL, NULL, 'Width', NULL, 'NONE'),
(2112, NULL, 31, NULL, NULL, 1227, 23, NULL, 59, 1, '2022-02-21 12:40:57', NULL, NULL, 'Length', NULL, 'NONE'),
(2113, NULL, 31, NULL, NULL, 335, 23, NULL, 59, 1, '2022-02-21 12:40:57', NULL, NULL, 'Length', NULL, 'NONE'),
(2114, NULL, 31, NULL, NULL, 1228, 66, NULL, 59, 1, '2022-02-21 12:40:57', NULL, NULL, 'Length', NULL, 'NONE'),
(2115, NULL, 31, NULL, NULL, 1227, 67, NULL, 59, 1, '2022-02-21 12:40:57', NULL, NULL, 'Length', NULL, 'NONE'),
(2116, NULL, 31, NULL, NULL, 1227, 10, NULL, NULL, 1, '2022-02-23 10:02:58', NULL, NULL, 'Length', NULL, 'NONE'),
(2117, NULL, 31, NULL, NULL, 1230, 10, NULL, NULL, 1, '2022-02-23 10:02:58', NULL, NULL, 'Length', NULL, 'NONE'),
(2118, NULL, 35, NULL, NULL, 335, 10, NULL, NULL, 1, '2022-02-23 10:02:58', NULL, NULL, 'Length', NULL, 'NONE'),
(2119, NULL, 22, NULL, NULL, 1231, 18, NULL, NULL, 1, '2022-02-23 02:34:35', NULL, NULL, 'Width', NULL, 'NONE'),
(2120, NULL, 22, NULL, NULL, 1231, 19, NULL, NULL, 1, '2022-02-23 02:34:35', NULL, NULL, 'Width', NULL, 'NONE'),
(2121, NULL, 22, NULL, NULL, 1231, 10, NULL, NULL, 1, '2022-02-23 02:34:35', NULL, NULL, 'Width', NULL, 'NONE'),
(2122, NULL, 22, NULL, NULL, 1231, 9, NULL, NULL, 1, '2022-02-23 02:34:35', NULL, NULL, 'Width', NULL, 'NONE'),
(2123, NULL, 22, NULL, NULL, 1231, 1, NULL, NULL, 1, '2022-02-23 02:34:35', NULL, NULL, 'Width', NULL, 'NONE'),
(2124, 2121, 22, NULL, NULL, 605, 10, NULL, NULL, 1, '2022-03-01 10:12:04', NULL, NULL, 'Length', NULL, 'NONE'),
(2126, 2119, 22, NULL, NULL, 1234, 18, NULL, NULL, 1, '2022-03-01 10:25:34', NULL, NULL, 'Length', NULL, 'NONE'),
(2127, 2119, 22, NULL, NULL, 1232, 18, NULL, NULL, 1, '2022-03-01 10:25:34', NULL, NULL, 'Length', NULL, 'WASTED'),
(2128, 2120, 22, NULL, NULL, 605, 19, NULL, NULL, 1, '2022-03-01 10:37:38', NULL, NULL, 'Length', NULL, 'NONE'),
(2129, 2120, 22, NULL, NULL, 1232, 19, NULL, NULL, 1, '2022-03-01 10:37:38', NULL, NULL, 'Length', NULL, 'WASTED'),
(2130, 2119, 22, NULL, NULL, 508, 18, NULL, NULL, 1, '2022-03-01 10:41:43', NULL, NULL, 'Length', NULL, 'NONE'),
(2131, 2119, 22, NULL, NULL, 1237, 18, NULL, NULL, 1, '2022-03-01 10:41:43', NULL, NULL, 'Length', NULL, 'NONE'),
(2132, 2119, 22, NULL, NULL, 1236, 18, NULL, NULL, 1, '2022-03-01 10:41:43', NULL, NULL, 'Length', NULL, 'WASTED'),
(2133, 2122, 22, NULL, NULL, 1239, 9, NULL, NULL, 1, '2022-03-02 08:33:03', NULL, NULL, 'Length', NULL, 'NONE'),
(2134, 2122, 22, NULL, NULL, 1232, 9, NULL, NULL, 1, '2022-03-02 08:33:03', NULL, NULL, 'Length', NULL, 'WASTED'),
(2135, 2121, 22, NULL, NULL, 1241, 10, NULL, NULL, 1, '2022-03-02 08:36:40', NULL, NULL, 'Length', NULL, 'NONE'),
(2136, 2121, 22, NULL, NULL, 1242, 10, NULL, NULL, 1, '2022-03-02 08:36:40', NULL, NULL, 'Length', NULL, 'NONE'),
(2137, 2121, 22, NULL, NULL, 1236, 10, NULL, NULL, 1, '2022-03-02 08:36:40', NULL, NULL, 'Length', NULL, 'WASTED'),
(2138, 2120, 22, NULL, NULL, 266, 19, NULL, NULL, 1, '2022-03-02 08:38:04', NULL, NULL, 'Length', NULL, 'NONE'),
(2139, 2122, 22, NULL, NULL, 1244, 9, NULL, NULL, 1, '2022-03-02 08:39:39', NULL, NULL, 'Length', NULL, 'NONE'),
(2140, 2122, 22, NULL, NULL, 1243, 9, NULL, NULL, 1, '2022-03-02 08:39:39', NULL, NULL, 'Length', NULL, 'WASTED'),
(2141, 2122, 22, NULL, NULL, 1245, 9, NULL, NULL, 1, '2022-03-02 10:49:52', NULL, NULL, 'Length', NULL, 'NONE'),
(2142, 2119, 22, NULL, NULL, 266, 18, NULL, NULL, 1, '2022-03-02 10:51:35', NULL, NULL, 'Length', NULL, 'NONE'),
(2143, 2122, 22, NULL, NULL, 1246, 9, NULL, NULL, 1, '2022-03-02 10:52:22', NULL, NULL, 'Length', NULL, 'NONE'),
(2144, 2119, 22, NULL, NULL, 1248, 18, NULL, NULL, NULL, '2022-03-05 08:40:16', NULL, NULL, 'Length', NULL, 'NONE'),
(2145, 2119, 22, NULL, NULL, 1247, 18, NULL, NULL, NULL, '2022-03-05 08:40:16', NULL, NULL, 'Length', NULL, 'WASTED'),
(2146, 2121, 22, NULL, NULL, 266, 10, NULL, NULL, NULL, '2022-03-05 10:04:59', NULL, NULL, 'Length', NULL, 'NONE'),
(2147, 2122, 22, NULL, NULL, 1257, 9, NULL, NULL, NULL, '2022-03-12 09:06:15', NULL, NULL, 'Length', NULL, 'NONE'),
(2148, 2122, 22, NULL, NULL, 1256, 9, NULL, NULL, NULL, '2022-03-12 09:06:15', NULL, NULL, 'Length', NULL, 'WASTED'),
(2149, 2123, 22, NULL, NULL, 1257, 1, NULL, NULL, NULL, '2022-03-12 09:11:09', NULL, NULL, 'Length', NULL, 'NONE'),
(2150, 2123, 22, NULL, NULL, 1256, 1, NULL, NULL, NULL, '2022-03-12 09:11:09', NULL, NULL, 'Length', NULL, 'WASTED'),
(2151, 2123, 22, NULL, NULL, 1259, 1, NULL, NULL, NULL, '2022-03-12 11:56:48', NULL, NULL, 'Length', NULL, 'NONE'),
(2152, 2123, 22, NULL, NULL, 1260, 1, NULL, NULL, NULL, '2022-03-12 11:56:48', NULL, NULL, 'Length', NULL, 'NONE'),
(2153, 2123, 22, NULL, NULL, 1261, 1, NULL, NULL, NULL, '2022-03-12 11:56:48', NULL, NULL, 'Length', NULL, 'NONE'),
(2154, 2122, 22, NULL, NULL, 1259, 9, NULL, NULL, NULL, '2022-03-12 11:58:24', NULL, NULL, 'Length', NULL, 'NONE'),
(2155, 2122, 22, NULL, NULL, 1261, 9, NULL, NULL, NULL, '2022-03-12 11:58:24', NULL, NULL, 'Length', NULL, 'NONE'),
(2156, 2121, 22, NULL, NULL, 1264, 10, NULL, NULL, NULL, '2022-03-12 13:10:29', NULL, NULL, 'Length', NULL, 'NONE'),
(2157, 2122, 22, NULL, NULL, 1268, 9, NULL, NULL, NULL, '2022-03-23 12:21:59', NULL, NULL, 'Length', NULL, 'NONE'),
(2158, 2122, 22, NULL, NULL, 1269, 9, NULL, NULL, NULL, '2022-03-23 12:21:59', NULL, NULL, 'Length', NULL, 'NONE'),
(2159, 2122, 22, NULL, NULL, 1265, 9, NULL, NULL, NULL, '2022-03-23 12:21:59', NULL, NULL, 'Length', NULL, 'WASTED'),
(2160, 2085, 42, NULL, NULL, 1266, 60, NULL, NULL, NULL, '2022-03-23 12:22:53', NULL, NULL, 'Length', NULL, 'NONE'),
(2161, 2085, 42, NULL, NULL, 1266, 60, NULL, NULL, NULL, '2022-03-23 12:22:53', NULL, NULL, 'Length', NULL, 'WASTED'),
(2162, 2121, 22, NULL, NULL, 1271, 10, NULL, NULL, NULL, '2022-03-24 12:18:27', NULL, NULL, 'Length', NULL, 'NONE'),
(2163, 2122, 22, NULL, NULL, 1273, 9, NULL, NULL, NULL, '2022-03-26 11:43:52', NULL, NULL, 'Length', NULL, 'NONE'),
(2164, 2122, 22, NULL, NULL, 911, 9, NULL, NULL, NULL, '2022-03-26 11:43:52', NULL, NULL, 'Length', NULL, 'NONE'),
(2165, 2122, 22, NULL, NULL, 1274, 9, NULL, NULL, NULL, '2022-03-26 11:43:52', NULL, NULL, 'Length', NULL, 'NONE'),
(2166, 2122, 22, NULL, NULL, 1275, 9, NULL, NULL, NULL, '2022-03-26 11:43:52', NULL, NULL, 'Length', NULL, 'NONE'),
(2167, NULL, 11, NULL, NULL, 1276, 4, NULL, 60, NULL, '2022-03-26 01:21:11', NULL, NULL, 'Width', NULL, 'NONE'),
(2168, NULL, 11, NULL, NULL, 1276, 4, NULL, 61, NULL, '2022-03-26 01:21:11', NULL, NULL, 'Width', NULL, 'NONE'),
(2169, NULL, 11, NULL, NULL, 1277, 4, NULL, 62, NULL, '2022-03-26 01:21:11', NULL, NULL, 'Width', NULL, 'NONE'),
(2170, NULL, 11, NULL, NULL, 1278, 4, NULL, 63, NULL, '2022-03-26 01:21:11', NULL, NULL, 'Width', NULL, 'NONE'),
(2171, NULL, 11, NULL, NULL, 1278, 4, NULL, 64, NULL, '2022-03-26 01:21:11', NULL, NULL, 'Width', NULL, 'NONE'),
(2172, NULL, 11, NULL, NULL, 365, 4, NULL, 65, NULL, '2022-03-26 01:21:11', NULL, NULL, 'Width', NULL, 'NONE'),
(2173, NULL, 11, NULL, NULL, 271, 4, NULL, 66, NULL, '2022-03-26 01:21:11', NULL, NULL, 'Width', NULL, 'NONE'),
(2174, NULL, 11, NULL, NULL, 271, 4, NULL, 67, NULL, '2022-03-26 01:21:11', NULL, NULL, 'Width', NULL, 'NONE'),
(2175, NULL, 11, NULL, NULL, 253, 4, NULL, 68, NULL, '2022-03-26 01:21:11', NULL, NULL, 'Width', NULL, 'NONE'),
(2176, NULL, 11, NULL, NULL, 253, 4, NULL, 69, NULL, '2022-03-26 01:21:11', NULL, NULL, 'Width', NULL, 'NONE'),
(2177, NULL, 11, NULL, NULL, 253, 4, NULL, 70, NULL, '2022-03-26 01:21:11', NULL, NULL, 'Width', NULL, 'NONE'),
(2178, NULL, 11, NULL, NULL, 253, 4, NULL, 71, NULL, '2022-03-26 01:21:11', NULL, NULL, 'Width', NULL, 'NONE'),
(2179, NULL, 11, NULL, NULL, 1279, 4, NULL, 72, NULL, '2022-03-26 01:21:11', NULL, NULL, 'Width', NULL, 'NONE'),
(2180, NULL, 11, NULL, NULL, 1280, 4, NULL, 73, NULL, '2022-03-26 01:21:11', NULL, NULL, 'Width', NULL, 'NONE'),
(2181, NULL, 11, NULL, NULL, 404, 4, NULL, 74, NULL, '2022-03-26 01:21:11', NULL, NULL, 'Width', NULL, 'NONE'),
(2182, NULL, 11, NULL, NULL, 358, 48, NULL, 75, NULL, '2022-03-26 01:21:11', NULL, NULL, 'Width', NULL, 'NONE'),
(2183, NULL, 11, NULL, NULL, 1276, 48, NULL, 76, NULL, '2022-03-26 01:21:11', NULL, NULL, 'Width', NULL, 'NONE'),
(2184, NULL, 11, NULL, NULL, 1276, 48, NULL, 77, NULL, '2022-03-26 01:21:11', NULL, NULL, 'Width', NULL, 'NONE'),
(2185, NULL, 11, NULL, NULL, 1276, 48, NULL, 78, NULL, '2022-03-26 01:21:11', NULL, NULL, 'Width', NULL, 'NONE'),
(2186, NULL, 11, NULL, NULL, 361, 48, NULL, 79, NULL, '2022-03-26 01:21:11', NULL, NULL, 'Width', NULL, 'NONE'),
(2187, NULL, 11, NULL, NULL, 205, 48, NULL, 80, NULL, '2022-03-26 01:21:11', NULL, NULL, 'Width', NULL, 'NONE'),
(2188, NULL, 11, NULL, NULL, 1276, 48, NULL, 81, NULL, '2022-03-26 01:21:11', NULL, NULL, 'Width', NULL, 'NONE'),
(2189, NULL, 11, NULL, NULL, 253, 48, NULL, 82, NULL, '2022-03-26 01:21:11', NULL, NULL, 'Width', NULL, 'NONE'),
(2190, NULL, 11, NULL, NULL, 1279, 48, NULL, 83, NULL, '2022-03-26 01:21:11', NULL, NULL, 'Width', NULL, 'NONE'),
(2191, NULL, 11, NULL, NULL, 167, 48, NULL, 84, NULL, '2022-03-26 01:21:11', NULL, NULL, 'Width', NULL, 'NONE'),
(2192, NULL, 11, NULL, NULL, 1281, 48, NULL, 85, NULL, '2022-03-26 01:21:11', NULL, NULL, 'Width', NULL, 'NONE'),
(2193, NULL, 11, NULL, NULL, 1276, 48, NULL, 86, NULL, '2022-03-26 01:21:11', NULL, NULL, 'Width', NULL, 'NONE'),
(2194, NULL, 11, NULL, NULL, 1277, 48, NULL, 87, NULL, '2022-03-26 01:21:11', NULL, NULL, 'Width', NULL, 'NONE'),
(2195, NULL, 11, NULL, NULL, 1277, 48, NULL, 88, NULL, '2022-03-26 01:21:11', NULL, NULL, 'Width', NULL, 'NONE'),
(2196, NULL, 11, NULL, NULL, 205, 48, NULL, 89, NULL, '2022-03-26 01:21:11', NULL, NULL, 'Width', NULL, 'NONE'),
(2197, NULL, 11, NULL, NULL, 404, 48, NULL, 90, NULL, '2022-03-26 01:21:11', NULL, NULL, 'Width', NULL, 'NONE'),
(2198, NULL, 11, NULL, NULL, 253, 48, NULL, 91, NULL, '2022-03-26 01:21:11', NULL, NULL, 'Width', NULL, 'NONE'),
(2199, NULL, 11, NULL, NULL, 1282, 48, NULL, 92, NULL, '2022-03-26 01:21:11', NULL, NULL, 'Width', NULL, 'NONE'),
(2200, NULL, 11, NULL, NULL, 313, 7, NULL, 93, NULL, '2022-03-26 01:21:11', NULL, NULL, 'Width', NULL, 'NONE'),
(2201, NULL, 11, NULL, NULL, 313, 7, NULL, 94, NULL, '2022-03-26 01:21:11', NULL, NULL, 'Width', NULL, 'NONE'),
(2202, NULL, 11, NULL, NULL, 1283, 7, NULL, 95, NULL, '2022-03-26 01:21:11', NULL, NULL, 'Width', NULL, 'NONE'),
(2203, NULL, 11, NULL, NULL, 523, 18, NULL, 96, NULL, '2022-03-26 01:21:11', NULL, NULL, 'Width', NULL, 'NONE'),
(2204, NULL, 11, NULL, NULL, 1446, 18, NULL, 97, NULL, '2022-03-26 01:21:11', NULL, NULL, 'Width', NULL, 'NONE'),
(2205, NULL, 11, NULL, NULL, 530, 18, NULL, 98, NULL, '2022-03-26 01:21:11', NULL, NULL, 'Width', NULL, 'NONE'),
(2206, NULL, 11, NULL, NULL, 1284, 27, NULL, 99, NULL, '2022-03-26 01:21:11', NULL, NULL, 'Width', NULL, 'NONE'),
(2207, NULL, 11, NULL, NULL, 365, 27, NULL, 100, NULL, '2022-03-26 01:21:11', NULL, NULL, 'Width', NULL, 'NONE'),
(2208, NULL, 11, NULL, NULL, 173, 47, NULL, 101, NULL, '2022-03-26 01:21:11', NULL, NULL, 'Width', NULL, 'NONE'),
(2209, NULL, 11, NULL, NULL, 262, 19, NULL, 102, NULL, '2022-03-26 01:21:11', NULL, NULL, 'Width', NULL, 'NONE'),
(2210, NULL, 11, NULL, NULL, 156, 19, NULL, 103, NULL, '2022-03-26 01:21:11', NULL, NULL, 'Width', NULL, 'NONE'),
(2211, NULL, 11, NULL, NULL, 156, 19, NULL, 104, NULL, '2022-03-26 01:21:11', NULL, NULL, 'Width', NULL, 'NONE'),
(2212, NULL, 11, NULL, NULL, 156, 19, NULL, 105, NULL, '2022-03-26 01:21:11', NULL, NULL, 'Width', NULL, 'NONE'),
(2213, NULL, 11, NULL, NULL, 1284, 19, NULL, 106, NULL, '2022-03-26 01:21:11', NULL, NULL, 'Width', NULL, 'NONE'),
(2214, NULL, 11, NULL, NULL, 1280, 19, NULL, 107, NULL, '2022-03-26 01:21:11', NULL, NULL, 'Width', NULL, 'NONE'),
(2215, NULL, 11, NULL, NULL, 1284, 19, NULL, 108, NULL, '2022-03-26 01:21:11', NULL, NULL, 'Width', NULL, 'NONE'),
(2216, NULL, 11, NULL, NULL, 382, 19, NULL, 109, NULL, '2022-03-26 01:21:11', NULL, NULL, 'Width', NULL, 'NONE'),
(2217, NULL, 11, NULL, NULL, 382, 19, NULL, 110, NULL, '2022-03-26 01:21:11', NULL, NULL, 'Width', NULL, 'NONE'),
(2218, NULL, 11, NULL, NULL, 1285, 19, NULL, 111, NULL, '2022-03-26 01:21:11', NULL, NULL, 'Width', NULL, 'NONE'),
(2219, NULL, 11, NULL, NULL, 390, 19, NULL, 112, NULL, '2022-03-26 01:21:11', NULL, NULL, 'Width', NULL, 'NONE'),
(2220, NULL, 11, NULL, NULL, 1286, 19, NULL, 113, NULL, '2022-03-26 01:21:11', NULL, NULL, 'Width', NULL, 'NONE'),
(2221, NULL, 11, NULL, NULL, 205, 31, NULL, 114, NULL, '2022-03-26 01:21:11', NULL, NULL, 'Width', NULL, 'NONE'),
(2222, NULL, 11, NULL, NULL, 382, 31, NULL, 115, NULL, '2022-03-26 01:21:11', NULL, NULL, 'Width', NULL, 'NONE'),
(2223, NULL, 11, NULL, NULL, 382, 31, NULL, 116, NULL, '2022-03-26 01:21:11', NULL, NULL, 'Width', NULL, 'NONE'),
(2224, NULL, 11, NULL, NULL, 382, 31, NULL, 117, NULL, '2022-03-26 01:21:11', NULL, NULL, 'Width', NULL, 'NONE'),
(2225, NULL, 11, NULL, NULL, 1287, 28, NULL, 118, NULL, '2022-03-26 01:21:11', NULL, NULL, 'Width', NULL, 'NONE'),
(2226, NULL, 11, NULL, NULL, 359, 28, NULL, 119, NULL, '2022-03-26 01:21:11', NULL, NULL, 'Width', NULL, 'NONE'),
(2227, NULL, 11, NULL, NULL, 275, 28, NULL, 120, NULL, '2022-03-26 01:21:11', NULL, NULL, 'Width', NULL, 'NONE'),
(2228, NULL, 11, NULL, NULL, 743, 6, NULL, 121, NULL, '2022-03-26 01:21:11', NULL, NULL, 'Width', NULL, 'NONE'),
(2229, NULL, 11, NULL, NULL, 743, 49, NULL, 122, NULL, '2022-03-26 01:21:11', NULL, NULL, 'Width', NULL, 'NONE'),
(2230, NULL, 11, NULL, NULL, 743, 49, NULL, 123, NULL, '2022-03-26 01:21:11', NULL, NULL, 'Width', NULL, 'NONE'),
(2231, NULL, 11, NULL, NULL, 253, 49, NULL, 124, NULL, '2022-03-26 01:21:11', NULL, NULL, 'Width', NULL, 'NONE'),
(2232, NULL, 11, NULL, NULL, 745, 10, NULL, 125, NULL, '2022-03-26 01:21:11', NULL, NULL, 'Width', NULL, 'NONE'),
(2233, NULL, 11, NULL, NULL, 1288, 10, NULL, 126, NULL, '2022-03-26 01:21:11', NULL, NULL, 'Width', NULL, 'NONE'),
(2234, NULL, 11, NULL, NULL, 271, 10, NULL, 127, NULL, '2022-03-26 01:21:11', NULL, NULL, 'Width', NULL, 'NONE'),
(2235, NULL, 11, NULL, NULL, 253, 10, NULL, 128, NULL, '2022-03-26 01:21:11', NULL, NULL, 'Width', NULL, 'NONE'),
(2236, NULL, 11, NULL, NULL, 1025, 10, NULL, 129, NULL, '2022-03-26 01:21:11', NULL, NULL, 'Width', NULL, 'NONE'),
(2237, NULL, 11, NULL, NULL, 745, 10, NULL, 130, NULL, '2022-03-26 01:21:11', NULL, NULL, 'Width', NULL, 'NONE'),
(2238, NULL, 11, NULL, NULL, 384, 10, NULL, 131, NULL, '2022-03-26 01:21:11', NULL, NULL, 'Width', NULL, 'NONE'),
(2239, NULL, 11, NULL, NULL, 745, 37, NULL, 132, NULL, '2022-03-26 01:21:11', NULL, NULL, 'Width', NULL, 'NONE'),
(2240, NULL, 11, NULL, NULL, 253, 37, NULL, 133, NULL, '2022-03-26 01:21:11', NULL, NULL, 'Width', NULL, 'NONE'),
(2241, NULL, 11, NULL, NULL, 291, 33, NULL, 134, NULL, '2022-03-26 01:21:11', NULL, NULL, 'Width', NULL, 'NONE'),
(2242, NULL, 11, NULL, NULL, 1289, 33, NULL, 135, NULL, '2022-03-26 01:21:11', NULL, NULL, 'Width', NULL, 'NONE'),
(2243, NULL, 11, NULL, NULL, 1282, 67, NULL, 136, NULL, '2022-03-26 01:21:11', NULL, NULL, 'Width', NULL, 'NONE'),
(2244, NULL, 11, NULL, NULL, 341, 67, NULL, 137, NULL, '2022-03-26 01:21:11', NULL, NULL, 'Width', NULL, 'NONE'),
(2245, NULL, 11, NULL, NULL, 1276, 1, NULL, 138, NULL, '2022-03-26 01:21:11', NULL, NULL, 'Width', NULL, 'NONE'),
(2246, NULL, 11, NULL, NULL, 396, 1, NULL, 139, NULL, '2022-03-26 01:21:11', NULL, NULL, 'Width', NULL, 'NONE'),
(2247, NULL, 11, NULL, NULL, 1290, 34, NULL, 140, NULL, '2022-03-26 01:21:11', NULL, NULL, 'Width', NULL, 'NONE'),
(2248, NULL, 11, NULL, NULL, 1279, 34, NULL, 141, NULL, '2022-03-26 01:21:11', NULL, NULL, 'Width', NULL, 'NONE'),
(2249, NULL, 11, NULL, NULL, 352, 38, NULL, 142, NULL, '2022-03-26 01:21:11', NULL, NULL, 'Width', NULL, 'NONE'),
(2250, NULL, 11, NULL, NULL, 313, 38, NULL, 143, NULL, '2022-03-26 01:21:11', NULL, NULL, 'Width', NULL, 'NONE'),
(2251, NULL, 11, NULL, NULL, 1284, 8, NULL, 144, NULL, '2022-03-26 01:21:11', NULL, NULL, 'Width', NULL, 'NONE'),
(2252, NULL, 11, NULL, NULL, 746, 2, NULL, 145, NULL, '2022-03-26 01:21:11', NULL, NULL, 'Width', NULL, 'NONE'),
(2253, NULL, 11, NULL, NULL, 1291, 61, NULL, 146, NULL, '2022-03-26 01:21:11', NULL, NULL, 'Width', NULL, 'NONE'),
(2254, NULL, 11, NULL, NULL, 745, 61, NULL, 147, NULL, '2022-03-26 01:21:11', NULL, NULL, 'Width', NULL, 'NONE'),
(2255, NULL, 11, NULL, NULL, 745, 61, NULL, 148, NULL, '2022-03-26 01:21:11', NULL, NULL, 'Width', NULL, 'NONE'),
(2256, NULL, 11, NULL, NULL, 745, 61, NULL, 149, NULL, '2022-03-26 01:21:11', NULL, NULL, 'Width', NULL, 'NONE'),
(2257, NULL, 11, NULL, NULL, 745, 61, NULL, 150, NULL, '2022-03-26 01:21:11', NULL, NULL, 'Width', NULL, 'NONE'),
(2258, NULL, 11, NULL, NULL, 745, 11, NULL, 151, NULL, '2022-03-26 01:21:11', NULL, NULL, 'Width', NULL, 'NONE'),
(2259, NULL, 11, NULL, NULL, 1025, 11, NULL, 152, NULL, '2022-03-26 01:21:11', NULL, NULL, 'Width', NULL, 'NONE'),
(2260, NULL, 11, NULL, NULL, 745, 11, NULL, 153, NULL, '2022-03-26 01:21:11', NULL, NULL, 'Width', NULL, 'NONE'),
(2261, NULL, 11, NULL, NULL, 745, 11, NULL, 154, NULL, '2022-03-26 01:21:11', NULL, NULL, 'Width', NULL, 'NONE'),
(2262, NULL, 11, NULL, NULL, 745, 11, NULL, 155, NULL, '2022-03-26 01:21:11', NULL, NULL, 'Width', NULL, 'NONE'),
(2263, NULL, 11, NULL, NULL, 745, 11, NULL, 156, NULL, '2022-03-26 01:21:11', NULL, NULL, 'Width', NULL, 'NONE'),
(2264, NULL, 11, NULL, NULL, 745, 11, NULL, 157, NULL, '2022-03-26 01:21:11', NULL, NULL, 'Width', NULL, 'NONE'),
(2265, NULL, 11, NULL, NULL, 745, 11, NULL, 158, NULL, '2022-03-26 01:21:11', NULL, NULL, 'Width', NULL, 'NONE'),
(2266, NULL, 11, NULL, NULL, 745, 11, NULL, 159, NULL, '2022-03-26 01:21:11', NULL, NULL, 'Width', NULL, 'NONE'),
(2267, NULL, 11, NULL, NULL, 745, 11, NULL, 160, NULL, '2022-03-26 01:21:11', NULL, NULL, 'Width', NULL, 'NONE'),
(2268, NULL, 11, NULL, NULL, 745, 11, NULL, 161, NULL, '2022-03-26 01:21:11', NULL, NULL, 'Width', NULL, 'NONE'),
(2269, NULL, 11, NULL, NULL, 745, 11, NULL, 162, NULL, '2022-03-26 01:21:11', NULL, NULL, 'Width', NULL, 'NONE'),
(2270, NULL, 11, NULL, NULL, 745, 11, NULL, 163, NULL, '2022-03-26 01:21:11', NULL, NULL, 'Width', NULL, 'NONE'),
(2271, NULL, 11, NULL, NULL, 745, 11, NULL, 164, NULL, '2022-03-26 01:21:11', NULL, NULL, 'Width', NULL, 'NONE'),
(2272, NULL, 11, NULL, NULL, 1292, 11, NULL, 165, NULL, '2022-03-26 01:21:11', NULL, NULL, 'Width', NULL, 'NONE'),
(2273, NULL, 11, NULL, NULL, 1289, 11, NULL, 166, NULL, '2022-03-26 01:21:11', NULL, NULL, 'Width', NULL, 'NONE'),
(2274, NULL, 11, NULL, NULL, 265, 11, NULL, 167, NULL, '2022-03-26 01:21:11', NULL, NULL, 'Width', NULL, 'NONE'),
(2275, NULL, 11, NULL, NULL, 745, 68, NULL, 168, NULL, '2022-03-26 01:21:11', NULL, NULL, 'Width', NULL, 'NONE'),
(2276, NULL, 11, NULL, NULL, 745, 68, NULL, 169, NULL, '2022-03-26 01:21:11', NULL, NULL, 'Width', NULL, 'NONE'),
(2277, NULL, 11, NULL, NULL, 1025, 68, NULL, 170, NULL, '2022-03-26 01:21:11', NULL, NULL, 'Width', NULL, 'NONE'),
(2278, NULL, 11, NULL, NULL, 1284, 68, NULL, 171, NULL, '2022-03-26 01:21:11', NULL, NULL, 'Width', NULL, 'NONE'),
(2279, NULL, 11, NULL, NULL, 745, 68, NULL, 172, NULL, '2022-03-26 01:21:11', NULL, NULL, 'Width', NULL, 'NONE'),
(2280, NULL, 11, NULL, NULL, 745, 3, NULL, 173, NULL, '2022-03-26 01:21:11', NULL, NULL, 'Width', NULL, 'NONE'),
(2281, NULL, 11, NULL, NULL, 745, 3, NULL, 174, NULL, '2022-03-26 01:21:11', NULL, NULL, 'Width', NULL, 'NONE'),
(2282, NULL, 11, NULL, NULL, 1025, 3, NULL, 175, NULL, '2022-03-26 01:21:11', NULL, NULL, 'Width', NULL, 'NONE'),
(2283, NULL, 11, NULL, NULL, 745, 3, NULL, 176, NULL, '2022-03-26 01:21:11', NULL, NULL, 'Width', NULL, 'NONE'),
(2284, 2257, 11, NULL, NULL, 1293, 61, NULL, 150, NULL, '2022-03-26 13:38:56', NULL, NULL, 'Length', NULL, 'NONE'),
(2285, 2257, 11, NULL, NULL, 1293, 61, NULL, 150, NULL, '2022-03-26 13:38:56', NULL, NULL, 'Length', NULL, 'WASTED'),
(2286, 2269, 11, NULL, NULL, 1295, 11, NULL, 162, NULL, '2022-03-26 14:02:23', NULL, NULL, 'Length', NULL, 'NONE'),
(2287, 2269, 11, NULL, NULL, 1295, 11, NULL, 162, NULL, '2022-03-26 14:02:23', NULL, NULL, 'Length', NULL, 'WASTED'),
(2288, 2263, 11, NULL, NULL, 1295, 11, NULL, 156, NULL, '2022-03-26 14:04:17', NULL, NULL, 'Length', NULL, 'NONE'),
(2289, 2263, 11, NULL, NULL, 1295, 11, NULL, 156, NULL, '2022-03-26 14:04:17', NULL, NULL, 'Length', NULL, 'WASTED'),
(2290, 2267, 11, NULL, NULL, 1295, 11, NULL, 160, NULL, '2022-03-26 14:08:55', NULL, NULL, 'Length', NULL, 'NONE'),
(2291, 2267, 11, NULL, NULL, 1295, 11, NULL, 160, NULL, '2022-03-26 14:08:55', NULL, NULL, 'Length', NULL, 'WASTED'),
(2292, 2243, 11, NULL, NULL, 1298, 67, NULL, 136, NULL, '2022-03-26 14:19:57', NULL, NULL, 'Length', NULL, 'NONE'),
(2293, 2243, 11, NULL, NULL, 1299, 67, NULL, 136, NULL, '2022-03-26 14:19:57', NULL, NULL, 'Length', NULL, 'NONE'),
(2294, 2264, 11, NULL, NULL, 1295, 11, NULL, 157, NULL, '2022-03-27 09:24:50', NULL, NULL, 'Length', NULL, 'NONE'),
(2295, 2228, 11, NULL, NULL, 1310, 6, NULL, 121, NULL, '2022-03-28 09:00:07', NULL, NULL, 'Length', NULL, 'NONE'),
(2296, 2228, 11, NULL, NULL, 1310, 6, NULL, 121, NULL, '2022-03-28 09:00:07', NULL, NULL, 'Length', NULL, 'WASTED'),
(2297, 2278, 11, NULL, NULL, 1304, 68, NULL, 171, NULL, '2022-03-28 09:01:30', NULL, NULL, 'Length', NULL, 'NONE'),
(2298, 2278, 11, NULL, NULL, 1304, 68, NULL, 171, NULL, '2022-03-28 09:01:30', NULL, NULL, 'Length', NULL, 'WASTED'),
(2299, 2249, 11, NULL, NULL, 1303, 38, NULL, 142, NULL, '2022-03-28 09:03:14', NULL, NULL, 'Length', NULL, 'NONE'),
(2300, 2249, 11, NULL, NULL, 1120, 38, NULL, 142, NULL, '2022-03-28 09:03:14', NULL, NULL, 'Length', NULL, 'WASTED'),
(2301, 2251, 11, NULL, NULL, 1303, 8, NULL, 144, NULL, '2022-03-28 09:03:42', NULL, NULL, 'Length', NULL, 'NONE'),
(2302, 2251, 11, NULL, NULL, 1303, 8, NULL, 144, NULL, '2022-03-28 09:03:42', NULL, NULL, 'Length', NULL, 'WASTED'),
(2303, 2120, 22, NULL, NULL, 1311, 19, NULL, NULL, NULL, '2022-03-28 10:44:30', NULL, NULL, 'Length', NULL, 'NONE'),
(2304, 2120, 22, NULL, NULL, 459, 19, NULL, NULL, NULL, '2022-03-28 10:44:30', NULL, NULL, 'Length', NULL, 'NONE'),
(2305, 2120, 22, NULL, NULL, 1294, 19, NULL, NULL, NULL, '2022-03-28 10:44:30', NULL, NULL, 'Length', NULL, 'WASTED'),
(2306, 2252, 11, NULL, NULL, 1312, 2, NULL, 145, NULL, '2022-03-28 10:51:36', NULL, NULL, 'Length', NULL, 'NONE'),
(2307, 2252, 11, NULL, NULL, 1307, 2, NULL, 145, NULL, '2022-03-28 10:51:36', NULL, NULL, 'Length', NULL, 'WASTED'),
(2308, 2246, 11, NULL, NULL, 1301, 1, NULL, 139, NULL, '2022-03-29 08:25:34', NULL, NULL, 'Length', NULL, 'NONE'),
(2309, 2246, 11, NULL, NULL, 1301, 1, NULL, 139, NULL, '2022-03-29 08:25:34', NULL, NULL, 'Length', NULL, 'WASTED'),
(2310, 2224, 11, NULL, NULL, 683, 31, NULL, 117, NULL, '2022-03-29 08:30:48', NULL, NULL, 'Length', NULL, 'NONE'),
(2311, 2224, 11, NULL, NULL, 733, 31, NULL, 117, NULL, '2022-03-29 08:30:48', NULL, NULL, 'Length', NULL, 'WASTED'),
(2312, 2250, 11, NULL, NULL, 1305, 38, NULL, 143, NULL, '2022-03-29 08:32:48', NULL, NULL, 'Length', NULL, 'NONE'),
(2313, 2250, 11, NULL, NULL, 1305, 38, NULL, 143, NULL, '2022-03-29 08:32:48', NULL, NULL, 'Length', NULL, 'WASTED'),
(2314, 2232, 11, NULL, NULL, 1024, 10, NULL, 125, NULL, '2022-03-30 12:07:10', NULL, NULL, 'Length', NULL, 'NONE'),
(2315, 2232, 11, NULL, NULL, 1024, 10, NULL, 125, NULL, '2022-03-30 12:07:10', NULL, NULL, 'Length', NULL, 'WASTED'),
(2316, 2216, 11, NULL, NULL, 1317, 19, NULL, 109, NULL, '2022-03-30 12:07:36', NULL, NULL, 'Length', NULL, 'NONE'),
(2317, 2216, 11, NULL, NULL, 216, 19, NULL, 109, NULL, '2022-03-30 12:07:36', NULL, NULL, 'Length', NULL, 'WASTED'),
(2318, 2085, 42, NULL, NULL, 1313, 60, NULL, NULL, NULL, '2022-03-30 12:08:06', NULL, NULL, 'Length', NULL, 'NONE'),
(2319, 2085, 42, NULL, NULL, 1313, 60, NULL, NULL, NULL, '2022-03-30 12:08:06', NULL, NULL, 'Length', NULL, 'WASTED'),
(2320, 2270, 11, NULL, NULL, 1320, 11, NULL, 163, NULL, '2022-04-04 12:11:29', NULL, NULL, 'Length', NULL, 'NONE'),
(2322, 2223, 11, NULL, NULL, 683, 31, NULL, 116, NULL, '2022-04-04 12:12:25', NULL, NULL, 'Length', NULL, 'NONE'),
(2323, 2223, 11, NULL, NULL, 733, 31, NULL, 116, NULL, '2022-04-04 12:12:25', NULL, NULL, 'Length', NULL, 'WASTED'),
(2324, 2229, 11, NULL, NULL, 1323, 49, NULL, 122, NULL, '2022-04-04 12:13:58', NULL, NULL, 'Length', NULL, 'NONE'),
(2325, 2229, 11, NULL, NULL, 1324, 49, NULL, 122, NULL, '2022-04-04 12:13:58', NULL, NULL, 'Length', NULL, 'NONE'),
(2326, 2229, 11, NULL, NULL, 1314, 49, NULL, 122, NULL, '2022-04-04 12:13:58', NULL, NULL, 'Length', NULL, 'WASTED'),
(2327, 2260, 11, NULL, NULL, 1320, 11, NULL, 153, NULL, '2022-04-07 12:43:25', NULL, NULL, 'Length', NULL, 'NONE'),
(2328, 2260, 11, NULL, NULL, 1320, 11, NULL, 153, NULL, '2022-04-07 12:43:25', NULL, NULL, 'Length', NULL, 'WASTED'),
(2329, 2256, 11, NULL, NULL, 1325, 61, NULL, 149, NULL, '2022-04-07 12:47:56', NULL, NULL, 'Length', NULL, 'NONE'),
(2330, 2255, 11, NULL, NULL, 1325, 61, NULL, 148, NULL, '2022-04-07 12:48:09', NULL, NULL, 'Length', NULL, 'NONE'),
(2331, 2255, 11, NULL, NULL, 1325, 61, NULL, 148, NULL, '2022-04-07 12:48:09', NULL, NULL, 'Length', NULL, 'WASTED'),
(2332, 2253, 11, NULL, NULL, 1330, 61, NULL, 146, NULL, '2022-04-09 11:40:09', NULL, NULL, 'Length', NULL, 'NONE'),
(2333, 2233, 11, NULL, NULL, 1331, 10, NULL, 126, NULL, '2022-04-09 11:40:42', NULL, NULL, 'Length', NULL, 'NONE'),
(2334, NULL, 22, NULL, NULL, 1, 23, NULL, NULL, NULL, '2022-04-11 03:36:22', NULL, NULL, 'Width', NULL, 'NONE'),
(2335, 2248, 11, NULL, NULL, 1337, 34, NULL, 141, NULL, '2022-04-13 09:17:11', NULL, NULL, 'Length', NULL, 'NONE'),
(2336, 2248, 11, NULL, NULL, 1336, 34, NULL, 141, NULL, '2022-04-13 09:17:11', NULL, NULL, 'Length', NULL, 'WASTED'),
(2337, 1913, 22, NULL, NULL, 1335, 23, NULL, 58, NULL, '2022-04-13 09:18:07', NULL, NULL, 'Length', NULL, 'NONE'),
(2338, 1913, 22, NULL, NULL, 1335, 23, NULL, 58, NULL, '2022-04-13 09:18:07', NULL, NULL, 'Length', NULL, 'WASTED'),
(2339, 1913, 22, NULL, NULL, 335, 23, NULL, 58, NULL, '2022-04-13 09:19:42', NULL, NULL, 'Length', NULL, 'NONE'),
(2340, 1913, 22, NULL, NULL, 1338, 23, NULL, 58, NULL, '2022-04-13 09:19:42', NULL, NULL, 'Length', NULL, 'NONE'),
(2341, 1913, 22, NULL, NULL, 1339, 23, NULL, 58, NULL, '2022-04-13 09:19:42', NULL, NULL, 'Length', NULL, 'NONE'),
(2342, 1913, 22, NULL, NULL, 335, 23, NULL, 58, NULL, '2022-04-13 09:19:42', NULL, NULL, 'Length', NULL, 'WASTED'),
(2343, 1911, 22, NULL, NULL, 902, 23, NULL, 58, NULL, '2022-04-13 09:20:18', NULL, NULL, 'Length', NULL, 'NONE'),
(2344, 1911, 22, NULL, NULL, 902, 23, NULL, 58, NULL, '2022-04-13 09:20:18', NULL, NULL, 'Length', NULL, 'WASTED'),
(2345, 2242, 11, NULL, NULL, 1341, 33, NULL, 135, NULL, '2022-04-14 09:59:01', NULL, NULL, 'Length', NULL, 'NONE'),
(2346, 2242, 11, NULL, NULL, 683, 33, NULL, 135, NULL, '2022-04-14 09:59:01', NULL, NULL, 'Length', NULL, 'NONE'),
(2347, 2242, 11, NULL, NULL, 1332, 33, NULL, 135, NULL, '2022-04-14 09:59:01', NULL, NULL, 'Length', NULL, 'WASTED'),
(2348, NULL, 44, NULL, NULL, 177, 71, NULL, 177, NULL, '2022-04-14 01:57:49', NULL, NULL, 'Width', NULL, 'NONE'),
(2349, NULL, 44, NULL, NULL, 1342, 71, NULL, 178, NULL, '2022-04-14 01:57:49', NULL, NULL, 'Width', NULL, 'NONE'),
(2350, NULL, 44, NULL, NULL, 341, 32, NULL, 179, NULL, '2022-04-14 01:57:49', NULL, NULL, 'Width', NULL, 'NONE'),
(2351, NULL, 44, NULL, NULL, 1343, 71, NULL, 180, NULL, '2022-04-14 01:57:49', NULL, NULL, 'Width', NULL, 'NONE'),
(2352, NULL, 44, NULL, NULL, 1344, 32, NULL, 181, NULL, '2022-04-14 01:57:49', NULL, NULL, 'Width', NULL, 'NONE'),
(2353, NULL, 44, NULL, NULL, 1345, 71, NULL, 182, NULL, '2022-04-14 01:57:49', NULL, NULL, 'Width', NULL, 'NONE'),
(2354, NULL, 44, NULL, NULL, 1346, 71, NULL, 183, NULL, '2022-04-14 01:57:49', NULL, NULL, 'Width', NULL, 'NONE'),
(2355, NULL, 44, NULL, NULL, 1347, 72, NULL, 184, NULL, '2022-04-14 01:57:49', NULL, NULL, 'Width', NULL, 'NONE'),
(2356, NULL, 44, NULL, NULL, 1348, 57, NULL, 185, NULL, '2022-04-14 01:57:49', NULL, NULL, 'Width', NULL, 'NONE'),
(2357, NULL, 44, NULL, NULL, 24, 72, NULL, 186, NULL, '2022-04-14 01:57:49', NULL, NULL, 'Width', NULL, 'NONE'),
(2358, NULL, 44, NULL, NULL, 1200, 32, NULL, 187, NULL, '2022-04-14 01:57:49', NULL, NULL, 'Width', NULL, 'NONE'),
(2359, NULL, 44, NULL, NULL, 1349, 71, NULL, 188, NULL, '2022-04-14 01:57:49', NULL, NULL, 'Width', NULL, 'NONE'),
(2360, NULL, 44, NULL, NULL, 1350, 57, NULL, 189, NULL, '2022-04-14 01:57:49', NULL, NULL, 'Width', NULL, 'NONE'),
(2361, NULL, 44, NULL, NULL, 1351, 57, NULL, 190, NULL, '2022-04-14 01:57:49', NULL, NULL, 'Width', NULL, 'NONE'),
(2362, NULL, 44, NULL, NULL, 1346, 57, NULL, 191, NULL, '2022-04-14 01:57:49', NULL, NULL, 'Width', NULL, 'NONE'),
(2363, NULL, 44, NULL, NULL, 1352, 32, NULL, 192, NULL, '2022-04-14 01:57:49', NULL, NULL, 'Width', NULL, 'NONE'),
(2364, NULL, 44, NULL, NULL, 1353, 72, NULL, 193, NULL, '2022-04-14 01:57:49', NULL, NULL, 'Width', NULL, 'NONE'),
(2365, NULL, 44, NULL, NULL, 1354, 71, NULL, 194, NULL, '2022-04-14 01:57:49', NULL, NULL, 'Width', NULL, 'NONE'),
(2366, NULL, 44, NULL, NULL, 748, 57, NULL, 195, NULL, '2022-04-14 01:57:49', NULL, NULL, 'Width', NULL, 'NONE'),
(2367, NULL, 44, NULL, NULL, 1354, 71, NULL, 196, NULL, '2022-04-14 01:57:49', NULL, NULL, 'Width', NULL, 'NONE'),
(2368, NULL, 44, NULL, NULL, 1355, 71, NULL, 197, NULL, '2022-04-14 01:57:49', NULL, NULL, 'Width', NULL, 'NONE'),
(2369, NULL, 44, NULL, NULL, 177, 71, NULL, 198, NULL, '2022-04-14 01:57:49', NULL, NULL, 'Width', NULL, 'NONE');
INSERT  INTO `products` (`iD`, `ParentID`, `ProductTypeID`, `CustomsDeclarationID`, `Country_Manufacture_CompanyID`, `SizeID`, `GSMID`, `GradeID`, `QualityID`, `ProductColorID`, `date`, `sheets`, `barcode`, `fiberLines`, `comments`, `status`) VALUES
(2370, NULL, 44, NULL, NULL, 1356, 71, NULL, 199, NULL, '2022-04-14 01:57:49', NULL, NULL, 'Width', NULL, 'NONE'),
(2371, NULL, 44, NULL, NULL, 289, 32, NULL, 200, NULL, '2022-04-14 01:57:49', NULL, NULL, 'Width', NULL, 'NONE'),
(2372, NULL, 44, NULL, NULL, 1357, 32, NULL, 201, NULL, '2022-04-14 01:57:49', NULL, NULL, 'Width', NULL, 'NONE'),
(2373, NULL, 44, NULL, NULL, 1357, 32, NULL, 202, NULL, '2022-04-14 01:57:49', NULL, NULL, 'Width', NULL, 'NONE'),
(2374, NULL, 44, NULL, NULL, 169, 57, NULL, 203, NULL, '2022-04-14 01:57:49', NULL, NULL, 'Width', NULL, 'NONE'),
(2375, NULL, 44, NULL, NULL, 1358, 71, NULL, 204, NULL, '2022-04-14 01:57:49', NULL, NULL, 'Width', NULL, 'NONE'),
(2376, NULL, 44, NULL, NULL, 1359, 32, NULL, 205, NULL, '2022-04-14 01:57:49', NULL, NULL, 'Width', NULL, 'NONE'),
(2377, NULL, 44, NULL, NULL, 387, 72, NULL, 206, NULL, '2022-04-14 01:57:49', NULL, NULL, 'Width', NULL, 'NONE'),
(2378, NULL, 44, NULL, NULL, 1360, 32, NULL, 207, NULL, '2022-04-14 01:57:49', NULL, NULL, 'Width', NULL, 'NONE'),
(2379, NULL, 44, NULL, NULL, 1361, 71, NULL, 208, NULL, '2022-04-14 01:57:49', NULL, NULL, 'Width', NULL, 'NONE'),
(2380, NULL, 44, NULL, NULL, 1362, 32, NULL, 209, NULL, '2022-04-14 01:57:49', NULL, NULL, 'Width', NULL, 'NONE'),
(2381, NULL, 44, NULL, NULL, 177, 71, NULL, 210, NULL, '2022-04-14 01:57:49', NULL, NULL, 'Width', NULL, 'NONE'),
(2382, NULL, 44, NULL, NULL, 341, 32, NULL, 211, NULL, '2022-04-14 01:57:49', NULL, NULL, 'Width', NULL, 'NONE'),
(2383, NULL, 44, NULL, NULL, 1363, 32, NULL, 212, NULL, '2022-04-14 01:57:49', NULL, NULL, 'Width', NULL, 'NONE'),
(2384, NULL, 44, NULL, NULL, 1364, 32, NULL, 213, NULL, '2022-04-14 01:57:49', NULL, NULL, 'Width', NULL, 'NONE'),
(2385, NULL, 44, NULL, NULL, 1346, 57, NULL, 214, NULL, '2022-04-14 01:57:49', NULL, NULL, 'Width', NULL, 'NONE'),
(2386, NULL, 44, NULL, NULL, 1365, 72, NULL, 215, NULL, '2022-04-14 01:57:49', NULL, NULL, 'Width', NULL, 'NONE'),
(2387, NULL, 44, NULL, NULL, 1366, 32, NULL, 216, NULL, '2022-04-14 01:57:49', NULL, NULL, 'Width', NULL, 'NONE'),
(2388, NULL, 44, NULL, NULL, 547, 72, NULL, 217, NULL, '2022-04-14 01:57:49', NULL, NULL, 'Width', NULL, 'NONE'),
(2389, NULL, 44, NULL, NULL, 1352, 32, NULL, 218, NULL, '2022-04-14 01:57:49', NULL, NULL, 'Width', NULL, 'NONE'),
(2390, NULL, 44, NULL, NULL, 1367, 72, NULL, 219, NULL, '2022-04-14 01:57:49', NULL, NULL, 'Width', NULL, 'NONE'),
(2391, NULL, 44, NULL, NULL, 1368, 32, NULL, 220, NULL, '2022-04-14 01:57:49', NULL, NULL, 'Width', NULL, 'NONE'),
(2392, NULL, 44, NULL, NULL, 1200, 71, NULL, 221, NULL, '2022-04-14 01:57:49', NULL, NULL, 'Width', NULL, 'NONE'),
(2393, NULL, 44, NULL, NULL, 269, 71, NULL, 222, NULL, '2022-04-14 01:57:49', NULL, NULL, 'Width', NULL, 'NONE'),
(2394, NULL, 44, NULL, NULL, 1200, 71, NULL, 223, NULL, '2022-04-14 01:57:49', NULL, NULL, 'Width', NULL, 'NONE'),
(2395, NULL, 44, NULL, NULL, 341, 32, NULL, 224, NULL, '2022-04-14 01:57:49', NULL, NULL, 'Width', NULL, 'NONE'),
(2396, 1912, 22, NULL, NULL, 1340, 23, NULL, 58, NULL, '2022-04-16 09:31:58', NULL, NULL, 'Length', NULL, 'NONE'),
(2397, 1912, 22, NULL, NULL, 1369, 23, NULL, 58, NULL, '2022-04-16 09:31:58', NULL, NULL, 'Length', NULL, 'NONE'),
(2398, 2248, 11, NULL, NULL, 1370, 34, NULL, 141, NULL, '2022-04-16 09:32:40', NULL, NULL, 'Length', NULL, 'NONE'),
(2399, 2388, 44, NULL, NULL, 1371, 72, NULL, 217, NULL, '2022-04-16 09:34:12', NULL, NULL, 'Length', NULL, 'NONE'),
(2400, 2388, 44, NULL, NULL, 1371, 72, NULL, 217, NULL, '2022-04-16 09:34:12', NULL, NULL, 'Length', NULL, 'WASTED'),
(2401, 1912, 22, NULL, NULL, 1340, 23, NULL, 58, NULL, '2022-04-19 10:42:26', NULL, NULL, 'Length', NULL, 'WASTED'),
(2402, 1911, 22, NULL, NULL, 1373, 23, NULL, 58, NULL, '2022-04-19 13:56:16', NULL, NULL, 'Length', NULL, 'NONE'),
(2403, 1911, 22, NULL, NULL, 1373, 23, NULL, 58, NULL, '2022-04-19 13:56:16', NULL, NULL, 'Length', NULL, 'WASTED'),
(2404, 2272, 11, NULL, NULL, 1372, 11, NULL, 165, NULL, '2022-04-19 13:56:37', NULL, NULL, 'Length', NULL, 'NONE'),
(2405, 2272, 11, NULL, NULL, 1372, 11, NULL, 165, NULL, '2022-04-19 13:56:37', NULL, NULL, 'Length', NULL, 'WASTED'),
(2406, 2261, 11, NULL, NULL, 1374, 11, NULL, 154, NULL, '2022-04-19 13:57:06', NULL, NULL, 'Length', NULL, 'NONE'),
(2407, 2261, 11, NULL, NULL, 1374, 11, NULL, 154, NULL, '2022-04-19 13:57:06', NULL, NULL, 'Length', NULL, 'WASTED'),
(2408, 2262, 11, NULL, NULL, 1374, 11, NULL, 155, NULL, '2022-04-19 14:41:57', NULL, NULL, 'Length', NULL, 'NONE'),
(2409, 2271, 11, NULL, NULL, 1378, 11, NULL, 164, NULL, '2022-04-26 12:11:51', NULL, NULL, 'Length', NULL, 'NONE'),
(2410, 2271, 11, NULL, NULL, 1378, 11, NULL, 164, NULL, '2022-04-26 12:11:51', NULL, NULL, 'Length', NULL, 'WASTED'),
(2411, 2266, 11, NULL, NULL, 1378, 11, NULL, 159, NULL, '2022-04-26 12:12:23', NULL, NULL, 'Length', NULL, 'NONE'),
(2412, 2265, 11, NULL, NULL, 1377, 11, NULL, 158, NULL, '2022-04-26 12:13:04', NULL, NULL, 'Length', NULL, 'NONE'),
(2413, 2265, 11, NULL, NULL, 1377, 11, NULL, 158, NULL, '2022-04-26 12:13:04', NULL, NULL, 'Length', NULL, 'WASTED'),
(2414, 2364, 44, NULL, NULL, 1382, 72, NULL, 193, NULL, '2022-04-28 09:59:31', NULL, NULL, 'Length', NULL, 'NONE'),
(2415, 2364, 44, NULL, NULL, 1382, 72, NULL, 193, NULL, '2022-04-28 09:59:31', NULL, NULL, 'Length', NULL, 'WASTED'),
(2416, 2241, 11, NULL, NULL, 1381, 33, NULL, 134, NULL, '2022-04-28 10:00:08', NULL, NULL, 'Length', NULL, 'NONE'),
(2417, 2241, 11, NULL, NULL, 1381, 33, NULL, 134, NULL, '2022-04-28 10:00:08', NULL, NULL, 'Length', NULL, 'WASTED'),
(2418, 2240, 11, NULL, NULL, 1384, 37, NULL, 133, NULL, '2022-05-10 08:23:04', NULL, NULL, 'Length', NULL, 'NONE'),
(2419, 2240, 11, NULL, NULL, 1384, 37, NULL, 133, NULL, '2022-05-10 08:23:04', NULL, NULL, 'Length', NULL, 'WASTED'),
(2420, 1913, 22, NULL, NULL, 1385, 23, NULL, 58, NULL, '2022-05-10 11:03:32', NULL, NULL, 'Length', NULL, 'NONE'),
(2421, 1913, 22, NULL, NULL, 1385, 23, NULL, 58, NULL, '2022-05-10 11:03:32', NULL, NULL, 'Length', NULL, 'WASTED'),
(2422, 2230, 11, NULL, NULL, 1310, 49, NULL, 123, NULL, '2022-05-10 11:04:06', NULL, NULL, 'Length', NULL, 'NONE'),
(2423, 2230, 11, NULL, NULL, 1310, 49, NULL, 123, NULL, '2022-05-10 11:04:06', NULL, NULL, 'Length', NULL, 'WASTED'),
(2424, 1911, 22, NULL, NULL, 1387, 23, NULL, 58, NULL, '2022-05-10 11:05:54', NULL, NULL, 'Length', NULL, 'NONE'),
(2425, 1911, 22, NULL, NULL, 1387, 23, NULL, 58, NULL, '2022-05-10 11:05:54', NULL, NULL, 'Length', NULL, 'WASTED'),
(2426, 1910, 22, NULL, NULL, 1392, 23, NULL, 58, NULL, '2022-05-14 10:55:34', NULL, NULL, 'Length', NULL, 'NONE'),
(2427, 1910, 22, NULL, NULL, 1392, 23, NULL, 58, NULL, '2022-05-14 10:55:34', NULL, NULL, 'Length', NULL, 'WASTED'),
(2428, 1910, 22, NULL, NULL, 198, 23, NULL, 58, NULL, '2022-05-14 10:56:09', NULL, NULL, 'Length', NULL, 'NONE'),
(2429, 1910, 22, NULL, NULL, 198, 23, NULL, 58, NULL, '2022-05-14 10:56:09', NULL, NULL, 'Length', NULL, 'WASTED'),
(2430, 1910, 22, NULL, NULL, 1212, 23, NULL, 58, NULL, '2022-05-14 10:56:31', NULL, NULL, 'Length', NULL, 'NONE'),
(2431, 1910, 22, NULL, NULL, 1212, 23, NULL, 58, NULL, '2022-05-14 10:56:31', NULL, NULL, 'Length', NULL, 'WASTED'),
(2432, 1910, 22, NULL, NULL, 1389, 23, NULL, 58, NULL, '2022-05-14 10:57:48', NULL, NULL, 'Length', NULL, 'NONE'),
(2433, 1910, 22, NULL, NULL, 1389, 23, NULL, 58, NULL, '2022-05-14 10:57:48', NULL, NULL, 'Length', NULL, 'WASTED'),
(2434, 1910, 22, NULL, NULL, 1393, 23, NULL, 58, NULL, '2022-05-15 09:41:44', NULL, NULL, 'Length', NULL, 'NONE'),
(2435, 1910, 22, NULL, NULL, 1393, 23, NULL, 58, NULL, '2022-05-15 09:41:44', NULL, NULL, 'Length', NULL, 'WASTED'),
(2436, 2357, 44, NULL, NULL, 1388, 72, NULL, 186, NULL, '2022-05-15 09:42:21', NULL, NULL, 'Length', NULL, 'NONE'),
(2437, 2357, 44, NULL, NULL, 1388, 72, NULL, 186, NULL, '2022-05-15 09:42:21', NULL, NULL, 'Length', NULL, 'WASTED'),
(2438, 1910, 22, NULL, NULL, 18, 23, NULL, 58, NULL, '2022-05-15 09:49:08', NULL, NULL, 'Length', NULL, 'NONE'),
(2439, 1910, 22, NULL, NULL, 18, 23, NULL, 58, NULL, '2022-05-15 09:49:08', NULL, NULL, 'Length', NULL, 'WASTED'),
(2440, 1913, 22, NULL, NULL, 1108, 23, NULL, 58, NULL, '2022-05-17 10:10:55', NULL, NULL, 'Length', NULL, 'WASTED'),
(2441, 1910, 22, NULL, NULL, 1398, 23, NULL, 58, NULL, '2022-05-18 14:54:54', NULL, NULL, 'Length', NULL, 'NONE'),
(2442, 1910, 22, NULL, NULL, 1398, 23, NULL, 58, NULL, '2022-05-18 14:54:54', NULL, NULL, 'Length', NULL, 'WASTED'),
(2443, 2391, 44, NULL, NULL, 1, 32, NULL, 220, NULL, '2022-05-18 14:56:31', NULL, NULL, 'Length', NULL, 'NONE'),
(2444, 2391, 44, NULL, NULL, 2, 32, NULL, 220, NULL, '2022-05-18 14:56:31', NULL, NULL, 'Length', NULL, 'NONE'),
(2445, 2391, 44, NULL, NULL, 1396, 32, NULL, 220, NULL, '2022-05-18 14:56:31', NULL, NULL, 'Length', NULL, 'WASTED'),
(2446, 2376, 44, NULL, NULL, 508, 32, NULL, 205, NULL, '2022-05-18 14:57:49', NULL, NULL, 'Length', NULL, 'NONE'),
(2447, 2376, 44, NULL, NULL, 1394, 32, NULL, 205, NULL, '2022-05-18 14:57:49', NULL, NULL, 'Length', NULL, 'WASTED'),
(2448, 2273, 11, NULL, NULL, 97, 11, NULL, 166, NULL, '2022-05-22 11:46:57', NULL, NULL, 'Length', NULL, 'NONE'),
(2449, 2273, 11, NULL, NULL, 97, 11, NULL, 166, NULL, '2022-05-22 11:46:57', NULL, NULL, 'Length', NULL, 'WASTED'),
(2450, 2259, 11, NULL, NULL, 562, 11, NULL, 152, NULL, '2022-05-22 11:47:41', NULL, NULL, 'Length', NULL, 'NONE'),
(2451, 2259, 11, NULL, NULL, 1399, 11, NULL, 152, NULL, '2022-05-22 11:47:41', NULL, NULL, 'Length', NULL, 'WASTED'),
(2452, 2384, 44, NULL, NULL, 1409, 32, NULL, 213, NULL, '2022-05-31 15:33:06', NULL, NULL, 'Length', NULL, 'NONE'),
(2453, 2384, 44, NULL, NULL, 1402, 32, NULL, 213, NULL, '2022-05-31 15:33:06', NULL, NULL, 'Length', NULL, 'WASTED'),
(2454, 2387, 44, NULL, NULL, 871, 32, NULL, 216, NULL, '2022-05-31 15:34:28', NULL, NULL, 'Length', NULL, 'NONE'),
(2455, 2380, 44, NULL, NULL, 1410, 32, NULL, 209, NULL, '2022-06-01 13:48:41', NULL, NULL, 'Length', NULL, 'NONE'),
(2456, 2380, 44, NULL, NULL, 1403, 32, NULL, 209, NULL, '2022-06-01 13:48:41', NULL, NULL, 'Length', NULL, 'WASTED'),
(2459, 2352, 44, NULL, NULL, 1404, 32, NULL, 181, NULL, '2022-06-01 13:49:51', NULL, NULL, 'Length', NULL, 'WASTED'),
(2460, 2191, 11, NULL, NULL, 1405, 48, NULL, 84, NULL, '2022-06-04 15:17:08', NULL, NULL, 'Length', NULL, 'NONE'),
(2461, 2191, 11, NULL, NULL, 1405, 48, NULL, 84, NULL, '2022-06-04 15:17:08', NULL, NULL, 'Length', NULL, 'WASTED'),
(2462, 1913, 22, NULL, NULL, 1419, 23, NULL, 58, NULL, '2022-06-05 10:47:24', NULL, NULL, 'Length', NULL, 'NONE'),
(2463, 1913, 22, NULL, NULL, 1419, 23, NULL, 58, NULL, '2022-06-05 10:47:24', NULL, NULL, 'Length', NULL, 'WASTED'),
(2464, 1911, 22, NULL, NULL, 1418, 23, NULL, 58, NULL, '2022-06-05 10:47:50', NULL, NULL, 'Length', NULL, 'NONE'),
(2465, 1911, 22, NULL, NULL, 1418, 23, NULL, 58, NULL, '2022-06-05 10:47:50', NULL, NULL, 'Length', NULL, 'WASTED'),
(2466, 2215, 11, NULL, NULL, 1303, 19, NULL, 108, NULL, '2022-06-05 10:48:44', NULL, NULL, 'Length', NULL, 'NONE'),
(2467, 2213, 11, NULL, NULL, 1303, 19, NULL, 106, NULL, '2022-06-05 10:49:01', NULL, NULL, 'Length', NULL, 'NONE'),
(2468, 2213, 11, NULL, NULL, 1303, 19, NULL, 106, NULL, '2022-06-05 10:49:01', NULL, NULL, 'Length', NULL, 'WASTED'),
(2469, 2254, 11, NULL, NULL, 1024, 61, NULL, 147, NULL, '2022-06-05 10:52:12', NULL, NULL, 'Length', NULL, 'NONE'),
(2470, 2254, 11, NULL, NULL, 1024, 61, NULL, 147, NULL, '2022-06-05 10:52:12', NULL, NULL, 'Length', NULL, 'WASTED'),
(2471, 2234, 11, NULL, NULL, 266, 10, NULL, 127, NULL, '2022-06-06 09:56:45', NULL, NULL, 'Length', NULL, 'NONE'),
(2472, 2234, 11, NULL, NULL, 266, 10, NULL, 127, NULL, '2022-06-06 09:56:45', NULL, NULL, 'Length', NULL, 'WASTED'),
(2473, 2219, 11, NULL, NULL, 1416, 19, NULL, 112, NULL, '2022-06-06 09:57:52', NULL, NULL, 'Length', NULL, 'NONE'),
(2474, 2219, 11, NULL, NULL, 1416, 19, NULL, 112, NULL, '2022-06-06 09:57:52', NULL, NULL, 'Length', NULL, 'WASTED'),
(2475, 2209, 11, NULL, NULL, 1415, 19, NULL, 102, NULL, '2022-06-06 09:58:14', NULL, NULL, 'Length', NULL, 'NONE'),
(2476, 2209, 11, NULL, NULL, 1415, 19, NULL, 102, NULL, '2022-06-06 09:58:14', NULL, NULL, 'Length', NULL, 'WASTED'),
(2477, 2368, 44, NULL, NULL, 1413, 71, NULL, 197, NULL, '2022-06-06 10:06:59', NULL, NULL, 'Length', NULL, 'NONE'),
(2478, 2368, 44, NULL, NULL, 1414, 71, NULL, 197, NULL, '2022-06-06 10:06:59', NULL, NULL, 'Length', NULL, 'NONE'),
(2479, 2368, 44, NULL, NULL, 1413, 71, NULL, 197, NULL, '2022-06-06 10:06:59', NULL, NULL, 'Length', NULL, 'WASTED'),
(2480, 2208, 11, NULL, NULL, 1412, 47, NULL, 101, NULL, '2022-06-08 10:20:27', NULL, NULL, 'Length', NULL, 'NONE'),
(2481, 2208, 11, NULL, NULL, 1412, 47, NULL, 101, NULL, '2022-06-08 10:20:27', NULL, NULL, 'Length', NULL, 'WASTED'),
(2482, 2214, 11, NULL, NULL, 1411, 19, NULL, 107, NULL, '2022-06-08 10:20:44', NULL, NULL, 'Length', NULL, 'NONE'),
(2483, 2214, 11, NULL, NULL, 1411, 19, NULL, 107, NULL, '2022-06-08 10:20:44', NULL, NULL, 'Length', NULL, 'WASTED'),
(2484, 2221, 11, NULL, NULL, 1266, 31, NULL, 114, NULL, '2022-06-08 10:37:22', NULL, NULL, 'Length', NULL, 'NONE'),
(2485, 2221, 11, NULL, NULL, 1266, 31, NULL, 114, NULL, '2022-06-08 10:37:22', NULL, NULL, 'Length', NULL, 'WASTED'),
(2486, 1912, 22, NULL, NULL, 1423, 23, NULL, 58, NULL, '2022-06-08 10:43:43', NULL, NULL, 'Length', NULL, 'NONE'),
(2487, 1912, 22, NULL, NULL, 1423, 23, NULL, 58, NULL, '2022-06-08 10:43:43', NULL, NULL, 'Length', NULL, 'WASTED'),
(2488, 2119, 22, NULL, NULL, 1245, 18, NULL, NULL, NULL, '2022-06-08 11:25:34', NULL, NULL, 'Length', NULL, 'NONE'),
(2489, 2352, 44, NULL, NULL, 1418, 32, NULL, 181, NULL, '2022-06-14 13:13:59', NULL, NULL, 'Length', NULL, 'NONE'),
(2490, 1913, 22, NULL, NULL, 1425, 23, NULL, 58, NULL, '2022-06-14 13:14:31', NULL, NULL, 'Length', NULL, 'NONE'),
(2491, 1913, 22, NULL, NULL, 1425, 23, NULL, 58, NULL, '2022-06-14 13:14:31', NULL, NULL, 'Length', NULL, 'WASTED'),
(2492, 1912, 22, NULL, NULL, 1424, 23, NULL, 58, NULL, '2022-06-14 13:15:09', NULL, NULL, 'Length', NULL, 'NONE'),
(2493, 1912, 22, NULL, NULL, 1424, 23, NULL, 58, NULL, '2022-06-14 13:15:09', NULL, NULL, 'Length', NULL, 'WASTED'),
(2494, 2371, 44, NULL, NULL, 1041, 32, NULL, 200, NULL, '2022-06-14 13:17:57', NULL, NULL, 'Length', NULL, 'NONE'),
(2495, 2371, 44, NULL, NULL, 1426, 32, NULL, 200, NULL, '2022-06-14 13:17:57', NULL, NULL, 'Length', NULL, 'WASTED'),
(2496, 2352, 44, NULL, NULL, 1427, 32, NULL, 181, NULL, '2022-06-15 15:16:53', NULL, NULL, 'Length', NULL, 'NONE'),
(2497, 1913, 22, NULL, NULL, 1429, 23, NULL, 58, NULL, '2022-06-18 08:42:00', NULL, NULL, 'Length', NULL, 'NONE'),
(2498, 1913, 22, NULL, NULL, 1429, 23, NULL, 58, NULL, '2022-06-18 08:42:00', NULL, NULL, 'Length', NULL, 'WASTED'),
(2499, 2207, 11, NULL, NULL, 1433, 27, NULL, 100, NULL, '2022-06-18 08:42:25', NULL, NULL, 'Length', NULL, 'NONE'),
(2500, 2207, 11, NULL, NULL, 1428, 27, NULL, 100, NULL, '2022-06-18 08:42:25', NULL, NULL, 'Length', NULL, 'WASTED'),
(2501, 1912, 22, NULL, NULL, 1438, 23, NULL, 58, NULL, '2022-06-20 11:34:56', NULL, NULL, 'Length', NULL, 'NONE'),
(2502, 1912, 22, NULL, NULL, 1438, 23, NULL, 58, NULL, '2022-06-20 11:34:56', NULL, NULL, 'Length', NULL, 'WASTED'),
(2504, 2205, 11, NULL, NULL, 411, 18, NULL, 98, NULL, '2022-06-20 11:35:37', NULL, NULL, 'Length', NULL, 'WASTED'),
(2505, 2205, 11, NULL, NULL, 374, 18, NULL, 98, NULL, '2022-06-20 11:39:06', NULL, NULL, 'Length', NULL, 'NONE'),
(2506, 2222, 11, NULL, NULL, 683, 31, NULL, 115, NULL, '2022-06-20 11:42:09', NULL, NULL, 'Length', NULL, 'NONE'),
(2507, 2222, 11, NULL, NULL, 733, 31, NULL, 115, NULL, '2022-06-20 11:42:09', NULL, NULL, 'Length', NULL, 'WASTED'),
(2508, 1912, 22, NULL, NULL, 1441, 23, NULL, 58, NULL, '2022-06-22 13:02:01', NULL, NULL, 'Length', NULL, 'NONE'),
(2509, 1912, 22, NULL, NULL, 1441, 23, NULL, 58, NULL, '2022-06-22 13:02:01', NULL, NULL, 'Length', NULL, 'WASTED'),
(2510, 1911, 22, NULL, NULL, 1443, 23, NULL, 58, NULL, '2022-06-22 13:22:35', NULL, NULL, 'Length', NULL, 'NONE'),
(2511, 1911, 22, NULL, NULL, 1442, 23, NULL, 58, NULL, '2022-06-22 13:22:35', NULL, NULL, 'Length', NULL, 'WASTED'),
(2512, 2217, 11, NULL, NULL, 1444, 19, NULL, 110, NULL, '2022-06-22 13:23:32', NULL, NULL, 'Length', NULL, 'NONE'),
(2513, 2217, 11, NULL, NULL, 1439, 19, NULL, 110, NULL, '2022-06-22 13:23:32', NULL, NULL, 'Length', NULL, 'WASTED'),
(2514, 2350, 44, NULL, NULL, 1445, 32, NULL, 179, NULL, '2022-06-27 09:34:49', NULL, NULL, 'Length', NULL, 'NONE'),
(2515, 2350, 44, NULL, NULL, 1445, 32, NULL, 179, NULL, '2022-06-27 09:34:49', NULL, NULL, 'Length', NULL, 'WASTED'),
(2516, 2204, 11, NULL, NULL, 1024, 18, NULL, 97, NULL, '2022-06-28 13:27:02', NULL, NULL, 'Length', NULL, 'NONE'),
(2517, 2204, 11, NULL, NULL, 1024, 18, NULL, 97, NULL, '2022-06-28 13:27:02', NULL, NULL, 'Length', NULL, 'WASTED'),
(2518, NULL, 45, NULL, NULL, 1449, 2, NULL, NULL, NULL, '2022-07-03 01:53:23', NULL, NULL, 'Width', NULL, 'NONE'),
(2519, NULL, 45, NULL, NULL, 1450, 10, NULL, NULL, NULL, '2022-07-03 01:53:23', NULL, NULL, 'Width', NULL, 'NONE'),
(2520, NULL, 45, NULL, NULL, 1451, 28, NULL, NULL, NULL, '2022-07-03 01:53:23', NULL, NULL, 'Width', NULL, 'NONE'),
(2521, 2520, 45, NULL, NULL, 1452, 28, NULL, NULL, NULL, '2022-07-03 13:56:59', NULL, NULL, 'Length', NULL, 'NONE'),
(2522, 2520, 45, NULL, NULL, 1452, 28, NULL, NULL, NULL, '2022-07-03 13:56:59', NULL, NULL, 'Length', NULL, 'WASTED'),
(2523, 2378, 44, NULL, NULL, 647, 32, NULL, 207, NULL, '2022-07-06 09:38:46', NULL, NULL, 'Length', NULL, 'NONE'),
(2524, 2378, 44, NULL, NULL, 1448, 32, NULL, 207, NULL, '2022-07-06 09:38:46', NULL, NULL, 'Length', NULL, 'WASTED'),
(2525, 2520, 45, NULL, NULL, 1454, 28, NULL, NULL, NULL, '2022-07-07 09:26:26', NULL, NULL, 'Length', NULL, 'NONE'),
(2526, 2520, 45, NULL, NULL, 1455, 28, NULL, NULL, NULL, '2022-07-07 09:26:26', NULL, NULL, 'Length', NULL, 'NONE'),
(2527, 2378, 44, NULL, NULL, 380, 32, NULL, 207, NULL, '2022-07-17 09:01:41', NULL, NULL, 'Length', NULL, 'NONE'),
(2528, 2181, 11, NULL, NULL, 1459, 4, NULL, 74, NULL, '2022-07-20 15:34:31', NULL, NULL, 'Length', NULL, 'NONE'),
(2529, 2181, 11, NULL, NULL, 1459, 4, NULL, 74, NULL, '2022-07-20 15:34:31', NULL, NULL, 'Length', NULL, 'WASTED'),
(2530, 1912, 22, NULL, NULL, 1460, 23, NULL, 58, NULL, '2022-07-24 11:11:24', NULL, NULL, 'Length', NULL, 'NONE'),
(2531, 1912, 22, NULL, NULL, 1460, 23, NULL, 58, NULL, '2022-07-24 11:11:24', NULL, NULL, 'Length', NULL, 'WASTED'),
(2532, 2076, 41, NULL, NULL, 1461, 57, NULL, NULL, NULL, '2022-07-24 11:12:44', NULL, NULL, 'Length', NULL, 'NONE'),
(2533, 2076, 41, NULL, NULL, 1462, 57, NULL, NULL, NULL, '2022-07-24 11:12:44', NULL, NULL, 'Length', NULL, 'NONE'),
(2534, 2076, 41, NULL, NULL, 1458, 57, NULL, NULL, NULL, '2022-07-24 11:12:44', NULL, NULL, 'Length', NULL, 'WASTED'),
(2535, 2355, 44, NULL, NULL, 1455, 72, NULL, 184, NULL, '2022-07-24 11:13:58', NULL, NULL, 'Length', NULL, 'NONE'),
(2536, 2355, 44, NULL, NULL, 455, 72, NULL, 184, NULL, '2022-07-24 11:13:58', NULL, NULL, 'Length', NULL, 'NONE'),
(2537, 2355, 44, NULL, NULL, 1457, 72, NULL, 184, NULL, '2022-07-24 11:13:58', NULL, NULL, 'Length', NULL, 'WASTED'),
(2538, 2520, 45, NULL, NULL, 455, 28, NULL, NULL, NULL, '2022-07-30 10:16:30', NULL, NULL, 'Length', NULL, 'NONE'),
(2539, 2520, 45, NULL, NULL, 733, 28, NULL, NULL, NULL, '2022-07-30 10:16:30', NULL, NULL, 'Length', NULL, 'NONE'),
(2540, 2373, 44, NULL, NULL, 1467, 32, NULL, 202, NULL, '2022-08-04 09:58:24', NULL, NULL, 'Length', NULL, 'NONE'),
(2541, 2373, 44, NULL, NULL, 647, 32, NULL, 202, NULL, '2022-08-04 09:58:24', NULL, NULL, 'Length', NULL, 'NONE'),
(2542, 2373, 44, NULL, NULL, 1466, 32, NULL, 202, NULL, '2022-08-04 09:58:24', NULL, NULL, 'Length', NULL, 'WASTED'),
(2543, 2520, 45, NULL, NULL, 1468, 28, NULL, NULL, NULL, '2022-08-04 09:59:55', NULL, NULL, 'Length', NULL, 'NONE'),
(2544, 2520, 45, NULL, NULL, 1, 28, NULL, NULL, NULL, '2022-08-04 09:59:55', NULL, NULL, 'Length', NULL, 'NONE'),
(2545, 2520, 45, NULL, NULL, 1465, 28, NULL, NULL, NULL, '2022-08-04 09:59:55', NULL, NULL, 'Length', NULL, 'WASTED'),
(2546, 2377, 44, NULL, NULL, 508, 72, NULL, 206, NULL, '2022-08-11 11:15:00', NULL, NULL, 'Length', NULL, 'NONE'),
(2547, 2377, 44, NULL, NULL, 1, 72, NULL, 206, NULL, '2022-08-11 11:15:00', NULL, NULL, 'Length', NULL, 'NONE'),
(2548, 2377, 44, NULL, NULL, 1433, 72, NULL, 206, NULL, '2022-08-11 11:15:00', NULL, NULL, 'Length', NULL, 'NONE'),
(2549, 2377, 44, NULL, NULL, 1470, 72, NULL, 206, NULL, '2022-08-11 11:15:00', NULL, NULL, 'Length', NULL, 'NONE'),
(2550, 2377, 44, NULL, NULL, 1469, 72, NULL, 206, NULL, '2022-08-11 11:15:00', NULL, NULL, 'Length', NULL, 'WASTED'),
(2551, 2393, 44, NULL, NULL, 1462, 71, NULL, 222, NULL, '2022-08-13 15:02:55', NULL, NULL, 'Length', NULL, 'NONE'),
(2552, 2393, 44, NULL, NULL, 1472, 71, NULL, 222, NULL, '2022-08-13 15:02:55', NULL, NULL, 'Length', NULL, 'NONE'),
(2553, 2393, 44, NULL, NULL, 1471, 71, NULL, 222, NULL, '2022-08-13 15:02:55', NULL, NULL, 'Length', NULL, 'WASTED'),
(2554, 2386, 44, NULL, NULL, 1, 72, NULL, 215, NULL, '2022-08-13 15:05:41', NULL, NULL, 'Length', NULL, 'NONE'),
(2555, 2386, 44, NULL, NULL, 1473, 72, NULL, 215, NULL, '2022-08-13 15:05:41', NULL, NULL, 'Length', NULL, 'WASTED'),
(2556, 2365, 44, NULL, NULL, 1, 71, NULL, 194, NULL, '2022-08-20 12:56:32', NULL, NULL, 'Length', NULL, 'NONE'),
(2557, 2365, 44, NULL, NULL, 1474, 71, NULL, 194, NULL, '2022-08-20 12:56:32', NULL, NULL, 'Length', NULL, 'WASTED'),
(2558, 2372, 44, NULL, NULL, 1, 32, NULL, 201, NULL, '2022-08-28 10:14:23', NULL, NULL, 'Length', NULL, 'NONE'),
(2559, 2372, 44, NULL, NULL, 1476, 32, NULL, 201, NULL, '2022-08-28 10:14:23', NULL, NULL, 'Length', NULL, 'NONE'),
(2560, 2372, 44, NULL, NULL, 1475, 32, NULL, 201, NULL, '2022-08-28 10:14:23', NULL, NULL, 'Length', NULL, 'WASTED'),
(2561, 2520, 45, NULL, NULL, 266, 28, NULL, NULL, NULL, '2022-09-03 14:09:55', NULL, NULL, 'Length', NULL, 'NONE'),
(2562, NULL, 46, NULL, NULL, 404, 10, NULL, 177, NULL, '2022-09-03 02:12:39', NULL, NULL, 'Width', NULL, 'NONE'),
(2563, NULL, 46, NULL, NULL, 404, 10, NULL, 178, NULL, '2022-09-03 02:12:39', NULL, NULL, 'Width', NULL, 'NONE'),
(2564, NULL, 46, NULL, NULL, 404, 10, NULL, 179, NULL, '2022-09-03 02:12:39', NULL, NULL, 'Width', NULL, 'NONE'),
(2565, NULL, 46, NULL, NULL, 404, 10, NULL, 180, NULL, '2022-09-03 02:12:39', NULL, NULL, 'Width', NULL, 'NONE'),
(2566, NULL, 46, NULL, NULL, 404, 10, NULL, 181, NULL, '2022-09-03 02:12:39', NULL, NULL, 'Width', NULL, 'NONE'),
(2567, NULL, 46, NULL, NULL, 404, 10, NULL, 182, NULL, '2022-09-03 02:12:39', NULL, NULL, 'Width', NULL, 'NONE'),
(2568, NULL, 46, NULL, NULL, 404, 10, NULL, 183, NULL, '2022-09-03 02:12:39', NULL, NULL, 'Width', NULL, 'NONE'),
(2569, NULL, 46, NULL, NULL, 404, 10, NULL, 184, NULL, '2022-09-03 02:12:39', NULL, NULL, 'Width', NULL, 'NONE'),
(2570, NULL, 46, NULL, NULL, 404, 10, NULL, 185, NULL, '2022-09-03 02:12:39', NULL, NULL, 'Width', NULL, 'NONE'),
(2571, NULL, 46, NULL, NULL, 404, 10, NULL, 186, NULL, '2022-09-03 02:12:39', NULL, NULL, 'Width', NULL, 'NONE'),
(2572, NULL, 46, NULL, NULL, 404, 10, NULL, 187, NULL, '2022-09-03 02:12:39', NULL, NULL, 'Width', NULL, 'NONE'),
(2573, NULL, 46, NULL, NULL, 404, 10, NULL, 188, NULL, '2022-09-03 02:12:39', NULL, NULL, 'Width', NULL, 'NONE'),
(2574, NULL, 46, NULL, NULL, 404, 10, NULL, 189, NULL, '2022-09-03 02:12:39', NULL, NULL, 'Width', NULL, 'NONE'),
(2575, NULL, 46, NULL, NULL, 404, 10, NULL, 190, NULL, '2022-09-03 02:12:39', NULL, NULL, 'Width', NULL, 'NONE'),
(2576, NULL, 46, NULL, NULL, 404, 10, NULL, 191, NULL, '2022-09-03 02:12:39', NULL, NULL, 'Width', NULL, 'NONE'),
(2577, NULL, 46, NULL, NULL, 404, 10, NULL, 192, NULL, '2022-09-03 02:12:39', NULL, NULL, 'Width', NULL, 'NONE'),
(2578, NULL, 46, NULL, NULL, 404, 10, NULL, 193, NULL, '2022-09-03 02:12:39', NULL, NULL, 'Width', NULL, 'NONE'),
(2579, NULL, 46, NULL, NULL, 404, 10, NULL, 194, NULL, '2022-09-03 02:12:39', NULL, NULL, 'Width', NULL, 'NONE'),
(2580, NULL, 46, NULL, NULL, 404, 10, NULL, 195, NULL, '2022-09-03 02:12:39', NULL, NULL, 'Width', NULL, 'NONE'),
(2581, NULL, 46, NULL, NULL, 404, 10, NULL, 196, NULL, '2022-09-03 02:12:39', NULL, NULL, 'Width', NULL, 'NONE'),
(2582, NULL, 46, NULL, NULL, 404, 10, NULL, 197, NULL, '2022-09-03 02:12:39', NULL, NULL, 'Width', NULL, 'NONE'),
(2583, NULL, 46, NULL, NULL, 404, 10, NULL, 198, NULL, '2022-09-03 02:12:39', NULL, NULL, 'Width', NULL, 'NONE'),
(2584, NULL, 46, NULL, NULL, 404, 10, NULL, 199, NULL, '2022-09-03 02:12:39', NULL, NULL, 'Width', NULL, 'NONE'),
(2585, NULL, 46, NULL, NULL, 404, 10, NULL, 200, NULL, '2022-09-03 02:12:39', NULL, NULL, 'Width', NULL, 'NONE'),
(2586, NULL, 46, NULL, NULL, 404, 10, NULL, 201, NULL, '2022-09-03 02:12:39', NULL, NULL, 'Width', NULL, 'NONE'),
(2587, NULL, 46, NULL, NULL, 404, 10, NULL, 202, NULL, '2022-09-03 02:12:39', NULL, NULL, 'Width', NULL, 'NONE'),
(2588, NULL, 46, NULL, NULL, 404, 10, NULL, 203, NULL, '2022-09-03 02:12:39', NULL, NULL, 'Width', NULL, 'NONE'),
(2589, NULL, 46, NULL, NULL, 404, 10, NULL, 204, NULL, '2022-09-03 02:12:39', NULL, NULL, 'Width', NULL, 'NONE'),
(2590, NULL, 46, NULL, NULL, 404, 10, NULL, 205, NULL, '2022-09-03 02:12:39', NULL, NULL, 'Width', NULL, 'NONE'),
(2591, NULL, 46, NULL, NULL, 404, 10, NULL, 206, NULL, '2022-09-03 02:12:39', NULL, NULL, 'Width', NULL, 'NONE'),
(2592, NULL, 46, NULL, NULL, 404, 10, NULL, 207, NULL, '2022-09-03 02:12:39', NULL, NULL, 'Width', NULL, 'NONE'),
(2593, NULL, 46, NULL, NULL, 404, 10, NULL, 208, NULL, '2022-09-03 02:12:39', NULL, NULL, 'Width', NULL, 'NONE'),
(2594, NULL, 46, NULL, NULL, 404, 10, NULL, 209, NULL, '2022-09-03 02:12:39', NULL, NULL, 'Width', NULL, 'NONE'),
(2595, NULL, 46, NULL, NULL, 404, 10, NULL, 210, NULL, '2022-09-03 02:12:39', NULL, NULL, 'Width', NULL, 'NONE'),
(2596, NULL, 46, NULL, NULL, 404, 10, NULL, 211, NULL, '2022-09-03 02:12:39', NULL, NULL, 'Width', NULL, 'NONE'),
(2597, NULL, 46, NULL, NULL, 404, 10, NULL, 212, NULL, '2022-09-03 02:12:39', NULL, NULL, 'Width', NULL, 'NONE'),
(2598, NULL, 46, NULL, NULL, 404, 10, NULL, 213, NULL, '2022-09-03 02:12:39', NULL, NULL, 'Width', NULL, 'NONE'),
(2599, NULL, 46, NULL, NULL, 404, 10, NULL, 214, NULL, '2022-09-03 02:12:39', NULL, NULL, 'Width', NULL, 'NONE'),
(2600, NULL, 46, NULL, NULL, 404, 10, NULL, 215, NULL, '2022-09-03 02:12:39', NULL, NULL, 'Width', NULL, 'NONE'),
(2601, NULL, 46, NULL, NULL, 404, 10, NULL, 216, NULL, '2022-09-03 02:12:39', NULL, NULL, 'Width', NULL, 'NONE'),
(2602, NULL, 46, NULL, NULL, 404, 10, NULL, 217, NULL, '2022-09-03 02:12:39', NULL, NULL, 'Width', NULL, 'NONE'),
(2603, NULL, 46, NULL, NULL, 404, 10, NULL, 218, NULL, '2022-09-03 02:12:39', NULL, NULL, 'Width', NULL, 'NONE'),
(2604, NULL, 46, NULL, NULL, 404, 10, NULL, 219, NULL, '2022-09-03 02:12:39', NULL, NULL, 'Width', NULL, 'NONE'),
(2605, NULL, 46, NULL, NULL, 404, 10, NULL, 220, NULL, '2022-09-03 02:12:39', NULL, NULL, 'Width', NULL, 'NONE'),
(2606, NULL, 46, NULL, NULL, 207, 9, NULL, 177, NULL, '2022-09-03 02:12:39', NULL, NULL, 'Width', NULL, 'NONE'),
(2607, NULL, 46, NULL, NULL, 207, 9, NULL, 178, NULL, '2022-09-03 02:12:39', NULL, NULL, 'Width', NULL, 'NONE'),
(2608, NULL, 46, NULL, NULL, 207, 9, NULL, 179, NULL, '2022-09-03 02:12:39', NULL, NULL, 'Width', NULL, 'NONE'),
(2609, NULL, 46, NULL, NULL, 207, 9, NULL, 180, NULL, '2022-09-03 02:12:39', NULL, NULL, 'Width', NULL, 'NONE'),
(2610, NULL, 46, NULL, NULL, 207, 9, NULL, 181, NULL, '2022-09-03 02:12:39', NULL, NULL, 'Width', NULL, 'NONE'),
(2611, NULL, 46, NULL, NULL, 207, 9, NULL, 182, NULL, '2022-09-03 02:12:39', NULL, NULL, 'Width', NULL, 'NONE'),
(2612, NULL, 46, NULL, NULL, 207, 9, NULL, 183, NULL, '2022-09-03 02:12:39', NULL, NULL, 'Width', NULL, 'NONE'),
(2613, NULL, 46, NULL, NULL, 207, 9, NULL, 184, NULL, '2022-09-03 02:12:39', NULL, NULL, 'Width', NULL, 'NONE'),
(2614, NULL, 46, NULL, NULL, 207, 9, NULL, 185, NULL, '2022-09-03 02:12:39', NULL, NULL, 'Width', NULL, 'NONE'),
(2615, NULL, 46, NULL, NULL, 207, 9, NULL, 186, NULL, '2022-09-03 02:12:39', NULL, NULL, 'Width', NULL, 'NONE'),
(2616, NULL, 46, NULL, NULL, 207, 9, NULL, 187, NULL, '2022-09-03 02:12:39', NULL, NULL, 'Width', NULL, 'NONE'),
(2617, NULL, 46, NULL, NULL, 207, 9, NULL, 188, NULL, '2022-09-03 02:12:39', NULL, NULL, 'Width', NULL, 'NONE'),
(2618, NULL, 46, NULL, NULL, 207, 9, NULL, 189, NULL, '2022-09-03 02:12:39', NULL, NULL, 'Width', NULL, 'NONE'),
(2619, NULL, 46, NULL, NULL, 207, 9, NULL, 190, NULL, '2022-09-03 02:12:39', NULL, NULL, 'Width', NULL, 'NONE'),
(2620, NULL, 46, NULL, NULL, 207, 9, NULL, 191, NULL, '2022-09-03 02:12:39', NULL, NULL, 'Width', NULL, 'NONE'),
(2621, NULL, 46, NULL, NULL, 207, 9, NULL, 192, NULL, '2022-09-03 02:12:39', NULL, NULL, 'Width', NULL, 'NONE'),
(2622, NULL, 46, NULL, NULL, 207, 9, NULL, 193, NULL, '2022-09-03 02:12:39', NULL, NULL, 'Width', NULL, 'NONE'),
(2623, NULL, 46, NULL, NULL, 207, 9, NULL, 194, NULL, '2022-09-03 02:12:39', NULL, NULL, 'Width', NULL, 'NONE'),
(2624, NULL, 46, NULL, NULL, 207, 9, NULL, 195, NULL, '2022-09-03 02:12:39', NULL, NULL, 'Width', NULL, 'NONE'),
(2625, NULL, 46, NULL, NULL, 207, 9, NULL, 196, NULL, '2022-09-03 02:12:39', NULL, NULL, 'Width', NULL, 'NONE'),
(2626, NULL, 46, NULL, NULL, 207, 9, NULL, 197, NULL, '2022-09-03 02:12:39', NULL, NULL, 'Width', NULL, 'NONE'),
(2627, NULL, 46, NULL, NULL, 207, 9, NULL, 198, NULL, '2022-09-03 02:12:39', NULL, NULL, 'Width', NULL, 'NONE'),
(2628, NULL, 46, NULL, NULL, 207, 9, NULL, 199, NULL, '2022-09-03 02:12:39', NULL, NULL, 'Width', NULL, 'NONE'),
(2629, NULL, 46, NULL, NULL, 207, 9, NULL, 200, NULL, '2022-09-03 02:12:39', NULL, NULL, 'Width', NULL, 'NONE'),
(2630, NULL, 46, NULL, NULL, 207, 9, NULL, 201, NULL, '2022-09-03 02:12:39', NULL, NULL, 'Width', NULL, 'NONE'),
(2631, NULL, 46, NULL, NULL, 207, 9, NULL, 202, NULL, '2022-09-03 02:12:39', NULL, NULL, 'Width', NULL, 'NONE'),
(2632, NULL, 46, NULL, NULL, 207, 9, NULL, 203, NULL, '2022-09-03 02:12:39', NULL, NULL, 'Width', NULL, 'NONE'),
(2633, NULL, 46, NULL, NULL, 207, 9, NULL, 204, NULL, '2022-09-03 02:12:39', NULL, NULL, 'Width', NULL, 'NONE'),
(2634, NULL, 46, NULL, NULL, 207, 9, NULL, 205, NULL, '2022-09-03 02:12:39', NULL, NULL, 'Width', NULL, 'NONE'),
(2635, NULL, 46, NULL, NULL, 207, 9, NULL, 206, NULL, '2022-09-03 02:12:39', NULL, NULL, 'Width', NULL, 'NONE'),
(2636, NULL, 46, NULL, NULL, 207, 9, NULL, 207, NULL, '2022-09-03 02:12:39', NULL, NULL, 'Width', NULL, 'NONE'),
(2637, NULL, 46, NULL, NULL, 207, 9, NULL, 208, NULL, '2022-09-03 02:12:39', NULL, NULL, 'Width', NULL, 'NONE'),
(2638, NULL, 46, NULL, NULL, 207, 9, NULL, 209, NULL, '2022-09-03 02:12:39', NULL, NULL, 'Width', NULL, 'NONE'),
(2639, NULL, 46, NULL, NULL, 207, 9, NULL, 210, NULL, '2022-09-03 02:12:39', NULL, NULL, 'Width', NULL, 'NONE'),
(2640, NULL, 46, NULL, NULL, 207, 9, NULL, 211, NULL, '2022-09-03 02:12:39', NULL, NULL, 'Width', NULL, 'NONE'),
(2641, NULL, 46, NULL, NULL, 207, 9, NULL, 212, NULL, '2022-09-03 02:12:39', NULL, NULL, 'Width', NULL, 'NONE'),
(2642, NULL, 46, NULL, NULL, 207, 9, NULL, 213, NULL, '2022-09-03 02:12:39', NULL, NULL, 'Width', NULL, 'NONE'),
(2643, NULL, 46, NULL, NULL, 207, 9, NULL, 214, NULL, '2022-09-03 02:12:39', NULL, NULL, 'Width', NULL, 'NONE'),
(2644, NULL, 46, NULL, NULL, 207, 9, NULL, 215, NULL, '2022-09-03 02:12:39', NULL, NULL, 'Width', NULL, 'NONE'),
(2645, NULL, 46, NULL, NULL, 40, 9, NULL, 177, NULL, '2022-09-03 02:12:39', NULL, NULL, 'Width', NULL, 'NONE'),
(2646, NULL, 46, NULL, NULL, 40, 9, NULL, 178, NULL, '2022-09-03 02:12:39', NULL, NULL, 'Width', NULL, 'NONE'),
(2647, NULL, 46, NULL, NULL, 40, 9, NULL, 179, NULL, '2022-09-03 02:12:39', NULL, NULL, 'Width', NULL, 'NONE'),
(2648, NULL, 46, NULL, NULL, 40, 9, NULL, 180, NULL, '2022-09-03 02:12:39', NULL, NULL, 'Width', NULL, 'NONE'),
(2649, NULL, 46, NULL, NULL, 40, 9, NULL, 181, NULL, '2022-09-03 02:12:39', NULL, NULL, 'Width', NULL, 'NONE'),
(2650, NULL, 46, NULL, NULL, 40, 9, NULL, 182, NULL, '2022-09-03 02:12:39', NULL, NULL, 'Width', NULL, 'NONE'),
(2651, NULL, 46, NULL, NULL, 40, 9, NULL, 183, NULL, '2022-09-03 02:12:39', NULL, NULL, 'Width', NULL, 'NONE'),
(2652, NULL, 46, NULL, NULL, 40, 9, NULL, 184, NULL, '2022-09-03 02:12:39', NULL, NULL, 'Width', NULL, 'NONE'),
(2653, NULL, 46, NULL, NULL, 40, 9, NULL, 185, NULL, '2022-09-03 02:12:39', NULL, NULL, 'Width', NULL, 'NONE'),
(2654, NULL, 46, NULL, NULL, 40, 9, NULL, 186, NULL, '2022-09-03 02:12:39', NULL, NULL, 'Width', NULL, 'NONE'),
(2655, NULL, 46, NULL, NULL, 40, 9, NULL, 187, NULL, '2022-09-03 02:12:39', NULL, NULL, 'Width', NULL, 'NONE'),
(2656, NULL, 46, NULL, NULL, 40, 9, NULL, 188, NULL, '2022-09-03 02:12:39', NULL, NULL, 'Width', NULL, 'NONE'),
(2657, NULL, 46, NULL, NULL, 40, 9, NULL, 189, NULL, '2022-09-03 02:12:39', NULL, NULL, 'Width', NULL, 'NONE'),
(2658, NULL, 46, NULL, NULL, 40, 9, NULL, 190, NULL, '2022-09-03 02:12:39', NULL, NULL, 'Width', NULL, 'NONE'),
(2659, NULL, 46, NULL, NULL, 40, 9, NULL, 191, NULL, '2022-09-03 02:12:39', NULL, NULL, 'Width', NULL, 'NONE'),
(2660, NULL, 46, NULL, NULL, 40, 9, NULL, 192, NULL, '2022-09-03 02:12:39', NULL, NULL, 'Width', NULL, 'NONE'),
(2661, NULL, 46, NULL, NULL, 40, 9, NULL, 193, NULL, '2022-09-03 02:12:39', NULL, NULL, 'Width', NULL, 'NONE'),
(2662, NULL, 46, NULL, NULL, 40, 9, NULL, 194, NULL, '2022-09-03 02:12:39', NULL, NULL, 'Width', NULL, 'NONE'),
(2663, NULL, 46, NULL, NULL, 40, 9, NULL, 195, NULL, '2022-09-03 02:12:39', NULL, NULL, 'Width', NULL, 'NONE'),
(2664, NULL, 46, NULL, NULL, 40, 9, NULL, 196, NULL, '2022-09-03 02:12:39', NULL, NULL, 'Width', NULL, 'NONE'),
(2665, NULL, 46, NULL, NULL, 40, 9, NULL, 197, NULL, '2022-09-03 02:12:39', NULL, NULL, 'Width', NULL, 'NONE'),
(2666, NULL, 46, NULL, NULL, 40, 9, NULL, 198, NULL, '2022-09-03 02:12:39', NULL, NULL, 'Width', NULL, 'NONE'),
(2667, NULL, 46, NULL, NULL, 40, 9, NULL, 199, NULL, '2022-09-03 02:12:39', NULL, NULL, 'Width', NULL, 'NONE'),
(2668, NULL, 46, NULL, NULL, 40, 9, NULL, 200, NULL, '2022-09-03 02:12:39', NULL, NULL, 'Width', NULL, 'NONE'),
(2669, NULL, 46, NULL, NULL, 40, 9, NULL, 201, NULL, '2022-09-03 02:12:39', NULL, NULL, 'Width', NULL, 'NONE'),
(2670, NULL, 46, NULL, NULL, 40, 9, NULL, 202, NULL, '2022-09-03 02:12:39', NULL, NULL, 'Width', NULL, 'NONE'),
(2671, NULL, 46, NULL, NULL, 40, 9, NULL, 203, NULL, '2022-09-03 02:12:39', NULL, NULL, 'Width', NULL, 'NONE'),
(2672, NULL, 46, NULL, NULL, 40, 9, NULL, 204, NULL, '2022-09-03 02:12:39', NULL, NULL, 'Width', NULL, 'NONE'),
(2673, NULL, 46, NULL, NULL, 40, 9, NULL, 205, NULL, '2022-09-03 02:12:39', NULL, NULL, 'Width', NULL, 'NONE'),
(2674, NULL, 46, NULL, NULL, 40, 9, NULL, 206, NULL, '2022-09-03 02:12:39', NULL, NULL, 'Width', NULL, 'NONE'),
(2675, NULL, 46, NULL, NULL, 40, 9, NULL, 207, NULL, '2022-09-03 02:12:39', NULL, NULL, 'Width', NULL, 'NONE'),
(2676, NULL, 46, NULL, NULL, 40, 9, NULL, 208, NULL, '2022-09-03 02:12:39', NULL, NULL, 'Width', NULL, 'NONE'),
(2677, NULL, 46, NULL, NULL, 40, 9, NULL, 209, NULL, '2022-09-03 02:12:39', NULL, NULL, 'Width', NULL, 'NONE'),
(2678, NULL, 46, NULL, NULL, 40, 9, NULL, 210, NULL, '2022-09-03 02:12:39', NULL, NULL, 'Width', NULL, 'NONE'),
(2679, NULL, 46, NULL, NULL, 40, 9, NULL, 211, NULL, '2022-09-03 02:12:39', NULL, NULL, 'Width', NULL, 'NONE'),
(2680, NULL, 46, NULL, NULL, 40, 9, NULL, 212, NULL, '2022-09-03 02:12:39', NULL, NULL, 'Width', NULL, 'NONE'),
(2681, NULL, 46, NULL, NULL, 263, 10, NULL, 177, NULL, '2022-09-03 02:12:39', NULL, NULL, 'Width', NULL, 'NONE'),
(2682, NULL, 46, NULL, NULL, 263, 10, NULL, 178, NULL, '2022-09-03 02:12:39', NULL, NULL, 'Width', NULL, 'NONE'),
(2683, NULL, 46, NULL, NULL, 263, 10, NULL, 179, NULL, '2022-09-03 02:12:39', NULL, NULL, 'Width', NULL, 'NONE'),
(2684, NULL, 46, NULL, NULL, 263, 10, NULL, 180, NULL, '2022-09-03 02:12:39', NULL, NULL, 'Width', NULL, 'NONE'),
(2685, NULL, 46, NULL, NULL, 263, 10, NULL, 181, NULL, '2022-09-03 02:12:39', NULL, NULL, 'Width', NULL, 'NONE'),
(2686, NULL, 46, NULL, NULL, 263, 10, NULL, 182, NULL, '2022-09-03 02:12:39', NULL, NULL, 'Width', NULL, 'NONE'),
(2687, NULL, 46, NULL, NULL, 263, 10, NULL, 183, NULL, '2022-09-03 02:12:39', NULL, NULL, 'Width', NULL, 'NONE'),
(2688, NULL, 46, NULL, NULL, 263, 10, NULL, 184, NULL, '2022-09-03 02:12:39', NULL, NULL, 'Width', NULL, 'NONE'),
(2689, NULL, 46, NULL, NULL, 263, 10, NULL, 185, NULL, '2022-09-03 02:12:39', NULL, NULL, 'Width', NULL, 'NONE'),
(2690, NULL, 46, NULL, NULL, 263, 10, NULL, 186, NULL, '2022-09-03 02:12:39', NULL, NULL, 'Width', NULL, 'NONE'),
(2691, NULL, 46, NULL, NULL, 263, 10, NULL, 187, NULL, '2022-09-03 02:12:39', NULL, NULL, 'Width', NULL, 'NONE'),
(2692, NULL, 46, NULL, NULL, 263, 10, NULL, 188, NULL, '2022-09-03 02:12:39', NULL, NULL, 'Width', NULL, 'NONE'),
(2693, NULL, 46, NULL, NULL, 263, 10, NULL, 189, NULL, '2022-09-03 02:12:39', NULL, NULL, 'Width', NULL, 'NONE'),
(2694, NULL, 46, NULL, NULL, 263, 10, NULL, 190, NULL, '2022-09-03 02:12:39', NULL, NULL, 'Width', NULL, 'NONE'),
(2695, NULL, 46, NULL, NULL, 263, 10, NULL, 191, NULL, '2022-09-03 02:12:39', NULL, NULL, 'Width', NULL, 'NONE'),
(2696, NULL, 46, NULL, NULL, 263, 10, NULL, 192, NULL, '2022-09-03 02:12:39', NULL, NULL, 'Width', NULL, 'NONE'),
(2697, NULL, 46, NULL, NULL, 263, 10, NULL, 193, NULL, '2022-09-03 02:12:39', NULL, NULL, 'Width', NULL, 'NONE'),
(2698, NULL, 46, NULL, NULL, 263, 10, NULL, 194, NULL, '2022-09-03 02:12:39', NULL, NULL, 'Width', NULL, 'NONE'),
(2699, NULL, 46, NULL, NULL, 263, 10, NULL, 195, NULL, '2022-09-03 02:12:39', NULL, NULL, 'Width', NULL, 'NONE'),
(2700, NULL, 46, NULL, NULL, 263, 10, NULL, 196, NULL, '2022-09-03 02:12:39', NULL, NULL, 'Width', NULL, 'NONE'),
(2701, NULL, 46, NULL, NULL, 263, 10, NULL, 197, NULL, '2022-09-03 02:12:39', NULL, NULL, 'Width', NULL, 'NONE'),
(2702, NULL, 46, NULL, NULL, 263, 10, NULL, 198, NULL, '2022-09-03 02:12:39', NULL, NULL, 'Width', NULL, 'NONE'),
(2703, NULL, 46, NULL, NULL, 263, 10, NULL, 199, NULL, '2022-09-03 02:12:39', NULL, NULL, 'Width', NULL, 'NONE'),
(2704, NULL, 46, NULL, NULL, 263, 10, NULL, 200, NULL, '2022-09-03 02:12:39', NULL, NULL, 'Width', NULL, 'NONE'),
(2705, NULL, 46, NULL, NULL, 263, 10, NULL, 201, NULL, '2022-09-03 02:12:39', NULL, NULL, 'Width', NULL, 'NONE'),
(2706, NULL, 46, NULL, NULL, 263, 10, NULL, 202, NULL, '2022-09-03 02:12:39', NULL, NULL, 'Width', NULL, 'NONE'),
(2707, NULL, 46, NULL, NULL, 263, 10, NULL, 203, NULL, '2022-09-03 02:12:39', NULL, NULL, 'Width', NULL, 'NONE'),
(2708, NULL, 46, NULL, NULL, 263, 10, NULL, 204, NULL, '2022-09-03 02:12:39', NULL, NULL, 'Width', NULL, 'NONE'),
(2709, NULL, 47, NULL, NULL, 263, 10, NULL, 177, NULL, '2022-09-03 02:12:39', NULL, NULL, 'Width', NULL, 'NONE'),
(2710, NULL, 47, NULL, NULL, 263, 10, NULL, 181, NULL, '2022-09-03 02:12:39', NULL, NULL, 'Width', NULL, 'NONE'),
(2711, NULL, 47, NULL, NULL, 263, 10, NULL, 182, NULL, '2022-09-03 02:12:39', NULL, NULL, 'Width', NULL, 'NONE'),
(2712, NULL, 47, NULL, NULL, 263, 10, NULL, 178, NULL, '2022-09-03 02:12:39', NULL, NULL, 'Width', NULL, 'NONE'),
(2713, NULL, 47, NULL, NULL, 263, 10, NULL, 179, NULL, '2022-09-03 02:12:39', NULL, NULL, 'Width', NULL, 'NONE'),
(2714, NULL, 47, NULL, NULL, 263, 10, NULL, 183, NULL, '2022-09-03 02:12:39', NULL, NULL, 'Width', NULL, 'NONE'),
(2715, NULL, 47, NULL, NULL, 263, 10, NULL, 180, NULL, '2022-09-03 02:12:39', NULL, NULL, 'Width', NULL, 'NONE'),
(2716, NULL, 48, NULL, NULL, 523, 23, NULL, 195, NULL, '2022-09-03 02:15:17', NULL, NULL, 'Width', NULL, 'NONE'),
(2717, NULL, 48, NULL, NULL, 523, 23, NULL, 196, NULL, '2022-09-03 02:15:17', NULL, NULL, 'Width', NULL, 'NONE'),
(2718, NULL, 48, NULL, NULL, 228, 67, NULL, 203, NULL, '2022-09-03 02:15:17', NULL, NULL, 'Width', NULL, 'NONE'),
(2719, NULL, 48, NULL, NULL, 228, 67, NULL, 207, NULL, '2022-09-03 02:15:17', NULL, NULL, 'Width', NULL, 'NONE'),
(2720, NULL, 48, NULL, NULL, 263, 1, NULL, 180, NULL, '2022-09-03 02:15:17', NULL, NULL, 'Width', NULL, 'NONE'),
(2721, NULL, 48, NULL, NULL, 1478, 1, NULL, 182, NULL, '2022-09-03 02:15:17', NULL, NULL, 'Width', NULL, 'NONE'),
(2722, NULL, 48, NULL, NULL, 1478, 1, NULL, 183, NULL, '2022-09-03 02:15:17', NULL, NULL, 'Width', NULL, 'NONE'),
(2723, NULL, 48, NULL, NULL, 263, 1, NULL, 184, NULL, '2022-09-03 02:15:17', NULL, NULL, 'Width', NULL, 'NONE'),
(2724, NULL, 48, NULL, NULL, 1478, 1, NULL, 185, NULL, '2022-09-03 02:15:17', NULL, NULL, 'Width', NULL, 'NONE'),
(2725, NULL, 48, NULL, NULL, 1479, 1, NULL, 186, NULL, '2022-09-03 02:15:17', NULL, NULL, 'Width', NULL, 'NONE'),
(2726, NULL, 48, NULL, NULL, 399, 1, NULL, 189, NULL, '2022-09-03 02:15:17', NULL, NULL, 'Width', NULL, 'NONE'),
(2727, NULL, 48, NULL, NULL, 399, 1, NULL, 190, NULL, '2022-09-03 02:15:17', NULL, NULL, 'Width', NULL, 'NONE'),
(2728, NULL, 48, NULL, NULL, 147, 1, NULL, 194, NULL, '2022-09-03 02:15:17', NULL, NULL, 'Width', NULL, 'NONE'),
(2729, NULL, 48, NULL, NULL, 1478, 34, NULL, 179, NULL, '2022-09-03 02:15:17', NULL, NULL, 'Width', NULL, 'NONE'),
(2730, NULL, 48, NULL, NULL, 1478, 34, NULL, 181, NULL, '2022-09-03 02:15:17', NULL, NULL, 'Width', NULL, 'NONE'),
(2731, NULL, 48, NULL, NULL, 147, 34, NULL, 197, NULL, '2022-09-03 02:15:17', NULL, NULL, 'Width', NULL, 'NONE'),
(2732, NULL, 48, NULL, NULL, 526, 2, NULL, 177, NULL, '2022-09-03 02:15:17', NULL, NULL, 'Width', NULL, 'NONE'),
(2733, NULL, 48, NULL, NULL, 547, 2, NULL, 188, NULL, '2022-09-03 02:15:17', NULL, NULL, 'Width', NULL, 'NONE'),
(2734, NULL, 48, NULL, NULL, 1480, 73, NULL, 192, NULL, '2022-09-03 02:15:17', NULL, NULL, 'Width', NULL, 'NONE'),
(2735, NULL, 48, NULL, NULL, 1287, 73, NULL, 211, NULL, '2022-09-03 02:15:17', NULL, NULL, 'Width', NULL, 'NONE'),
(2736, NULL, 48, NULL, NULL, 393, 61, NULL, 178, NULL, '2022-09-03 02:15:17', NULL, NULL, 'Width', NULL, 'NONE'),
(2737, NULL, 48, NULL, NULL, 1283, 61, NULL, 191, NULL, '2022-09-03 02:15:17', NULL, NULL, 'Width', NULL, 'NONE'),
(2738, NULL, 48, NULL, NULL, 1481, 61, NULL, 204, NULL, '2022-09-03 02:15:17', NULL, NULL, 'Width', NULL, 'NONE'),
(2739, NULL, 48, NULL, NULL, 358, 61, NULL, 208, NULL, '2022-09-03 02:15:17', NULL, NULL, 'Width', NULL, 'NONE'),
(2740, NULL, 48, NULL, NULL, 366, 11, NULL, 187, NULL, '2022-09-03 02:15:17', NULL, NULL, 'Width', NULL, 'NONE'),
(2741, NULL, 48, NULL, NULL, 358, 11, NULL, 201, NULL, '2022-09-03 02:15:17', NULL, NULL, 'Width', NULL, 'NONE'),
(2742, NULL, 48, NULL, NULL, 228, 74, NULL, 209, NULL, '2022-09-03 02:15:17', NULL, NULL, 'Width', NULL, 'NONE'),
(2743, NULL, 48, NULL, NULL, 271, 75, NULL, 205, NULL, '2022-09-03 02:15:17', NULL, NULL, 'Width', NULL, 'NONE'),
(2744, NULL, 48, NULL, NULL, 228, 13, NULL, 193, NULL, '2022-09-03 02:15:17', NULL, NULL, 'Width', NULL, 'NONE'),
(2745, NULL, 48, NULL, NULL, 228, 13, NULL, 200, NULL, '2022-09-03 02:15:17', NULL, NULL, 'Width', NULL, 'NONE'),
(2746, NULL, 48, NULL, NULL, 358, 13, NULL, 206, NULL, '2022-09-03 02:15:17', NULL, NULL, 'Width', NULL, 'NONE'),
(2747, NULL, 48, NULL, NULL, 228, 76, NULL, 199, NULL, '2022-09-03 02:15:17', NULL, NULL, 'Width', NULL, 'NONE'),
(2748, NULL, 48, NULL, NULL, 358, 76, NULL, 212, NULL, '2022-09-03 02:15:17', NULL, NULL, 'Width', NULL, 'NONE'),
(2749, NULL, 48, NULL, NULL, 358, 77, NULL, 198, NULL, '2022-09-03 02:15:17', NULL, NULL, 'Width', NULL, 'NONE'),
(2750, NULL, 48, NULL, NULL, 366, 68, NULL, 202, NULL, '2022-09-03 02:15:17', NULL, NULL, 'Width', NULL, 'NONE'),
(2751, NULL, 48, NULL, NULL, 359, 3, NULL, 210, NULL, '2022-09-03 02:15:17', NULL, NULL, 'Width', NULL, 'NONE'),
(2752, 1913, 22, NULL, NULL, 1338, 23, NULL, 58, NULL, '2022-09-04 13:01:41', NULL, NULL, 'Length', NULL, 'WASTED'),
(2753, 2575, 46, NULL, NULL, 818, 10, NULL, 190, NULL, '2022-09-06 10:48:09', NULL, NULL, 'Length', NULL, 'NONE'),
(2754, 2575, 46, NULL, NULL, 818, 10, NULL, 190, NULL, '2022-09-06 10:48:09', NULL, NULL, 'Length', NULL, 'WASTED'),
(2755, 2566, 46, NULL, NULL, 818, 10, NULL, 181, NULL, '2022-09-06 10:48:24', NULL, NULL, 'Length', NULL, 'NONE'),
(2756, 2566, 46, NULL, NULL, 818, 10, NULL, 181, NULL, '2022-09-06 10:48:24', NULL, NULL, 'Length', NULL, 'WASTED'),
(2757, 2604, 46, NULL, NULL, 818, 10, NULL, 219, NULL, '2022-09-06 10:48:42', NULL, NULL, 'Length', NULL, 'NONE'),
(2758, 2604, 46, NULL, NULL, 818, 10, NULL, 219, NULL, '2022-09-06 10:48:42', NULL, NULL, 'Length', NULL, 'WASTED'),
(2759, 2582, 46, NULL, NULL, 818, 10, NULL, 197, NULL, '2022-09-06 10:49:00', NULL, NULL, 'Length', NULL, 'NONE'),
(2760, 2582, 46, NULL, NULL, 818, 10, NULL, 197, NULL, '2022-09-06 10:49:00', NULL, NULL, 'Length', NULL, 'WASTED'),
(2761, 2723, 48, NULL, NULL, 1339, 1, NULL, 184, NULL, '2022-09-06 10:55:56', NULL, NULL, 'Length', NULL, 'NONE'),
(2762, 2723, 48, NULL, NULL, 508, 1, NULL, 184, NULL, '2022-09-06 10:55:56', NULL, NULL, 'Length', NULL, 'NONE'),
(2763, 2723, 48, NULL, NULL, 1339, 1, NULL, 184, NULL, '2022-09-06 10:55:56', NULL, NULL, 'Length', NULL, 'WASTED'),
(2764, 2520, 45, NULL, NULL, 1489, 28, NULL, NULL, NULL, '2022-09-06 10:57:06', NULL, NULL, 'Length', NULL, 'NONE'),
(2765, NULL, 49, NULL, NULL, 1490, 78, NULL, NULL, NULL, '2022-09-06 02:26:23', NULL, NULL, 'Width', NULL, 'NONE'),
(2766, NULL, 49, NULL, NULL, 1491, 79, NULL, NULL, NULL, '2022-09-06 02:26:23', NULL, NULL, 'Width', NULL, 'NONE'),
(2767, NULL, 49, NULL, NULL, 1492, 80, NULL, NULL, NULL, '2022-09-06 02:26:23', NULL, NULL, 'Width', NULL, 'NONE'),
(2768, NULL, 49, NULL, NULL, 1491, 81, NULL, NULL, NULL, '2022-09-06 02:26:23', NULL, NULL, 'Width', NULL, 'NONE'),
(2769, NULL, 49, NULL, NULL, 1493, 81, NULL, NULL, NULL, '2022-09-06 02:26:23', NULL, NULL, 'Width', NULL, 'NONE'),
(2770, NULL, 49, NULL, NULL, 1490, 81, NULL, NULL, NULL, '2022-09-06 02:26:23', NULL, NULL, 'Width', NULL, 'NONE'),
(2771, NULL, 49, NULL, NULL, 541, 81, NULL, NULL, NULL, '2022-09-06 02:26:23', NULL, NULL, 'Width', NULL, 'NONE'),
(2772, NULL, 49, NULL, NULL, 1491, 82, NULL, NULL, NULL, '2022-09-06 02:26:23', NULL, NULL, 'Width', NULL, 'NONE'),
(2773, NULL, 49, NULL, NULL, 1494, 83, NULL, NULL, NULL, '2022-09-06 02:26:23', NULL, NULL, 'Width', NULL, 'NONE'),
(2774, NULL, 49, NULL, NULL, 1495, 83, NULL, NULL, NULL, '2022-09-06 02:26:23', NULL, NULL, 'Width', NULL, 'NONE'),
(2775, NULL, 49, NULL, NULL, 1491, 83, NULL, NULL, NULL, '2022-09-06 02:26:23', NULL, NULL, 'Width', NULL, 'NONE'),
(2776, NULL, 49, NULL, NULL, 1496, 84, NULL, NULL, NULL, '2022-09-06 02:26:23', NULL, NULL, 'Width', NULL, 'NONE'),
(2777, NULL, 49, NULL, NULL, 1490, 84, NULL, NULL, NULL, '2022-09-06 02:26:23', NULL, NULL, 'Width', NULL, 'NONE'),
(2778, 1913, 22, NULL, NULL, 1500, 23, NULL, 58, NULL, '2022-09-11 14:20:57', NULL, NULL, 'Length', NULL, 'NONE'),
(2779, 1913, 22, NULL, NULL, 1500, 23, NULL, 58, NULL, '2022-09-11 14:20:57', NULL, NULL, 'Length', NULL, 'WASTED'),
(2780, 2714, 47, NULL, NULL, 508, 10, NULL, 183, NULL, '2022-09-11 14:21:36', NULL, NULL, 'Length', NULL, 'NONE'),
(2781, 2714, 47, NULL, NULL, 508, 10, NULL, 183, NULL, '2022-09-11 14:21:36', NULL, NULL, 'Length', NULL, 'WASTED'),
(2782, 2733, 48, NULL, NULL, 1498, 2, NULL, 188, NULL, '2022-09-12 11:14:58', NULL, NULL, 'Length', NULL, 'NONE'),
(2783, 2733, 48, NULL, NULL, 1502, 2, NULL, 188, NULL, '2022-09-12 11:14:58', NULL, NULL, 'Length', NULL, 'NONE'),
(2784, 2733, 48, NULL, NULL, 1371, 2, NULL, 188, NULL, '2022-09-12 11:14:58', NULL, NULL, 'Length', NULL, 'NONE'),
(2785, 2733, 48, NULL, NULL, 1498, 2, NULL, 188, NULL, '2022-09-12 11:14:58', NULL, NULL, 'Length', NULL, 'WASTED'),
(2786, 2519, 45, NULL, NULL, 1497, 10, NULL, NULL, NULL, '2022-09-12 11:18:59', NULL, NULL, 'Length', NULL, 'NONE'),
(2787, 2519, 45, NULL, NULL, 1503, 10, NULL, NULL, NULL, '2022-09-12 11:18:59', NULL, NULL, 'Length', NULL, 'NONE'),
(2788, 2519, 45, NULL, NULL, 1497, 10, NULL, NULL, NULL, '2022-09-12 11:18:59', NULL, NULL, 'Length', NULL, 'WASTED'),
(2789, 2173, 11, NULL, NULL, 266, 4, NULL, 66, NULL, '2022-09-15 12:51:47', NULL, NULL, 'Length', NULL, 'NONE'),
(2790, 2173, 11, NULL, NULL, 1507, 4, NULL, 66, NULL, '2022-09-15 12:51:47', NULL, NULL, 'Length', NULL, 'NONE'),
(2791, 2173, 11, NULL, NULL, 266, 4, NULL, 66, NULL, '2022-09-15 12:51:47', NULL, NULL, 'Length', NULL, 'WASTED'),
(2792, 2710, 47, NULL, NULL, 943, 10, NULL, 181, NULL, '2022-09-22 11:12:18', NULL, NULL, 'Length', NULL, 'NONE'),
(2793, 2710, 47, NULL, NULL, 508, 10, NULL, 181, NULL, '2022-09-22 11:12:18', NULL, NULL, 'Length', NULL, 'NONE'),
(2794, 2710, 47, NULL, NULL, 943, 10, NULL, 181, NULL, '2022-09-22 11:12:18', NULL, NULL, 'Length', NULL, 'WASTED'),
(2795, 2720, 48, NULL, NULL, 508, 1, NULL, 180, NULL, '2022-09-22 11:13:14', NULL, NULL, 'Length', NULL, 'NONE'),
(2796, 2720, 48, NULL, NULL, 508, 1, NULL, 180, NULL, '2022-09-22 11:13:14', NULL, NULL, 'Length', NULL, 'WASTED'),
(2797, 2386, 44, NULL, NULL, 1512, 72, NULL, 215, NULL, '2022-09-22 11:14:20', NULL, NULL, 'Length', NULL, 'NONE'),
(2798, 2688, 46, NULL, NULL, 508, 10, NULL, 184, NULL, '2022-09-22 11:23:33', NULL, NULL, 'Length', NULL, 'NONE'),
(2799, 2688, 46, NULL, NULL, 508, 10, NULL, 184, NULL, '2022-09-22 11:23:33', NULL, NULL, 'Length', NULL, 'WASTED'),
(2800, 2601, 46, NULL, NULL, 1519, 10, NULL, 216, NULL, '2022-09-27 09:22:10', NULL, NULL, 'Length', NULL, 'NONE'),
(2801, 2601, 46, NULL, NULL, 1519, 10, NULL, 216, NULL, '2022-09-27 09:22:10', NULL, NULL, 'Length', NULL, 'WASTED'),
(2802, 2196, 11, NULL, NULL, 1, 48, NULL, 89, NULL, '2022-09-27 09:24:22', NULL, NULL, 'Length', NULL, 'NONE'),
(2803, 2196, 11, NULL, NULL, 1, 48, NULL, 89, NULL, '2022-09-27 09:24:22', NULL, NULL, 'Length', NULL, 'WASTED'),
(2804, 2187, 11, NULL, NULL, 1, 48, NULL, 80, NULL, '2022-09-27 09:24:49', NULL, NULL, 'Length', NULL, 'NONE'),
(2805, 2187, 11, NULL, NULL, 1, 48, NULL, 80, NULL, '2022-09-27 09:24:49', NULL, NULL, 'Length', NULL, 'WASTED'),
(2807, 2201, 11, NULL, NULL, 1514, 7, NULL, 94, NULL, '2022-09-27 09:26:19', NULL, NULL, 'Length', NULL, 'WASTED'),
(2808, 2200, 11, NULL, NULL, 1514, 7, NULL, 93, NULL, '2022-09-27 09:28:03', NULL, NULL, 'Length', NULL, 'NONE'),
(2809, 2200, 11, NULL, NULL, 1514, 7, NULL, 93, NULL, '2022-09-27 09:28:03', NULL, NULL, 'Length', NULL, 'WASTED'),
(2810, 2174, 11, NULL, NULL, 266, 4, NULL, 67, NULL, '2022-09-27 09:29:24', NULL, NULL, 'Length', NULL, 'NONE'),
(2811, 2174, 11, NULL, NULL, 266, 4, NULL, 67, NULL, '2022-09-27 09:29:24', NULL, NULL, 'Length', NULL, 'WASTED'),
(2812, 2386, 44, NULL, NULL, 1520, 72, NULL, 215, NULL, '2022-09-27 09:32:34', NULL, NULL, 'Length', NULL, 'NONE'),
(2813, 2201, 11, NULL, NULL, 1521, 7, NULL, 94, NULL, '2022-09-29 11:41:38', NULL, NULL, 'Length', NULL, 'NONE');
INSERT  INTO `products` (`iD`, `ParentID`, `ProductTypeID`, `CustomsDeclarationID`, `Country_Manufacture_CompanyID`, `SizeID`, `GSMID`, `GradeID`, `QualityID`, `ProductColorID`, `date`, `sheets`, `barcode`, `fiberLines`, `comments`, `status`) VALUES
(2814, 2202, 11, NULL, NULL, 453, 7, NULL, 95, NULL, '2022-09-29 11:46:24', NULL, NULL, 'Length', NULL, 'NONE'),
(2815, 2202, 11, NULL, NULL, 1516, 7, NULL, 95, NULL, '2022-09-29 11:46:24', NULL, NULL, 'Length', NULL, 'WASTED'),
(2816, 1911, 22, NULL, NULL, 1524, 23, NULL, 58, NULL, '2022-10-06 14:08:05', NULL, NULL, 'Length', NULL, 'NONE'),
(2817, 2390, 44, NULL, NULL, 943, 72, NULL, 219, NULL, '2022-10-08 13:45:29', NULL, NULL, 'Length', NULL, 'NONE'),
(2818, 2390, 44, NULL, NULL, 1525, 72, NULL, 219, NULL, '2022-10-08 13:45:29', NULL, NULL, 'Length', NULL, 'WASTED'),
(2819, 2358, 44, NULL, NULL, 1527, 32, NULL, 187, NULL, '2022-10-11 11:29:34', NULL, NULL, 'Length', NULL, 'NONE'),
(2820, 2358, 44, NULL, NULL, 1526, 32, NULL, 187, NULL, '2022-10-11 11:29:34', NULL, NULL, 'Length', NULL, 'WASTED'),
(2821, 2236, 11, NULL, NULL, 1529, 10, NULL, 129, NULL, '2022-10-12 14:55:29', NULL, NULL, 'Length', NULL, 'NONE'),
(2822, 2236, 11, NULL, NULL, 1528, 10, NULL, 129, NULL, '2022-10-12 14:55:29', NULL, NULL, 'Length', NULL, 'WASTED'),
(2823, 2390, 44, NULL, NULL, 1530, 72, NULL, 219, NULL, '2022-10-12 15:01:45', NULL, NULL, 'Length', NULL, 'NONE'),
(2824, 1910, 22, NULL, NULL, 1313, 23, NULL, 58, NULL, '2022-10-16 13:26:06', NULL, NULL, 'Length', NULL, 'NONE'),
(2825, 1910, 22, NULL, NULL, 1313, 23, NULL, 58, NULL, '2022-10-16 13:26:06', NULL, NULL, 'Length', NULL, 'WASTED'),
(2826, 2358, 44, NULL, NULL, 1532, 32, NULL, 187, NULL, '2022-10-17 10:06:23', NULL, NULL, 'Length', NULL, 'NONE'),
(2827, 2358, 44, NULL, NULL, 1533, 32, NULL, 187, NULL, '2022-10-17 10:06:23', NULL, NULL, 'Length', NULL, 'NONE'),
(2828, NULL, 46, NULL, NULL, 1, 21, NULL, NULL, NULL, '2022-10-23 11:29:24', NULL, NULL, 'Length', NULL, 'NONE'),
(2829, 2600, 46, NULL, NULL, 1534, 10, NULL, 215, NULL, '2022-10-26 11:43:45', NULL, NULL, 'Length', NULL, 'NONE'),
(2830, 2600, 46, NULL, NULL, 1534, 10, NULL, 215, NULL, '2022-10-26 11:43:45', NULL, NULL, 'Length', NULL, 'WASTED'),
(2831, 2382, 44, NULL, NULL, 1535, 32, NULL, 211, NULL, '2022-10-30 08:06:44', NULL, NULL, 'Length', NULL, 'NONE'),
(2832, 2382, 44, NULL, NULL, 1535, 32, NULL, 211, NULL, '2022-10-30 08:06:44', NULL, NULL, 'Length', NULL, 'WASTED'),
(2833, 2358, 44, NULL, NULL, 1536, 32, NULL, 187, NULL, '2022-10-30 08:12:39', NULL, NULL, 'Length', NULL, 'NONE'),
(2834, 2358, 44, NULL, NULL, 1537, 32, NULL, 187, NULL, '2022-10-30 08:12:39', NULL, NULL, 'Length', NULL, 'NONE'),
(2835, 2699, 46, NULL, NULL, 1172, 10, NULL, 195, NULL, '2022-11-03 13:26:59', NULL, NULL, 'Length', NULL, 'NONE'),
(2836, 2699, 46, NULL, NULL, 508, 10, NULL, 195, NULL, '2022-11-03 13:26:59', NULL, NULL, 'Length', NULL, 'NONE'),
(2837, 2699, 46, NULL, NULL, 1172, 10, NULL, 195, NULL, '2022-11-03 13:26:59', NULL, NULL, 'Length', NULL, 'WASTED'),
(2838, 2363, 44, NULL, NULL, 266, 32, NULL, 192, NULL, '2022-11-03 13:41:21', NULL, NULL, 'Length', NULL, 'NONE'),
(2839, 2363, 44, NULL, NULL, 1539, 32, NULL, 192, NULL, '2022-11-03 13:41:21', NULL, NULL, 'Length', NULL, 'WASTED'),
(2840, 2678, 46, NULL, NULL, 1094, 9, NULL, 210, NULL, '2022-11-06 14:32:57', NULL, NULL, 'Length', NULL, 'NONE'),
(2841, 2678, 46, NULL, NULL, 1094, 9, NULL, 210, NULL, '2022-11-06 14:32:57', NULL, NULL, 'Length', NULL, 'WASTED'),
(2842, 2677, 46, NULL, NULL, 1094, 9, NULL, 209, NULL, '2022-11-06 14:33:17', NULL, NULL, 'Length', NULL, 'NONE'),
(2843, 2677, 46, NULL, NULL, 1094, 9, NULL, 209, NULL, '2022-11-06 14:33:17', NULL, NULL, 'Length', NULL, 'WASTED'),
(2844, 2739, 48, NULL, NULL, 1543, 61, NULL, 208, NULL, '2022-11-06 14:35:18', NULL, NULL, 'Length', NULL, 'NONE'),
(2845, 2739, 48, NULL, NULL, 1543, 61, NULL, 208, NULL, '2022-11-06 14:35:18', NULL, NULL, 'Length', NULL, 'WASTED'),
(2846, 2247, 11, NULL, NULL, 1542, 34, NULL, 140, NULL, '2022-11-06 14:36:58', NULL, NULL, 'Length', NULL, 'NONE'),
(2847, 2247, 11, NULL, NULL, 1542, 34, NULL, 140, NULL, '2022-11-06 14:36:58', NULL, NULL, 'Length', NULL, 'WASTED'),
(2848, 2244, 11, NULL, NULL, 1541, 67, NULL, 137, NULL, '2022-11-06 14:37:15', NULL, NULL, 'Length', NULL, 'NONE'),
(2849, 2244, 11, NULL, NULL, 1541, 67, NULL, 137, NULL, '2022-11-06 14:37:15', NULL, NULL, 'Length', NULL, 'WASTED'),
(2851, 2206, 11, NULL, NULL, 1546, 27, NULL, 99, NULL, '2022-11-08 14:48:17', NULL, NULL, 'Length', NULL, 'NONE'),
(2852, 2206, 11, NULL, NULL, 1303, 27, NULL, 99, NULL, '2022-11-08 14:48:17', NULL, NULL, 'Length', NULL, 'WASTED');

-- --------------------------------------------------------

--
-- Stand-in structure for view `products_all_view`
-- (See below for the actual view)
--
DROP VIEW IF EXISTS `products_all_view`;
CREATE TABLE `products_all_view` (
`iD` int(11)
,`Barcode` varchar(255)
,`Description` varchar(152)
,`Origin` varchar(101)
,`Size` varchar(15)
,`GSM` smallint(6)
,`Grain` varchar(10)
,`Sheets` int(11)
,`CustomsNumber` varchar(200)
,`CustomsBarcode` varchar(202)
,`Status` enum('NONE','PENDING','RETURNED','WASTED')
);

-- --------------------------------------------------------

--
-- Table structure for table `products_colors`
--

DROP TABLE IF EXISTS `products_colors`;
CREATE TABLE `products_colors` (
  `iD` int(11) NOT NULL,
  `top` char(6) NOT NULL,
  `middle` char(6) NOT NULL,
  `back` char(6) NOT NULL
) ENGINE=InnoDB DEFAULT CHARSET=utf8 COLLATE=utf8_general_ci;

--
-- Dumping data for table `products_colors`
--

INSERT  INTO `products_colors` (`iD`, `top`, `middle`, `back`) VALUES
(1, 'ffffff', 'dbd8e0', 'ab8153');

-- --------------------------------------------------------

--
-- Table structure for table `products_inputs`
--

DROP TABLE IF EXISTS `products_inputs`;
CREATE TABLE `products_inputs` (
  `iD` int(11) NOT NULL,
  `WarehouseID` int(11) NOT NULL,
  `EmployeeID` int(11) NOT NULL,
  `CargoTransID` int(11) DEFAULT NULL,
  `date` datetime NOT NULL DEFAULT current_timestamp(),
  `comments` text DEFAULT NULL
) ENGINE=InnoDB DEFAULT CHARSET=utf8 COLLATE=utf8_general_ci;

--
-- Dumping data for table `products_inputs`
--

--
-- Triggers `products_inputs`
--
DROP TRIGGER IF EXISTS `u_s_a_product_in_master`;
DELIMITER $$
CREATE TRIGGER `u_s_a_product_in_master` AFTER UPDATE ON `products_inputs` FOR EACH ROW BEGIN 
DECLARE done INT DEFAULT FALSE;
DECLARE p INT;
DECLARE q DOUBLE;
DECLARE cur CURSOR FOR SELECT ProductID,quantity FROM products_inputs_details WHERE products_inputs_details.ProductInputID = OLD.iD;
DECLARE CONTINUE HANDLER FOR NOT FOUND SET done = TRUE;
IF OLD.WarehouseID <> NEW.WarehouseID  THEN
OPEN cur;
ins_loop: LOOP 
FETCH cur INTO p,q;
IF done THEN LEAVE ins_loop;
END IF;
CALL MinusQuantity(OLD.WarehouseID, p, q, -1);
CALL PlusQuantity(NEW.WarehouseID, p, q, -1);
END LOOP;
CLOSE cur;
END IF;
END
$$
DELIMITER ;

INSERT  INTO `products_inputs` (`iD`, `WarehouseID`, `EmployeeID`, `CargoTransID`, `date`, `comments`) VALUES
(21, 1, 1, NULL, '2021-07-30 08:10:06', NULL),
(23, 1, 1, NULL, '2021-08-31 01:22:54', NULL),
(25, 1, 1, NULL, '2021-09-14 10:20:54', NULL),
(26, 1, 1, NULL, '2021-09-14 10:23:25', NULL),
(27, 1, 4, NULL, '2021-09-14 13:15:37', NULL),
(28, 1, 1, NULL, '2021-09-16 10:02:15', NULL),
(29, 1, 1, NULL, '2021-09-18 09:25:07', NULL),
(30, 1, 1, NULL, '2021-09-20 13:03:27', NULL),
(31, 1, 1, NULL, '2021-09-22 11:49:23', NULL),
(32, 1, 1, NULL, '2021-09-22 11:52:45', NULL),
(33, 1, 1, NULL, '2021-09-26 15:32:20', NULL),
(34, 1, 1, NULL, '2021-09-28 10:46:57', NULL),
(35, 1, 1, NULL, '2021-09-28 12:19:44', NULL),
(36, 1, 1, NULL, '2021-09-28 12:19:44', NULL),
(37, 1, 1, NULL, '2021-09-28 12:19:46', NULL),
(38, 1, 1, NULL, '2021-09-28 13:09:51', NULL),
(39, 1, 1, NULL, '2021-09-28 13:21:01', NULL),
(40, 1, 1, NULL, '2021-09-30 12:22:41', NULL),
(41, 1, 1, NULL, '2021-09-30 12:22:41', NULL),
(42, 1, 4, NULL, '2021-10-04 10:34:58', NULL),
(43, 1, 4, NULL, '2021-10-04 10:37:33', NULL),
(44, 1, 4, NULL, '2021-10-04 11:40:06', NULL),
(45, 1, 4, NULL, '2021-10-04 13:39:51', NULL),
(46, 1, 4, NULL, '2021-10-04 13:39:51', NULL),
(47, 1, 4, NULL, '2021-10-04 13:54:44', NULL),
(48, 1, 4, NULL, '2021-10-04 13:54:44', NULL),
(57, 1, 4, NULL, '2021-10-10 11:16:02', NULL),
(60, 1, 4, NULL, '2021-10-10 12:52:06', NULL),
(61, 1, 4, NULL, '2021-10-10 12:52:06', NULL),
(62, 1, 4, NULL, '2021-10-10 12:57:59', NULL),
(63, 1, 4, NULL, '2021-10-10 12:59:46', NULL),
(64, 1, 1, NULL, '2021-10-18 12:20:59', NULL),
(65, 1, 4, NULL, '2021-10-23 16:03:41', NULL),
(67, 1, 1, NULL, '2021-10-25 11:16:26', NULL),
(68, 1, 1, NULL, '2021-10-25 11:18:17', NULL),
(70, 1, 1, NULL, '2021-10-25 11:40:55', NULL),
(71, 1, 1, NULL, '2021-10-26 13:04:10', NULL),
(73, 2, 1, NULL, '2021-10-26 15:23:28', NULL),
(74, 1, 4, NULL, '2021-10-27 11:22:29', NULL),
(75, 1, 4, NULL, '2021-10-27 11:25:59', NULL),
(77, 1, 4, NULL, '2021-10-27 12:54:20', NULL),
(78, 1, 4, NULL, '2021-10-27 13:07:49', NULL),
(79, 1, 1, NULL, '2021-10-27 15:26:25', NULL),
(80, 1, 4, NULL, '2021-11-01 12:37:38', NULL),
(81, 1, 4, NULL, '2021-11-01 12:41:33', NULL),
(82, 1, 4, NULL, '2021-11-01 12:44:32', NULL),
(83, 1, 4, NULL, '2021-11-01 14:58:09', NULL),
(84, 1, 4, NULL, '2021-11-01 15:12:45', NULL),
(85, 1, 4, NULL, '2021-11-01 15:16:22', NULL),
(86, 1, 4, NULL, '2021-11-01 15:22:12', NULL),
(94, 1, 4, NULL, '2021-11-03 09:38:08', NULL),
(95, 1, 4, NULL, '2021-11-03 09:43:53', NULL),
(96, 1, 1, NULL, '2021-11-03 10:13:23', NULL),
(97, 1, 1, NULL, '2021-11-03 10:16:56', NULL),
(98, 1, 4, NULL, '2021-11-03 12:04:36', NULL),
(99, 1, 4, NULL, '2021-11-03 13:38:24', NULL),
(100, 1, 1, NULL, '2021-11-04 09:36:50', NULL),
(101, 1, 4, NULL, '2021-11-07 11:23:58', NULL),
(102, 1, 4, NULL, '2021-11-07 12:22:53', NULL),
(103, 1, 4, NULL, '2021-11-07 13:11:19', NULL),
(104, 1, 4, NULL, '2021-11-08 09:38:52', NULL),
(106, 1, 1, NULL, '2021-11-10 11:22:12', NULL),
(107, 1, 1, NULL, '2021-11-17 13:57:46', NULL),
(108, 1, 1, NULL, '2021-11-18 11:46:45', NULL),
(109, 1, 1, NULL, '2021-11-18 11:59:46', NULL),
(110, 1, 1, NULL, '2021-11-23 11:37:36', NULL),
(111, 1, 4, NULL, '2021-12-09 10:06:36', NULL),
(112, 1, 4, NULL, '2021-12-09 10:11:38', NULL),
(113, 1, 4, NULL, '2021-12-22 13:28:15', NULL),
(114, 1, 4, NULL, '2021-12-22 13:30:30', NULL),
(115, 1, 4, NULL, '2021-12-22 13:36:12', NULL),
(117, 1, 4, NULL, '2021-12-23 12:47:57', NULL),
(118, 1, 4, NULL, '2021-12-23 13:40:06', NULL),
(119, 1, 4, NULL, '2021-12-23 13:40:40', NULL),
(120, 1, 4, NULL, '2021-12-23 13:41:42', NULL),
(121, 1, 16, NULL, '2021-12-23 13:45:26', NULL),
(122, 1, 4, NULL, '2021-12-23 14:51:29', NULL),
(123, 1, 4, NULL, '2021-12-23 15:54:00', NULL),
(124, 1, 4, NULL, '2021-12-25 09:22:03', NULL),
(125, 1, 4, NULL, '2021-12-25 11:05:44', NULL),
(126, 1, 4, NULL, '2021-12-25 11:13:08', NULL),
(127, 1, 4, NULL, '2021-12-25 11:17:39', NULL),
(128, 1, 4, NULL, '2021-12-25 11:33:52', NULL),
(129, 1, 4, NULL, '2021-12-25 11:37:21', NULL),
(130, 1, 4, NULL, '2021-12-25 11:41:46', NULL),
(131, 1, 4, NULL, '2021-12-25 11:42:00', NULL),
(132, 1, 4, NULL, '2021-12-25 11:42:38', NULL),
(133, 1, 4, NULL, '2021-12-25 13:51:08', NULL),
(136, 1, 4, NULL, '2021-12-27 13:37:46', NULL),
(137, 1, 4, NULL, '2021-12-27 13:56:32', NULL),
(139, 1, 4, NULL, '2021-12-27 14:42:40', NULL),
(140, 1, 4, NULL, '2021-12-27 14:56:03', NULL),
(142, 1, 4, NULL, '2021-12-27 15:20:07', NULL),
(143, 1, 4, NULL, '2021-12-28 08:57:19', NULL),
(144, 1, 4, NULL, '2021-12-28 09:04:55', NULL),
(145, 1, 4, NULL, '2021-12-28 09:18:25', NULL),
(147, 1, 4, NULL, '2021-12-28 10:17:40', NULL),
(148, 1, 4, NULL, '2021-12-28 10:19:53', NULL),
(149, 1, 4, NULL, '2021-12-28 10:21:56', NULL),
(150, 1, 4, NULL, '2021-12-28 12:28:14', NULL),
(151, 1, 4, NULL, '2021-12-28 13:03:32', NULL),
(152, 1, 4, NULL, '2021-12-28 13:06:11', NULL),
(154, 1, 4, NULL, '2021-12-29 11:43:48', NULL),
(155, 1, 4, NULL, '2021-12-29 11:57:16', NULL),
(156, 1, 4, NULL, '2021-12-29 12:00:56', NULL),
(157, 1, 4, NULL, '2021-12-29 12:08:11', NULL),
(158, 1, 4, NULL, '2021-12-29 13:08:24', NULL),
(159, 2, 16, NULL, '2021-12-30 13:03:48', NULL),
(160, 2, 16, NULL, '2021-12-30 13:06:07', NULL),
(161, 2, 16, NULL, '2021-12-30 13:15:10', NULL),
(162, 1, 4, NULL, '2022-01-02 09:59:15', NULL),
(163, 1, 4, NULL, '2022-01-02 10:02:08', NULL),
(164, 1, 4, NULL, '2022-01-02 10:03:30', NULL),
(165, 1, 4, NULL, '2022-01-02 10:05:30', NULL),
(166, 1, 4, NULL, '2022-01-02 13:23:30', NULL),
(167, 1, 4, NULL, '2022-01-02 13:24:28', NULL),
(168, 1, 4, NULL, '2022-01-02 13:27:01', NULL),
(169, 1, 4, NULL, '2022-01-04 14:48:42', NULL),
(170, 1, 4, NULL, '2022-01-04 14:49:53', NULL),
(171, 1, 4, NULL, '2022-01-04 14:50:58', NULL),
(172, 1, 4, NULL, '2022-01-04 15:00:21', NULL),
(173, 1, 4, NULL, '2022-01-04 15:01:17', NULL),
(174, 1, 4, NULL, '2022-01-04 15:04:17', NULL),
(175, 1, 4, NULL, '2022-01-05 14:37:20', NULL),
(177, 1, 4, NULL, '2022-01-06 10:45:11', NULL),
(178, 1, 4, NULL, '2022-01-06 10:53:54', NULL),
(179, 1, 4, NULL, '2022-01-09 11:31:34', NULL),
(180, 1, 4, NULL, '2022-01-09 11:32:17', NULL),
(181, 1, 4, NULL, '2022-01-09 11:32:55', NULL),
(182, 1, 4, NULL, '2022-01-09 11:36:48', NULL),
(183, 1, 4, NULL, '2022-01-09 14:04:22', NULL),
(184, 1, 4, NULL, '2022-01-12 09:31:29', NULL),
(185, 1, 4, NULL, '2022-01-12 09:33:25', NULL),
(186, 1, 4, NULL, '2022-01-12 09:34:18', NULL),
(187, 1, 4, NULL, '2022-01-12 09:35:23', NULL),
(189, 1, 4, NULL, '2022-01-12 09:40:33', NULL),
(190, 1, 4, NULL, '2022-01-12 10:49:36', NULL),
(191, 1, 4, NULL, '2022-01-12 10:51:59', NULL),
(192, 1, 4, NULL, '2022-01-12 10:52:57', NULL),
(193, 1, 4, NULL, '2022-01-13 13:21:17', NULL),
(195, 1, 4, NULL, '2022-01-16 14:36:37', NULL),
(196, 1, 4, NULL, '2022-01-20 15:01:13', NULL),
(197, 1, 4, NULL, '2022-01-20 15:01:13', NULL),
(198, 1, 4, NULL, '2022-01-20 15:01:13', NULL),
(200, 1, 4, NULL, '2022-01-24 14:16:02', NULL),
(201, 1, 4, NULL, '2022-01-24 14:20:51', NULL),
(202, 1, 4, NULL, '2022-01-24 14:27:56', NULL),
(205, 1, 4, NULL, '2022-01-31 11:10:55', NULL),
(206, 1, 4, NULL, '2022-01-31 11:16:02', NULL),
(207, 1, 4, NULL, '2022-02-03 13:14:21', NULL),
(208, 1, 4, NULL, '2022-02-08 13:36:31', NULL),
(209, 1, 4, NULL, '2022-02-08 13:36:31', NULL),
(210, 1, 4, NULL, '2022-02-13 12:05:10', NULL),
(211, 1, 4, NULL, '2022-02-14 09:48:45', NULL),
(213, 1, 4, NULL, '2022-03-01 10:18:23', NULL),
(214, 1, 4, NULL, '2022-03-01 10:24:18', NULL),
(215, 1, 4, NULL, '2022-03-01 10:36:35', NULL),
(216, 1, 4, NULL, '2022-03-01 10:40:00', NULL),
(217, 1, 4, NULL, '2022-03-02 08:32:28', NULL),
(218, 1, 4, NULL, '2022-03-02 08:34:17', NULL),
(219, 1, 4, NULL, '2022-03-02 08:39:08', NULL),
(220, 1, 4, NULL, '2022-03-05 08:39:50', NULL),
(222, 1, 4, NULL, '2022-03-12 09:03:10', NULL),
(223, 1, 4, NULL, '2022-03-12 09:10:52', NULL),
(224, 1, 4, NULL, '2022-03-12 13:09:44', NULL),
(225, 1, 4, NULL, '2022-03-12 13:41:50', NULL),
(226, 1, 4, NULL, '2022-03-12 13:48:37', NULL),
(227, 1, 4, NULL, '2022-03-23 12:20:35', NULL),
(228, 1, 4, NULL, '2022-03-23 12:20:35', NULL),
(229, 1, 4, NULL, '2022-03-23 12:26:13', NULL),
(230, 1, 4, NULL, '2022-03-26 11:41:56', NULL),
(231, 1, 4, NULL, '2022-03-26 11:41:56', NULL),
(232, 1, 4, NULL, '2022-03-26 13:38:30', NULL),
(233, 1, 4, NULL, '2022-03-26 14:02:03', NULL),
(234, 1, 4, NULL, '2022-03-26 14:03:54', NULL),
(235, 1, 4, NULL, '2022-03-26 14:08:13', NULL),
(236, 1, 4, NULL, '2022-03-26 14:17:41', NULL),
(237, 1, 4, NULL, '2022-03-27 09:21:43', NULL),
(238, 1, 4, NULL, '2022-03-28 08:59:38', NULL),
(239, 1, 4, NULL, '2022-03-28 09:01:01', NULL),
(240, 1, 4, NULL, '2022-03-28 09:02:22', NULL),
(241, 1, 4, NULL, '2022-03-28 09:02:22', NULL),
(242, 1, 4, NULL, '2022-03-28 10:42:22', NULL),
(243, 1, 4, NULL, '2022-03-28 10:47:09', NULL),
(244, 1, 4, NULL, '2022-03-29 08:25:08', NULL),
(245, 1, 4, NULL, '2022-03-29 08:25:05', NULL),
(246, 1, 4, NULL, '2022-03-29 08:25:05', NULL),
(247, 1, 4, NULL, '2022-03-30 12:06:29', NULL),
(248, 1, 4, NULL, '2022-03-30 12:06:29', NULL),
(249, 1, 4, NULL, '2022-03-30 12:06:29', NULL),
(250, 1, 4, NULL, '2022-04-04 12:10:43', NULL),
(251, 1, 4, NULL, '2022-04-04 12:10:03', NULL),
(252, 1, 4, NULL, '2022-04-04 12:10:43', NULL),
(253, 1, 4, NULL, '2022-04-07 12:41:55', NULL),
(254, 1, 4, NULL, '2022-04-07 12:47:35', NULL),
(255, 1, 4, NULL, '2022-04-07 12:47:35', NULL),
(256, 1, 4, NULL, '2022-04-09 11:39:33', NULL),
(257, 1, 4, NULL, '2022-04-09 11:39:33', NULL),
(258, 1, 4, NULL, '2022-04-13 09:16:49', NULL),
(259, 1, 4, NULL, '2022-04-13 09:16:49', NULL),
(260, 1, 4, NULL, '2022-04-13 09:16:49', NULL),
(261, 1, 4, NULL, '2022-04-13 09:16:50', NULL),
(262, 1, 4, NULL, '2022-04-14 09:58:06', NULL),
(264, 1, 4, NULL, '2022-04-16 09:33:50', NULL),
(265, 1, 4, NULL, '2022-04-19 10:41:42', NULL),
(266, 1, 4, NULL, '2022-04-19 13:55:06', NULL),
(267, 1, 4, NULL, '2022-04-19 13:55:06', NULL),
(268, 1, 4, NULL, '2022-04-19 13:55:06', NULL),
(269, 1, 4, NULL, '2022-04-19 14:40:31', NULL),
(270, 1, 4, NULL, '2022-04-26 12:11:17', NULL),
(271, 1, 4, NULL, '2022-04-26 12:11:17', NULL),
(272, 1, 4, NULL, '2022-04-26 12:11:17', NULL),
(273, 1, 4, NULL, '2022-04-28 09:59:08', NULL),
(274, 1, 4, NULL, '2022-04-28 09:59:08', NULL),
(275, 1, 4, NULL, '2022-05-10 08:22:20', NULL),
(276, 1, 4, NULL, '2022-05-10 11:02:22', NULL),
(277, 1, 4, NULL, '2022-05-10 11:02:22', NULL),
(278, 1, 4, NULL, '2022-05-10 11:02:22', NULL),
(279, 1, 4, NULL, '2022-05-10 11:05:38', NULL),
(281, 1, 4, NULL, '2022-05-14 10:55:16', NULL),
(282, 1, 4, NULL, '2022-05-14 10:55:16', NULL),
(283, 1, 4, NULL, '2022-05-14 10:55:42', NULL),
(284, 1, 4, NULL, '2022-05-15 09:41:20', NULL),
(285, 1, 4, NULL, '2022-05-15 09:42:00', NULL),
(286, 1, 4, NULL, '2022-05-15 09:48:58', NULL),
(287, 1, 4, NULL, '2022-05-16 10:50:35', NULL),
(288, 1, 4, NULL, '2022-05-16 10:50:36', NULL),
(289, 1, 4, NULL, '2022-05-17 10:10:43', NULL),
(290, 1, 4, NULL, '2022-05-18 14:54:39', NULL),
(291, 1, 4, NULL, '2022-05-18 14:54:39', NULL),
(292, 1, 4, NULL, '2022-05-18 14:54:39', NULL),
(293, 1, 4, NULL, '2022-05-18 14:56:41', NULL),
(294, 1, 4, NULL, '2022-05-22 11:46:18', NULL),
(295, 1, 4, NULL, '2022-05-22 11:46:18', NULL),
(296, 1, 4, NULL, '2022-05-31 15:32:10', NULL),
(297, 1, 4, NULL, '2022-05-31 15:32:11', NULL),
(298, 1, 4, NULL, '2022-06-01 13:47:46', NULL),
(300, 1, 4, NULL, '2022-06-04 15:13:47', NULL),
(301, 1, 4, NULL, '2022-06-05 10:46:42', NULL),
(302, 1, 4, NULL, '2022-06-05 10:46:42', NULL),
(303, 1, 4, NULL, '2022-06-05 10:48:10', NULL),
(304, 1, 4, NULL, '2022-06-05 10:48:14', NULL),
(305, 1, 4, NULL, '2022-06-05 10:51:55', NULL),
(306, 1, 4, NULL, '2022-06-06 09:56:30', NULL),
(307, 1, 4, NULL, '2022-06-06 09:57:08', NULL),
(308, 1, 4, NULL, '2022-06-06 09:57:08', NULL),
(309, 1, 4, NULL, '2022-06-06 09:59:02', NULL),
(310, 1, 4, NULL, '2022-06-08 10:19:55', NULL),
(311, 1, 4, NULL, '2022-06-08 10:19:56', NULL),
(312, 1, 4, NULL, '2022-06-08 10:37:07', NULL),
(313, 1, 4, NULL, '2022-06-08 10:43:25', NULL),
(314, 1, 4, NULL, '2022-06-08 10:43:25', NULL),
(315, 1, 4, NULL, '2022-06-08 10:43:25', NULL),
(316, 1, 4, NULL, '2022-06-14 13:13:36', NULL),
(317, 1, 4, NULL, '2022-06-14 13:14:09', NULL),
(318, 1, 4, NULL, '2022-06-14 13:14:09', NULL),
(319, 1, 4, NULL, '2022-06-14 13:17:38', NULL),
(321, 1, 4, NULL, '2022-06-18 08:40:40', NULL),
(322, 1, 4, NULL, '2022-06-18 08:41:34', NULL),
(323, 1, 4, NULL, '2022-06-18 10:20:22', NULL),
(324, 1, 4, NULL, '2022-06-18 10:33:59', NULL),
(325, 1, 4, NULL, '2022-06-18 10:33:59', NULL),
(326, 1, 4, NULL, '2022-06-18 12:02:48', NULL),
(327, 2, 1, NULL, '2022-06-18 15:11:09', NULL),
(328, 1, 4, NULL, '2022-06-18 15:17:16', NULL),
(329, 1, 4, NULL, '2022-06-20 11:34:27', NULL),
(330, 1, 4, NULL, '2022-06-20 11:34:27', NULL),
(332, 1, 4, NULL, '2022-06-20 11:47:14', NULL),
(333, 1, 4, NULL, '2022-06-22 13:01:18', NULL),
(334, 1, 4, NULL, '2022-06-22 13:05:25', NULL),
(335, 1, 4, NULL, '2022-06-22 13:22:50', NULL),
(336, 1, 4, NULL, '2022-06-22 13:42:06', NULL),
(337, 1, 4, NULL, '2022-06-27 09:34:17', NULL),
(338, 1, 4, NULL, '2022-06-28 13:26:45', NULL),
(339, 1, 4, NULL, '2022-07-03 13:56:31', NULL),
(340, 1, 4, NULL, '2022-07-06 09:38:28', NULL),
(341, 1, 4, NULL, '2022-07-07 09:24:39', NULL),
(342, 1, 4, NULL, '2022-07-17 09:04:37', NULL),
(343, 1, 4, NULL, '2022-07-20 15:34:14', NULL),
(344, 1, 4, NULL, '2022-07-24 11:10:28', NULL),
(345, 1, 4, NULL, '2022-07-24 11:10:28', NULL),
(346, 1, 4, NULL, '2022-07-24 11:10:28', NULL),
(347, 1, 4, NULL, '2022-07-30 10:14:43', NULL),
(348, 1, 4, NULL, '2022-08-01 14:21:20', NULL),
(349, 1, 4, NULL, '2022-08-04 09:57:45', NULL),
(350, 1, 4, NULL, '2022-08-04 09:57:45', NULL),
(351, 1, 4, NULL, '2022-08-11 11:12:58', NULL),
(352, 1, 4, NULL, '2022-08-13 15:01:59', NULL),
(354, 1, 4, NULL, '2022-08-20 12:55:14', NULL),
(355, 1, 4, NULL, '2022-08-28 10:08:37', NULL),
(356, 1, 4, NULL, '2022-09-03 14:08:56', NULL),
(357, 1, 4, NULL, '2022-09-04 12:59:19', NULL),
(358, 1, 4, NULL, '2022-09-04 13:01:07', NULL),
(359, 1, 4, NULL, '2022-09-06 10:47:50', NULL),
(360, 1, 4, NULL, '2022-09-06 10:47:50', NULL),
(361, 1, 4, NULL, '2022-09-06 10:47:50', NULL),
(362, 1, 4, NULL, '2022-09-06 10:47:50', NULL),
(363, 1, 4, NULL, '2022-09-06 10:51:15', NULL),
(364, 1, 4, NULL, '2022-09-11 14:19:54', NULL),
(365, 1, 4, NULL, '2022-09-11 14:19:54', NULL),
(366, 1, 4, NULL, '2022-09-11 14:19:54', NULL),
(367, 1, 4, NULL, '2022-09-12 11:12:52', NULL),
(368, 1, 4, NULL, '2022-09-12 11:18:13', NULL),
(369, 1, 4, NULL, '2022-09-15 12:51:13', NULL),
(370, 1, 4, NULL, '2022-09-15 12:51:13', NULL),
(371, 1, 4, NULL, '2022-09-15 12:51:13', NULL),
(373, 1, 4, NULL, '2022-09-22 11:11:34', NULL),
(374, 1, 4, NULL, '2022-09-22 11:23:08', NULL),
(375, 1, 4, NULL, '2022-09-22 11:40:09', NULL),
(376, 1, 4, NULL, '2022-09-22 11:40:09', NULL),
(377, 1, 4, NULL, '2022-09-22 11:51:29', NULL),
(378, 1, 4, NULL, '2022-09-27 09:21:53', NULL),
(379, 1, 4, NULL, '2022-09-27 09:24:03', NULL),
(380, 1, 4, NULL, '2022-09-27 09:24:34', NULL),
(382, 1, 4, NULL, '2022-09-27 09:27:42', NULL),
(383, 1, 4, NULL, '2022-09-27 09:29:12', NULL),
(384, 1, 4, NULL, '2022-09-29 11:40:38', NULL),
(385, 1, 4, NULL, '2022-09-29 11:45:38', NULL),
(386, 1, 4, NULL, '2022-09-29 11:57:02', NULL),
(387, 1, 4, NULL, '2022-10-06 14:05:22', NULL),
(388, 1, 4, NULL, '2022-10-08 13:45:03', NULL),
(389, 1, 4, NULL, '2022-10-11 11:29:10', NULL),
(390, 1, 4, NULL, '2022-10-12 14:55:00', NULL),
(391, 1, 4, NULL, '2022-10-16 13:25:48', NULL),
(392, 1, 4, NULL, '2022-10-26 11:43:26', NULL),
(393, 1, 4, NULL, '2022-10-30 08:05:45', NULL),
(394, 1, 4, NULL, '2022-11-03 13:26:11', NULL),
(395, 1, 4, NULL, '2022-11-03 13:40:32', NULL),
(396, 1, 4, NULL, '2022-11-06 14:32:13', NULL),
(397, 1, 4, NULL, '2022-11-06 14:32:13', NULL),
(400, 1, 4, NULL, '2022-11-06 14:32:13', NULL),
(401, 1, 4, NULL, '2022-11-06 14:33:36', NULL),
(402, 1, 4, NULL, '2022-11-07 10:30:03', NULL),
(403, 1, 4, NULL, '2022-11-08 14:47:29', NULL);



-- --------------------------------------------------------

--
-- Table structure for table `products_inputs_details`
--

DROP TABLE IF EXISTS `products_inputs_details`;
CREATE TABLE `products_inputs_details` (
  `iD` int(11) NOT NULL,
  `ProductID` int(11) NOT NULL,
  `ProductInputID` int(11) NOT NULL,
  `quantity` double NOT NULL,
  `comments` text DEFAULT NULL
) ENGINE=InnoDB DEFAULT CHARSET=utf8 COLLATE=utf8_general_ci;
--
-- Triggers `products_inputs_details`
--
DROP TRIGGER IF EXISTS `u_s_a_product_in`;
DELIMITER $$
CREATE TRIGGER `u_s_a_product_in` AFTER INSERT ON `products_inputs_details` FOR EACH ROW BEGIN
SELECT WarehouseID INTO @WarehouseID FROM products_inputs WHERE products_inputs.iD = NEW.ProductInputID LIMIT 1;
  CALL PlusQuantity(@WarehouseID,NEW.ProductID,NEW.quantity,-1);
END
$$
DELIMITER ;
DROP TRIGGER IF EXISTS `u_s_a_product_in_d`;
DELIMITER $$
CREATE TRIGGER `u_s_a_product_in_d` AFTER DELETE ON `products_inputs_details` FOR EACH ROW BEGIN
SELECT WarehouseID INTO @WarehouseID FROM products_inputs WHERE products_inputs.iD = OLD.ProductInputID LIMIT 1;
  CALL MinusQuantity(@WarehouseID,OLD.ProductID,OLD.quantity,-1);
END
$$
DELIMITER ;
DROP TRIGGER IF EXISTS `u_s_a_product_in_e`;
DELIMITER $$
CREATE TRIGGER `u_s_a_product_in_e` AFTER UPDATE ON `products_inputs_details` FOR EACH ROW BEGIN
SELECT WarehouseID INTO @WarehouseID FROM products_inputs WHERE products_inputs.iD = NEW.ProductInputID LIMIT 1;
  CALL PlusQuantity(@WarehouseID,NEW.ProductID,NEW.quantity,OLD.quantity);
END
$$
DELIMITER ;
--
-- Dumping data for table `products_inputs_details`
--

INSERT  INTO `products_inputs_details` (`iD`, `ProductID`, `ProductInputID`, `quantity`, `comments`) VALUES
(61, 1402, 21, 80, NULL),
(66, 1494, 23, 512, NULL),
(69, 1671, 25, 355, NULL),
(70, 1672, 25, 15, NULL),
(71, 1673, 26, 478, NULL),
(72, 1674, 26, 65, NULL),
(73, 1675, 27, 517, NULL),
(74, 1426, 28, 617, NULL),
(75, 1424, 28, 580, NULL),
(76, 1426, 28, 584, NULL),
(77, 1426, 28, 573, NULL),
(78, 1426, 28, 574, NULL),
(79, 1676, 29, 1510, NULL),
(80, 1677, 29, 735, NULL),
(81, 1678, 29, 148, NULL),
(82, 1688, 30, 317, NULL),
(83, 1689, 30, 415, NULL),
(84, 1690, 30, 140, NULL),
(85, 1691, 30, 75, NULL),
(86, 1704, 31, 490, NULL),
(87, 1705, 31, 155, NULL),
(88, 1706, 31, 490, NULL),
(89, 1707, 31, 460, NULL),
(90, 1708, 31, 465, NULL),
(91, 1709, 31, 500, NULL),
(92, 1710, 31, 63, NULL),
(93, 1711, 32, 530, NULL),
(94, 1712, 32, 630, NULL),
(95, 1713, 32, 530, NULL),
(96, 1714, 32, 530, NULL),
(97, 1716, 33, 290, NULL),
(98, 1717, 33, 360, NULL),
(99, 1718, 33, 19, NULL),
(100, 1719, 34, 435, NULL),
(101, 1720, 34, 700, NULL),
(102, 1721, 34, 674, NULL),
(103, 1722, 35, 280, NULL),
(104, 1723, 35, 7, NULL),
(105, 1724, 36, 300, NULL),
(106, 1725, 36, 36, NULL),
(107, 1726, 37, 343, NULL),
(108, 1727, 37, 29, NULL),
(109, 1728, 38, 476, NULL),
(110, 1729, 38, 628, NULL),
(111, 1730, 38, 585, NULL),
(112, 1731, 38, 48, NULL),
(113, 1732, 39, 616, NULL),
(114, 1733, 39, 560, NULL),
(115, 1734, 39, 37, NULL),
(116, 1735, 40, 595, NULL),
(117, 1736, 40, 539, NULL),
(118, 1737, 40, 500, NULL),
(119, 1738, 40, 33, NULL),
(120, 1739, 41, 561, NULL),
(121, 1740, 41, 31, NULL),
(122, 1742, 42, 700, NULL),
(123, 1743, 42, 700, NULL),
(124, 1744, 42, 715, NULL),
(125, 1745, 42, 119, NULL),
(126, 1746, 43, 659, NULL),
(127, 1747, 43, 658, NULL),
(128, 1748, 43, 710, NULL),
(129, 1749, 43, 142, NULL),
(130, 1756, 44, 730, NULL),
(131, 1757, 44, 822, NULL),
(132, 1758, 44, 860, NULL),
(133, 1759, 44, 842, NULL),
(134, 1760, 44, 753, NULL),
(135, 1761, 44, 762, NULL),
(136, 1762, 45, 566, NULL),
(137, 1763, 45, 552, NULL),
(138, 1764, 45, 396, NULL),
(139, 1765, 45, 86, NULL),
(140, 1766, 46, 353, NULL),
(141, 1767, 46, 647, NULL),
(142, 1768, 46, 673, NULL),
(143, 1769, 47, 81, NULL),
(144, 1770, 47, 210, NULL),
(145, 1771, 47, 10, NULL),
(146, 1772, 48, 81, NULL),
(147, 1773, 48, 210, NULL),
(148, 1774, 48, 10, NULL),
(169, 1796, 57, 418, NULL),
(170, 1797, 57, 236, NULL),
(177, 1804, 60, 490, NULL),
(178, 1805, 60, 510, NULL),
(179, 1806, 60, 270, NULL),
(180, 1807, 60, 88, NULL),
(181, 1808, 61, 513, NULL),
(182, 1809, 61, 461, NULL),
(183, 1810, 61, 500, NULL),
(184, 1811, 61, 458, NULL),
(185, 1812, 61, 463, NULL),
(186, 1813, 61, 96, NULL),
(187, 1814, 62, 754, NULL),
(188, 1815, 62, 101, NULL),
(189, 1816, 63, 413, NULL),
(190, 1817, 63, 830, NULL),
(191, 1818, 63, 313, NULL),
(192, 1686, 64, 1580, NULL),
(193, 1831, 65, 451, NULL),
(194, 1832, 65, 12, NULL),
(203, 1835, 67, 950, NULL),
(204, 1835, 67, 805, NULL),
(205, 1836, 67, 61, NULL),
(206, 1837, 68, 505, NULL),
(207, 1838, 68, 50, NULL),
(215, 1839, 70, 2734, NULL),
(216, 1840, 70, 173, NULL),
(217, 1841, 63, 313, NULL),
(218, 1842, 71, 485, NULL),
(219, 1842, 71, 475, NULL),
(220, 1843, 71, 11, NULL),
(226, 1510, 73, 1500, NULL),
(227, 1846, 74, 870, NULL),
(228, 1847, 74, 2, NULL),
(229, 1848, 75, 757, NULL),
(230, 1849, 75, 28, NULL),
(236, 1850, 77, 805, NULL),
(237, 1850, 77, 820, NULL),
(238, 1850, 77, 827, NULL),
(239, 1850, 77, 700, NULL),
(240, 1851, 77, 94, NULL),
(241, 1852, 78, 995, NULL),
(242, 1853, 78, 122, NULL),
(243, 1844, 79, 7343, NULL),
(244, 1845, 79, 288, NULL),
(245, 1856, 80, 689, NULL),
(246, 1856, 80, 635, NULL),
(247, 1856, 80, 693, NULL),
(248, 1857, 80, 80, NULL),
(249, 1858, 81, 1070, NULL),
(250, 1858, 81, 1293, NULL),
(251, 1859, 81, 2, NULL),
(252, 1860, 82, 320, NULL),
(253, 1860, 82, 375, NULL),
(254, 1860, 82, 374, NULL),
(255, 1861, 82, 49, NULL),
(256, 1862, 83, 237, NULL),
(257, 1862, 83, 470, NULL),
(258, 1862, 83, 459, NULL),
(259, 1862, 83, 486, NULL),
(260, 1863, 83, 41, NULL),
(261, 1842, 84, 500, NULL),
(262, 1843, 84, 18, NULL),
(263, 1864, 85, 510, NULL),
(264, 1865, 85, 18, NULL),
(265, 1866, 86, 511, NULL),
(285, 1871, 94, 616, NULL),
(286, 1871, 94, 587, NULL),
(287, 1871, 94, 596, NULL),
(288, 1871, 94, 694, NULL),
(289, 1872, 94, 59, NULL),
(290, 1869, 95, 224, NULL),
(291, 1870, 95, 471, NULL),
(292, 1874, 95, 30, NULL),
(293, 1867, 96, 7162, NULL),
(294, 1868, 96, 164, NULL),
(295, 1868, 96, 164, NULL),
(296, 1875, 97, 3027, NULL),
(297, 1873, 98, 524, NULL),
(298, 1876, 98, 101, NULL),
(299, 1877, 99, 2745, NULL),
(300, 1878, 99, 56, NULL),
(301, 1879, 100, 4732, NULL),
(302, 1880, 100, 1494, NULL),
(303, 1881, 101, 550, NULL),
(304, 1881, 101, 530, NULL),
(305, 1881, 101, 538, NULL),
(306, 1881, 101, 542, NULL),
(307, 1881, 101, 560, NULL),
(308, 1881, 101, 500, NULL),
(309, 1881, 101, 532, NULL),
(310, 1881, 101, 546, NULL),
(311, 1881, 101, 560, NULL),
(312, 1881, 101, 559, NULL),
(313, 1881, 101, 546, NULL),
(314, 1881, 101, 559, NULL),
(315, 1881, 101, 546, NULL),
(316, 1879, 102, 715, NULL),
(317, 1882, 102, 275, NULL),
(318, 1877, 103, 3670, NULL),
(319, 1879, 102, 205, NULL),
(320, 1879, 102, 645, NULL),
(321, 1879, 102, 610, NULL),
(322, 1882, 102, 275, NULL),
(323, 1867, 104, 881, NULL),
(324, 1867, 104, 904, NULL),
(325, 1868, 104, 2096, NULL),
(326, 1883, 65, 290, NULL),
(327, 1832, 65, 12, NULL),
(328, 1867, 104, 939, NULL),
(329, 1867, 104, 940, NULL),
(330, 1868, 104, 1296, NULL),
(332, 1616, 106, 309, NULL),
(333, 1870, 107, 500, NULL),
(334, 1870, 107, 500, NULL),
(335, 1870, 107, 650, NULL),
(336, 1870, 107, 650, NULL),
(337, 1870, 107, 271, NULL),
(338, 1867, 104, 800, NULL),
(339, 1868, 104, 1296, NULL),
(340, 1893, 108, 150, NULL),
(341, 1894, 108, 200, NULL),
(342, 1895, 108, 170, NULL),
(343, 1896, 108, 54, NULL),
(344, 1895, 108, 147, NULL),
(345, 1896, 108, 54, NULL),
(346, 1870, 107, 170, NULL),
(347, 1897, 109, 328, NULL),
(348, 1898, 109, 289, NULL),
(349, 1899, 110, 725, 'هذا القياس عباره عن قياسين'),
(350, 1901, 111, 197, NULL),
(351, 1902, 111, 39, NULL),
(352, 1903, 112, 290, NULL),
(353, 1904, 112, 10, NULL),
(354, 1928, 113, 500, NULL),
(355, 1929, 113, 4, NULL),
(356, 1930, 114, 430, NULL),
(357, 1931, 114, 17, NULL),
(358, 1932, 115, 678, NULL),
(359, 1932, 115, 708, NULL),
(360, 1932, 115, 490, NULL),
(361, 1932, 115, 684, NULL),
(362, 1930, 114, 165, NULL),
(363, 1931, 114, 17, NULL),
(366, 1933, 117, 266, NULL),
(367, 1934, 117, 3, NULL),
(368, 1935, 118, 809, NULL),
(369, 1936, 119, 761, NULL),
(370, 1936, 119, 710, NULL),
(371, 1936, 119, 716, NULL),
(372, 1937, 119, 25, NULL),
(373, 1938, 120, 645, NULL),
(374, 1938, 120, 680, NULL),
(375, 1938, 120, 698, NULL),
(376, 1938, 120, 614, NULL),
(377, 1938, 120, 245, NULL),
(378, 1939, 120, 10, NULL),
(379, 1410, 121, 1982, NULL),
(380, 1940, 122, 363, NULL),
(381, 1940, 122, 250, NULL),
(382, 1941, 122, 16, NULL),
(383, 1944, 123, 385, NULL),
(384, 1944, 123, 386, NULL),
(385, 1944, 123, 363, NULL),
(386, 1944, 123, 363, NULL),
(387, 1944, 123, 358, NULL),
(388, 1944, 123, 370, NULL),
(389, 1944, 123, 356, NULL),
(390, 1944, 123, 504, NULL),
(391, 1943, 123, 19, NULL),
(392, 1943, 123, 19, NULL),
(393, 1932, 115, 712, NULL),
(394, 1945, 124, 610, NULL),
(395, 1945, 124, 644, NULL),
(396, 1945, 124, 655, NULL),
(397, 1945, 124, 534, NULL),
(398, 1945, 124, 443, NULL),
(399, 1946, 124, 24, NULL),
(400, 1938, 120, 634, NULL),
(401, 1939, 120, 10, NULL),
(402, 1947, 125, 800, NULL),
(403, 1948, 125, 2, NULL),
(404, 1949, 126, 397, NULL),
(405, 1949, 126, 409, NULL),
(406, 1949, 126, 436, NULL),
(407, 1949, 126, 415, NULL),
(408, 1949, 126, 440, NULL),
(409, 1949, 126, 404, NULL),
(410, 1949, 126, 402, NULL),
(411, 1950, 126, 44, NULL),
(412, 1951, 127, 478, NULL),
(413, 1952, 127, 32, NULL),
(414, 1953, 128, 483, NULL),
(415, 1953, 128, 234, NULL),
(416, 1954, 128, 4, NULL),
(417, 1955, 129, 550, NULL),
(418, 1956, 129, 4, NULL),
(419, 1957, 130, 594, NULL),
(420, 1958, 131, 847, NULL),
(421, 1958, 131, 1041, NULL),
(422, 1959, 132, 504, NULL),
(423, 1959, 132, 322, NULL),
(424, 1960, 133, 355, NULL),
(425, 1961, 133, 423, 'معها قياس ٥٩'),
(426, 1962, 133, 23, NULL),
(433, 1967, 136, 655, NULL),
(434, 1968, 136, 15, NULL),
(435, 1969, 137, 493, NULL),
(436, 1969, 137, 482, NULL),
(437, 1969, 137, 474, NULL),
(438, 1969, 137, 484, NULL),
(441, 1970, 139, 441, NULL),
(442, 1970, 139, 457, NULL),
(443, 1970, 139, 500, NULL),
(444, 1971, 140, 544, NULL),
(445, 1971, 140, 590, NULL),
(446, 1971, 140, 387, NULL),
(447, 1971, 140, 532, NULL),
(448, 1971, 140, 591, NULL),
(449, 1971, 140, 556, NULL),
(452, 1965, 142, 157, NULL),
(453, 1965, 142, 432, NULL),
(454, 1965, 142, 467, NULL),
(455, 1965, 142, 439, NULL),
(456, 1974, 143, 930, NULL),
(457, 1974, 143, 932, NULL),
(458, 1975, 143, 49, NULL),
(459, 1967, 136, 342, NULL),
(460, 1967, 136, 599, NULL),
(461, 1968, 136, 15, NULL),
(462, 1976, 144, 206, NULL),
(463, 1976, 144, 400, NULL),
(464, 1973, 145, 409, NULL),
(465, 1977, 145, 95, NULL),
(467, 1955, 147, 524, NULL),
(468, 1956, 147, 12, NULL),
(469, 1979, 148, 254, NULL),
(470, 1979, 148, 674, NULL),
(471, 1980, 148, 15, NULL),
(472, 1981, 149, 648, NULL),
(473, 1982, 149, 11, NULL),
(474, 1983, 150, 533, NULL),
(475, 1983, 150, 568, NULL),
(476, 1983, 150, 565, NULL),
(477, 1984, 150, 31, NULL),
(478, 1963, 151, 271, NULL),
(479, 1963, 151, 377, NULL),
(480, 1963, 151, 472, NULL),
(481, 1963, 151, 511, NULL),
(482, 1963, 151, 506, NULL),
(483, 1963, 151, 498, NULL),
(484, 1964, 151, 93, NULL),
(485, 1985, 152, 551, NULL),
(486, 1986, 152, 21, NULL),
(487, 1981, 149, 290, NULL),
(488, 1982, 149, 11, NULL),
(493, 1989, 154, 400, NULL),
(494, 1990, 154, 26, NULL),
(495, 1963, 151, 198, NULL),
(496, 1964, 151, 93, NULL),
(497, 1971, 140, 542, NULL),
(498, 1971, 140, 465, NULL),
(499, 1971, 140, 550, NULL),
(500, 1971, 140, 532, NULL),
(501, 1971, 140, 490, NULL),
(502, 1971, 140, 537, NULL),
(503, 1971, 140, 520, NULL),
(504, 1971, 140, 531, NULL),
(505, 1971, 140, 523, NULL),
(506, 1991, 155, 356, NULL),
(507, 1991, 155, 610, NULL),
(508, 1992, 155, 15, NULL),
(509, 1993, 156, 554, NULL),
(510, 1993, 156, 525, NULL),
(511, 1994, 156, 2, NULL),
(512, 1987, 157, 560, NULL),
(513, 1978, 158, 2041, NULL),
(514, 1995, 158, 36, NULL),
(515, 1915, 159, 389, NULL),
(516, 1911, 159, 98, NULL),
(517, 1923, 160, 1081, NULL),
(518, 1927, 161, 15, NULL),
(519, 1996, 162, 635, NULL),
(520, 1997, 162, 12, NULL),
(521, 1981, 163, 474, NULL),
(522, 1981, 163, 570, NULL),
(523, 1998, 164, 515, NULL),
(524, 1999, 164, 25, NULL),
(525, 2000, 165, 535, NULL),
(526, 2000, 165, 574, NULL),
(527, 2000, 165, 507, NULL),
(528, 2001, 165, 35, NULL),
(529, 2002, 166, 600, NULL),
(530, 2003, 166, 12, NULL),
(531, 2004, 167, 489, NULL),
(532, 2004, 167, 480, NULL),
(533, 2004, 167, 502, NULL),
(534, 2005, 167, 18, NULL),
(535, 2006, 168, 634, NULL),
(536, 2006, 168, 580, NULL),
(537, 2006, 168, 460, NULL),
(538, 2007, 168, 38, NULL),
(539, 2008, 169, 280, NULL),
(540, 2009, 169, 5, NULL),
(541, 1866, 170, 248, NULL),
(542, 1866, 170, 251, NULL),
(543, 2010, 171, 970, NULL),
(544, 2011, 171, 6, NULL),
(545, 1981, 172, 480, NULL),
(546, 1981, 172, 444, NULL),
(547, 1982, 172, 3, NULL),
(548, 2012, 173, 357, NULL),
(549, 2012, 173, 366, NULL),
(550, 2013, 173, 20, NULL),
(551, 2014, 174, 445, NULL),
(552, 1981, 174, 445, NULL),
(553, 2015, 174, 23, NULL),
(554, 2016, 170, 20, NULL),
(555, 2017, 175, 408, NULL),
(556, 2017, 175, 286, NULL),
(557, 2018, 175, 24, NULL),
(562, 2023, 177, 608, NULL),
(563, 2023, 177, 605, NULL),
(564, 2023, 177, 685, NULL),
(565, 2024, 177, 29, NULL),
(566, 2026, 178, 562, NULL),
(567, 2026, 178, 576, NULL),
(568, 2026, 178, 556, NULL),
(569, 2027, 178, 2418, NULL),
(570, 2027, 178, 186, NULL),
(571, 2028, 179, 464, NULL),
(572, 2029, 179, 42, NULL),
(573, 2030, 180, 554, NULL),
(574, 2031, 180, 6, NULL),
(575, 2032, 181, 505, NULL),
(576, 2033, 181, 6, NULL),
(577, 2025, 178, 557, NULL),
(578, 2025, 178, 527, NULL),
(579, 2025, 178, 564, NULL),
(580, 2025, 178, 584, NULL),
(581, 2027, 178, 186, NULL),
(582, 2019, 182, 786, NULL),
(583, 2020, 182, 244, NULL),
(584, 2021, 182, 244, NULL),
(585, 2022, 182, 67, NULL),
(586, 2028, 179, 300, NULL),
(587, 2029, 179, 42, NULL),
(588, 2034, 183, 881, NULL),
(589, 2034, 183, 858, NULL),
(590, 2034, 183, 900, NULL),
(591, 2035, 183, 95, NULL),
(592, 2030, 184, 588, NULL),
(593, 2031, 184, 34, NULL),
(594, 2036, 185, 625, NULL),
(595, 2037, 185, 107, NULL),
(596, 2038, 186, 300, NULL),
(597, 2038, 186, 383, NULL),
(598, 2038, 186, 345, NULL),
(599, 2039, 186, 17, NULL),
(600, 2040, 187, 800, NULL),
(601, 2041, 187, 44, NULL),
(604, 2036, 189, 670, NULL),
(605, 2037, 189, 60, NULL),
(606, 2044, 190, 805, NULL),
(607, 2045, 190, 2, NULL),
(608, 2046, 191, 725, NULL),
(609, 2046, 191, 787, NULL),
(610, 2047, 192, 758, NULL),
(611, 2048, 192, 24, NULL),
(612, 2049, 193, 1330, NULL),
(613, 2049, 193, 670, NULL),
(614, 2050, 193, 137, NULL),
(620, 2049, 193, 1200, NULL),
(621, 2049, 193, 1256, NULL),
(622, 2050, 193, 137, NULL),
(625, 2051, 195, 376, NULL),
(626, 2052, 195, 100, NULL),
(627, 2008, 195, 73, NULL),
(628, 2053, 195, 39, NULL),
(629, 2056, 196, 630, NULL),
(630, 2056, 196, 442, NULL),
(631, 2056, 196, 655, NULL),
(632, 2056, 196, 688, NULL),
(633, 2057, 196, 51, NULL),
(634, 2058, 197, 425, NULL),
(635, 2058, 197, 568, NULL),
(636, 2058, 197, 575, NULL),
(637, 2059, 197, 30, NULL),
(638, 2060, 198, 300, NULL),
(639, 2060, 198, 318, NULL),
(640, 2061, 198, 22, NULL),
(645, 2062, 200, 952, NULL),
(646, 2063, 200, 943, NULL),
(647, 2064, 200, 48, NULL),
(648, 1985, 201, 553, NULL),
(649, 1986, 201, 15, NULL),
(650, 1985, 202, 509, NULL),
(651, 1985, 202, 543, NULL),
(652, 1985, 202, 577, NULL),
(653, 1986, 202, 43, NULL),
(662, 2066, 205, 586, NULL),
(663, 2066, 205, 572, NULL),
(664, 2066, 205, 628, NULL),
(665, 2069, 205, 177, NULL),
(666, 2068, 206, 496, NULL),
(667, 2068, 206, 500, NULL),
(668, 2068, 206, 674, NULL),
(669, 2068, 206, 529, NULL),
(670, 2068, 206, 369, NULL),
(671, 2070, 206, 476, NULL),
(672, 2071, 206, 280, NULL),
(673, 2069, 206, 602, NULL),
(674, 2080, 207, 47, NULL),
(675, 2081, 207, 578, NULL),
(676, 2082, 207, 136, NULL),
(677, 2083, 207, 20, NULL),
(678, 2083, 207, 20, NULL),
(679, 2086, 208, 210, NULL),
(680, 2086, 208, 380, NULL),
(681, 2086, 208, 395, NULL),
(682, 2087, 208, 33, NULL),
(683, 2088, 209, 315, NULL),
(684, 2089, 209, 109, NULL),
(685, 2090, 209, 300, NULL),
(686, 2088, 209, 322, NULL),
(687, 2091, 209, 24, NULL),
(688, 2093, 210, 300, NULL),
(689, 2094, 210, 522, NULL),
(690, 2097, 210, 35, NULL),
(691, 2093, 210, 213, NULL),
(692, 2096, 210, 16, NULL),
(693, 2096, 210, 16, NULL),
(694, 2098, 211, 450, NULL),
(695, 2098, 211, 553, NULL),
(696, 2099, 211, 13, NULL),
(701, 2094, 213, 2160, NULL),
(702, 2126, 214, 490, NULL),
(703, 2126, 214, 534, NULL),
(704, 2126, 214, 480, NULL),
(705, 2127, 214, 86, NULL),
(706, 2128, 215, 375, NULL),
(707, 2128, 215, 560, NULL),
(708, 2128, 215, 570, NULL),
(709, 2129, 215, 93, NULL),
(710, 2130, 216, 540, NULL),
(711, 2130, 216, 530, NULL),
(712, 2130, 216, 545, NULL),
(713, 2131, 216, 280, NULL),
(714, 2131, 216, 442, NULL),
(715, 2131, 216, 430, NULL),
(716, 2132, 216, 82, NULL),
(717, 2133, 217, 861, NULL),
(718, 2134, 217, 33, NULL),
(719, 2135, 218, 565, NULL),
(720, 2135, 218, 575, NULL),
(721, 2135, 218, 400, NULL),
(722, 2136, 218, 416, NULL),
(723, 2136, 218, 405, NULL),
(724, 2136, 218, 364, NULL),
(725, 2137, 218, 124, NULL),
(726, 2138, 215, 510, NULL),
(727, 2138, 215, 539, NULL),
(728, 2129, 215, 93, NULL),
(729, 2139, 219, 230, NULL),
(730, 2139, 219, 622, NULL),
(731, 2140, 219, 29, NULL),
(732, 2141, 217, 357, NULL),
(733, 2134, 217, 41, NULL),
(734, 2142, 214, 534, NULL),
(735, 2142, 214, 510, NULL),
(736, 2127, 214, 86, NULL),
(737, 2143, 219, 436, NULL),
(738, 2140, 219, 29, NULL),
(739, 2134, 217, 41, NULL),
(740, 2144, 220, 1017, NULL),
(741, 2145, 220, 19, NULL),
(767, 2147, 222, 635, NULL),
(768, 2147, 222, 650, NULL),
(769, 2147, 222, 700, NULL),
(770, 2148, 222, 71, NULL),
(771, 2149, 223, 710, NULL),
(772, 2150, 223, 21, NULL),
(777, 2151, 223, 293, NULL),
(778, 2152, 223, 555, NULL),
(779, 2153, 223, 279, NULL),
(780, 2149, 223, 683, NULL),
(781, 2150, 223, 21, NULL),
(782, 2154, 222, 232, NULL),
(783, 2154, 222, 514, NULL),
(784, 2155, 222, 311, NULL),
(785, 2155, 222, 562, NULL),
(786, 2148, 222, 71, NULL),
(790, 2156, 224, 230, NULL),
(791, 2156, 224, 588, NULL),
(793, 2124, 225, 388, NULL),
(794, 2124, 225, 569, NULL),
(795, 2124, 225, 575, NULL),
(796, 2124, 225, 576, NULL),
(797, 2124, 225, 356, NULL),
(798, 2124, 225, 556, NULL),
(799, 2124, 225, 594, NULL),
(800, 2124, 225, 565, NULL),
(801, 2124, 225, 585, NULL),
(802, 2124, 225, 521, NULL),
(803, 2124, 225, 590, NULL),
(804, 2124, 225, 590, NULL),
(805, 2124, 225, 490, NULL),
(806, 2124, 225, 545, NULL),
(807, 2124, 225, 567, NULL),
(808, 2124, 225, 412, NULL),
(809, 2124, 225, 334, NULL),
(810, 2146, 225, 504, NULL),
(811, 2146, 225, 551, NULL),
(812, 2146, 225, 537, NULL),
(813, 2146, 225, 518, NULL),
(814, 2146, 225, 540, NULL),
(815, 2146, 225, 575, NULL),
(816, 2146, 225, 586, NULL),
(817, 2146, 225, 500, NULL),
(818, 2146, 225, 516, NULL),
(819, 2124, 226, 652, NULL),
(820, 2124, 226, 550, NULL),
(821, 2124, 226, 605, NULL),
(822, 2137, 226, 1086, NULL),
(823, 2124, 226, 556, NULL),
(824, 2124, 226, 575, NULL),
(825, 2124, 226, 617, NULL),
(826, 2146, 226, 565, NULL),
(827, 2146, 226, 599, NULL),
(828, 2146, 226, 566, NULL),
(829, 2146, 226, 599, NULL),
(830, 2146, 226, 531, NULL),
(831, 2146, 226, 620, NULL),
(832, 2146, 226, 524, NULL),
(833, 2146, 226, 586, NULL),
(834, 2146, 226, 538, NULL),
(835, 2146, 226, 511, NULL),
(836, 2146, 226, 584, NULL),
(838, 2124, 226, 553, NULL),
(839, 2124, 226, 566, NULL),
(840, 2157, 227, 428, NULL),
(841, 2157, 227, 213, NULL),
(842, 2158, 227, 205, NULL),
(843, 2158, 227, 471, NULL),
(844, 2159, 227, 27, NULL),
(845, 2160, 228, 538, NULL),
(846, 2160, 228, 457, NULL),
(847, 2161, 228, 21, NULL),
(848, 2124, 229, 257, NULL),
(849, 2124, 229, 534, NULL),
(850, 2124, 229, 596, NULL),
(851, 2124, 229, 566, NULL),
(852, 2137, 229, 784, NULL),
(853, 2162, 224, 307, NULL),
(854, 2162, 224, 299, NULL),
(855, 2160, 230, 573, NULL),
(856, 2160, 230, 432, NULL),
(857, 2161, 230, 11, NULL),
(858, 2163, 231, 414, NULL),
(859, 2164, 231, 200, NULL),
(860, 2165, 231, 200, NULL),
(861, 2166, 231, 469, NULL),
(862, 2134, 231, 24, NULL),
(863, 2284, 232, 794, NULL),
(864, 2284, 232, 631, NULL),
(865, 2285, 232, 25, NULL),
(866, 2286, 233, 669, NULL),
(867, 2286, 233, 758, NULL),
(868, 2287, 233, 23, NULL),
(869, 2288, 234, 687, NULL),
(870, 2288, 234, 731, NULL),
(871, 2289, 234, 32, NULL),
(872, 2290, 235, 725, NULL),
(873, 2290, 235, 747, NULL),
(874, 2291, 235, 5, NULL),
(875, 2292, 236, 379, NULL),
(876, 2293, 236, 476, NULL),
(877, 2292, 236, 436, NULL),
(878, 2293, 236, 424, NULL),
(879, 2294, 237, 722, NULL),
(880, 2294, 237, 729, NULL),
(881, 2295, 238, 935, NULL),
(882, 2295, 238, 635, NULL),
(883, 2296, 238, 60, NULL),
(884, 2297, 239, 812, NULL),
(885, 2298, 239, 62, NULL),
(886, 2299, 240, 344, NULL),
(887, 2300, 240, 20, NULL),
(888, 2301, 241, 688, NULL),
(889, 2301, 241, 642, NULL),
(890, 2302, 241, 3, NULL),
(891, 2303, 242, 797, NULL),
(892, 2303, 242, 902, NULL),
(893, 2304, 242, 450, NULL),
(894, 2304, 242, 377, NULL),
(895, 2305, 242, 52, NULL),
(896, 2297, 239, 636, NULL),
(897, 2298, 239, 62, NULL),
(898, 2306, 243, 795, NULL),
(899, 2307, 243, 43, NULL),
(900, 2308, 244, 1054, NULL),
(901, 2309, 244, 32, NULL),
(902, 2306, 243, 427, NULL),
(903, 2307, 243, 43, NULL),
(904, 2299, 240, 636, NULL),
(905, 2300, 240, 20, NULL),
(906, 2310, 245, 410, NULL),
(907, 2311, 245, 4, NULL),
(908, 2312, 246, 412, NULL),
(909, 2312, 246, 342, NULL),
(910, 2313, 246, 11, NULL),
(911, 2314, 247, 727, NULL),
(912, 2314, 247, 759, NULL),
(913, 2315, 247, 9, NULL),
(914, 2316, 248, 408, NULL),
(915, 2317, 248, 24, NULL),
(916, 2318, 249, 626, NULL),
(917, 2318, 249, 357, NULL),
(918, 2319, 249, 79, NULL),
(919, 2320, 250, 1073, NULL),
(921, 2322, 251, 310, NULL),
(922, 2322, 251, 263, NULL),
(923, 2323, 251, 10, NULL),
(924, 2324, 252, 372, NULL),
(925, 2324, 252, 470, NULL),
(926, 2325, 252, 389, NULL),
(927, 2325, 252, 359, NULL),
(928, 2326, 252, 17, NULL),
(929, 2327, 253, 1170, NULL),
(930, 2328, 253, 275, NULL),
(931, 2329, 254, 891, NULL),
(932, 2329, 254, 993, NULL),
(933, 2330, 255, 933, NULL),
(934, 2331, 255, 507, NULL),
(935, 2320, 250, 619, NULL),
(936, 2332, 256, 690, NULL),
(937, 2332, 256, 804, NULL),
(938, 2333, 257, 975, NULL),
(939, 2333, 257, 989, NULL),
(940, 2335, 258, 606, NULL),
(941, 2336, 258, 37, NULL),
(942, 2337, 259, 452, NULL),
(943, 2337, 259, 330, NULL),
(944, 2338, 259, 3, NULL),
(945, 2339, 260, 203, NULL),
(946, 2340, 260, 346, NULL),
(947, 2341, 260, 280, NULL),
(948, 2342, 260, 5, NULL),
(949, 2343, 261, 382, NULL),
(950, 2036, 261, 270, NULL),
(951, 2344, 261, 13, NULL),
(952, 2345, 262, 310, NULL),
(953, 2345, 262, 310, NULL),
(954, 2346, 262, 500, NULL),
(955, 2347, 262, 42, NULL),
(956, 2346, 262, 373, NULL),
(957, 2347, 262, 42, NULL),
(960, 2398, 258, 1139, NULL),
(961, 2336, 258, 37, NULL),
(962, 2399, 264, 355, NULL),
(963, 2399, 264, 423, NULL),
(964, 2400, 264, 32, NULL),
(965, 2396, 265, 224, NULL),
(966, 2397, 265, 462, NULL),
(967, 2401, 265, 4, NULL),
(968, 2402, 266, 453, NULL),
(969, 2402, 266, 437, NULL),
(970, 2402, 266, 369, NULL),
(971, 2402, 266, 459, NULL),
(972, 2402, 266, 457, NULL),
(973, 2402, 266, 265, NULL),
(974, 2403, 266, 23, NULL),
(975, 2404, 267, 604, NULL),
(976, 2405, 267, 1686, NULL),
(977, 2406, 268, 700, NULL),
(978, 2407, 268, 748, NULL),
(979, 2408, 269, 978, NULL),
(980, 2408, 269, 1141, NULL),
(981, 2409, 270, 1050, NULL),
(982, 2410, 270, 402, NULL),
(983, 2411, 271, 1020, NULL),
(984, 2411, 271, 783, NULL),
(985, 2412, 272, 849, NULL),
(986, 2412, 272, 588, NULL),
(987, 2413, 272, 15, NULL),
(988, 2414, 273, 414, NULL),
(989, 2414, 273, 361, NULL),
(990, 2415, 273, 32, NULL),
(991, 2416, 274, 1005, NULL),
(992, 2416, 274, 990, NULL),
(993, 2417, 274, 34, NULL),
(994, 2418, 275, 615, NULL),
(995, 2419, 275, 590, NULL),
(996, 2036, 276, 605, NULL),
(997, 2037, 276, 29, NULL),
(998, 2420, 277, 425, NULL),
(999, 2420, 277, 481, NULL),
(1000, 2421, 277, 17, NULL),
(1001, 2422, 278, 905, NULL),
(1002, 2422, 278, 660, NULL),
(1003, 2423, 278, 62, NULL),
(1004, 2424, 279, 388, NULL),
(1005, 2424, 279, 255, NULL),
(1006, 2425, 279, 16, NULL),
(1012, 2430, 282, 542, NULL),
(1013, 2431, 282, 5, NULL),
(1014, 2432, 283, 447, NULL),
(1015, 2432, 283, 454, NULL),
(1016, 2432, 283, 443, NULL),
(1017, 2432, 283, 453, NULL),
(1018, 2432, 283, 446, NULL),
(1019, 2432, 283, 380, NULL),
(1020, 2433, 283, 42, NULL),
(1021, 2434, 284, 600, NULL),
(1022, 2435, 284, 10, NULL),
(1023, 2436, 285, 543, NULL),
(1024, 2436, 285, 520, NULL),
(1025, 2437, 285, 21, NULL),
(1029, 2438, 286, 540, NULL),
(1030, 2439, 286, 7, NULL),
(1031, 2426, 287, 511, NULL),
(1032, 2427, 287, 6, NULL),
(1033, 2428, 288, 266, NULL),
(1034, 2428, 288, 470, NULL),
(1035, 2428, 288, 492, NULL),
(1036, 2428, 288, 463, NULL),
(1037, 2429, 288, 30, NULL),
(1038, 1961, 289, 3680, NULL),
(1039, 2440, 289, 41, NULL),
(1040, 2441, 290, 525, NULL),
(1041, 2442, 290, 13, NULL),
(1042, 2441, 291, 525, NULL),
(1043, 2442, 291, 13, NULL),
(1044, 2443, 292, 338, NULL),
(1045, 2443, 292, 402, NULL),
(1046, 2444, 292, 273, NULL),
(1047, 2444, 292, 245, NULL),
(1048, 2445, 292, 46, NULL),
(1049, 2446, 293, 536, NULL),
(1050, 2446, 293, 483, NULL),
(1051, 2446, 293, 486, NULL),
(1052, 2446, 293, 540, NULL),
(1053, 2447, 293, 81, NULL),
(1054, 2448, 294, 770, NULL),
(1055, 2448, 294, 731, NULL),
(1056, 2449, 294, 19, NULL),
(1057, 2450, 295, 821, NULL),
(1058, 2451, 295, 13, NULL),
(1059, 2452, 296, 726, NULL),
(1060, 2452, 296, 670, NULL),
(1061, 2453, 296, 126, NULL),
(1062, 2454, 297, 354, NULL),
(1063, 2454, 297, 600, NULL),
(1064, 2454, 297, 650, NULL),
(1065, 2454, 297, 660, NULL),
(1066, 2454, 297, 610, NULL),
(1067, 2455, 298, 1460, NULL),
(1068, 2456, 298, 874, NULL),
(1072, 2460, 300, 830, NULL),
(1073, 2460, 300, 806, NULL),
(1074, 2461, 300, 28, NULL),
(1075, 2462, 301, 248, NULL),
(1076, 2462, 301, 526, NULL),
(1077, 2463, 301, 19, NULL),
(1078, 2464, 302, 840, NULL),
(1079, 2464, 302, 370, NULL),
(1080, 2465, 302, 26, NULL),
(1081, 2466, 303, 833, NULL),
(1082, 2466, 303, 779, NULL),
(1083, 2467, 304, 869, NULL),
(1084, 2468, 304, 136, NULL),
(1085, 2469, 305, 682, NULL),
(1086, 2469, 305, 722, NULL),
(1087, 2470, 305, 47, NULL),
(1088, 2471, 306, 631, NULL),
(1089, 2472, 306, 12, NULL),
(1090, 2473, 307, 864, NULL),
(1091, 2474, 307, 49, NULL),
(1092, 2475, 308, 768, NULL),
(1093, 2476, 308, 12, NULL),
(1094, 2477, 309, 816, NULL),
(1095, 2478, 309, 1746, NULL),
(1096, 2479, 309, 32, NULL),
(1097, 2480, 310, 449, NULL),
(1098, 2481, 310, 10, NULL),
(1099, 2482, 311, 1139, NULL),
(1100, 2483, 311, 37, NULL),
(1101, 2484, 312, 670, NULL),
(1102, 2485, 312, 14, NULL),
(1103, 2486, 313, 690, NULL),
(1104, 2487, 313, 13, NULL),
(1105, 2036, 314, 606, NULL),
(1106, 2037, 314, 7, NULL),
(1107, 2424, 315, 213, NULL),
(1108, 2424, 315, 398, NULL),
(1109, 2488, 220, 418, NULL),
(1110, 2145, 220, 19, NULL),
(1111, 2489, 316, 885, NULL),
(1112, 2459, 316, 87, NULL),
(1113, 2490, 317, 347, NULL),
(1114, 2490, 317, 371, NULL),
(1115, 2491, 317, 36, NULL),
(1116, 2492, 318, 364, NULL),
(1117, 2492, 318, 476, NULL),
(1118, 2492, 318, 524, NULL),
(1119, 2493, 318, 80, NULL),
(1120, 2494, 319, 570, NULL),
(1121, 2495, 319, 42, NULL),
(1122, 2494, 319, 690, NULL),
(1123, 2494, 319, 471, NULL),
(1124, 2495, 319, 42, NULL),
(1125, 2496, 316, 183, NULL),
(1126, 2496, 316, 589, NULL),
(1127, 2489, 316, 882, NULL),
(1128, 2459, 316, 87, NULL),
(1134, 2499, 322, 778, NULL),
(1135, 2500, 322, 22, NULL),
(1136, 2036, 323, 540, NULL),
(1137, 2036, 323, 611, NULL),
(1138, 2037, 323, 60, NULL),
(1142, 1963, 324, 494, NULL),
(1143, 1963, 324, 404, NULL),
(1144, 1963, 324, 500, NULL),
(1145, 2497, 325, 1060, NULL),
(1146, 2497, 325, 935, NULL),
(1147, 2497, 325, 1056, NULL),
(1148, 2498, 325, 60, NULL),
(1149, 2486, 326, 686, NULL),
(1150, 2486, 326, 697, NULL),
(1151, 2486, 326, 748, NULL),
(1152, 2487, 326, 33, NULL),
(1153, 1910, 327, 3813, NULL),
(1154, 1912, 327, 6254, NULL),
(1155, 1911, 327, 4189, NULL),
(1156, 2426, 328, 540, NULL),
(1157, 2426, 328, 575, NULL),
(1158, 2427, 328, 29, NULL),
(1159, 2501, 329, 350, NULL),
(1160, 2501, 329, 342, NULL),
(1161, 2502, 329, 20, NULL),
(1162, 2505, 329, 839, NULL),
(1163, 2504, 329, 21, NULL),
(1164, 2504, 329, 21, NULL),
(1167, 2506, 332, 398, NULL),
(1168, 2507, 332, 14, NULL),
(1169, 2508, 333, 369, NULL),
(1170, 2508, 333, 355, NULL),
(1171, 2509, 333, 13, NULL),
(1172, 2509, 333, 13, NULL),
(1173, 2510, 334, 630, NULL),
(1174, 2510, 334, 655, NULL),
(1175, 2511, 334, 2, NULL),
(1176, 2512, 335, 281, NULL),
(1177, 2512, 335, 286, NULL),
(1178, 2513, 335, 18, NULL),
(1179, 2492, 336, 689, NULL),
(1180, 2493, 336, 19, NULL),
(1181, 2514, 337, 1006, NULL),
(1182, 2515, 337, 416, NULL),
(1183, 2516, 338, 1018, NULL),
(1184, 2516, 338, 950, NULL),
(1185, 2517, 338, 42, NULL),
(1186, 2521, 339, 498, NULL),
(1187, 2521, 339, 922, NULL),
(1188, 2521, 339, 650, NULL),
(1189, 2522, 339, 20, NULL),
(1190, 2523, 340, 1190, NULL),
(1191, 2524, 340, 409, NULL),
(1192, 2525, 341, 283, NULL),
(1193, 2525, 341, 287, NULL),
(1194, 2525, 341, 279, NULL),
(1195, 2526, 341, 609, NULL),
(1196, 2526, 341, 605, NULL),
(1197, 2522, 341, 27, NULL),
(1198, 2527, 340, 403, NULL),
(1199, 2524, 340, 409, NULL),
(1200, 2492, 342, 548, NULL),
(1201, 2492, 342, 565, NULL),
(1202, 2492, 342, 545, NULL),
(1203, 2492, 342, 575, NULL),
(1204, 2492, 342, 544, NULL),
(1205, 2493, 342, 49, NULL),
(1206, 2528, 343, 452, NULL),
(1207, 2529, 343, 542, NULL),
(1208, 2530, 344, 670, NULL),
(1209, 2531, 344, 16, NULL),
(1210, 2532, 345, 614, NULL),
(1211, 2532, 345, 636, NULL),
(1212, 2532, 345, 170, NULL),
(1213, 2533, 345, 654, NULL),
(1214, 2533, 345, 646, NULL),
(1215, 2534, 345, 96, NULL),
(1216, 2535, 346, 356, NULL),
(1217, 2535, 346, 627, NULL),
(1218, 2536, 346, 648, NULL),
(1219, 2536, 346, 635, NULL),
(1220, 2537, 346, 80, NULL),
(1221, 2538, 347, 591, NULL),
(1222, 2538, 347, 583, NULL),
(1223, 2539, 347, 314, NULL),
(1224, 2539, 347, 263, NULL),
(1225, 2539, 347, 274, NULL),
(1226, 2522, 347, 45, NULL),
(1227, 2492, 348, 665, NULL),
(1228, 2492, 348, 623, NULL),
(1229, 2492, 348, 543, NULL),
(1230, 2492, 348, 527, NULL),
(1231, 2492, 348, 543, NULL),
(1232, 2396, 348, 593, NULL),
(1233, 2540, 349, 341, NULL),
(1234, 2541, 349, 1064, NULL),
(1235, 2542, 349, 64, NULL),
(1236, 2543, 350, 288, NULL),
(1237, 2543, 350, 303, NULL),
(1238, 2543, 350, 287, NULL),
(1239, 2544, 350, 584, NULL),
(1240, 2544, 350, 577, NULL),
(1241, 2545, 350, 31, NULL),
(1242, 2546, 351, 590, NULL),
(1243, 2547, 351, 483, NULL),
(1244, 2548, 351, 670, NULL),
(1245, 2549, 351, 737, NULL),
(1246, 2550, 351, 71, NULL),
(1247, 2551, 352, 470, NULL),
(1248, 2551, 352, 633, NULL),
(1249, 2551, 352, 640, NULL),
(1250, 2552, 352, 450, NULL),
(1251, 2553, 352, 53, NULL),
(1254, 2556, 354, 479, NULL),
(1255, 2556, 354, 615, NULL),
(1256, 2556, 354, 640, NULL),
(1257, 2556, 354, 641, NULL),
(1258, 2556, 354, 644, NULL),
(1259, 2557, 354, 175, NULL),
(1260, 2558, 355, 437, NULL),
(1261, 2558, 355, 407, NULL),
(1262, 2559, 355, 470, NULL),
(1263, 2558, 355, 630, NULL),
(1264, 2560, 355, 54, NULL),
(1265, 2560, 355, 54, NULL),
(1266, 2561, 356, 620, NULL),
(1267, 2561, 356, 538, NULL),
(1268, 2539, 356, 250, NULL),
(1269, 2539, 356, 280, NULL),
(1270, 2522, 356, 82, NULL),
(1271, 2036, 357, 610, NULL),
(1272, 2037, 357, 16, NULL),
(1273, 2340, 358, 345, NULL),
(1274, 2340, 358, 483, NULL),
(1275, 2752, 358, 48, NULL),
(1276, 2753, 359, 631, NULL),
(1277, 2754, 359, 19, NULL),
(1278, 2755, 360, 631, NULL),
(1279, 2756, 360, 5, NULL),
(1280, 2757, 361, 621, NULL),
(1281, 2758, 361, 47, NULL),
(1282, 2759, 362, 609, NULL),
(1283, 2760, 362, 34, NULL),
(1284, 2761, 363, 535, NULL),
(1285, 2762, 363, 219, NULL),
(1286, 2762, 363, 673, NULL),
(1287, 2762, 363, 649, NULL),
(1288, 2763, 363, 135, NULL),
(1289, 2764, 356, 320, NULL),
(1290, 2522, 356, 82, NULL),
(1291, 1971, 364, 628, NULL),
(1292, 1971, 364, 609, NULL),
(1293, 1972, 364, 30, NULL),
(1294, 2778, 365, 800, NULL),
(1295, 2778, 365, 813, NULL),
(1296, 2778, 365, 750, NULL),
(1297, 2779, 365, 52, NULL),
(1298, 2780, 366, 350, NULL),
(1299, 2780, 366, 662, NULL),
(1300, 2781, 366, 27, NULL),
(1301, 2782, 367, 189, NULL),
(1302, 2783, 367, 328, NULL),
(1303, 2783, 367, 327, NULL),
(1304, 2784, 367, 487, NULL),
(1305, 2785, 367, 29, NULL),
(1306, 2786, 368, 358, NULL),
(1307, 2787, 368, 307, NULL),
(1308, 2788, 368, 1405, NULL),
(1309, 1971, 364, 594, NULL),
(1310, 1971, 364, 505, NULL),
(1311, 1971, 364, 614, NULL),
(1312, 1972, 364, 30, NULL),
(1313, 2789, 369, 707, NULL),
(1314, 2790, 369, 417, NULL),
(1315, 2791, 369, 49, NULL),
(1316, 2428, 370, 503, NULL),
(1317, 2428, 370, 514, NULL),
(1318, 2429, 370, 20, NULL),
(1319, 2426, 371, 521, NULL),
(1320, 2427, 371, 9, NULL),
(1333, 2798, 374, 175, NULL),
(1334, 2798, 374, 728, NULL),
(1335, 2799, 374, 22, NULL),
(1337, 2795, 375, 610, NULL),
(1338, 2795, 375, 403, NULL),
(1339, 2795, 375, 511, NULL),
(1340, 2795, 375, 589, NULL),
(1341, 2796, 375, 104, NULL),
(1342, 2792, 376, 105, NULL),
(1343, 2793, 376, 171, NULL),
(1344, 2793, 376, 597, NULL),
(1345, 2794, 376, 17, NULL),
(1346, 2797, 377, 678, NULL),
(1347, 2797, 377, 369, NULL),
(1348, 2554, 377, 767, NULL),
(1349, 2555, 377, 66, NULL),
(1350, 2800, 378, 628, NULL),
(1351, 2801, 378, 15, NULL),
(1352, 2802, 379, 921, NULL),
(1353, 2803, 379, 30, NULL),
(1354, 2804, 380, 750, NULL),
(1355, 2805, 380, 25, NULL),
(1359, 2808, 382, 928, NULL),
(1360, 2808, 382, 233, NULL),
(1361, 2809, 382, 44, NULL),
(1362, 2810, 383, 1094, NULL),
(1363, 2811, 383, 79, NULL),
(1364, 2812, 377, 675, NULL),
(1365, 2555, 377, 66, NULL),
(1366, 2813, 384, 589, NULL),
(1367, 2813, 384, 602, NULL),
(1368, 2807, 384, 18, NULL),
(1369, 2814, 385, 630, NULL),
(1370, 2815, 385, 1095, NULL),
(1371, 2428, 386, 503, NULL),
(1372, 2428, 386, 497, NULL),
(1373, 2428, 386, 492, NULL),
(1374, 2429, 386, 105, NULL),
(1375, 2036, 387, 860, NULL),
(1376, 2816, 387, 606, NULL),
(1377, 2816, 387, 345, NULL),
(1378, 2037, 387, 85, NULL),
(1379, 2817, 388, 600, NULL),
(1380, 2817, 388, 502, NULL),
(1381, 2818, 388, 140, NULL),
(1382, 2819, 389, 1055, NULL),
(1383, 2820, 389, 722, NULL),
(1384, 2821, 390, 505, NULL),
(1385, 2822, 390, 995, NULL),
(1386, 2823, 388, 1745, NULL),
(1387, 2818, 388, 140, NULL),
(1388, 2824, 391, 580, NULL),
(1389, 2825, 391, 20, NULL),
(1390, 2826, 389, 450, NULL),
(1391, 2827, 389, 450, NULL),
(1392, 2820, 389, 267, NULL),
(1393, 2829, 392, 632, NULL),
(1394, 2830, 392, 17, NULL),
(1395, 2831, 393, 520, NULL),
(1396, 2832, 393, 900, NULL),
(1397, 2833, 389, 250, NULL),
(1398, 2834, 389, 205, NULL),
(1399, 2820, 389, 267, NULL),
(1400, 2835, 394, 320, NULL),
(1401, 2836, 394, 309, NULL),
(1402, 2837, 394, 11, NULL),
(1403, 2838, 395, 706, NULL),
(1404, 2839, 395, 715, NULL),
(1405, 2840, 396, 740, NULL),
(1406, 2841, 396, 11, NULL),
(1407, 2842, 397, 735, NULL),
(1408, 2843, 397, 23, NULL),
(1413, 2846, 400, 710, NULL),
(1414, 2847, 400, 596, NULL),
(1415, 2848, 401, 730, NULL),
(1416, 2849, 401, 1015, NULL),
(1417, 2844, 402, 410, NULL),
(1418, 2844, 402, 785, NULL),
(1419, 2845, 402, 615, NULL),
(1420, 2851, 403, 298, NULL),
(1421, 2851, 403, 381, NULL),
(1422, 2852, 403, 837, NULL),
(1425, 1414, 73, 1050, NULL),
(1426, 1414, 403, 1050, NULL);



-- --------------------------------------------------------

--
-- Table structure for table `products_outputs`
--

DROP TABLE IF EXISTS `products_outputs`;
CREATE TABLE `products_outputs` (
  `iD` int(11) NOT NULL,
  `EmployeeID` int(11) NOT NULL,
  `WarehouseID` int(11) NOT NULL,
  `CargoTransID` int(11) DEFAULT NULL,
  `date` datetime NOT NULL DEFAULT current_timestamp(),
  `comments` text DEFAULT NULL
) ENGINE=InnoDB DEFAULT CHARSET=utf8 COLLATE=utf8_general_ci;

--
-- Dumping data for table `products_outputs`
--

--
-- Triggers `products_outputs`
--
DROP TRIGGER IF EXISTS `u_s_a_product_out_master`;
DELIMITER $$
CREATE TRIGGER `u_s_a_product_out_master` AFTER UPDATE ON `products_outputs` FOR EACH ROW BEGIN 
DECLARE done INT DEFAULT FALSE;
DECLARE p INT;
DECLARE q DOUBLE;
DECLARE cur CURSOR FOR SELECT ProductID,quantity FROM products_outputs_details WHERE products_outputs_details.ProductOutputID = OLD.iD;
DECLARE CONTINUE HANDLER FOR NOT FOUND SET done = TRUE;
IF OLD.WarehouseID <> NEW.WarehouseID  THEN
OPEN cur;
ins_loop: LOOP 
FETCH cur INTO p,q;
IF done THEN LEAVE ins_loop;
END IF;
CALL PlusQuantity(OLD.WarehouseID, p, q, -1);
CALL MinusQuantity(NEW.WarehouseID, p, q, -1);
END LOOP;
CLOSE cur;
END IF;
END
$$
DELIMITER ;

INSERT  INTO `products_outputs` (`iD`, `EmployeeID`, `WarehouseID`, `CargoTransID`, `date`, `comments`) VALUES
(2, 1, 1, NULL, '2021-08-31 01:22:54', NULL),
(4, 1, 2, NULL, '2021-09-14 10:20:54', NULL),
(5, 1, 2, NULL, '2021-09-14 10:23:25', NULL),
(6, 4, 2, NULL, '2021-09-14 13:15:37', NULL),
(7, 1, 2, NULL, '2021-09-10 11:29:43', 'مباع سابقا'),
(8, 1, 1, NULL, '2021-09-15 11:27:15', NULL),
(9, 1, 1, NULL, '2021-09-14 10:19:27', NULL),
(10, 1, 1, NULL, '2021-09-13 10:24:57', NULL),
(11, 1, 2, NULL, '2021-09-18 09:25:07', NULL),
(12, 1, 2, NULL, '2021-09-20 13:03:27', NULL),
(13, 1, 1, NULL, '2021-09-22 11:49:23', NULL),
(14, 1, 2, NULL, '2021-09-22 11:52:45', NULL),
(15, 1, 1, NULL, '2021-09-23 09:32:59', 'مباع'),
(16, 1, 2, NULL, '2021-09-26 15:32:20', NULL),
(17, 1, 1, NULL, '2021-09-27 11:41:37', 'مباع سابقا'),
(18, 1, 2, NULL, '2021-09-28 10:46:57', NULL),
(19, 1, 2, NULL, '2021-09-28 12:19:44', NULL),
(20, 1, 2, NULL, '2021-09-28 12:19:44', NULL),
(21, 1, 2, NULL, '2021-09-28 12:19:46', NULL),
(22, 1, 2, NULL, '2021-09-28 13:09:51', NULL),
(23, 1, 2, NULL, '2021-09-28 13:21:01', NULL),
(24, 1, 2, NULL, '2021-09-30 12:22:41', NULL),
(25, 1, 2, NULL, '2021-09-30 12:22:41', NULL),
(26, 4, 2, NULL, '2021-10-04 10:34:58', NULL),
(27, 4, 2, NULL, '2021-10-04 10:37:33', NULL),
(28, 4, 2, NULL, '2021-10-04 11:40:06', NULL),
(29, 4, 2, NULL, '2021-10-04 13:39:51', NULL),
(30, 4, 2, NULL, '2021-10-04 13:39:51', NULL),
(31, 4, 2, NULL, '2021-10-04 13:54:44', NULL),
(32, 4, 2, NULL, '2021-10-04 13:54:44', NULL),
(41, 4, 2, NULL, '2021-10-10 11:16:02', NULL),
(44, 4, 2, NULL, '2021-10-10 12:52:06', NULL),
(45, 4, 2, NULL, '2021-10-10 12:52:06', NULL),
(46, 4, 2, NULL, '2021-10-10 12:57:59', NULL),
(47, 4, 1, NULL, '2021-10-10 12:59:46', NULL),
(48, 1, 1, NULL, '2021-10-10 13:14:16', NULL),
(49, 1, 1, NULL, '2021-10-10 13:15:25', NULL),
(50, 1, 1, NULL, '2021-10-11 10:07:39', 'للتأكد من المبيع'),
(51, 1, 1, NULL, '2021-10-11 10:37:09', NULL),
(52, 1, 1, NULL, '2021-10-11 14:49:35', NULL),
(53, 1, 1, NULL, '2021-10-18 12:20:37', NULL),
(54, 1, 1, NULL, '2021-10-18 20:36:52', NULL),
(55, 1, 1, NULL, '2021-10-18 20:41:54', 'اخراج الهدؤ'),
(56, 1, 1, NULL, '2021-10-20 14:44:11', NULL),
(57, 4, 2, NULL, '2021-10-23 16:03:41', NULL),
(59, 1, 2, NULL, '2021-10-25 11:16:26', NULL),
(60, 1, 2, NULL, '2021-10-25 11:18:17', NULL),
(62, 1, 2, NULL, '2021-10-25 11:40:55', NULL),
(63, 1, 2, NULL, '2021-10-26 13:04:10', NULL),
(65, 4, 2, NULL, '2021-10-27 11:22:29', NULL),
(66, 4, 2, NULL, '2021-10-27 11:25:59', NULL),
(68, 4, 2, NULL, '2021-10-27 12:54:20', NULL),
(69, 4, 2, NULL, '2021-10-27 13:07:49', NULL),
(70, 1, 2, NULL, '2021-10-27 15:26:25', NULL),
(71, 4, 2, NULL, '2021-11-01 12:37:38', NULL),
(72, 4, 2, NULL, '2021-11-01 12:41:33', NULL),
(73, 4, 2, NULL, '2021-11-01 12:44:32', NULL),
(74, 4, 1, NULL, '2021-11-01 14:58:09', NULL),
(75, 4, 2, NULL, '2021-11-01 15:12:45', NULL),
(76, 4, 2, NULL, '2021-11-01 15:16:22', NULL),
(77, 4, 2, NULL, '2021-11-01 15:22:12', NULL),
(85, 4, 2, NULL, '2021-11-03 09:38:08', NULL),
(86, 4, 2, NULL, '2021-11-03 09:43:53', NULL),
(87, 1, 2, NULL, '2021-11-03 10:13:23', NULL),
(88, 1, 2, NULL, '2021-11-03 10:16:56', NULL),
(89, 4, 2, NULL, '2021-11-03 12:04:36', NULL),
(90, 4, 2, NULL, '2021-11-03 13:38:24', NULL),
(91, 1, 2, NULL, '2021-11-04 09:36:50', NULL),
(92, 1, 2, NULL, '2021-11-07 10:49:31', 'مباع الى عامر فتال'),
(93, 4, 2, NULL, '2021-11-07 11:23:58', NULL),
(94, 4, 2, NULL, '2021-11-07 12:22:53', NULL),
(95, 4, 2, NULL, '2021-11-07 13:11:19', NULL),
(96, 4, 2, NULL, '2021-11-08 09:38:52', NULL),
(97, 1, 1, NULL, '2021-11-09 10:48:35', 'مخرج سابقا طلب حركه ماده للتاكد'),
(98, 1, 1, NULL, '2021-11-09 11:08:24', 'مخرج إلى عماد شاكر'),
(99, 1, 1, NULL, '2021-11-09 11:10:43', 'مخرج إلى محمود قضماني'),
(100, 1, 2, NULL, '2021-11-17 13:57:46', NULL),
(101, 1, 2, NULL, '2021-11-18 11:46:45', NULL),
(102, 1, 2, NULL, '2021-11-18 11:59:46', NULL),
(103, 1, 2, NULL, '2021-11-23 11:37:36', NULL),
(104, 4, 2, NULL, '2021-12-09 10:06:36', NULL),
(105, 4, 2, NULL, '2021-12-09 10:11:38', NULL),
(106, 4, 2, NULL, '2021-12-22 13:28:15', NULL),
(107, 4, 2, NULL, '2021-12-22 13:30:30', NULL),
(108, 4, 2, NULL, '2021-12-22 13:36:12', NULL),
(110, 4, 2, NULL, '2021-12-23 12:47:57', NULL),
(111, 4, 2, NULL, '2021-12-23 13:40:06', NULL),
(112, 4, 2, NULL, '2021-12-23 13:40:40', NULL),
(113, 4, 2, NULL, '2021-12-23 13:41:42', NULL),
(114, 16, 1, NULL, '2021-12-23 13:40:44', NULL),
(115, 4, 2, NULL, '2021-12-23 14:51:29', NULL),
(116, 4, 2, NULL, '2021-12-23 15:54:00', NULL),
(117, 4, 2, NULL, '2021-12-25 09:22:03', NULL),
(118, 4, 2, NULL, '2021-12-25 11:05:44', NULL),
(119, 4, 2, NULL, '2021-12-25 11:13:08', NULL),
(120, 4, 2, NULL, '2021-12-25 11:17:39', NULL),
(121, 4, 2, NULL, '2021-12-25 11:33:52', NULL),
(122, 4, 2, NULL, '2021-12-25 11:37:21', NULL),
(123, 4, 2, NULL, '2021-12-25 11:41:46', NULL),
(124, 4, 2, NULL, '2021-12-25 11:42:00', NULL),
(125, 4, 2, NULL, '2021-12-25 11:42:38', NULL),
(126, 4, 2, NULL, '2021-12-25 13:51:08', NULL),
(129, 4, 2, NULL, '2021-12-27 13:37:46', NULL),
(130, 4, 2, NULL, '2021-12-27 13:56:32', NULL),
(132, 4, 2, NULL, '2021-12-27 14:42:40', NULL),
(133, 4, 2, NULL, '2021-12-27 14:56:03', NULL),
(135, 4, 2, NULL, '2021-12-27 15:20:07', NULL),
(136, 4, 2, NULL, '2021-12-28 08:57:19', NULL),
(137, 4, 2, NULL, '2021-12-28 09:04:55', NULL),
(138, 4, 2, NULL, '2021-12-28 09:18:25', NULL),
(140, 4, 2, NULL, '2021-12-28 10:17:40', NULL),
(141, 4, 2, NULL, '2021-12-28 10:19:53', NULL),
(142, 4, 2, NULL, '2021-12-28 10:21:56', NULL),
(143, 4, 2, NULL, '2021-12-28 12:28:14', NULL),
(144, 4, 2, NULL, '2021-12-28 13:03:32', NULL),
(145, 4, 2, NULL, '2021-12-28 13:06:11', NULL),
(147, 4, 2, NULL, '2021-12-29 11:43:48', NULL),
(148, 4, 2, NULL, '2021-12-29 11:57:16', NULL),
(149, 4, 2, NULL, '2021-12-29 12:00:56', NULL),
(150, 4, 2, NULL, '2021-12-29 12:08:11', NULL),
(151, 4, 2, NULL, '2021-12-29 13:08:24', NULL),
(152, 16, 2, NULL, '2021-12-30 13:02:13', NULL),
(153, 16, 2, NULL, '2021-12-30 13:14:23', NULL),
(154, 4, 2, NULL, '2022-01-02 09:59:15', NULL),
(155, 4, 2, NULL, '2022-01-02 10:02:08', NULL),
(156, 4, 2, NULL, '2022-01-02 10:03:30', NULL),
(157, 4, 2, NULL, '2022-01-02 10:05:30', NULL),
(158, 4, 2, NULL, '2022-01-02 13:23:30', NULL),
(159, 4, 2, NULL, '2022-01-02 13:24:28', NULL),
(160, 4, 2, NULL, '2022-01-02 13:27:01', NULL),
(161, 4, 2, NULL, '2022-01-04 14:48:42', NULL),
(162, 4, 2, NULL, '2022-01-04 14:49:53', NULL),
(163, 4, 2, NULL, '2022-01-04 14:50:58', NULL),
(164, 4, 2, NULL, '2022-01-04 15:00:21', NULL),
(165, 4, 2, NULL, '2022-01-04 15:01:17', NULL),
(166, 4, 2, NULL, '2022-01-04 15:04:17', NULL),
(167, 4, 2, NULL, '2022-01-05 14:37:20', NULL),
(169, 4, 2, NULL, '2022-01-06 10:45:11', NULL),
(170, 4, 2, NULL, '2022-01-06 10:53:54', NULL),
(171, 4, 2, NULL, '2022-01-09 11:31:34', NULL),
(172, 4, 2, NULL, '2022-01-09 11:32:17', NULL),
(173, 4, 2, NULL, '2022-01-09 11:32:55', NULL),
(174, 4, 2, NULL, '2022-01-09 11:36:48', NULL),
(175, 4, 2, NULL, '2022-01-09 14:04:22', NULL),
(176, 4, 2, NULL, '2022-01-12 09:31:29', NULL),
(177, 4, 2, NULL, '2022-01-12 09:33:25', NULL),
(178, 4, 2, NULL, '2022-01-12 09:34:18', NULL),
(179, 4, 2, NULL, '2022-01-12 09:35:23', NULL),
(181, 4, 2, NULL, '2022-01-12 09:40:33', NULL),
(182, 4, 2, NULL, '2022-01-12 10:49:36', NULL),
(183, 4, 2, NULL, '2022-01-12 10:51:59', NULL),
(184, 4, 2, NULL, '2022-01-12 10:52:57', NULL),
(185, 4, 2, NULL, '2022-01-13 13:21:17', NULL),
(187, 4, 2, NULL, '2022-01-16 14:36:37', NULL),
(188, 4, 2, NULL, '2022-01-20 15:01:13', NULL),
(189, 4, 2, NULL, '2022-01-20 15:01:13', NULL),
(190, 4, 2, NULL, '2022-01-20 15:01:13', NULL),
(192, 4, 2, NULL, '2022-01-24 14:16:02', NULL),
(193, 4, 2, NULL, '2022-01-24 14:20:51', NULL),
(194, 4, 2, NULL, '2022-01-24 14:27:56', NULL),
(197, 4, 2, NULL, '2022-01-31 11:10:55', NULL),
(198, 4, 2, NULL, '2022-01-31 11:16:02', NULL),
(199, 4, 2, NULL, '2022-02-03 13:14:21', NULL),
(200, 4, 2, NULL, '2022-02-08 13:36:31', NULL),
(201, 4, 2, NULL, '2022-02-08 13:36:31', NULL),
(202, 4, 2, NULL, '2022-02-13 12:05:10', NULL),
(203, 4, 2, NULL, '2022-02-14 09:48:45', NULL),
(204, 1, 1, NULL, '2022-02-17 11:01:31', 'ممكن فاتوره مو مسجله'),
(206, 4, 2, NULL, '2022-03-01 10:18:23', NULL),
(207, 4, 2, NULL, '2022-03-01 10:24:18', NULL),
(208, 4, 2, NULL, '2022-03-01 10:36:35', NULL),
(209, 4, 2, NULL, '2022-03-01 10:40:00', NULL),
(210, 4, 2, NULL, '2022-03-02 08:32:28', NULL),
(211, 4, 2, NULL, '2022-03-02 08:34:17', NULL),
(212, 4, 2, NULL, '2022-03-02 08:39:08', NULL),
(213, 4, 2, NULL, '2022-03-05 08:39:50', NULL),
(215, 4, 2, NULL, '2022-03-12 09:03:10', NULL),
(216, 4, 2, NULL, '2022-03-12 09:10:52', NULL),
(217, 4, 2, NULL, '2022-03-12 13:09:44', NULL),
(218, 4, 2, NULL, '2022-03-12 13:41:50', NULL),
(219, 4, 2, NULL, '2022-03-12 13:48:37', NULL),
(220, 1, 2, NULL, '2022-03-14 00:27:55', NULL),
(221, 4, 2, NULL, '2022-03-23 12:20:35', NULL),
(222, 4, 2, NULL, '2022-03-23 12:20:35', NULL),
(223, 4, 2, NULL, '2022-03-23 12:26:13', NULL),
(224, 4, 2, NULL, '2022-03-26 11:41:56', NULL),
(225, 4, 2, NULL, '2022-03-26 11:41:56', NULL),
(226, 4, 2, NULL, '2022-03-26 13:38:30', NULL),
(227, 4, 2, NULL, '2022-03-26 14:02:03', NULL),
(228, 4, 2, NULL, '2022-03-26 14:03:54', NULL),
(229, 4, 2, NULL, '2022-03-26 14:08:13', NULL),
(230, 4, 2, NULL, '2022-03-26 14:17:41', NULL),
(231, 4, 2, NULL, '2022-03-27 09:21:43', NULL),
(232, 4, 2, NULL, '2022-03-28 08:59:38', NULL),
(233, 4, 2, NULL, '2022-03-28 09:01:01', NULL),
(234, 4, 2, NULL, '2022-03-28 09:02:22', NULL),
(235, 4, 2, NULL, '2022-03-28 09:02:22', NULL),
(236, 4, 2, NULL, '2022-03-28 10:42:22', NULL),
(237, 4, 2, NULL, '2022-03-28 10:47:09', NULL),
(238, 4, 2, NULL, '2022-03-29 08:25:08', NULL),
(239, 4, 2, NULL, '2022-03-29 08:25:05', NULL),
(240, 4, 2, NULL, '2022-03-29 08:25:05', NULL),
(241, 4, 2, NULL, '2022-03-30 12:06:29', NULL),
(242, 4, 2, NULL, '2022-03-30 12:06:29', NULL),
(243, 4, 2, NULL, '2022-03-30 12:06:29', NULL),
(244, 4, 2, NULL, '2022-04-04 12:10:43', NULL),
(245, 4, 2, NULL, '2022-04-04 12:10:03', NULL),
(246, 4, 2, NULL, '2022-04-04 12:10:43', NULL),
(247, 4, 2, NULL, '2022-04-07 12:41:55', NULL),
(248, 4, 2, NULL, '2022-04-07 12:47:35', NULL),
(249, 4, 2, NULL, '2022-04-07 12:47:35', NULL),
(250, 4, 2, NULL, '2022-04-09 11:39:33', NULL),
(251, 4, 2, NULL, '2022-04-09 11:39:33', NULL),
(252, 4, 2, NULL, '2022-04-13 09:16:49', NULL),
(253, 4, 2, NULL, '2022-04-13 09:16:49', NULL),
(254, 4, 2, NULL, '2022-04-13 09:16:49', NULL),
(255, 4, 2, NULL, '2022-04-13 09:16:50', NULL),
(256, 4, 2, NULL, '2022-04-14 09:58:06', NULL),
(258, 4, 2, NULL, '2022-04-16 09:33:50', NULL),
(259, 4, 2, NULL, '2022-04-19 10:41:42', NULL),
(260, 4, 2, NULL, '2022-04-19 13:55:06', NULL),
(261, 4, 2, NULL, '2022-04-19 13:55:06', NULL),
(262, 4, 2, NULL, '2022-04-19 13:55:06', NULL),
(263, 4, 2, NULL, '2022-04-19 14:40:31', NULL),
(264, 4, 2, NULL, '2022-04-26 12:11:17', NULL),
(265, 4, 2, NULL, '2022-04-26 12:11:17', NULL),
(266, 4, 2, NULL, '2022-04-26 12:11:17', NULL),
(267, 4, 2, NULL, '2022-04-28 09:59:08', NULL),
(268, 4, 2, NULL, '2022-04-28 09:59:08', NULL),
(269, 4, 2, NULL, '2022-05-10 08:22:20', NULL),
(270, 4, 2, NULL, '2022-05-10 11:02:22', NULL),
(271, 4, 2, NULL, '2022-05-10 11:02:22', NULL),
(272, 4, 2, NULL, '2022-05-10 11:02:22', NULL),
(273, 4, 2, NULL, '2022-05-10 11:05:38', NULL),
(275, 4, 2, NULL, '2022-05-14 10:55:16', NULL),
(276, 4, 2, NULL, '2022-05-14 10:55:16', NULL),
(277, 4, 2, NULL, '2022-05-14 10:55:42', NULL),
(278, 4, 2, NULL, '2022-05-15 09:41:20', NULL),
(279, 4, 2, NULL, '2022-05-15 09:42:00', NULL),
(280, 4, 2, NULL, '2022-05-15 09:48:58', NULL),
(281, 4, 2, NULL, '2022-05-16 10:50:35', NULL),
(282, 4, 2, NULL, '2022-05-16 10:50:36', NULL),
(283, 4, 2, NULL, '2022-05-17 10:10:43', NULL),
(284, 4, 2, NULL, '2022-05-18 14:54:39', NULL),
(285, 4, 2, NULL, '2022-05-18 14:54:39', NULL),
(286, 4, 2, NULL, '2022-05-18 14:54:39', NULL),
(287, 4, 2, NULL, '2022-05-18 14:56:41', NULL),
(288, 4, 2, NULL, '2022-05-22 11:46:18', NULL),
(289, 4, 2, NULL, '2022-05-22 11:46:18', NULL),
(290, 4, 2, NULL, '2022-05-31 15:32:10', NULL),
(291, 4, 2, NULL, '2022-05-31 15:32:11', NULL),
(292, 4, 2, NULL, '2022-06-01 13:47:46', NULL),
(294, 4, 2, NULL, '2022-06-04 15:13:47', NULL),
(295, 4, 2, NULL, '2022-06-05 10:46:42', NULL),
(296, 4, 2, NULL, '2022-06-05 10:46:42', NULL),
(297, 4, 2, NULL, '2022-06-05 10:48:10', NULL),
(298, 4, 2, NULL, '2022-06-05 10:48:14', NULL),
(299, 4, 2, NULL, '2022-06-05 10:51:55', NULL),
(300, 4, 2, NULL, '2022-06-06 09:56:30', NULL),
(301, 4, 2, NULL, '2022-06-06 09:57:08', NULL),
(302, 4, 2, NULL, '2022-06-06 09:57:08', NULL),
(303, 4, 2, NULL, '2022-06-06 09:59:02', NULL),
(304, 4, 2, NULL, '2022-06-08 10:19:55', NULL),
(305, 4, 2, NULL, '2022-06-08 10:19:56', NULL),
(306, 4, 2, NULL, '2022-06-08 10:37:07', NULL),
(307, 4, 2, NULL, '2022-06-08 10:43:25', NULL),
(308, 4, 2, NULL, '2022-06-08 10:43:25', NULL),
(309, 4, 2, NULL, '2022-06-08 10:43:25', NULL),
(310, 4, 2, NULL, '2022-06-14 13:13:36', NULL),
(311, 4, 2, NULL, '2022-06-14 13:14:09', NULL),
(312, 4, 2, NULL, '2022-06-14 13:14:09', NULL),
(313, 4, 2, NULL, '2022-06-14 13:17:38', NULL),
(314, 4, 2, NULL, '2022-06-18 08:40:40', NULL),
(316, 4, 2, NULL, '2022-06-18 08:41:34', NULL),
(317, 4, 2, NULL, '2022-06-18 10:20:22', NULL),
(318, 4, 2, NULL, '2022-06-18 10:33:59', NULL),
(319, 4, 2, NULL, '2022-06-18 10:33:59', NULL),
(320, 4, 2, NULL, '2022-06-18 12:02:48', NULL),
(321, 1, 2, NULL, '2022-06-18 15:13:40', NULL),
(322, 4, 2, NULL, '2022-06-18 15:17:16', NULL),
(323, 4, 2, NULL, '2022-06-20 11:34:27', NULL),
(324, 4, 2, NULL, '2022-06-20 11:34:27', NULL),
(326, 4, 2, NULL, '2022-06-20 11:47:14', NULL),
(327, 4, 2, NULL, '2022-06-22 13:01:18', NULL),
(328, 4, 2, NULL, '2022-06-22 13:05:25', NULL),
(329, 4, 2, NULL, '2022-06-22 13:22:50', NULL),
(330, 4, 2, NULL, '2022-06-22 13:42:06', NULL),
(331, 4, 2, NULL, '2022-06-27 09:34:17', NULL),
(332, 4, 2, NULL, '2022-06-28 13:26:45', NULL),
(333, 4, 2, NULL, '2022-07-03 13:56:31', NULL),
(334, 4, 2, NULL, '2022-07-06 09:38:28', NULL),
(335, 4, 2, NULL, '2022-07-07 09:24:39', NULL),
(336, 4, 2, NULL, '2022-07-17 09:04:37', NULL),
(337, 4, 2, NULL, '2022-07-20 15:34:14', NULL),
(338, 4, 2, NULL, '2022-07-24 11:10:28', NULL),
(339, 4, 2, NULL, '2022-07-24 11:10:28', NULL),
(340, 4, 2, NULL, '2022-07-24 11:10:28', NULL),
(341, 4, 2, NULL, '2022-07-30 10:14:43', NULL),
(342, 4, 2, NULL, '2022-08-01 14:21:20', NULL),
(343, 4, 2, NULL, '2022-08-04 09:57:45', NULL),
(344, 4, 2, NULL, '2022-08-04 09:57:45', NULL),
(345, 4, 2, NULL, '2022-08-11 11:12:58', NULL),
(346, 4, 2, NULL, '2022-08-13 15:01:59', NULL),
(348, 4, 2, NULL, '2022-08-20 12:55:14', NULL),
(349, 4, 2, NULL, '2022-08-28 10:08:37', NULL),
(350, 4, 2, NULL, '2022-09-03 14:08:56', NULL),
(351, 4, 2, NULL, '2022-09-04 12:59:19', NULL),
(352, 4, 2, NULL, '2022-09-04 13:01:07', NULL),
(353, 4, 2, NULL, '2022-09-06 10:47:50', NULL),
(354, 4, 2, NULL, '2022-09-06 10:47:50', NULL),
(355, 4, 2, NULL, '2022-09-06 10:47:50', NULL),
(356, 4, 2, NULL, '2022-09-06 10:47:50', NULL),
(357, 4, 2, NULL, '2022-09-06 10:51:15', NULL),
(358, 4, 2, NULL, '2022-09-11 14:19:54', NULL),
(359, 4, 2, NULL, '2022-09-11 14:19:54', NULL),
(360, 4, 2, NULL, '2022-09-11 14:19:54', NULL),
(361, 4, 2, NULL, '2022-09-12 11:12:52', NULL),
(362, 4, 2, NULL, '2022-09-12 11:18:13', NULL),
(363, 4, 2, NULL, '2022-09-15 12:51:13', NULL),
(364, 4, 2, NULL, '2022-09-15 12:51:13', NULL),
(365, 4, 2, NULL, '2022-09-15 12:51:13', NULL),
(367, 4, 2, NULL, '2022-09-22 11:11:34', NULL),
(368, 4, 2, NULL, '2022-09-22 11:23:08', NULL),
(369, 4, 1, NULL, '2022-09-22 11:40:09', NULL),
(370, 4, 2, NULL, '2022-09-22 11:40:09', NULL),
(371, 4, 2, NULL, '2022-09-22 11:51:29', NULL),
(372, 4, 2, NULL, '2022-09-27 09:21:53', NULL),
(373, 4, 2, NULL, '2022-09-27 09:24:03', NULL),
(374, 4, 2, NULL, '2022-09-27 09:24:34', NULL),
(376, 4, 2, NULL, '2022-09-27 09:27:42', NULL),
(377, 4, 2, NULL, '2022-09-27 09:29:12', NULL),
(378, 4, 2, NULL, '2022-09-29 11:40:38', NULL),
(379, 4, 2, NULL, '2022-09-29 11:45:38', NULL),
(380, 4, 2, NULL, '2022-09-29 11:57:02', NULL),
(381, 4, 2, NULL, '2022-10-06 14:05:22', NULL),
(382, 4, 2, NULL, '2022-10-08 13:45:03', NULL),
(383, 4, 2, NULL, '2022-10-11 11:29:10', NULL),
(384, 4, 2, NULL, '2022-10-12 14:55:00', NULL),
(385, 4, 2, NULL, '2022-10-16 13:25:48', NULL),
(386, 4, 2, NULL, '2022-10-26 11:43:26', NULL),
(387, 4, 2, NULL, '2022-10-30 08:05:45', NULL),
(388, 4, 2, NULL, '2022-11-03 13:26:11', NULL),
(389, 4, 2, NULL, '2022-11-03 13:40:32', NULL),
(390, 4, 2, NULL, '2022-11-06 14:32:13', NULL),
(391, 4, 2, NULL, '2022-11-06 14:32:13', NULL),
(394, 4, 2, NULL, '2022-11-06 14:32:13', NULL),
(395, 4, 2, NULL, '2022-11-06 14:33:36', NULL),
(396, 4, 2, NULL, '2022-11-07 10:30:03', NULL),
(397, 4, 2, NULL, '2022-11-08 14:47:29', NULL);



-- --------------------------------------------------------

--
-- Table structure for table `products_outputs_details`
--

DROP TABLE IF EXISTS `products_outputs_details`;
CREATE TABLE `products_outputs_details` (
  `iD` int(11) NOT NULL,
  `ProductID` int(11) NOT NULL,
  `ProductOutputID` int(11) NOT NULL,
  `quantity` double DEFAULT NULL,
  `comments` text DEFAULT NULL
) ENGINE=InnoDB DEFAULT CHARSET=utf8 COLLATE=utf8_general_ci;



--
-- Triggers `products_outputs_details`
--
DROP TRIGGER IF EXISTS `u_s_a_product_out`;
DELIMITER $$
CREATE TRIGGER `u_s_a_product_out` AFTER INSERT ON `products_outputs_details` FOR EACH ROW BEGIN
SELECT WarehouseID INTO @WarehouseID
FROM products_outputs
WHERE products_outputs.iD = NEW.ProductOutputID
LIMIT 1;
CALL MinusQuantity(@WarehouseID, NEW.ProductID, NEW.quantity, -1);
END
$$
DELIMITER ;
DROP TRIGGER IF EXISTS `u_s_a_product_out_d`;
DELIMITER $$
CREATE TRIGGER `u_s_a_product_out_d` AFTER DELETE ON `products_outputs_details` FOR EACH ROW BEGIN
SELECT WarehouseID INTO @WarehouseID
FROM products_outputs
WHERE products_outputs.iD = OLD.ProductOutputID
LIMIT 1;
CALL PlusQuantity(@WarehouseID, OLD.ProductID, OLD.quantity, -1);
END
$$
DELIMITER ;
DROP TRIGGER IF EXISTS `u_s_a_product_out_e`;
DELIMITER $$
CREATE TRIGGER `u_s_a_product_out_e` AFTER UPDATE ON `products_outputs_details` FOR EACH ROW BEGIN
SELECT WarehouseID INTO @WarehouseID
FROM products_outputs
WHERE products_outputs.iD = NEW.ProductOutputID
LIMIT 1;
CALL MinusQuantity(
        @WarehouseID, NEW.ProductID, NEW.quantity, OLD.quantity
);
END
$$
DELIMITER ;

--
-- Dumping data for table `products_outputs_details`
--

INSERT  INTO `products_outputs_details` (`iD`, `ProductID`, `ProductOutputID`, `quantity`, `comments`) VALUES
(2, 1414, 2, 512, NULL),
(4, 1529, 4, 370, NULL),
(5, 1517, 5, 543, NULL),
(6, 1507, 6, 395, NULL),
(7, 1521, 7, 936, NULL),
(8, 1515, 7, 777, NULL),
(9, 1519, 7, 728, NULL),
(10, 1514, 7, 1630, NULL),
(11, 1518, 7, 582, NULL),
(12, 1520, 7, 621, NULL),
(13, 1518, 7, 585, NULL),
(14, 1519, 7, 1816, NULL),
(15, 1522, 7, 950, NULL),
(16, 1657, 8, 801, NULL),
(17, 1657, 8, 801, NULL),
(18, 1656, 8, 819, NULL),
(19, 1656, 8, 817, NULL),
(20, 1656, 8, 811, NULL),
(21, 1656, 8, 786, NULL),
(22, 1656, 8, 815, NULL),
(23, 1656, 8, 819, NULL),
(24, 1590, 9, 269, NULL),
(25, 1595, 9, 490, NULL),
(26, 1583, 9, 243, NULL),
(27, 1583, 9, 244, NULL),
(28, 1553, 9, 316, NULL),
(29, 1568, 9, 370, NULL),
(30, 1552, 9, 390, NULL),
(31, 1608, 9, 356, NULL),
(32, 1607, 9, 650, NULL),
(33, 1598, 10, 398, NULL),
(34, 1599, 10, 278, NULL),
(35, 1658, 10, 1141, NULL),
(36, 1619, 10, 327, NULL),
(37, 1576, 10, 300, NULL),
(38, 1633, 10, 211, NULL),
(39, 1632, 10, 183, NULL),
(40, 1586, 10, 468, NULL),
(41, 1516, 11, 2393, NULL),
(42, 1513, 12, 947, NULL),
(43, 1687, 13, 2623, NULL),
(44, 1683, 14, 2206, NULL),
(45, 1546, 15, 270, NULL),
(46, 1682, 16, 669, NULL),
(47, 1569, 17, 218, NULL),
(48, 1684, 18, 1588, NULL),
(49, 1503, 19, 287, NULL),
(50, 1505, 20, 336, NULL),
(51, 1530, 21, 372, NULL),
(52, 1680, 22, 1737, NULL),
(53, 1679, 23, 1213, NULL),
(54, 1681, 24, 1667, NULL),
(55, 1683, 25, 592, NULL),
(56, 1681, 26, 2234, NULL),
(57, 1683, 27, 2169, NULL),
(58, 1681, 28, 4749, NULL),
(59, 1681, 29, 1600, NULL),
(60, 1683, 30, 1500, NULL),
(61, 1540, 31, 301, NULL),
(62, 1540, 32, 301, NULL),
(71, 1504, 41, 654, NULL),
(74, 1684, 44, 1358, NULL),
(75, 1682, 45, 2491, NULL),
(76, 1681, 46, 855, NULL),
(77, 1514, 47, 1556, NULL),
(78, 1806, 48, 270, NULL),
(79, 1805, 48, 510, NULL),
(80, 1804, 48, 490, NULL),
(81, 1811, 49, 458, NULL),
(82, 1808, 49, 513, NULL),
(83, 1809, 49, 461, NULL),
(84, 1810, 49, 500, NULL),
(85, 1543, 50, 232, NULL),
(86, 1551, 50, 461, NULL),
(87, 1549, 50, 354, NULL),
(88, 1572, 50, 420, NULL),
(89, 1593, 50, 383, NULL),
(90, 1597, 50, 288, NULL),
(91, 1625, 50, 336, NULL),
(92, 1627, 50, 2691, NULL),
(93, 1655, 51, 575, NULL),
(94, 1611, 52, 375, NULL),
(95, 1616, 52, 541, NULL),
(96, 1685, 53, 1541, NULL),
(97, 1770, 54, 210, NULL),
(98, 1769, 54, 81, NULL),
(99, 1771, 54, 10, NULL),
(100, 1815, 55, 101, NULL),
(101, 1813, 55, 96, NULL),
(102, 1807, 55, 88, NULL),
(103, 1797, 55, 236, NULL),
(104, 1774, 55, 10, NULL),
(105, 1765, 55, 86, NULL),
(106, 1749, 55, 142, NULL),
(107, 1745, 55, 119, NULL),
(108, 1740, 55, 31, NULL),
(109, 1738, 55, 33, NULL),
(110, 1734, 55, 37, NULL),
(111, 1731, 55, 48, NULL),
(112, 1727, 55, 29, NULL),
(113, 1725, 55, 36, NULL),
(114, 1723, 55, 7, NULL),
(115, 1585, 56, 2, NULL),
(116, 1684, 57, 753, NULL),
(118, 1682, 59, 1816, NULL),
(119, 1512, 60, 555, NULL),
(121, 1684, 62, 2907, NULL),
(122, 1825, 63, 971, NULL),
(124, 1827, 65, 872, NULL),
(125, 1830, 66, 785, NULL),
(127, 1830, 68, 3246, NULL),
(128, 1828, 69, 1117, NULL),
(129, 1827, 70, 7631, NULL),
(130, 1825, 71, 2097, NULL),
(131, 1684, 72, 2365, NULL),
(132, 1828, 73, 1118, NULL),
(133, 1687, 74, 1693, NULL),
(134, 1825, 75, 518, NULL),
(135, 1825, 76, 528, NULL),
(136, 1825, 77, 509, NULL),
(144, 1830, 85, 2552, NULL),
(145, 1824, 86, 725, NULL),
(146, 1824, 87, 7326, NULL),
(147, 1825, 88, 3027, NULL),
(148, 1683, 89, 625, NULL),
(149, 1824, 90, 2801, NULL),
(150, 1819, 91, 4717, NULL),
(151, 1683, 92, 1315, NULL),
(152, 1828, 93, 7068, NULL),
(153, 1819, 94, 2450, NULL),
(154, 1824, 95, 3670, NULL),
(155, 1824, 96, 5760, NULL),
(156, 1581, 97, 500, NULL),
(157, 1582, 97, 501, NULL),
(158, 1587, 97, 323, NULL),
(159, 1850, 97, 3152, 'مخرج لمحمود قضماني طلب حركه ماده للتاكد'),
(160, 1852, 97, 995, 'مخرج لمحمود قضماني طلب حركه ماده للتاكد'),
(161, 1877, 97, 6415, 'مخرج لجابر شما طلب حركه ماده'),
(162, 1604, 98, 387, NULL),
(163, 1875, 99, 3027, NULL),
(164, 1824, 100, 2571, NULL),
(165, 1502, 101, 721, NULL),
(166, 1826, 102, 617, NULL),
(167, 1826, 103, 725, NULL),
(168, 1539, 104, 236, NULL),
(169, 1542, 105, 300, NULL),
(170, 1826, 106, 504, NULL),
(171, 1826, 107, 612, NULL),
(172, 1826, 108, 2560, NULL),
(174, 1536, 110, 269, NULL),
(175, 1918, 111, 809, NULL),
(176, 1919, 112, 2212, NULL),
(177, 1912, 113, 3526, NULL),
(178, 1405, 114, 1982, NULL),
(179, 1916, 115, 629, NULL),
(180, 1926, 116, 3104, NULL),
(181, 1922, 117, 2910, NULL),
(182, 1918, 118, 802, NULL),
(183, 1927, 119, 2947, NULL),
(184, 1909, 120, 510, NULL),
(185, 1919, 121, 721, NULL),
(186, 1924, 122, 554, NULL),
(187, 1918, 123, 594, NULL),
(188, 1918, 124, 1888, NULL),
(189, 1918, 125, 826, NULL),
(190, 1913, 126, 801, NULL),
(193, 1921, 129, 1611, NULL),
(194, 1909, 130, 1933, NULL),
(196, 1915, 132, 1398, NULL),
(197, 1913, 133, 6326, NULL),
(199, 1915, 135, 1495, NULL),
(200, 1920, 136, 1911, NULL),
(201, 1916, 137, 606, NULL),
(202, 1915, 138, 504, NULL),
(204, 1924, 140, 536, NULL),
(205, 1920, 141, 943, NULL),
(206, 1920, 142, 949, NULL),
(207, 1910, 143, 1697, NULL),
(208, 1912, 144, 2926, NULL),
(209, 1924, 145, 572, NULL),
(211, 1532, 147, 426, NULL),
(212, 1920, 148, 981, NULL),
(213, 1923, 149, 1081, NULL),
(214, 1910, 150, 560, NULL),
(215, 1919, 151, 2077, NULL),
(216, 1909, 152, 444, NULL),
(217, 1918, 152, 34, NULL),
(218, 1912, 153, 2, NULL),
(219, 1916, 154, 647, NULL),
(220, 1920, 155, 1043, NULL),
(221, 1916, 156, 540, NULL),
(222, 1923, 157, 1651, NULL),
(223, 1916, 158, 612, NULL),
(224, 1915, 159, 1489, NULL),
(225, 1921, 160, 1712, NULL),
(226, 1542, 161, 285, NULL),
(227, 1825, 162, 519, NULL),
(228, 1920, 163, 976, NULL),
(229, 1920, 164, 927, NULL),
(230, 1911, 165, 743, NULL),
(231, 1920, 166, 913, NULL),
(232, 1511, 167, 718, NULL),
(234, 1824, 169, 1927, NULL),
(235, 1917, 170, 4112, NULL),
(236, 1925, 171, 806, NULL),
(237, 1911, 172, 560, NULL),
(238, 1926, 173, 511, NULL),
(239, 1917, 174, 1341, NULL),
(240, 1914, 175, 2734, NULL),
(241, 1911, 176, 622, NULL),
(242, 1911, 177, 732, NULL),
(243, 1825, 178, 1045, NULL),
(244, 1914, 179, 844, NULL),
(246, 1911, 181, 730, NULL),
(247, 1925, 182, 807, NULL),
(248, 1925, 183, 1507, NULL),
(249, 1925, 184, 782, NULL),
(250, 1914, 185, 4593, NULL),
(252, 1542, 187, 588, NULL),
(253, 1921, 188, 2466, NULL),
(254, 1925, 189, 1598, NULL),
(255, 1916, 190, 640, NULL),
(257, 1922, 192, 1943, NULL),
(258, 1924, 193, 568, NULL),
(259, 1924, 194, 1672, NULL),
(262, 2065, 197, 1963, NULL),
(263, 2065, 198, 3926, NULL),
(264, 1921, 199, 781, NULL),
(265, 2085, 200, 1018, NULL),
(266, 2084, 201, 1070, NULL),
(267, 2084, 202, 1086, NULL),
(268, 2085, 203, 1016, NULL),
(269, 1402, 204, 88, 'ممكن فاتوره مو مسجله'),
(271, 2084, 206, 2116, NULL),
(272, 2119, 207, 2634, NULL),
(273, 2120, 208, 2647, NULL),
(274, 2119, 209, 2849, NULL),
(275, 2122, 210, 1259, NULL),
(276, 2121, 211, 2849, NULL),
(277, 2122, 212, 1317, NULL),
(278, 2119, 213, 1454, NULL),
(280, 2122, 215, 3675, NULL),
(281, 2123, 216, 2541, NULL),
(282, 2121, 217, 1355, NULL),
(283, 2121, 218, 13567, NULL),
(284, 2121, 219, 10864, NULL),
(285, 1538, 220, 373, NULL),
(286, 2122, 221, 1344, NULL),
(287, 2085, 222, 1016, NULL),
(288, 2121, 223, 2737, NULL),
(289, 2085, 224, 1016, NULL),
(290, 2122, 225, 1307, NULL),
(291, 2257, 226, 1450, NULL),
(292, 2269, 227, 1450, NULL),
(293, 2263, 228, 1450, NULL),
(294, 2267, 229, 1477, NULL),
(295, 2243, 230, 1658, NULL),
(296, 2264, 231, 1450, NULL),
(297, 2228, 232, 1630, NULL),
(298, 2278, 233, 1510, NULL),
(299, 2249, 234, 1000, NULL),
(300, 2251, 235, 1333, NULL),
(301, 2120, 236, 2578, NULL),
(302, 2252, 237, 1265, NULL),
(303, 2246, 238, 1086, NULL),
(304, 2224, 239, 414, NULL),
(305, 2250, 240, 765, NULL),
(306, 2232, 241, 1495, NULL),
(307, 2216, 242, 432, NULL),
(308, 2085, 243, 1062, NULL),
(309, 2270, 244, 1453, NULL),
(310, 2223, 245, 583, NULL),
(311, 2229, 246, 1607, NULL),
(312, 2260, 247, 1445, NULL),
(313, 2256, 248, 1445, NULL),
(314, 2255, 249, 1440, NULL),
(315, 2253, 250, 1, NULL),
(316, 2233, 251, 1, NULL),
(317, 2248, 252, 1782, NULL),
(318, 1913, 253, 785, NULL),
(319, 1913, 254, 834, NULL),
(320, 1911, 255, 665, NULL),
(321, 2242, 256, 1535, NULL),
(323, 2388, 258, 810, NULL),
(324, 1912, 259, 690, NULL),
(325, 1911, 260, 2463, NULL),
(326, 2272, 261, 2290, NULL),
(327, 2261, 262, 1448, NULL),
(328, 2262, 263, 1450, NULL),
(329, 2271, 264, 1452, NULL),
(330, 2266, 265, 1460, NULL),
(331, 2265, 266, 1452, NULL),
(332, 2364, 267, 807, NULL),
(333, 2241, 268, 2029, NULL),
(334, 2240, 269, 1205, NULL),
(335, 1911, 270, 634, NULL),
(336, 1913, 271, 923, NULL),
(337, 2230, 272, 1627, NULL),
(338, 1911, 273, 659, NULL),
(340, 1910, 275, 1721, NULL),
(341, 1910, 276, 547, NULL),
(342, 1910, 277, 2665, NULL),
(343, 1910, 278, 610, NULL),
(344, 2357, 279, 1084, NULL),
(345, 1910, 280, 547, NULL),
(346, 1910, 281, 517, NULL),
(347, 1910, 282, 1721, NULL),
(348, 1913, 283, 3721, NULL),
(349, 1910, 284, 538, NULL),
(350, 1910, 285, 538, NULL),
(351, 2391, 286, 1304, NULL),
(352, 2376, 287, 2126, NULL),
(353, 2273, 288, 1520, NULL),
(354, 2259, 289, 834, NULL),
(355, 2384, 290, 1522, NULL),
(356, 2387, 291, 2117, NULL),
(357, 2380, 292, 2334, NULL),
(359, 2191, 294, 1664, NULL),
(360, 1913, 295, 793, NULL),
(361, 1911, 296, 1236, NULL),
(362, 2215, 297, 1517, NULL),
(363, 2213, 298, 1005, NULL),
(364, 2254, 299, 1451, NULL),
(365, 2234, 300, 643, NULL),
(366, 2219, 301, 913, NULL),
(367, 2209, 302, 780, NULL),
(368, 2368, 303, 2594, NULL),
(369, 2208, 304, 459, NULL),
(370, 2214, 305, 1176, NULL),
(371, 2221, 306, 684, NULL),
(372, 1912, 307, 703, NULL),
(373, 1911, 308, 613, NULL),
(374, 1911, 309, 611, NULL),
(375, 2352, 310, 2626, NULL),
(376, 1913, 311, 754, NULL),
(377, 1912, 312, 1444, NULL),
(378, 2371, 313, 1773, NULL),
(379, 1912, 314, 1352, NULL),
(381, 2207, 316, 800, NULL),
(382, 1911, 317, 1211, NULL),
(383, 1912, 318, 1352, NULL),
(384, 1913, 319, 3111, NULL),
(385, 1912, 320, 2164, NULL),
(386, 1913, 321, 769, NULL),
(387, 1910, 322, 1144, NULL),
(388, 1912, 323, 712, NULL),
(389, 2205, 324, 860, NULL),
(391, 2222, 326, 412, NULL),
(392, 1912, 327, 737, NULL),
(393, 1911, 328, 1287, NULL),
(394, 2217, 329, 585, NULL),
(395, 1912, 330, 708, NULL),
(396, 2350, 331, 1422, NULL),
(397, 2204, 332, 2010, NULL),
(398, 2520, 333, 2090, NULL),
(399, 2378, 334, 2002, NULL),
(400, 2520, 335, 2090, NULL),
(401, 1912, 336, 2826, NULL),
(402, 2181, 337, 994, NULL),
(403, 1912, 338, 686, NULL),
(404, 2076, 339, 2816, NULL),
(405, 2355, 340, 2346, NULL),
(406, 2520, 341, 2070, NULL),
(407, 1912, 342, 2912, NULL),
(408, 2373, 343, 1469, NULL),
(409, 2520, 344, 2070, NULL),
(410, 2377, 345, 2551, NULL),
(411, 2393, 346, 2246, NULL),
(413, 2365, 348, 3194, NULL),
(414, 2372, 349, 1998, NULL),
(415, 2520, 350, 2090, NULL),
(416, 1911, 351, 626, NULL),
(417, 1913, 352, 876, NULL),
(418, 2575, 353, 650, NULL),
(419, 2566, 354, 636, NULL),
(420, 2604, 355, 668, NULL),
(421, 2582, 356, 643, NULL),
(422, 2723, 357, 2211, NULL),
(423, 1913, 358, 2980, NULL),
(424, 1913, 359, 2415, NULL),
(425, 2714, 360, 1039, NULL),
(426, 2733, 361, 1360, NULL),
(427, 2519, 362, 2070, NULL),
(428, 2173, 363, 1173, NULL),
(429, 1910, 364, 1037, NULL),
(430, 1910, 365, 530, NULL),
(432, 2720, 367, 2217, NULL),
(433, 2688, 368, 925, NULL),
(434, 2720, 369, 2217, NULL),
(435, 2710, 370, 890, NULL),
(436, 2386, 371, 2555, NULL),
(437, 2601, 372, 643, NULL),
(438, 2196, 373, 951, NULL),
(439, 2187, 374, 775, NULL),
(441, 2200, 376, 1205, NULL),
(442, 2174, 377, 1173, NULL),
(443, 2201, 378, 1209, NULL),
(444, 2202, 379, 1725, NULL),
(445, 1910, 380, 1597, NULL),
(446, 1911, 381, 1896, NULL),
(447, 2390, 382, 2987, NULL),
(448, 2358, 383, 2677, NULL),
(449, 2236, 384, 1500, NULL),
(450, 1910, 385, 600, NULL),
(451, 2600, 386, 649, NULL),
(452, 2382, 387, 1420, NULL),
(453, 2699, 388, 640, NULL),
(454, 2363, 389, 1421, NULL),
(455, 2678, 390, 751, NULL),
(456, 2677, 391, 758, NULL),
(459, 2247, 394, 1306, NULL),
(460, 2244, 395, 1745, NULL),
(461, 2739, 396, 1810, NULL),
(462, 2206, 397, 1516, NULL);

-- --------------------------------------------------------

--
-- Stand-in structure for view `products_prices`
-- (See below for the actual view)
--
DROP VIEW IF EXISTS `products_prices`;
CREATE TABLE `products_prices` (
`iD` int(11)
,`sellPrice` decimal(6,4)
,`purchasePrice` decimal(6,4)
);

-- --------------------------------------------------------

--
-- Stand-in structure for view `products_search_view`
-- (See below for the actual view)
--
DROP VIEW IF EXISTS `products_search_view`;
CREATE TABLE `products_search_view` (
`iD` int(11)
,`ParentID` int(11)
,`ProductTypeID` int(11)
,`CustomsDeclarationID` int(11)
,`Country_Manufacture_CompanyID` int(11)
,`SizeID` int(11)
,`GSMID` int(11)
,`GradeID` int(11)
,`QualityID` int(11)
,`date` datetime
,`sheets` int(11)
,`barcode` varchar(255)
,`fiberLines` varchar(10)
,`comments` text
,`status` enum('NONE','PENDING','RETURNED','WASTED')
,`GSM` smallint(6)
,`Grade` varchar(50)
,`Width` smallint(6)
,`Length` smallint(6)
,`Type` varchar(50)
,`Unit` enum('KG','Sheet','Ream')
,`Country` varchar(50)
,`Manufacture` varchar(50)
,`Quality` varchar(50)
,`ProductImage` text
,`CustomsNumber` varchar(200)
,`Warehouse` varchar(100)
,`WarehouseID` int(11)
);

-- --------------------------------------------------------

--
-- Table structure for table `products_types`
--

DROP TABLE IF EXISTS `products_types`;
CREATE TABLE `products_types` (
  `iD` int(11) NOT NULL,
  `GradeID` int(11) DEFAULT NULL,
  `name` varchar(50) NOT NULL,
  `unit` enum('KG','Sheet','Ream') NOT NULL DEFAULT 'KG',
  `sellPrice` decimal(6,4) NOT NULL,
  `purchasePrice` decimal(6,4) NOT NULL,
  `image` text DEFAULT NULL,
  `comments` text DEFAULT NULL
) ENGINE=InnoDB DEFAULT CHARSET=utf8 COLLATE=utf8_general_ci;

--
-- Dumping data for table `products_types`
--

INSERT  INTO `products_types` (`iD`, `GradeID`, `name`, `unit`, `sellPrice`, `purchasePrice`, `image`, `comments`) VALUES
(1, 1, 'MM', 'KG', 0.7750, 0.5900, 'mmLogo.png', NULL),
(9, NULL, 'SMITH DC', 'KG', 0.7500, 0.6550, 'smithDsLogo.png', NULL),
(11, NULL, 'sappi', 'KG', 2.6000, 0.7050, 'sappiLogo.png', 'وجهين كرفت حشوه سكري dsa'),
(12, NULL, 'sappi2', 'KG', 2.6000, 0.7050, 'sappiLogo.png', NULL),
(13, NULL, 'iHansol', 'KG', 0.7000, 0.5500, '6d12a92fe4291dfe19ec1531917f6ce3.jpg', 'رمادي'),
(19, NULL, 'LETTIO', 'Sheet', 0.2300, 0.1550, NULL, NULL),
(21, NULL, 'sappi pg', 'KG', 2.6000, 1.0400, 'a88b9d61cc0b25b4aedbe2fb554296ca.jpg', NULL),
(22, NULL, 'Sipco', 'KG', 2.5000, 0.8900, NULL, NULL),
(23, NULL, 'RDM', 'KG', 0.8500, 0.6800, '58d57bc02888b7f9d3eae24acfa74e10.jpg', NULL),
(24, 13, 'MM GT', 'KG', 0.8500, 0.7500, 'mmLogo.png', NULL),
(25, 14, 'MM GD', 'KG', 0.8900, 0.6900, 'mmLogo.png', NULL),
(26, 15, 'MM UC', 'KG', 1.2000, 0.8500, 'mmLogo.png', 'وجهين كرفت حشوه سكري'),
(27, 16, 'MM CKraft', 'KG', 1.2000, 0.8500, 'mmLogo.png', 'وجه ابيض خلف كرفت حشوه سكري'),
(28, 17, 'MM LIN', 'KG', 0.8900, 0.7500, 'mmLogo.png', 'رمادي رقايق'),
(29, 18, 'MM GC', 'KG', 1.7000, 0.8500, 'mmLogo.png', NULL),
(30, 19, 'MM GK', 'KG', 0.7000, 0.6900, 'mmLogo.png', 'غير مطلي'),
(31, NULL, 'قص رول ناشف', 'KG', 0.6250, 0.6000, NULL, NULL),
(32, NULL, 'قص رول', 'KG', 0.9000, 0.8000, NULL, NULL),
(33, NULL, 'ISP غذائي', 'KG', 1.0000, 0.7000, 'isp.png', NULL),
(34, 33, 'MM UC/GC2', 'KG', 1.2000, 0.7400, 'mmLogo.png', NULL),
(35, NULL, 'كرتون وجه رول', 'KG', 0.4000, 0.3000, NULL, NULL),
(36, NULL, 'image A4', 'KG', 1.6000, 1.2000, NULL, NULL),
(37, NULL, 'قص رول سكري', 'KG', 1.8000, 1.4000, NULL, NULL),
(38, NULL, 'SIL', 'KG', 2.5000, 0.6700, 'kruger.jpg', 'ورق سللوز ( ابيض كرفت + كرفت بني )'),
(39, NULL, 'MG Kraft', 'KG', 0.9500, 0.6550, 'kruger.jpg', 'ورق كرفت'),
(40, NULL, 'US', 'KG', 1.3000, 0.5800, NULL, NULL),
(41, NULL, 'TL (Test Liner)', 'KG', 2.5000, 1.0000, '6735a53e178d395eb3246008ed92bab7.jpg', 'ورق تيست لاينر لون بني  لصناعة الصناديق'),
(42, NULL, 'BILL', 'KG', 2.5000, 1.0000, 'c56f83091732d3a02cbdcda648ecc53d.jpg', NULL),
(43, NULL, 'لاصق ايراني', 'Ream', 42.0000, 31.0000, NULL, NULL),
(44, NULL, 'BILL MATT', 'KG', 2.5000, 1.1900, NULL, NULL),
(45, NULL, 'FLD', 'KG', 2.0000, 1.7500, NULL, NULL),
(46, NULL, 'IND', 'KG', 2.5000, 1.0000, NULL, NULL),
(47, NULL, 'IND FBB', 'KG', 2.6000, 1.0000, NULL, NULL),
(48, NULL, 'USN', 'KG', 2.5000, 1.0000, NULL, NULL),
(49, NULL, 'XTR', 'KG', 2.5000, 1.0000, 'kruger.jpg', NULL);

-- --------------------------------------------------------

--
-- Stand-in structure for view `products_unit_price`
-- (See below for the actual view)
--
DROP VIEW IF EXISTS `products_unit_price`;
CREATE TABLE `products_unit_price` (
`iD` int(11)
,`unitPrice` decimal(10,8)
);

-- --------------------------------------------------------

--
-- Stand-in structure for view `products_web_view`
-- (See below for the actual view)
--
DROP VIEW IF EXISTS `products_web_view`;
CREATE TABLE `products_web_view` (
`Warehouse` varchar(100)
,`WarehouseID` int(11)
,`iD` int(11)
,`Barcode` varchar(255)
,`Description` varchar(152)
,`Origin` varchar(101)
,`Size` varchar(15)
,`GSM` smallint(6)
,`Grain` varchar(10)
,`Sheets` int(11)
,`Quantity` double
,`CustomsNumber` varchar(200)
,`CustomsBarcode` varchar(202)
,`Status` enum('NONE','PENDING','RETURNED','WASTED')
);

-- --------------------------------------------------------

--
-- Stand-in structure for view `products_web_view_reels`
-- (See below for the actual view)
--
DROP VIEW IF EXISTS `products_web_view_reels`;
CREATE TABLE `products_web_view_reels` (
`Warehouse` varchar(100)
,`iD` int(11)
,`Barcode` varchar(255)
,`Description` varchar(152)
,`Origin` varchar(101)
,`Size` varchar(15)
,`GSM` smallint(6)
,`Grain` varchar(10)
,`Sheets` int(11)
,`Quantity` double
,`CustomsNumber` varchar(200)
,`CustomsBarcode` varchar(202)
,`Status` enum('NONE','PENDING','RETURNED','WASTED')
);

-- --------------------------------------------------------

--
-- Stand-in structure for view `profits_cut_requests_products`
-- (See below for the actual view)
--
DROP VIEW IF EXISTS `profits_cut_requests_products`;
CREATE TABLE `profits_cut_requests_products` (
`cutRequestQuantity` double
,`inputQuantity` double(20,3)
,`resultQuantity` double
,`totalPrice` double
,`CutRequestID` int(11)
,`date` datetime
);

-- --------------------------------------------------------

--
-- Stand-in structure for view `profits_orders`
-- (See below for the actual view)
--
DROP VIEW IF EXISTS `profits_orders`;
CREATE TABLE `profits_orders` (
`DATE` datetime
,`CustomerID` int(11)
,`OrderID` int(11)
,`EmployeeID` int(11)
,`quantity` double(19,2)
,`orderPrice` double(19,2)
,`purchasesPrice` double(19,2)
,`total` double(19,2)
);

-- --------------------------------------------------------

--
-- Table structure for table `purchases`
--

DROP TABLE IF EXISTS `purchases`;
CREATE TABLE `purchases` (
  `iD` int(11) NOT NULL,
  `EmployeeID` int(11) NOT NULL,
  `CargoTransID` int(11) DEFAULT NULL,
  `CustomerID` int(11) DEFAULT NULL,
  `date` datetime NOT NULL DEFAULT current_timestamp(),
  `billNo` varchar(255) DEFAULT NULL,
  `comments` text DEFAULT NULL
) ENGINE=InnoDB DEFAULT CHARSET=utf8 COLLATE=utf8_general_ci;

--
-- Dumping data for table `purchases`
--

INSERT  INTO `purchases` (`iD`, `EmployeeID`, `CargoTransID`, `CustomerID`, `date`, `billNo`, `comments`) VALUES
(33, 1, NULL, 926, '2021-07-31 12:41:41', NULL, NULL),
(35, 1, NULL, 932, '2021-08-19 10:44:39', NULL, NULL),
(36, 1, NULL, 932, '2021-08-21 10:05:53', NULL, NULL),
(37, 1, NULL, 932, '2021-08-30 10:53:56', NULL, NULL),
(40, 1, NULL, 932, '2021-09-14 10:05:49', NULL, NULL),
(41, 1, NULL, 932, '2021-09-20 10:08:05', NULL, NULL),
(42, 1, NULL, 932, '2021-09-22 09:54:45', NULL, NULL),
(43, 4, NULL, 962, '2021-09-22 11:35:22', NULL, NULL),
(44, 1, NULL, 932, '2021-09-01 10:43:54', NULL, NULL),
(45, 1, NULL, 932, '2021-09-26 14:04:45', NULL, NULL),
(46, 1, NULL, 932, '2021-09-26 15:15:28', NULL, NULL),
(47, 1, NULL, 932, '2021-09-30 12:33:27', NULL, NULL),
(48, 1, NULL, 932, '2021-09-01 10:15:47', NULL, NULL),
(49, 1, NULL, 1017, '2021-10-07 09:51:11', NULL, NULL),
(50, 1, NULL, 999, '2021-10-01 14:21:02', NULL, NULL),
(51, 1, NULL, 932, '2021-10-10 13:17:14', NULL, NULL),
(52, 1, NULL, 959, '2021-10-19 11:15:56', NULL, NULL),
(53, 1, NULL, 932, '2021-10-23 10:22:50', NULL, NULL),
(54, 1, NULL, 937, '2021-10-30 10:01:59', NULL, NULL),
(55, 4, NULL, 932, '2021-11-14 01:20:25', NULL, NULL),
(56, 1, NULL, 932, '2021-11-30 14:21:17', NULL, NULL),
(57, 4, NULL, 932, '2021-12-16 12:43:09', NULL, NULL),
(58, 4, NULL, 932, '2021-12-19 10:46:57', NULL, NULL),
(59, 1, NULL, 932, '2021-12-19 12:15:40', NULL, 'تريلا رقم 2'),
(60, 1, NULL, 932, '2021-12-21 01:35:51', NULL, 'تريلا رقم 1'),
(61, 1, NULL, 932, '2021-12-21 01:37:00', NULL, 'تريلا رقم 3'),
(62, 1, NULL, 932, '2021-12-21 01:38:26', NULL, 'تريلا رقم 4'),
(63, 1, NULL, 932, '2021-12-21 01:39:07', NULL, 'تريلا رقم 5'),
(64, 16, NULL, 932, '2022-01-17 11:39:20', NULL, NULL),
(65, 1, NULL, 932, '2022-01-24 03:09:27', NULL, NULL),
(66, 1, NULL, 932, '2022-02-03 12:46:27', NULL, NULL),
(67, 1, NULL, 932, '2022-02-03 01:03:46', NULL, NULL),
(69, 1, NULL, 932, '2022-02-08 01:28:57', NULL, NULL),
(71, 1, NULL, 966, '2022-02-16 02:18:08', NULL, NULL),
(72, 1, NULL, 932, '2022-02-20 11:34:19', NULL, NULL),
(73, 1, NULL, 932, '2022-02-21 12:40:57', NULL, NULL),
(74, 1, NULL, 932, '2022-02-23 10:02:58', NULL, NULL),
(75, 1, NULL, 932, '2022-02-23 02:34:35', NULL, NULL),
(76, 1, NULL, 932, '2022-03-14 12:30:58', NULL, NULL),
(77, 1, NULL, 932, '2022-03-26 01:21:11', NULL, NULL),
(78, 1, NULL, 932, '2022-04-09 15:03:58', NULL, NULL),
(80, 1, NULL, 932, '2022-04-11 03:36:22', NULL, NULL),
(81, 1, NULL, 932, '2022-04-14 01:57:49', NULL, NULL),
(82, 1, NULL, 932, '2022-07-03 01:53:23', NULL, NULL),
(83, 1, NULL, 932, '2022-09-03 02:12:39', NULL, NULL),
(84, 1, NULL, 932, '2022-09-03 02:15:17', NULL, NULL),
(85, 1, NULL, 932, '2022-09-06 02:26:23', NULL, NULL),
(86, 1, NULL, 932, '2022-10-23 11:29:24', NULL, NULL);

-- --------------------------------------------------------

--
-- Table structure for table `purchases_details`
--

DROP TABLE IF EXISTS `purchases_details`;
CREATE TABLE `purchases_details` (
  `iD` int(11) NOT NULL,
  `PurchaseID` int(11) NOT NULL,
  `ProductID` int(11) NOT NULL,
  `WarehouseID` int(11) NOT NULL,
  `unitPrice` decimal(6,4) NOT NULL,
  `price` decimal(11,2) NOT NULL,
  `quantity` double NOT NULL,
  `discount` decimal(11,4) NOT NULL DEFAULT 0.0000,
  `comments` text DEFAULT NULL
) ENGINE=InnoDB DEFAULT CHARSET=utf8 COLLATE=utf8_general_ci;


--
-- Triggers `purchases_details`
--
DROP TRIGGER IF EXISTS `u_s_a_purchases`;
DELIMITER $$
CREATE TRIGGER `u_s_a_purchases` AFTER INSERT ON `purchases_details` FOR EACH ROW BEGIN
CALL  PlusQuantity(NEW.WarehouseID,NEW.ProductID,NEW.quantity,-1);
END
$$
DELIMITER ;
DROP TRIGGER IF EXISTS `u_s_a_purchases_d`;
DELIMITER $$
CREATE TRIGGER `u_s_a_purchases_d` AFTER DELETE ON `purchases_details` FOR EACH ROW BEGIN
CALL  MinusQuantity(OLD.WarehouseID,OLD.ProductID,OLD.quantity,-1);
END
$$
DELIMITER ;
DROP TRIGGER IF EXISTS `u_s_a_purchases_e`;
DELIMITER $$
CREATE TRIGGER `u_s_a_purchases_e` AFTER UPDATE ON `purchases_details` FOR EACH ROW BEGIN
IF OLD.WarehouseID <> NEW.WarehouseID OR OLD.ProductID <> NEW.ProductID THEN CALL MinusQuantity(OLD.WarehouseID,OLD.ProductID,OLD.quantity,-1);CALL PlusQuantity(NEW.WarehouseID,NEW.ProductID,NEW.quantity,-1);
ELSE
CALL  PlusQuantity(NEW.WarehouseID,NEW.ProductID,NEW.quantity,OLD.quantity);
END IF;
END
$$
DELIMITER ;

--
-- Dumping data for table `purchases_details`
--

INSERT  INTO `purchases_details` (`iD`, `PurchaseID`, `ProductID`, `WarehouseID`, `unitPrice`, `price`, `quantity`, `discount`, `comments`) VALUES
(2431, 35, 1414, 1, 0.6450, 3305.63, 5125, 0.0000, NULL),
(2432, 35, 1415, 1, 0.6450, 325.73, 505, 0.0000, NULL),
(2433, 35, 1415, 1, 0.6450, 328.31, 509, 0.0000, NULL),
(2434, 35, 1415, 1, 0.6450, 321.86, 499, 0.0000, NULL),
(2435, 35, 1415, 1, 0.6450, 341.21, 529, 0.0000, NULL),
(2436, 35, 1415, 1, 0.6450, 332.82, 516, 0.0000, NULL),
(2437, 35, 1416, 1, 0.6450, 312.18, 484, 0.0000, NULL),
(2438, 35, 1416, 1, 0.6450, 352.17, 546, 0.0000, NULL),
(2439, 35, 1416, 1, 0.6450, 347.01, 538, 0.0000, NULL),
(2440, 35, 1415, 1, 0.6450, 325.08, 504, 0.0000, NULL),
(2441, 35, 1415, 1, 0.6450, 336.05, 521, 0.0000, NULL),
(2442, 35, 1415, 1, 0.6450, 327.02, 507, 0.0000, NULL),
(2443, 35, 1415, 1, 0.6450, 334.76, 519, 0.0000, NULL),
(2444, 35, 1416, 1, 0.6450, 357.98, 555, 0.0000, NULL),
(2445, 35, 1416, 1, 0.6450, 357.33, 554, 0.0000, NULL),
(2446, 35, 1415, 1, 0.6450, 342.50, 531, 0.0000, NULL),
(2447, 35, 1416, 1, 0.6450, 347.01, 538, 0.0000, NULL),
(2448, 35, 1415, 1, 0.6450, 334.76, 519, 0.0000, NULL),
(2449, 35, 1415, 1, 0.6450, 339.27, 526, 0.0000, NULL),
(2450, 35, 1415, 1, 0.6450, 340.56, 528, 0.0000, NULL),
(2451, 35, 1415, 1, 0.6450, 338.63, 525, 0.0000, NULL),
(2452, 35, 1417, 1, 0.6450, 372.81, 578, 0.0000, NULL),
(2453, 35, 1417, 1, 0.6450, 363.78, 564, 0.0000, NULL),
(2454, 35, 1418, 1, 0.6450, 341.85, 530, 0.0000, NULL),
(2455, 35, 1418, 1, 0.6450, 352.17, 546, 0.0000, NULL),
(2456, 35, 1418, 1, 0.6450, 367.01, 569, 0.0000, NULL),
(2457, 35, 1418, 1, 0.6450, 349.59, 542, 0.0000, NULL),
(2458, 35, 1418, 1, 0.6450, 342.50, 531, 0.0000, NULL),
(2459, 35, 1418, 1, 0.6450, 355.40, 551, 0.0000, NULL),
(2460, 35, 1419, 1, 0.6450, 321.21, 498, 0.0000, NULL),
(2461, 35, 1419, 1, 0.6450, 336.69, 522, 0.0000, NULL),
(2462, 35, 1419, 1, 0.6450, 335.40, 520, 0.0000, NULL),
(2463, 35, 1419, 1, 0.6450, 348.30, 540, 0.0000, NULL),
(2464, 35, 1419, 1, 0.6450, 330.24, 512, 0.0000, NULL),
(2465, 35, 1419, 1, 0.6450, 339.27, 526, 0.0000, NULL),
(2466, 35, 1418, 1, 0.6450, 352.82, 547, 0.0000, NULL),
(2467, 35, 1419, 1, 0.6450, 338.63, 525, 0.0000, NULL),
(2468, 35, 1419, 1, 0.6450, 331.53, 514, 0.0000, NULL),
(2469, 35, 1419, 1, 0.6450, 324.44, 503, 0.0000, NULL),
(2470, 35, 1419, 1, 0.6450, 334.11, 518, 0.0000, NULL),
(2471, 35, 1420, 1, 0.6450, 181.25, 281, 0.0000, NULL),
(2472, 35, 1419, 1, 0.6450, 328.31, 509, 0.0000, NULL),
(2473, 35, 1418, 1, 0.6450, 348.30, 540, 0.0000, NULL),
(2474, 35, 1419, 1, 0.6450, 328.31, 509, 0.0000, NULL),
(2475, 35, 1419, 1, 0.6450, 316.05, 490, 0.0000, NULL),
(2476, 35, 1419, 1, 0.6450, 341.21, 529, 0.0000, NULL),
(2477, 35, 1421, 1, 0.6450, 354.75, 550, 0.0000, NULL),
(2478, 35, 1419, 1, 0.6450, 330.89, 513, 0.0000, NULL),
(2479, 35, 1419, 1, 0.6450, 328.95, 510, 0.0000, NULL),
(2480, 35, 1421, 1, 0.6450, 341.21, 529, 0.0000, NULL),
(2481, 35, 1419, 1, 0.6450, 333.47, 517, 0.0000, NULL),
(2482, 35, 1419, 1, 0.6450, 341.85, 530, 0.0000, NULL),
(2483, 35, 1421, 1, 0.6450, 332.82, 516, 0.0000, NULL),
(2484, 35, 1421, 1, 0.6450, 347.01, 538, 0.0000, NULL),
(2485, 35, 1420, 1, 0.6450, 336.69, 522, 0.0000, NULL),
(2486, 35, 1419, 1, 0.6450, 329.60, 511, 0.0000, NULL),
(2487, 35, 1421, 1, 0.6450, 324.44, 503, 0.0000, NULL),
(2488, 35, 1421, 1, 0.6450, 348.95, 541, 0.0000, NULL),
(2489, 35, 1418, 1, 0.6450, 346.37, 537, 0.0000, NULL),
(2490, 35, 1418, 1, 0.6450, 367.65, 570, 0.0000, NULL),
(2491, 36, 1422, 1, 0.6800, 316.20, 465, 0.0000, NULL),
(2492, 36, 1423, 1, 0.6800, 365.16, 537, 0.0000, NULL),
(2493, 36, 1423, 1, 0.6800, 369.92, 544, 0.0000, NULL),
(2494, 36, 1423, 1, 0.6800, 355.64, 523, 0.0000, NULL),
(2495, 36, 1423, 1, 0.6800, 354.96, 522, 0.0000, NULL),
(2496, 36, 1423, 1, 0.6800, 370.60, 545, 0.0000, NULL),
(2497, 36, 1423, 1, 0.6800, 361.76, 532, 0.0000, NULL),
(2498, 36, 1423, 1, 0.6800, 365.84, 538, 0.0000, NULL),
(2499, 36, 1423, 1, 0.6800, 359.72, 529, 0.0000, NULL),
(2500, 36, 1423, 1, 0.6800, 362.44, 533, 0.0000, NULL),
(2501, 36, 1423, 1, 0.6800, 364.48, 536, 0.0000, NULL),
(2502, 36, 1422, 1, 0.6800, 312.12, 459, 0.0000, NULL),
(2503, 36, 1422, 1, 0.6800, 349.52, 514, 0.0000, NULL),
(2504, 36, 1423, 1, 0.6800, 367.20, 540, 0.0000, NULL),
(2505, 36, 1422, 1, 0.6800, 349.52, 514, 0.0000, NULL),
(2506, 36, 1422, 1, 0.6800, 316.88, 466, 0.0000, NULL),
(2507, 36, 1422, 1, 0.6800, 323.00, 475, 0.0000, NULL),
(2508, 36, 1422, 1, 0.6800, 352.92, 519, 0.0000, NULL),
(2509, 36, 1422, 1, 0.6800, 351.56, 517, 0.0000, NULL),
(2510, 36, 1422, 1, 0.6800, 323.68, 476, 0.0000, NULL),
(2511, 36, 1423, 1, 0.6800, 362.44, 533, 0.0000, NULL),
(2512, 36, 1423, 1, 0.6800, 361.76, 532, 0.0000, NULL),
(2513, 36, 1423, 1, 0.6800, 361.08, 531, 0.0000, NULL),
(2514, 36, 1423, 1, 0.6800, 369.24, 543, 0.0000, NULL),
(2515, 36, 1423, 1, 0.6800, 363.80, 535, 0.0000, NULL),
(2516, 36, 1423, 1, 0.6800, 362.44, 533, 0.0000, NULL),
(2517, 36, 1423, 1, 0.6800, 357.00, 525, 0.0000, NULL),
(2518, 36, 1422, 1, 0.6800, 356.32, 524, 0.0000, NULL),
(2519, 36, 1423, 1, 0.6800, 363.80, 535, 0.0000, NULL),
(2520, 36, 1423, 1, 0.6800, 362.44, 533, 0.0000, NULL),
(2521, 36, 1423, 1, 0.6800, 360.40, 530, 0.0000, NULL),
(2522, 36, 1424, 1, 0.6800, 429.76, 632, 0.0000, NULL),
(2523, 36, 1422, 1, 0.6800, 352.92, 519, 0.0000, NULL),
(2524, 36, 1422, 1, 0.6800, 318.24, 468, 0.0000, NULL),
(2525, 36, 1423, 1, 0.6800, 291.72, 429, 0.0000, NULL),
(2526, 36, 1423, 1, 0.6800, 356.32, 524, 0.0000, NULL),
(2527, 36, 1423, 1, 0.6800, 357.00, 525, 0.0000, NULL),
(2528, 36, 1423, 1, 0.6800, 356.32, 524, 0.0000, NULL),
(2529, 36, 1423, 1, 0.6800, 356.32, 524, 0.0000, NULL),
(2530, 36, 1423, 1, 0.6800, 362.44, 533, 0.0000, NULL),
(2531, 36, 1423, 1, 0.6800, 363.80, 535, 0.0000, NULL),
(2532, 36, 1423, 1, 0.6800, 365.16, 537, 0.0000, NULL),
(2533, 36, 1423, 1, 0.6800, 363.80, 535, 0.0000, NULL),
(2534, 36, 1423, 1, 0.6800, 367.88, 541, 0.0000, NULL),
(2535, 36, 1422, 1, 0.6800, 352.92, 519, 0.0000, NULL),
(2536, 36, 1422, 1, 0.6800, 356.32, 524, 0.0000, NULL),
(2537, 36, 1425, 1, 0.6800, 459.00, 675, 0.0000, NULL),
(2538, 36, 1423, 1, 0.6800, 368.56, 542, 0.0000, NULL),
(2539, 36, 1425, 1, 0.6800, 444.04, 653, 0.0000, NULL),
(2540, 36, 1423, 1, 0.6800, 361.08, 531, 0.0000, NULL),
(2541, 36, 1426, 1, 0.6800, 390.32, 574, 0.0000, NULL),
(2542, 36, 1426, 1, 0.6800, 419.56, 617, 0.0000, NULL),
(2543, 36, 1426, 1, 0.6800, 389.64, 573, 0.0000, NULL),
(2544, 36, 1426, 1, 0.6800, 397.12, 584, 0.0000, NULL),
(2545, 36, 1424, 1, 0.6800, 380.12, 559, 0.0000, NULL),
(2546, 36, 1424, 1, 0.6800, 394.40, 580, 0.0000, NULL),
(2547, 36, 1423, 1, 0.6800, 353.60, 520, 0.0000, NULL),
(2548, 36, 1423, 1, 0.6800, 337.96, 497, 0.0000, NULL),
(2549, 36, 1423, 1, 0.6800, 342.04, 503, 0.0000, NULL),
(2550, 36, 1423, 1, 0.6800, 344.08, 506, 0.0000, NULL),
(2551, 36, 1423, 1, 0.6800, 339.32, 499, 0.0000, NULL),
(2552, 36, 1423, 1, 0.6800, 343.40, 505, 0.0000, NULL),
(2553, 36, 1423, 1, 0.6800, 344.08, 506, 0.0000, NULL),
(2554, 36, 1423, 1, 0.6800, 342.72, 504, 0.0000, NULL),
(2555, 36, 1423, 1, 0.6800, 374.68, 551, 0.0000, NULL),
(2556, 36, 1423, 1, 0.6800, 371.96, 547, 0.0000, NULL),
(2557, 36, 1423, 1, 0.6800, 375.36, 552, 0.0000, NULL),
(2558, 36, 1423, 1, 0.6800, 374.68, 551, 0.0000, NULL),
(2559, 36, 1424, 1, 0.6800, 426.36, 627, 0.0000, NULL),
(2560, 36, 1423, 1, 0.6800, 371.28, 546, 0.0000, NULL),
(2561, 36, 1424, 1, 0.6800, 415.48, 611, 0.0000, NULL),
(2562, 36, 1423, 1, 0.6800, 366.52, 539, 0.0000, NULL),
(2563, 36, 1423, 1, 0.6800, 368.56, 542, 0.0000, NULL),
(2564, 36, 1423, 1, 0.6800, 344.76, 507, 0.0000, NULL),
(2565, 36, 1423, 1, 0.6800, 342.04, 503, 0.0000, NULL),
(2566, 36, 1423, 1, 0.6800, 351.56, 517, 0.0000, NULL),
(2567, 36, 1423, 1, 0.6800, 351.56, 517, 0.0000, NULL),
(2568, 36, 1424, 1, 0.6800, 397.12, 584, 0.0000, NULL),
(2569, 36, 1424, 1, 0.6800, 393.72, 579, 0.0000, NULL),
(2570, 36, 1424, 1, 0.6800, 420.24, 618, 0.0000, NULL),
(2571, 36, 1424, 1, 0.6800, 376.04, 553, 0.0000, NULL),
(2572, 36, 1424, 1, 0.6800, 286.96, 422, 0.0000, NULL),
(2573, 36, 1424, 1, 0.6800, 376.72, 554, 0.0000, NULL),
(2574, 36, 1423, 1, 0.6800, 365.16, 537, 0.0000, NULL),
(2575, 36, 1423, 1, 0.6800, 376.72, 554, 0.0000, NULL),
(2576, 36, 1423, 1, 0.6800, 374.68, 551, 0.0000, NULL),
(2577, 36, 1424, 1, 0.6800, 420.92, 619, 0.0000, NULL),
(2578, 36, 1424, 1, 0.6800, 416.84, 613, 0.0000, NULL),
(2579, 36, 1423, 1, 0.6800, 367.88, 541, 0.0000, NULL),
(2580, 37, 1431, 2, 1.0400, 1600.56, 1539, 0.0000, NULL),
(2581, 37, 1432, 2, 1.0400, 578.24, 556, 0.0000, NULL),
(2582, 37, 1433, 2, 1.0400, 484.64, 466, 0.0000, NULL),
(2583, 37, 1434, 2, 1.0400, 482.56, 464, 0.0000, NULL),
(2584, 37, 1434, 2, 1.0400, 485.68, 467, 0.0000, NULL),
(2585, 37, 1434, 2, 1.0400, 480.48, 462, 0.0000, NULL),
(2586, 37, 1434, 2, 1.0400, 482.56, 464, 0.0000, NULL),
(2587, 37, 1434, 2, 1.0400, 484.64, 466, 0.0000, NULL),
(2588, 37, 1434, 2, 1.0400, 482.56, 464, 0.0000, NULL),
(2589, 37, 1434, 2, 1.0400, 484.64, 466, 0.0000, NULL),
(2590, 37, 1434, 2, 1.0400, 482.56, 464, 0.0000, NULL),
(2591, 37, 1435, 2, 1.0400, 523.12, 503, 0.0000, NULL),
(2592, 37, 1436, 2, 1.0400, 483.60, 465, 0.0000, NULL),
(2593, 37, 1437, 2, 1.0400, 522.08, 502, 0.0000, NULL),
(2594, 37, 1438, 2, 1.0400, 520.00, 500, 0.0000, NULL),
(2595, 37, 1438, 2, 1.0400, 523.12, 503, 0.0000, NULL),
(2596, 37, 1439, 2, 1.0400, 714.48, 687, 0.0000, NULL),
(2597, 37, 1439, 2, 1.0400, 714.48, 687, 0.0000, NULL),
(2598, 37, 1439, 2, 1.0400, 714.48, 687, 0.0000, NULL),
(2599, 37, 1440, 2, 1.0400, 506.48, 487, 0.0000, NULL),
(2600, 37, 1441, 2, 1.0400, 449.28, 432, 0.0000, NULL),
(2601, 37, 1442, 2, 1.0400, 636.48, 612, 0.0000, NULL),
(2602, 37, 1443, 2, 1.0400, 863.20, 830, 0.0000, NULL),
(2603, 37, 1443, 2, 1.0400, 858.00, 825, 0.0000, NULL),
(2604, 37, 1443, 2, 1.0400, 858.00, 825, 0.0000, NULL),
(2605, 37, 1443, 2, 1.0400, 860.08, 827, 0.0000, NULL),
(2606, 37, 1444, 2, 1.0400, 255.84, 246, 0.0000, NULL),
(2607, 37, 1445, 2, 1.0400, 466.96, 449, 0.0000, NULL),
(2608, 37, 1446, 2, 1.0400, 688.48, 662, 0.0000, NULL),
(2609, 37, 1446, 2, 1.0400, 544.96, 524, 0.0000, NULL),
(2610, 37, 1446, 2, 1.0400, 694.72, 668, 0.0000, NULL),
(2611, 37, 1446, 2, 1.0400, 413.92, 398, 0.0000, NULL),
(2612, 37, 1446, 2, 1.0400, 417.04, 401, 0.0000, NULL),
(2613, 37, 1447, 2, 1.0400, 491.92, 473, 0.0000, NULL),
(2614, 37, 1446, 2, 1.0400, 417.04, 401, 0.0000, NULL),
(2615, 37, 1446, 2, 1.0400, 245.44, 236, 0.0000, NULL),
(2616, 37, 1447, 2, 1.0400, 489.84, 471, 0.0000, NULL),
(2617, 37, 1448, 2, 1.0400, 526.24, 506, 0.0000, NULL),
(2618, 37, 1448, 2, 1.0400, 682.24, 656, 0.0000, NULL),
(2619, 37, 1448, 2, 1.0400, 534.56, 514, 0.0000, NULL),
(2620, 37, 1448, 2, 1.0400, 522.08, 502, 0.0000, NULL),
(2621, 37, 1448, 2, 1.0400, 534.56, 514, 0.0000, NULL),
(2622, 37, 1448, 2, 1.0400, 524.16, 504, 0.0000, NULL),
(2623, 37, 1448, 2, 1.0400, 531.44, 511, 0.0000, NULL),
(2624, 37, 1448, 2, 1.0400, 530.40, 510, 0.0000, NULL),
(2625, 37, 1448, 2, 1.0400, 534.56, 514, 0.0000, NULL),
(2626, 37, 1448, 2, 1.0400, 524.16, 504, 0.0000, NULL),
(2627, 37, 1449, 2, 1.0400, 644.80, 620, 0.0000, NULL),
(2628, 37, 1449, 2, 1.0400, 644.80, 620, 0.0000, NULL),
(2629, 37, 1449, 2, 1.0400, 642.72, 618, 0.0000, NULL),
(2630, 37, 1450, 2, 1.0400, 484.64, 466, 0.0000, NULL),
(2631, 37, 1450, 2, 1.0400, 483.60, 465, 0.0000, NULL),
(2632, 37, 1450, 2, 1.0400, 485.68, 467, 0.0000, NULL),
(2633, 37, 1450, 2, 1.0400, 486.72, 468, 0.0000, NULL),
(2634, 37, 1450, 2, 1.0400, 485.68, 467, 0.0000, NULL),
(2635, 37, 1450, 2, 1.0400, 483.60, 465, 0.0000, NULL),
(2636, 37, 1450, 2, 1.0400, 483.60, 465, 0.0000, NULL),
(2637, 37, 1450, 2, 1.0400, 486.72, 468, 0.0000, NULL),
(2638, 37, 1450, 2, 1.0400, 484.64, 466, 0.0000, NULL),
(2639, 37, 1450, 2, 1.0400, 368.16, 354, 0.0000, NULL),
(2640, 37, 1451, 2, 1.0400, 486.72, 468, 0.0000, NULL),
(2641, 37, 1452, 2, 1.0400, 483.60, 465, 0.0000, NULL),
(2642, 37, 1450, 2, 1.0400, 487.76, 469, 0.0000, NULL),
(2643, 37, 1450, 2, 1.0400, 244.40, 235, 0.0000, NULL),
(2644, 37, 1450, 2, 1.0400, 245.44, 236, 0.0000, NULL),
(2645, 37, 1450, 2, 1.0400, 246.48, 237, 0.0000, NULL),
(2646, 37, 1450, 2, 1.0400, 244.40, 235, 0.0000, NULL),
(2647, 37, 1450, 2, 1.0400, 243.36, 234, 0.0000, NULL),
(2648, 37, 1450, 2, 1.0400, 247.52, 238, 0.0000, NULL),
(2649, 37, 1450, 2, 1.0400, 245.44, 236, 0.0000, NULL),
(2650, 37, 1450, 2, 1.0400, 246.48, 237, 0.0000, NULL),
(2651, 37, 1450, 2, 1.0400, 245.44, 236, 0.0000, NULL),
(2652, 37, 1450, 2, 1.0400, 246.48, 237, 0.0000, NULL),
(2653, 37, 1450, 2, 1.0400, 246.48, 237, 0.0000, NULL),
(2654, 37, 1450, 2, 1.0400, 246.48, 237, 0.0000, NULL),
(2655, 37, 1450, 2, 1.0400, 246.48, 237, 0.0000, NULL),
(2656, 37, 1450, 2, 1.0400, 245.44, 236, 0.0000, NULL),
(2657, 37, 1450, 2, 1.0400, 245.44, 236, 0.0000, NULL),
(2658, 37, 1450, 2, 1.0400, 244.40, 235, 0.0000, NULL),
(2659, 37, 1450, 2, 1.0400, 246.48, 237, 0.0000, NULL),
(2660, 37, 1450, 2, 1.0400, 246.48, 237, 0.0000, NULL),
(2661, 37, 1450, 2, 1.0400, 235.04, 226, 0.0000, NULL),
(2662, 37, 1450, 2, 1.0400, 234.00, 225, 0.0000, NULL),
(2663, 37, 1450, 2, 1.0400, 245.44, 236, 0.0000, NULL),
(2664, 37, 1450, 2, 1.0400, 247.52, 238, 0.0000, NULL),
(2665, 37, 1450, 2, 1.0400, 673.92, 648, 0.0000, NULL),
(2666, 37, 1450, 2, 1.0400, 665.60, 640, 0.0000, NULL),
(2667, 37, 1450, 2, 1.0400, 247.52, 238, 0.0000, NULL),
(2668, 37, 1450, 2, 1.0400, 243.36, 234, 0.0000, NULL),
(2669, 37, 1450, 2, 1.0400, 239.20, 230, 0.0000, NULL),
(2670, 37, 1450, 2, 1.0400, 239.20, 230, 0.0000, NULL),
(2671, 37, 1450, 2, 1.0400, 246.48, 237, 0.0000, NULL),
(2672, 37, 1450, 2, 1.0400, 237.12, 228, 0.0000, NULL),
(2673, 37, 1450, 2, 1.0400, 235.04, 226, 0.0000, NULL),
(2674, 37, 1450, 2, 1.0400, 243.36, 234, 0.0000, NULL),
(2675, 37, 1450, 2, 1.0400, 248.56, 239, 0.0000, NULL),
(2676, 37, 1450, 2, 1.0400, 247.52, 238, 0.0000, NULL),
(2677, 37, 1450, 2, 1.0400, 245.44, 236, 0.0000, NULL),
(2678, 37, 1450, 2, 1.0400, 247.52, 238, 0.0000, NULL),
(2679, 37, 1450, 2, 1.0400, 232.96, 224, 0.0000, NULL),
(2680, 37, 1450, 2, 1.0400, 247.52, 238, 0.0000, NULL),
(2681, 37, 1450, 2, 1.0400, 243.36, 234, 0.0000, NULL),
(2682, 37, 1450, 2, 1.0400, 244.40, 235, 0.0000, NULL),
(2683, 37, 1450, 2, 1.0400, 679.12, 653, 0.0000, NULL),
(2684, 37, 1450, 2, 1.0400, 663.52, 638, 0.0000, NULL),
(2685, 37, 1450, 2, 1.0400, 244.40, 235, 0.0000, NULL),
(2686, 37, 1450, 2, 1.0400, 243.36, 234, 0.0000, NULL),
(2687, 37, 1450, 2, 1.0400, 249.60, 240, 0.0000, NULL),
(2688, 37, 1450, 2, 1.0400, 245.44, 236, 0.0000, NULL),
(2689, 37, 1450, 2, 1.0400, 244.40, 235, 0.0000, NULL),
(2690, 37, 1450, 2, 1.0400, 236.08, 227, 0.0000, NULL),
(2691, 37, 1450, 2, 1.0400, 245.44, 236, 0.0000, NULL),
(2692, 37, 1450, 2, 1.0400, 246.48, 237, 0.0000, NULL),
(2693, 37, 1450, 2, 1.0400, 242.32, 233, 0.0000, NULL),
(2694, 37, 1450, 2, 1.0400, 245.44, 236, 0.0000, NULL),
(2695, 37, 1450, 2, 1.0400, 243.36, 234, 0.0000, NULL),
(2696, 37, 1450, 2, 1.0400, 244.40, 235, 0.0000, NULL),
(2697, 37, 1450, 2, 1.0400, 242.32, 233, 0.0000, NULL),
(2698, 37, 1450, 2, 1.0400, 246.48, 237, 0.0000, NULL),
(2699, 37, 1450, 2, 1.0400, 246.48, 237, 0.0000, NULL),
(2700, 37, 1450, 2, 1.0400, 246.48, 237, 0.0000, NULL),
(2701, 37, 1450, 2, 1.0400, 244.40, 235, 0.0000, NULL),
(2702, 37, 1450, 2, 1.0400, 243.36, 234, 0.0000, NULL),
(2703, 37, 1450, 2, 1.0400, 246.48, 237, 0.0000, NULL),
(2704, 37, 1450, 2, 1.0400, 247.52, 238, 0.0000, NULL),
(2705, 37, 1450, 2, 1.0400, 244.40, 235, 0.0000, NULL),
(2706, 37, 1450, 2, 1.0400, 243.36, 234, 0.0000, NULL),
(2707, 37, 1450, 2, 1.0400, 245.44, 236, 0.0000, NULL),
(2708, 37, 1450, 2, 1.0400, 247.52, 238, 0.0000, NULL),
(2709, 37, 1450, 2, 1.0400, 232.96, 224, 0.0000, NULL),
(2710, 37, 1450, 2, 1.0400, 234.00, 225, 0.0000, NULL),
(2711, 37, 1450, 2, 1.0400, 247.52, 238, 0.0000, NULL),
(2712, 37, 1450, 2, 1.0400, 243.36, 234, 0.0000, NULL),
(2713, 37, 1450, 2, 1.0400, 245.44, 236, 0.0000, NULL),
(2714, 37, 1450, 2, 1.0400, 247.52, 238, 0.0000, NULL),
(2715, 37, 1450, 2, 1.0400, 245.44, 236, 0.0000, NULL),
(2716, 37, 1450, 2, 1.0400, 245.44, 236, 0.0000, NULL),
(2717, 37, 1450, 2, 1.0400, 242.32, 233, 0.0000, NULL),
(2718, 37, 1450, 2, 1.0400, 246.48, 237, 0.0000, NULL),
(2719, 37, 1450, 2, 1.0400, 484.64, 466, 0.0000, NULL),
(2720, 37, 1450, 2, 1.0400, 374.40, 360, 0.0000, NULL),
(2721, 37, 1450, 2, 1.0400, 488.80, 470, 0.0000, NULL),
(2722, 37, 1450, 2, 1.0400, 245.44, 236, 0.0000, NULL),
(2723, 37, 1450, 2, 1.0400, 245.44, 236, 0.0000, NULL),
(2724, 37, 1450, 2, 1.0400, 245.44, 236, 0.0000, NULL),
(2725, 37, 1450, 2, 1.0400, 246.48, 237, 0.0000, NULL),
(2726, 37, 1450, 2, 1.0400, 244.40, 235, 0.0000, NULL),
(2727, 37, 1450, 2, 1.0400, 245.44, 236, 0.0000, NULL),
(2728, 37, 1450, 2, 1.0400, 249.60, 240, 0.0000, NULL),
(2729, 37, 1450, 2, 1.0400, 247.52, 238, 0.0000, NULL),
(2730, 37, 1450, 2, 1.0400, 245.44, 236, 0.0000, NULL),
(2731, 37, 1450, 2, 1.0400, 244.40, 235, 0.0000, NULL),
(2732, 37, 1450, 2, 1.0400, 247.52, 238, 0.0000, NULL),
(2733, 37, 1450, 2, 1.0400, 244.40, 235, 0.0000, NULL),
(2734, 37, 1450, 2, 1.0400, 245.44, 236, 0.0000, NULL),
(2735, 37, 1450, 2, 1.0400, 232.96, 224, 0.0000, NULL),
(2736, 37, 1450, 2, 1.0400, 245.44, 236, 0.0000, NULL),
(2737, 37, 1450, 2, 1.0400, 246.48, 237, 0.0000, NULL),
(2738, 37, 1450, 2, 1.0400, 243.36, 234, 0.0000, NULL),
(2739, 37, 1450, 2, 1.0400, 244.40, 235, 0.0000, NULL),
(2740, 37, 1450, 2, 1.0400, 244.40, 235, 0.0000, NULL),
(2741, 37, 1450, 2, 1.0400, 242.32, 233, 0.0000, NULL),
(2742, 37, 1450, 2, 1.0400, 243.36, 234, 0.0000, NULL),
(2743, 37, 1450, 2, 1.0400, 246.48, 237, 0.0000, NULL),
(2744, 37, 1450, 2, 1.0400, 245.44, 236, 0.0000, NULL),
(2745, 37, 1450, 2, 1.0400, 244.40, 235, 0.0000, NULL),
(2746, 37, 1450, 2, 1.0400, 242.32, 233, 0.0000, NULL),
(2747, 37, 1450, 2, 1.0400, 243.36, 234, 0.0000, NULL),
(2748, 37, 1450, 2, 1.0400, 244.40, 235, 0.0000, NULL),
(2749, 37, 1450, 2, 1.0400, 245.44, 236, 0.0000, NULL),
(2750, 37, 1453, 2, 1.0400, 570.96, 549, 0.0000, NULL),
(2751, 37, 1453, 2, 1.0400, 572.00, 550, 0.0000, NULL),
(2752, 37, 1453, 2, 1.0400, 573.04, 551, 0.0000, NULL),
(2753, 37, 1454, 2, 1.0400, 720.72, 693, 0.0000, NULL),
(2754, 37, 1454, 2, 1.0400, 709.28, 682, 0.0000, NULL),
(2755, 37, 1455, 2, 1.0400, 1.04, 1, 0.0000, NULL),
(2756, 37, 1456, 1, 1.0400, 451.36, 434, 0.0000, NULL),
(2757, 37, 1457, 2, 1.0400, 641.68, 617, 0.0000, NULL),
(2758, 37, 1457, 2, 1.0400, 641.68, 617, 0.0000, NULL),
(2759, 37, 1457, 2, 1.0400, 644.80, 620, 0.0000, NULL),
(2760, 37, 1457, 2, 1.0400, 656.24, 631, 0.0000, NULL),
(2761, 37, 1457, 2, 1.0400, 654.16, 629, 0.0000, NULL),
(2762, 37, 1458, 2, 1.0400, 411.84, 396, 0.0000, NULL),
(2763, 37, 1458, 2, 1.0400, 412.88, 397, 0.0000, NULL),
(2764, 37, 1459, 2, 1.0400, 1.04, 1, 0.0000, NULL),
(2765, 37, 1459, 2, 1.0400, 171.60, 165, 0.0000, NULL),
(2766, 37, 1459, 2, 1.0400, 361.92, 348, 0.0000, NULL),
(2767, 37, 1459, 2, 1.0400, 357.76, 344, 0.0000, NULL),
(2768, 37, 1459, 2, 1.0400, 360.88, 347, 0.0000, NULL),
(2769, 37, 1459, 2, 1.0400, 358.80, 345, 0.0000, NULL),
(2770, 37, 1459, 2, 1.0400, 714.48, 687, 0.0000, NULL),
(2771, 37, 1459, 2, 1.0400, 362.96, 349, 0.0000, NULL),
(2772, 37, 1459, 2, 1.0400, 361.92, 348, 0.0000, NULL),
(2773, 37, 1459, 2, 1.0400, 710.32, 683, 0.0000, NULL),
(2774, 37, 1459, 2, 1.0400, 605.28, 582, 0.0000, NULL),
(2775, 37, 1459, 2, 1.0400, 553.28, 532, 0.0000, NULL),
(2776, 37, 1459, 2, 1.0400, 360.88, 347, 0.0000, NULL),
(2777, 37, 1459, 2, 1.0400, 553.28, 532, 0.0000, NULL),
(2778, 37, 1459, 2, 1.0400, 705.12, 678, 0.0000, NULL),
(2779, 37, 1459, 2, 1.0400, 638.56, 614, 0.0000, NULL),
(2780, 37, 1459, 2, 1.0400, 705.12, 678, 0.0000, NULL),
(2781, 37, 1460, 2, 1.0400, 770.64, 741, 0.0000, NULL),
(2782, 37, 1461, 2, 1.0400, 422.24, 406, 0.0000, NULL),
(2783, 37, 1461, 2, 1.0400, 421.20, 405, 0.0000, NULL),
(2784, 37, 1462, 2, 1.0400, 474.24, 456, 0.0000, NULL),
(2785, 37, 1462, 2, 1.0400, 476.32, 458, 0.0000, NULL),
(2786, 37, 1463, 2, 1.0400, 561.60, 540, 0.0000, NULL),
(2787, 37, 1464, 2, 1.0400, 476.32, 458, 0.0000, NULL),
(2788, 37, 1464, 2, 1.0400, 474.24, 456, 0.0000, NULL),
(2789, 37, 1464, 2, 1.0400, 476.32, 458, 0.0000, NULL),
(2790, 37, 1464, 2, 1.0400, 478.40, 460, 0.0000, NULL),
(2791, 37, 1464, 2, 1.0400, 585.52, 563, 0.0000, NULL),
(2792, 37, 1464, 2, 1.0400, 477.36, 459, 0.0000, NULL),
(2793, 37, 1464, 2, 1.0400, 475.28, 457, 0.0000, NULL),
(2794, 37, 1465, 2, 1.0400, 449.28, 432, 0.0000, NULL),
(2795, 37, 1465, 2, 1.0400, 302.64, 291, 0.0000, NULL),
(2796, 37, 1466, 2, 1.0400, 497.12, 478, 0.0000, NULL),
(2797, 37, 1467, 2, 1.0400, 577.20, 555, 0.0000, NULL),
(2798, 37, 1468, 2, 1.0400, 994.24, 956, 0.0000, NULL),
(2799, 37, 1468, 2, 1.0400, 995.28, 957, 0.0000, NULL),
(2800, 37, 1468, 2, 1.0400, 991.12, 953, 0.0000, NULL),
(2801, 37, 1469, 2, 1.0400, 489.84, 471, 0.0000, NULL),
(2802, 37, 1469, 2, 1.0400, 488.80, 470, 0.0000, NULL),
(2803, 37, 1469, 2, 1.0400, 278.72, 268, 0.0000, NULL),
(2804, 37, 1470, 2, 1.0400, 446.16, 429, 0.0000, NULL),
(2805, 37, 1470, 2, 1.0400, 239.20, 230, 0.0000, NULL),
(2806, 37, 1470, 2, 1.0400, 445.12, 428, 0.0000, NULL),
(2807, 37, 1471, 2, 1.0400, 199.68, 192, 0.0000, NULL),
(2808, 37, 1471, 2, 1.0400, 199.68, 192, 0.0000, NULL),
(2809, 37, 1472, 2, 1.0400, 483.60, 465, 0.0000, NULL),
(2810, 37, 1473, 2, 1.0400, 420.16, 404, 0.0000, NULL),
(2811, 37, 1474, 2, 1.0400, 677.04, 651, 0.0000, NULL),
(2812, 37, 1475, 2, 1.0400, 476.32, 458, 0.0000, NULL),
(2813, 37, 1476, 2, 1.0400, 475.28, 457, 0.0000, NULL),
(2814, 37, 1476, 2, 1.0400, 272.48, 262, 0.0000, NULL),
(2815, 37, 1477, 2, 1.0400, 525.20, 505, 0.0000, NULL),
(2816, 37, 1477, 2, 1.0400, 655.20, 630, 0.0000, NULL),
(2817, 37, 1478, 2, 1.0400, 520.00, 500, 0.0000, NULL),
(2818, 37, 1479, 2, 1.0400, 486.72, 468, 0.0000, NULL),
(2819, 37, 1479, 2, 1.0400, 489.84, 471, 0.0000, NULL),
(2820, 37, 1479, 2, 1.0400, 488.80, 470, 0.0000, NULL),
(2821, 37, 1479, 2, 1.0400, 485.68, 467, 0.0000, NULL),
(2822, 37, 1479, 2, 1.0400, 489.84, 471, 0.0000, NULL),
(2823, 37, 1479, 2, 1.0400, 487.76, 469, 0.0000, NULL),
(2824, 37, 1479, 2, 1.0400, 490.88, 472, 0.0000, NULL),
(2825, 37, 1479, 2, 1.0400, 488.80, 470, 0.0000, NULL),
(2826, 37, 1479, 2, 1.0400, 490.88, 472, 0.0000, NULL),
(2827, 37, 1479, 2, 1.0400, 490.88, 472, 0.0000, NULL),
(2828, 37, 1479, 2, 1.0400, 490.88, 472, 0.0000, NULL),
(2829, 37, 1479, 2, 1.0400, 489.84, 471, 0.0000, NULL),
(2830, 37, 1479, 2, 1.0400, 489.84, 471, 0.0000, NULL),
(2831, 37, 1479, 2, 1.0400, 490.88, 472, 0.0000, NULL),
(2832, 37, 1479, 2, 1.0400, 488.80, 470, 0.0000, NULL),
(2833, 37, 1479, 2, 1.0400, 487.76, 469, 0.0000, NULL),
(2834, 37, 1479, 2, 1.0400, 489.84, 471, 0.0000, NULL),
(2835, 37, 1479, 2, 1.0400, 488.80, 470, 0.0000, NULL),
(2836, 37, 1479, 2, 1.0400, 490.88, 472, 0.0000, NULL),
(2837, 37, 1479, 2, 1.0400, 482.56, 464, 0.0000, NULL),
(2838, 37, 1479, 2, 1.0400, 482.56, 464, 0.0000, NULL),
(2839, 37, 1479, 2, 1.0400, 478.40, 460, 0.0000, NULL),
(2840, 37, 1479, 2, 1.0400, 481.52, 463, 0.0000, NULL),
(2841, 37, 1479, 2, 1.0400, 481.52, 463, 0.0000, NULL),
(2842, 37, 1479, 2, 1.0400, 479.44, 461, 0.0000, NULL),
(2843, 37, 1479, 2, 1.0400, 473.20, 455, 0.0000, NULL),
(2844, 37, 1479, 2, 1.0400, 480.48, 462, 0.0000, NULL),
(2845, 37, 1479, 2, 1.0400, 482.56, 464, 0.0000, NULL),
(2846, 37, 1479, 2, 1.0400, 479.44, 461, 0.0000, NULL),
(2847, 37, 1479, 2, 1.0400, 478.40, 460, 0.0000, NULL),
(2848, 37, 1479, 2, 1.0400, 481.52, 463, 0.0000, NULL),
(2849, 37, 1479, 2, 1.0400, 478.40, 460, 0.0000, NULL),
(2850, 37, 1479, 2, 1.0400, 478.40, 460, 0.0000, NULL),
(2851, 37, 1479, 2, 1.0400, 483.60, 465, 0.0000, NULL),
(2852, 37, 1479, 2, 1.0400, 482.56, 464, 0.0000, NULL),
(2853, 37, 1479, 2, 1.0400, 482.56, 464, 0.0000, NULL),
(2854, 37, 1479, 2, 1.0400, 479.44, 461, 0.0000, NULL),
(2855, 37, 1480, 2, 1.0400, 530.40, 510, 0.0000, NULL),
(2856, 37, 1480, 2, 1.0400, 532.48, 512, 0.0000, NULL),
(2857, 37, 1481, 2, 1.0400, 451.36, 434, 0.0000, NULL),
(2858, 37, 1481, 2, 1.0400, 449.28, 432, 0.0000, NULL),
(2859, 37, 1481, 2, 1.0400, 334.88, 322, 0.0000, NULL),
(2860, 37, 1481, 2, 1.0400, 618.80, 595, 0.0000, NULL),
(2861, 37, 1482, 2, 1.0400, 292.24, 281, 0.0000, NULL),
(2862, 37, 1482, 2, 1.0400, 294.32, 283, 0.0000, NULL),
(2863, 37, 1481, 2, 1.0400, 335.92, 323, 0.0000, NULL),
(2864, 37, 1483, 2, 1.0400, 445.12, 428, 0.0000, NULL),
(2865, 37, 1484, 2, 1.0400, 656.24, 631, 0.0000, NULL),
(2866, 37, 1485, 2, 1.0400, 609.44, 586, 0.0000, NULL),
(2867, 37, 1486, 1, 1.0400, 290.16, 279, 0.0000, NULL),
(2868, 37, 1487, 2, 1.0400, 431.60, 415, 0.0000, NULL),
(2869, 37, 1488, 2, 1.0400, 559.52, 538, 0.0000, NULL),
(2870, 37, 1488, 2, 1.0400, 575.12, 553, 0.0000, NULL),
(2871, 37, 1488, 2, 1.0400, 557.44, 536, 0.0000, NULL),
(2872, 37, 1488, 2, 1.0400, 557.44, 536, 0.0000, NULL),
(2873, 37, 1489, 1, 1.0400, 336.96, 324, 0.0000, NULL),
(2874, 37, 1489, 2, 1.0400, 450.32, 433, 0.0000, NULL),
(2875, 37, 1490, 2, 1.0400, 637.52, 613, 0.0000, NULL),
(2876, 37, 1491, 2, 1.0400, 327.60, 315, 0.0000, NULL),
(2877, 37, 1491, 2, 1.0400, 328.64, 316, 0.0000, NULL),
(2878, 37, 1491, 2, 1.0400, 658.32, 633, 0.0000, NULL),
(2879, 37, 1491, 2, 1.0400, 659.36, 634, 0.0000, NULL),
(2880, 37, 1491, 2, 1.0400, 659.36, 634, 0.0000, NULL),
(2881, 37, 1492, 1, 1.0400, 445.12, 428, 0.0000, NULL),
(2882, 37, 1493, 2, 1.0400, 654.16, 629, 0.0000, NULL),
(2892, 40, 1502, 2, 0.8500, 612.85, 721, 0.0000, NULL),
(2893, 40, 1503, 2, 0.8500, 243.95, 287, 0.0000, NULL),
(2894, 40, 1504, 2, 0.8500, 555.90, 654, 0.0000, NULL),
(2895, 40, 1505, 2, 0.8500, 285.60, 336, 0.0000, NULL),
(2896, 40, 1506, 2, 0.8500, 384.20, 452, 0.0000, NULL),
(2897, 40, 1507, 2, 0.8500, 335.75, 395, 0.0000, NULL),
(2898, 40, 1508, 2, 0.8500, 1045.50, 1230, 0.0000, NULL),
(2899, 40, 1509, 2, 0.8500, 306.00, 360, 0.0000, NULL),
(2900, 40, 1510, 2, 0.8500, 558.45, 657, 0.0000, NULL),
(2901, 40, 1511, 2, 0.8500, 610.30, 718, 0.0000, NULL),
(2902, 40, 1512, 2, 0.8500, 471.75, 555, 0.0000, NULL),
(2903, 40, 1513, 2, 0.8500, 804.95, 947, 0.0000, NULL),
(2904, 40, 1514, 2, 0.8500, 1419.50, 1670, 0.0000, NULL),
(2905, 40, 1514, 2, 0.8500, 709.75, 835, 0.0000, NULL),
(2906, 40, 1514, 2, 0.8500, 589.05, 693, 0.0000, NULL),
(2907, 40, 1514, 2, 0.8500, 1276.70, 1502, 0.0000, NULL),
(2908, 40, 1514, 2, 0.8500, 1037.00, 1220, 0.0000, NULL),
(2909, 40, 1514, 2, 0.8500, 1322.60, 1556, 0.0000, NULL),
(2910, 40, 1514, 2, 0.8500, 986.00, 1160, 0.0000, NULL),
(2911, 40, 1514, 2, 0.8500, 1385.50, 1630, 0.0000, NULL),
(2912, 40, 1515, 2, 0.8500, 660.45, 777, 0.0000, NULL),
(2913, 40, 1516, 2, 0.8500, 2034.05, 2393, 0.0000, NULL),
(2914, 40, 1517, 2, 0.8500, 461.55, 543, 0.0000, NULL),
(2915, 40, 1518, 2, 0.8500, 497.25, 585, 0.0000, NULL),
(2916, 40, 1518, 2, 0.8500, 494.70, 582, 0.0000, NULL),
(2917, 40, 1519, 2, 0.8500, 1543.60, 1816, 0.0000, NULL),
(2918, 40, 1519, 2, 0.8500, 618.80, 728, 0.0000, NULL),
(2919, 40, 1520, 2, 0.8500, 527.85, 621, 0.0000, NULL),
(2920, 40, 1521, 2, 0.8500, 795.60, 936, 0.0000, NULL),
(2921, 40, 1522, 2, 0.8500, 807.50, 950, 0.0000, NULL),
(2922, 40, 1522, 2, 0.8500, 753.95, 887, 0.0000, NULL),
(2923, 40, 1522, 2, 0.8500, 1117.75, 1315, 0.0000, NULL),
(2924, 40, 1523, 2, 0.8500, 673.20, 792, 0.0000, NULL),
(2925, 40, 1524, 2, 0.8500, 639.20, 752, 0.0000, NULL),
(2926, 40, 1525, 2, 0.8500, 960.50, 1130, 0.0000, NULL),
(2927, 40, 1525, 2, 0.8500, 1279.25, 1505, 0.0000, NULL),
(2928, 40, 1525, 2, 0.8500, 678.30, 798, 0.0000, NULL),
(2929, 40, 1525, 2, 0.8500, 2048.50, 2410, 0.0000, NULL),
(2930, 40, 1526, 2, 0.8500, 909.50, 1070, 0.0000, NULL),
(2931, 40, 1526, 2, 0.8500, 748.00, 880, 0.0000, NULL),
(2932, 40, 1526, 2, 0.8500, 892.50, 1050, 0.0000, NULL),
(2933, 40, 1527, 2, 0.8500, 893.35, 1051, 0.0000, NULL),
(2934, 40, 1527, 2, 0.8500, 821.95, 967, 0.0000, NULL),
(2935, 40, 1527, 2, 0.8500, 1368.50, 1610, 0.0000, NULL),
(2936, 40, 1528, 2, 0.8500, 439.45, 517, 0.0000, NULL),
(2937, 40, 1527, 2, 0.8500, 452.20, 532, 0.0000, NULL),
(2938, 40, 1529, 2, 0.6900, 255.30, 370, 0.0000, NULL),
(2939, 40, 1530, 2, 0.7500, 279.00, 372, 0.0000, NULL),
(2940, 40, 1531, 2, 0.8500, 1252.05, 1473, 0.0000, NULL),
(2941, 40, 1532, 2, 0.8500, 362.10, 426, 0.0000, NULL),
(2942, 40, 1533, 2, 0.8500, 2023.00, 2380, 0.0000, NULL),
(2943, 40, 1534, 2, 0.8500, 1306.45, 1537, 0.0000, NULL),
(2944, 40, 1535, 2, 0.8500, 361.25, 425, 0.0000, NULL),
(2945, 40, 1536, 2, 0.8500, 232.05, 273, 0.0000, NULL),
(2946, 40, 1536, 2, 0.8500, 228.65, 269, 0.0000, NULL),
(2947, 40, 1537, 2, 0.8500, 521.90, 614, 0.0000, NULL),
(2948, 40, 1537, 2, 0.8500, 433.50, 510, 0.0000, NULL),
(2949, 40, 1537, 2, 0.8500, 541.45, 637, 0.0000, NULL),
(2950, 40, 1537, 2, 0.8500, 566.10, 666, 0.0000, NULL),
(2951, 40, 1536, 2, 0.8500, 260.95, 307, 0.0000, NULL),
(2952, 40, 1538, 2, 0.8500, 317.05, 373, 0.0000, NULL),
(2953, 40, 1539, 2, 0.8500, 200.60, 236, 0.0000, NULL),
(2954, 40, 1540, 2, 0.8500, 248.20, 292, 0.0000, NULL),
(2955, 40, 1541, 2, 0.8500, 569.50, 670, 0.0000, NULL),
(2956, 40, 1542, 2, 0.8500, 248.20, 292, 0.0000, NULL),
(2957, 40, 1542, 2, 0.8500, 250.75, 295, 0.0000, NULL),
(2958, 40, 1542, 2, 0.8500, 242.25, 285, 0.0000, NULL),
(2959, 40, 1542, 2, 0.8500, 255.85, 301, 0.0000, NULL),
(2960, 40, 1543, 1, 0.8500, 197.20, 232, 0.0000, NULL),
(2961, 40, 1544, 1, 0.8500, 202.30, 238, 0.0000, NULL),
(2962, 40, 1544, 1, 0.8500, 200.60, 236, 0.0000, NULL),
(2963, 40, 1545, 1, 0.7500, 318.00, 424, 0.0000, NULL),
(2964, 40, 1545, 1, 0.7500, 288.00, 384, 0.0000, NULL),
(2965, 40, 1545, 1, 0.7500, 219.00, 292, 0.0000, NULL),
(2966, 40, 1545, 1, 0.7500, 304.50, 406, 0.0000, NULL),
(2967, 40, 1545, 1, 0.7500, 284.25, 379, 0.0000, NULL),
(2968, 40, 1545, 1, 0.7500, 321.00, 428, 0.0000, NULL),
(2969, 40, 1545, 1, 0.7500, 239.25, 319, 0.0000, NULL),
(2970, 40, 1545, 1, 0.7500, 331.50, 442, 0.0000, NULL),
(2971, 40, 1545, 1, 0.7500, 309.75, 413, 0.0000, NULL),
(2972, 40, 1545, 1, 0.7500, 321.00, 428, 0.0000, NULL),
(2973, 40, 1545, 1, 0.7500, 309.75, 413, 0.0000, NULL),
(2974, 40, 1545, 1, 0.7500, 318.00, 424, 0.0000, NULL),
(2975, 40, 1546, 1, 0.8500, 229.50, 270, 0.0000, NULL),
(2976, 40, 1547, 1, 0.7500, 245.25, 327, 0.0000, NULL),
(2977, 40, 1548, 1, 0.7500, 242.25, 323, 0.0000, NULL),
(2978, 40, 1549, 1, 0.8500, 300.90, 354, 0.0000, NULL),
(2979, 40, 1549, 1, 0.8500, 223.55, 263, 0.0000, NULL),
(2980, 40, 1550, 1, 0.8500, 193.80, 228, 0.0000, NULL),
(2981, 40, 1550, 1, 0.8500, 260.95, 307, 0.0000, NULL),
(2982, 40, 1551, 1, 0.8500, 174.25, 205, 0.0000, NULL),
(2983, 40, 1551, 1, 0.8500, 217.60, 256, 0.0000, NULL),
(2984, 40, 1552, 1, 0.6900, 269.10, 390, 0.0000, NULL),
(2985, 40, 1553, 1, 0.7500, 237.00, 316, 0.0000, NULL),
(2986, 40, 1554, 1, 0.7500, 665.25, 887, 0.0000, NULL),
(2987, 40, 1555, 1, 0.8500, 204.00, 240, 0.0000, NULL),
(2988, 40, 1555, 1, 0.8500, 232.90, 274, 0.0000, NULL),
(2989, 40, 1555, 1, 0.8500, 213.35, 251, 0.0000, NULL),
(2990, 40, 1556, 1, 0.8500, 554.20, 652, 0.0000, NULL),
(2991, 40, 1557, 1, 0.7500, 343.50, 458, 0.0000, NULL),
(2992, 40, 1558, 1, 0.8500, 269.45, 317, 0.0000, NULL),
(2993, 40, 1558, 1, 0.8500, 272.00, 320, 0.0000, NULL),
(2994, 40, 1559, 1, 0.8500, 213.35, 251, 0.0000, NULL),
(2995, 40, 1560, 1, 0.8500, 199.75, 235, 0.0000, NULL),
(2996, 40, 1561, 1, 0.8500, 375.70, 442, 0.0000, NULL),
(2997, 40, 1562, 1, 0.8500, 476.00, 560, 0.0000, NULL),
(2998, 40, 1563, 1, 0.8500, 237.15, 279, 0.0000, NULL),
(2999, 40, 1564, 1, 0.8500, 249.05, 293, 0.0000, NULL),
(3000, 40, 1565, 1, 0.7500, 167.25, 223, 0.0000, NULL),
(3001, 40, 1566, 1, 0.7500, 186.00, 248, 0.0000, NULL),
(3002, 40, 1567, 1, 0.8500, 316.20, 372, 0.0000, NULL),
(3003, 40, 1568, 1, 0.6900, 255.30, 370, 0.0000, NULL),
(3004, 40, 1569, 1, 0.8500, 185.30, 218, 0.0000, NULL),
(3005, 40, 1570, 1, 0.8500, 201.45, 237, 0.0000, NULL),
(3006, 40, 1571, 1, 0.8500, 325.55, 383, 0.0000, NULL),
(3007, 40, 1572, 1, 0.8500, 357.00, 420, 0.0000, NULL),
(3008, 40, 1573, 1, 0.8500, 348.50, 410, 0.0000, NULL),
(3009, 40, 1574, 1, 0.8500, 474.30, 558, 0.0000, NULL),
(3010, 40, 1574, 1, 0.8500, 449.65, 529, 0.0000, NULL),
(3011, 40, 1575, 1, 0.8500, 262.65, 309, 0.0000, NULL),
(3012, 40, 1576, 1, 0.8500, 255.00, 300, 0.0000, NULL),
(3013, 40, 1577, 1, 0.8500, 396.10, 466, 0.0000, NULL),
(3014, 40, 1578, 1, 0.8500, 294.95, 347, 0.0000, NULL),
(3015, 40, 1579, 1, 0.8500, 361.25, 425, 0.0000, NULL),
(3016, 40, 1580, 1, 0.8500, 278.80, 328, 0.0000, NULL),
(3017, 40, 1581, 1, 0.6900, 345.00, 500, 0.0000, NULL),
(3018, 40, 1582, 1, 0.6900, 345.69, 501, 0.0000, NULL),
(3019, 40, 1583, 1, 0.6900, 168.36, 244, 0.0000, NULL),
(3020, 40, 1583, 1, 0.6900, 167.67, 243, 0.0000, NULL),
(3021, 40, 1584, 1, 0.7500, 551.25, 735, 0.0000, NULL),
(3022, 40, 1585, 1, 0.8500, 295.80, 348, 0.0000, NULL),
(3023, 40, 1585, 1, 0.8500, 296.65, 349, 0.0000, NULL),
(3024, 40, 1585, 1, 0.8500, 300.90, 354, 0.0000, NULL),
(3025, 40, 1585, 1, 0.8500, 300.90, 354, 0.0000, NULL),
(3026, 40, 1585, 1, 0.8500, 298.35, 351, 0.0000, NULL),
(3027, 40, 1585, 1, 0.8500, 294.10, 346, 0.0000, NULL),
(3028, 40, 1585, 1, 0.8500, 296.65, 349, 0.0000, NULL),
(3029, 40, 1585, 1, 0.8500, 299.20, 352, 0.0000, NULL),
(3030, 40, 1585, 1, 0.8500, 294.10, 346, 0.0000, NULL),
(3031, 40, 1585, 1, 0.8500, 296.65, 349, 0.0000, NULL),
(3032, 40, 1585, 1, 0.8500, 299.20, 352, 0.0000, NULL),
(3033, 40, 1585, 1, 0.8500, 299.20, 352, 0.0000, NULL),
(3034, 40, 1585, 1, 0.8500, 294.95, 347, 0.0000, NULL),
(3035, 40, 1585, 1, 0.8500, 297.50, 350, 0.0000, NULL),
(3036, 40, 1585, 1, 0.8500, 296.65, 349, 0.0000, NULL),
(3037, 40, 1585, 1, 0.8500, 296.65, 349, 0.0000, NULL),
(3038, 40, 1585, 1, 0.8500, 296.65, 349, 0.0000, NULL),
(3039, 40, 1585, 1, 0.8500, 273.70, 322, 0.0000, NULL),
(3040, 40, 1585, 1, 0.8500, 298.35, 351, 0.0000, NULL),
(3041, 40, 1586, 1, 0.7500, 351.00, 468, 0.0000, NULL),
(3042, 40, 1587, 1, 0.8500, 303.45, 357, 0.0000, NULL),
(3043, 40, 1587, 1, 0.8500, 302.60, 356, 0.0000, NULL),
(3044, 40, 1587, 1, 0.8500, 274.55, 323, 0.0000, NULL),
(3045, 40, 1587, 1, 0.8500, 274.55, 323, 0.0000, NULL),
(3046, 40, 1588, 1, 0.8500, 336.60, 396, 0.0000, NULL),
(3047, 40, 1589, 1, 0.8500, 275.40, 324, 0.0000, NULL),
(3048, 40, 1590, 1, 0.6900, 185.61, 269, 0.0000, NULL),
(3049, 40, 1591, 1, 0.8500, 227.80, 268, 0.0000, NULL),
(3050, 40, 1592, 1, 0.8500, 203.15, 239, 0.0000, NULL),
(3051, 40, 1593, 1, 0.8500, 325.55, 383, 0.0000, NULL),
(3052, 40, 1594, 1, 0.7500, 170.25, 227, 0.0000, NULL),
(3053, 40, 1595, 1, 0.6900, 338.10, 490, 0.0000, NULL),
(3054, 40, 1596, 1, 0.8500, 289.85, 341, 0.0000, NULL),
(3055, 40, 1596, 1, 0.8500, 286.45, 337, 0.0000, NULL),
(3056, 40, 1596, 1, 0.8500, 289.00, 340, 0.0000, NULL),
(3057, 40, 1597, 1, 0.8500, 244.80, 288, 0.0000, NULL),
(3058, 40, 1598, 1, 0.6900, 274.62, 398, 0.0000, NULL),
(3059, 40, 1599, 1, 0.6900, 191.82, 278, 0.0000, NULL),
(3060, 40, 1600, 1, 0.8500, 310.25, 365, 0.0000, NULL),
(3061, 40, 1601, 1, 0.8500, 191.25, 225, 0.0000, NULL),
(3062, 40, 1602, 1, 0.8500, 258.40, 304, 0.0000, NULL),
(3063, 40, 1603, 1, 0.8500, 294.95, 347, 0.0000, NULL),
(3064, 40, 1604, 1, 0.6900, 267.03, 387, 0.0000, NULL),
(3065, 40, 1605, 1, 0.7500, 448.50, 598, 0.0000, NULL),
(3066, 40, 1606, 1, 0.7500, 366.75, 489, 0.0000, NULL),
(3067, 40, 1607, 1, 0.6900, 448.50, 650, 0.0000, NULL),
(3068, 40, 1608, 1, 0.6900, 245.64, 356, 0.0000, NULL),
(3069, 40, 1609, 1, 0.7500, 301.50, 402, 0.0000, NULL),
(3070, 40, 1610, 1, 0.8500, 237.15, 279, 0.0000, NULL),
(3071, 40, 1611, 1, 0.8500, 318.75, 375, 0.0000, NULL),
(3072, 40, 1610, 1, 0.8500, 236.30, 278, 0.0000, NULL),
(3073, 40, 1612, 1, 0.8500, 165.75, 195, 0.0000, NULL),
(3074, 40, 1612, 1, 0.8500, 134.30, 158, 0.0000, NULL),
(3075, 40, 1612, 1, 0.8500, 132.60, 156, 0.0000, NULL),
(3076, 40, 1612, 1, 0.8500, 130.05, 153, 0.0000, NULL),
(3077, 40, 1612, 1, 0.8500, 133.45, 157, 0.0000, NULL),
(3078, 40, 1612, 1, 0.8500, 244.80, 288, 0.0000, NULL),
(3079, 40, 1612, 1, 0.8500, 170.00, 200, 0.0000, NULL),
(3080, 40, 1612, 1, 0.8500, 172.55, 203, 0.0000, NULL),
(3081, 40, 1612, 1, 0.8500, 243.10, 286, 0.0000, NULL),
(3082, 40, 1612, 1, 0.8500, 242.25, 285, 0.0000, NULL),
(3083, 40, 1612, 1, 0.8500, 234.60, 276, 0.0000, NULL),
(3084, 40, 1612, 1, 0.8500, 136.85, 161, 0.0000, NULL),
(3085, 40, 1612, 1, 0.8500, 239.70, 282, 0.0000, NULL),
(3086, 40, 1612, 1, 0.8500, 128.35, 151, 0.0000, NULL),
(3087, 40, 1613, 1, 0.8500, 464.10, 546, 0.0000, NULL),
(3088, 40, 1614, 1, 0.8500, 397.80, 468, 0.0000, NULL),
(3089, 40, 1615, 1, 0.8500, 204.85, 241, 0.0000, NULL),
(3090, 40, 1616, 1, 0.8500, 262.65, 309, 0.0000, NULL),
(3091, 40, 1616, 1, 0.8500, 197.20, 232, 0.0000, NULL),
(3092, 40, 1617, 1, 0.8500, 283.90, 334, 0.0000, NULL),
(3093, 40, 1618, 1, 0.8500, 216.75, 255, 0.0000, NULL),
(3094, 40, 1619, 1, 0.6900, 225.63, 327, 0.0000, NULL),
(3095, 40, 1620, 1, 0.7500, 882.75, 1177, 0.0000, NULL),
(3096, 40, 1621, 1, 0.7500, 258.00, 344, 0.0000, NULL),
(3097, 40, 1622, 1, 0.8500, 281.35, 331, 0.0000, NULL),
(3098, 40, 1623, 1, 0.8500, 274.55, 323, 0.0000, NULL),
(3099, 40, 1624, 1, 0.7500, 353.25, 471, 0.0000, NULL),
(3100, 40, 1624, 1, 0.7500, 359.25, 479, 0.0000, NULL),
(3101, 40, 1625, 1, 0.8500, 285.60, 336, 0.0000, NULL),
(3102, 40, 1626, 1, 0.8500, 300.90, 354, 0.0000, NULL),
(3103, 40, 1627, 1, 0.8500, 300.05, 353, 0.0000, NULL),
(3104, 40, 1627, 1, 0.8500, 295.80, 348, 0.0000, NULL),
(3105, 40, 1627, 1, 0.8500, 292.40, 344, 0.0000, NULL),
(3106, 40, 1627, 1, 0.8500, 557.60, 656, 0.0000, NULL),
(3107, 40, 1627, 1, 0.8500, 563.55, 663, 0.0000, NULL),
(3108, 40, 1627, 1, 0.8500, 570.35, 671, 0.0000, NULL),
(3109, 40, 1628, 1, 0.8500, 286.45, 337, 0.0000, NULL),
(3110, 40, 1628, 1, 0.8500, 290.70, 342, 0.0000, NULL),
(3111, 40, 1629, 1, 0.8500, 297.50, 350, 0.0000, NULL),
(3112, 40, 1630, 1, 0.8500, 384.20, 452, 0.0000, NULL),
(3113, 40, 1631, 1, 0.8500, 317.90, 374, 0.0000, NULL),
(3114, 40, 1632, 1, 0.8500, 155.55, 183, 0.0000, NULL),
(3115, 40, 1633, 1, 0.8500, 179.35, 211, 0.0000, NULL),
(3116, 40, 1634, 1, 0.7500, 254.25, 339, 0.0000, NULL),
(3117, 40, 1635, 1, 0.8500, 243.10, 286, 0.0000, NULL),
(3118, 40, 1636, 1, 0.8500, 401.20, 472, 0.0000, NULL),
(3119, 40, 1635, 1, 0.8500, 478.55, 563, 0.0000, NULL),
(3120, 40, 1635, 1, 0.8500, 481.95, 567, 0.0000, NULL),
(3121, 40, 1635, 1, 0.8500, 474.30, 558, 0.0000, NULL),
(3122, 40, 1636, 1, 0.8500, 297.50, 350, 0.0000, NULL),
(3123, 40, 1636, 1, 0.8500, 430.10, 506, 0.0000, NULL),
(3124, 40, 1637, 1, 0.8500, 294.95, 347, 0.0000, NULL),
(3125, 40, 1638, 1, 0.8500, 425.85, 501, 0.0000, NULL),
(3126, 40, 1639, 1, 0.8500, 481.10, 566, 0.0000, NULL),
(3127, 40, 1639, 1, 0.8500, 453.05, 533, 0.0000, NULL),
(3128, 40, 1640, 1, 0.8500, 449.65, 529, 0.0000, NULL),
(3129, 40, 1641, 1, 0.8500, 189.55, 223, 0.0000, NULL),
(3130, 40, 1641, 1, 0.8500, 189.55, 223, 0.0000, NULL),
(3131, 40, 1642, 1, 0.7500, 646.50, 862, 0.0000, NULL),
(3132, 40, 1643, 1, 0.7500, 744.00, 992, 0.0000, NULL),
(3133, 40, 1644, 1, 0.7500, 595.50, 794, 0.0000, NULL),
(3134, 40, 1645, 1, 0.7500, 737.25, 983, 0.0000, NULL),
(3135, 40, 1646, 1, 0.7500, 386.25, 515, 0.0000, NULL),
(3136, 40, 1647, 1, 0.8500, 457.30, 538, 0.0000, NULL),
(3137, 40, 1648, 1, 0.7500, 662.25, 883, 0.0000, NULL),
(3138, 40, 1649, 1, 0.7500, 393.75, 525, 0.0000, NULL),
(3139, 40, 1649, 1, 0.7500, 384.75, 513, 0.0000, NULL),
(3140, 40, 1650, 1, 0.7500, 438.00, 584, 0.0000, NULL),
(3141, 40, 1651, 1, 0.8500, 714.85, 841, 0.0000, NULL),
(3142, 40, 1651, 1, 0.8500, 366.35, 431, 0.0000, NULL),
(3143, 40, 1651, 1, 0.8500, 712.30, 838, 0.0000, NULL),
(3144, 40, 1652, 1, 0.8500, 459.00, 540, 0.0000, NULL),
(3145, 40, 1653, 1, 0.8500, 505.75, 595, 0.0000, NULL),
(3146, 40, 1653, 1, 0.8500, 493.00, 580, 0.0000, NULL),
(3147, 40, 1653, 1, 0.8500, 479.40, 564, 0.0000, NULL),
(3148, 40, 1653, 1, 0.8500, 481.10, 566, 0.0000, NULL),
(3149, 40, 1653, 1, 0.8500, 401.20, 472, 0.0000, NULL),
(3150, 40, 1654, 1, 0.7500, 573.00, 764, 0.0000, NULL),
(3151, 40, 1655, 1, 0.7500, 431.25, 575, 0.0000, NULL),
(3152, 40, 1656, 1, 0.8500, 696.15, 819, 0.0000, NULL),
(3153, 40, 1656, 1, 0.8500, 692.75, 815, 0.0000, NULL),
(3154, 40, 1656, 1, 0.8500, 668.10, 786, 0.0000, NULL),
(3155, 40, 1656, 1, 0.8500, 689.35, 811, 0.0000, NULL),
(3156, 40, 1656, 1, 0.8500, 694.45, 817, 0.0000, NULL),
(3157, 40, 1656, 1, 0.8500, 696.15, 819, 0.0000, NULL),
(3158, 40, 1657, 1, 0.8500, 680.85, 801, 0.0000, NULL),
(3159, 40, 1657, 1, 0.8500, 680.85, 801, 0.0000, NULL),
(3160, 40, 1658, 1, 0.7500, 855.75, 1141, 0.0000, NULL),
(3161, 40, 1659, 1, 0.7500, 438.75, 585, 0.0000, NULL),
(3162, 40, 1660, 1, 0.8500, 536.35, 631, 0.0000, NULL),
(3163, 40, 1660, 1, 0.8500, 532.95, 627, 0.0000, NULL),
(3164, 40, 1661, 1, 0.7500, 602.25, 803, 0.0000, NULL),
(3165, 40, 1662, 1, 0.7500, 381.75, 509, 0.0000, NULL),
(3166, 40, 1663, 1, 0.7500, 356.25, 475, 0.0000, NULL),
(3167, 40, 1664, 1, 0.7500, 816.75, 1089, 0.0000, NULL),
(3168, 40, 1665, 1, 0.7500, 807.75, 1077, 0.0000, NULL),
(3169, 40, 1666, 1, 0.7500, 321.00, 428, 0.0000, NULL),
(3170, 40, 1667, 1, 0.7500, 267.00, 356, 0.0000, NULL),
(3171, 40, 1668, 1, 0.7500, 640.50, 854, 0.0000, NULL),
(3172, 41, 1679, 2, 0.6450, 367.65, 570, 0.0000, NULL),
(3173, 41, 1679, 2, 0.6450, 414.74, 643, 0.0000, NULL),
(3174, 41, 1680, 2, 0.6450, 592.76, 919, 0.0000, NULL),
(3175, 41, 1680, 2, 0.6450, 527.61, 818, 0.0000, NULL),
(3176, 41, 1681, 2, 0.6450, 505.68, 784, 0.0000, NULL),
(3177, 41, 1681, 2, 0.6450, 500.52, 776, 0.0000, NULL),
(3178, 41, 1681, 2, 0.6450, 503.75, 781, 0.0000, NULL),
(3179, 41, 1681, 2, 0.6450, 506.33, 785, 0.0000, NULL),
(3180, 41, 1681, 2, 0.6450, 466.98, 724, 0.0000, NULL),
(3181, 41, 1681, 2, 0.6450, 490.20, 760, 0.0000, NULL),
(3182, 41, 1681, 2, 0.6450, 551.48, 855, 0.0000, NULL),
(3183, 41, 1681, 2, 0.6450, 483.75, 750, 0.0000, NULL),
(3184, 41, 1681, 2, 0.6450, 485.04, 752, 0.0000, NULL),
(3185, 41, 1681, 2, 0.6450, 512.13, 794, 0.0000, NULL),
(3186, 41, 1681, 2, 0.6450, 588.24, 912, 0.0000, NULL),
(3187, 41, 1681, 2, 0.6450, 491.49, 762, 0.0000, NULL),
(3188, 41, 1681, 2, 0.6450, 537.93, 834, 0.0000, NULL),
(3189, 41, 1681, 2, 0.6450, 538.58, 835, 0.0000, NULL),
(3190, 41, 1681, 2, 0.6450, 537.29, 833, 0.0000, NULL),
(3191, 41, 1682, 2, 0.6450, 392.81, 609, 0.0000, NULL),
(3192, 41, 1682, 2, 0.6450, 399.90, 620, 0.0000, NULL),
(3193, 41, 1682, 2, 0.6450, 378.62, 587, 0.0000, NULL),
(3194, 41, 1682, 2, 0.6450, 397.32, 616, 0.0000, NULL),
(3195, 41, 1682, 2, 0.6450, 397.97, 617, 0.0000, NULL),
(3196, 41, 1682, 2, 0.6450, 375.39, 582, 0.0000, NULL),
(3197, 41, 1682, 2, 0.6450, 399.26, 619, 0.0000, NULL),
(3198, 41, 1682, 2, 0.6450, 434.09, 673, 0.0000, NULL),
(3199, 41, 1682, 2, 0.6450, 427.64, 663, 0.0000, NULL),
(3200, 41, 1682, 2, 0.6450, 385.07, 597, 0.0000, NULL),
(3201, 41, 1682, 2, 0.6450, 431.51, 669, 0.0000, NULL),
(3202, 41, 1683, 2, 0.6450, 357.33, 554, 0.0000, NULL),
(3203, 41, 1683, 2, 0.6450, 341.21, 529, 0.0000, NULL),
(3204, 41, 1683, 2, 0.6450, 356.04, 552, 0.0000, NULL),
(3205, 41, 1683, 2, 0.6450, 414.09, 642, 0.0000, NULL),
(3206, 41, 1683, 2, 0.6450, 387.65, 601, 0.0000, NULL),
(3207, 41, 1683, 2, 0.6450, 359.91, 558, 0.0000, NULL),
(3208, 41, 1683, 2, 0.6450, 355.40, 551, 0.0000, NULL),
(3209, 41, 1683, 2, 0.6450, 345.08, 535, 0.0000, NULL),
(3210, 41, 1683, 2, 0.6450, 327.66, 508, 0.0000, NULL),
(3211, 41, 1683, 2, 0.6450, 379.26, 588, 0.0000, NULL),
(3212, 41, 1683, 2, 0.6450, 339.27, 526, 0.0000, NULL),
(3213, 41, 1683, 2, 0.6450, 352.17, 546, 0.0000, NULL),
(3214, 41, 1683, 2, 0.6450, 378.62, 587, 0.0000, NULL),
(3215, 41, 1683, 2, 0.6450, 381.84, 592, 0.0000, NULL),
(3216, 41, 1683, 2, 0.6450, 347.01, 538, 0.0000, NULL),
(3217, 41, 1684, 2, 0.6450, 491.49, 762, 0.0000, NULL),
(3218, 41, 1684, 2, 0.6450, 450.86, 699, 0.0000, NULL),
(3219, 41, 1684, 2, 0.6450, 480.53, 745, 0.0000, NULL),
(3220, 41, 1684, 2, 0.6450, 426.35, 661, 0.0000, NULL),
(3221, 41, 1684, 2, 0.6450, 460.53, 714, 0.0000, NULL),
(3222, 41, 1684, 2, 0.6450, 442.47, 686, 0.0000, NULL),
(3223, 41, 1684, 2, 0.6450, 417.96, 648, 0.0000, NULL),
(3224, 41, 1684, 2, 0.6450, 449.57, 697, 0.0000, NULL),
(3225, 41, 1684, 2, 0.6450, 490.20, 760, 0.0000, NULL),
(3226, 41, 1684, 2, 0.6450, 434.73, 674, 0.0000, NULL),
(3227, 41, 1684, 2, 0.6450, 296.70, 460, 0.0000, NULL),
(3228, 41, 1684, 2, 0.6450, 471.50, 731, 0.0000, NULL),
(3229, 41, 1684, 2, 0.6450, 485.69, 753, 0.0000, NULL),
(3230, 41, 1684, 2, 0.6450, 441.18, 684, 0.0000, NULL),
(3231, 41, 1684, 2, 0.6450, 423.12, 656, 0.0000, NULL),
(3232, 41, 1684, 2, 0.6450, 433.44, 672, 0.0000, NULL),
(3233, 41, 1684, 2, 0.6450, 446.99, 693, 0.0000, NULL),
(3234, 41, 1685, 1, 0.6450, 339.92, 527, 0.0000, NULL),
(3235, 41, 1685, 1, 0.6450, 338.63, 525, 0.0000, NULL),
(3236, 41, 1685, 1, 0.6450, 330.24, 512, 0.0000, NULL),
(3237, 41, 1685, 1, 0.6450, 345.72, 536, 0.0000, NULL),
(3238, 41, 1685, 1, 0.6450, 345.72, 536, 0.0000, NULL),
(3239, 41, 1685, 1, 0.6450, 334.11, 518, 0.0000, NULL),
(3240, 41, 1685, 1, 0.6450, 334.11, 518, 0.0000, NULL),
(3241, 41, 1685, 1, 0.6450, 342.50, 531, 0.0000, NULL),
(3242, 41, 1685, 1, 0.6450, 333.47, 517, 0.0000, NULL),
(3243, 41, 1685, 1, 0.6450, 345.72, 536, 0.0000, NULL),
(3244, 41, 1685, 1, 0.6450, 350.88, 544, 0.0000, NULL),
(3245, 41, 1685, 1, 0.6450, 345.72, 536, 0.0000, NULL),
(3246, 41, 1685, 1, 0.6450, 344.43, 534, 0.0000, NULL),
(3247, 41, 1685, 1, 0.6450, 343.14, 532, 0.0000, NULL),
(3248, 41, 1685, 1, 0.6450, 339.92, 527, 0.0000, NULL),
(3249, 41, 1685, 1, 0.6450, 335.40, 520, 0.0000, NULL),
(3250, 41, 1685, 1, 0.6450, 325.08, 504, 0.0000, NULL),
(3251, 41, 1685, 1, 0.6450, 339.92, 527, 0.0000, NULL),
(3252, 41, 1685, 1, 0.6450, 337.98, 524, 0.0000, NULL),
(3253, 41, 1685, 1, 0.6450, 331.53, 514, 0.0000, NULL),
(3254, 41, 1685, 1, 0.6450, 336.69, 522, 0.0000, NULL),
(3255, 41, 1685, 1, 0.6450, 336.05, 521, 0.0000, NULL),
(3256, 41, 1685, 1, 0.6450, 332.82, 516, 0.0000, NULL),
(3257, 41, 1685, 1, 0.6450, 334.11, 518, 0.0000, NULL),
(3258, 41, 1685, 1, 0.6450, 326.37, 506, 0.0000, NULL),
(3259, 41, 1685, 1, 0.6450, 332.82, 516, 0.0000, NULL),
(3260, 41, 1685, 1, 0.6450, 327.02, 507, 0.0000, NULL),
(3261, 41, 1685, 1, 0.6450, 334.11, 518, 0.0000, NULL),
(3262, 41, 1685, 1, 0.6450, 334.11, 518, 0.0000, NULL),
(3263, 41, 1685, 1, 0.6450, 330.24, 512, 0.0000, NULL),
(3264, 41, 1685, 1, 0.6450, 330.89, 513, 0.0000, NULL),
(3265, 41, 1685, 1, 0.6450, 333.47, 517, 0.0000, NULL),
(3266, 41, 1685, 1, 0.6450, 344.43, 534, 0.0000, NULL),
(3267, 41, 1685, 1, 0.6450, 328.31, 509, 0.0000, NULL),
(3268, 41, 1685, 1, 0.6450, 335.40, 520, 0.0000, NULL),
(3269, 41, 1685, 1, 0.6450, 348.95, 541, 0.0000, NULL),
(3270, 41, 1685, 1, 0.6450, 328.31, 509, 0.0000, NULL),
(3271, 41, 1685, 1, 0.6450, 342.50, 531, 0.0000, NULL),
(3272, 41, 1685, 1, 0.6450, 363.14, 563, 0.0000, NULL),
(3273, 41, 1685, 1, 0.6450, 329.60, 511, 0.0000, NULL),
(3274, 41, 1686, 1, 0.6450, 352.82, 547, 0.0000, NULL),
(3275, 41, 1686, 1, 0.6450, 329.60, 511, 0.0000, NULL),
(3276, 41, 1686, 1, 0.6450, 322.50, 500, 0.0000, NULL),
(3277, 41, 1686, 1, 0.6450, 331.53, 514, 0.0000, NULL),
(3278, 41, 1686, 1, 0.6450, 329.60, 511, 0.0000, NULL),
(3279, 41, 1686, 1, 0.6450, 323.79, 502, 0.0000, NULL),
(3280, 41, 1686, 1, 0.6450, 327.02, 507, 0.0000, NULL),
(3281, 41, 1686, 1, 0.6450, 323.79, 502, 0.0000, NULL),
(3282, 41, 1686, 1, 0.6450, 322.50, 500, 0.0000, NULL),
(3283, 41, 1686, 1, 0.6450, 341.85, 530, 0.0000, NULL),
(3284, 41, 1686, 1, 0.6450, 339.92, 527, 0.0000, NULL),
(3285, 41, 1686, 1, 0.6450, 318.63, 494, 0.0000, NULL),
(3286, 41, 1686, 1, 0.6450, 324.44, 503, 0.0000, NULL),
(3287, 41, 1686, 1, 0.6450, 332.18, 515, 0.0000, NULL),
(3288, 41, 1686, 1, 0.6450, 328.31, 509, 0.0000, NULL),
(3289, 41, 1686, 1, 0.6450, 330.24, 512, 0.0000, NULL),
(3290, 41, 1686, 1, 0.6450, 323.79, 502, 0.0000, NULL),
(3291, 41, 1686, 1, 0.6450, 321.21, 498, 0.0000, NULL),
(3292, 41, 1686, 1, 0.6450, 323.15, 501, 0.0000, NULL),
(3293, 41, 1686, 1, 0.6450, 332.82, 516, 0.0000, NULL),
(3294, 41, 1686, 1, 0.6450, 328.95, 510, 0.0000, NULL),
(3295, 41, 1686, 1, 0.6450, 336.05, 521, 0.0000, NULL),
(3296, 41, 1686, 1, 0.6450, 321.21, 498, 0.0000, NULL),
(3297, 41, 1686, 1, 0.6450, 326.37, 506, 0.0000, NULL),
(3298, 41, 1686, 1, 0.6450, 327.66, 508, 0.0000, NULL),
(3299, 41, 1686, 1, 0.6450, 330.89, 513, 0.0000, NULL),
(3300, 41, 1686, 1, 0.6450, 336.69, 522, 0.0000, NULL),
(3301, 41, 1686, 1, 0.6450, 339.27, 526, 0.0000, NULL),
(3302, 41, 1686, 1, 0.6450, 328.95, 510, 0.0000, NULL),
(3303, 41, 1686, 1, 0.6450, 343.14, 532, 0.0000, NULL),
(3304, 41, 1686, 1, 0.6450, 316.70, 491, 0.0000, NULL),
(3305, 41, 1686, 1, 0.6450, 322.50, 500, 0.0000, NULL),
(3306, 41, 1687, 1, 0.6450, 437.96, 679, 0.0000, NULL),
(3307, 41, 1687, 1, 0.6450, 458.60, 711, 0.0000, NULL),
(3308, 41, 1687, 1, 0.6450, 427.64, 663, 0.0000, NULL),
(3309, 41, 1687, 1, 0.6450, 409.58, 635, 0.0000, NULL),
(3310, 41, 1687, 1, 0.6450, 406.35, 630, 0.0000, NULL),
(3311, 41, 1687, 1, 0.6450, 388.94, 603, 0.0000, NULL),
(3312, 41, 1687, 1, 0.6450, 254.78, 395, 0.0000, NULL),
(3313, 42, 1692, 1, 0.7000, 291.90, 417, 0.0000, NULL),
(3314, 42, 1692, 1, 0.7000, 293.30, 419, 0.0000, NULL),
(3315, 42, 1692, 1, 0.7000, 289.10, 413, 0.0000, NULL),
(3316, 42, 1692, 1, 0.7000, 289.80, 414, 0.0000, NULL),
(3317, 42, 1693, 1, 0.6000, 291.00, 485, 0.0000, NULL),
(3319, 42, 1693, 1, 0.6000, 162.00, 270, 0.0000, NULL),
(3320, 42, 1693, 1, 0.6000, 298.80, 498, 0.0000, NULL),
(3321, 42, 1694, 1, 0.6000, 168.00, 280, 0.0000, NULL),
(3322, 42, 1694, 1, 0.6000, 175.20, 292, 0.0000, NULL),
(3323, 42, 1693, 1, 0.6000, 298.20, 497, 0.0000, NULL),
(3324, 42, 1693, 1, 0.6000, 298.80, 498, 0.0000, NULL),
(3325, 42, 1694, 1, 0.6000, 506.40, 844, 0.0000, NULL),
(3326, 42, 1693, 1, 0.6000, 300.60, 501, 0.0000, NULL),
(3327, 42, 1693, 1, 0.6000, 295.80, 493, 0.0000, NULL),
(3328, 42, 1693, 1, 0.6000, 291.60, 486, 0.0000, NULL),
(3329, 42, 1695, 1, 0.8000, 276.80, 346, 0.0000, NULL),
(3330, 42, 1696, 1, 0.8000, 582.40, 728, 0.0000, NULL),
(3331, 42, 1697, 1, 0.6000, 211.80, 353, 0.0000, NULL),
(3332, 42, 1698, 1, 0.6000, 180.00, 300, 0.0000, NULL),
(3333, 42, 1699, 1, 0.8000, 264.00, 330, 0.0000, NULL),
(3334, 42, 1700, 1, 0.8000, 182.40, 228, 0.0000, NULL),
(3335, 42, 1701, 1, 0.8000, 528.80, 661, 0.0000, NULL),
(3336, 42, 1702, 1, 0.6000, 252.00, 420, 0.0000, NULL),
(3337, 42, 1694, 1, 0.6250, 171.88, 275, 0.0000, NULL),
(3338, 43, 1703, 1, 0.6750, 438.08, 649, 0.0000, NULL),
(3339, 43, 1703, 1, 0.6750, 422.55, 626, 0.0000, NULL),
(3340, 44, 1715, 1, 0.7400, 330.78, 447, 0.0000, NULL),
(3341, 44, 1715, 1, 0.7400, 319.68, 432, 0.0000, NULL),
(3342, 44, 1715, 1, 0.7400, 319.68, 432, 0.0000, NULL),
(3343, 44, 1715, 1, 0.7400, 329.30, 445, 0.0000, NULL),
(3344, 44, 1715, 1, 0.7400, 327.82, 443, 0.0000, NULL),
(3345, 44, 1715, 1, 0.7400, 326.34, 441, 0.0000, NULL),
(3346, 44, 1715, 1, 0.7400, 332.26, 449, 0.0000, NULL),
(3347, 44, 1715, 1, 0.7400, 328.56, 444, 0.0000, NULL),
(3348, 45, 1715, 1, 1.0000, 442.00, 442, 0.0000, NULL),
(3349, 45, 1715, 1, 1.0000, 434.00, 434, 0.0000, NULL),
(3350, 45, 1715, 1, 1.0000, 376.00, 376, 0.0000, NULL),
(3351, 45, 1715, 1, 1.0000, 436.00, 436, 0.0000, NULL),
(3352, 45, 1715, 1, 1.0000, 443.00, 443, 0.0000, NULL),
(3353, 45, 1715, 1, 1.0000, 437.00, 437, 0.0000, NULL),
(3354, 45, 1715, 1, 1.0000, 412.00, 412, 0.0000, NULL),
(3355, 45, 1715, 1, 1.0000, 416.00, 416, 0.0000, NULL),
(3356, 46, 1715, 1, 0.7400, 326.34, 441, 0.0000, NULL),
(3357, 46, 1715, 1, 0.7400, 307.84, 416, 0.0000, NULL),
(3358, 46, 1715, 1, 0.7400, 318.94, 431, 0.0000, NULL),
(3359, 46, 1715, 1, 0.7400, 320.42, 433, 0.0000, NULL),
(3360, 46, 1715, 1, 0.7400, 324.86, 439, 0.0000, NULL),
(3361, 46, 1715, 1, 0.7400, 319.68, 432, 0.0000, NULL),
(3362, 46, 1715, 1, 0.7400, 318.20, 430, 0.0000, NULL);

INSERT  INTO `purchases_details` (`iD`, `PurchaseID`, `ProductID`, `WarehouseID`, `unitPrice`, `price`, `quantity`, `discount`, `comments`) VALUES
(3363, 46, 1715, 1, 0.7400, 334.48, 452, 0.0000, NULL),
(3364, 47, 1741, 1, 0.6000, 281.40, 469, 0.0000, NULL),
(3365, 47, 1741, 1, 0.6000, 283.20, 472, 0.0000, NULL),
(3366, 48, 1514, 1, 0.8500, 1322.60, 1556, 0.0000, NULL),
(3367, 49, 1787, 1, 1.2000, 3600.00, 3000, 0.0000, NULL),
(3368, 50, 1654, 1, 0.8900, 679.96, 764, 0.0000, NULL),
(3369, 51, 1715, 1, 0.7400, 307.10, 415, 0.0000, NULL),
(3370, 51, 1715, 1, 0.7400, 325.60, 440, 0.0000, NULL),
(3371, 51, 1715, 1, 0.7400, 329.30, 445, 0.0000, NULL),
(3372, 51, 1715, 1, 0.7400, 328.56, 444, 0.0000, NULL),
(3373, 52, 1685, 1, 0.8500, 187.00, 220, 0.0000, NULL),
(3374, 53, 1819, 1, 0.6400, 1573.12, 2458, 0.0000, NULL),
(3375, 53, 1820, 1, 0.6400, 5820.16, 9094, 0.0000, NULL),
(3376, 53, 1821, 1, 0.6400, 3720.96, 5814, 0.0000, NULL),
(3377, 53, 1822, 1, 0.6400, 9486.72, 14823, 0.0000, NULL),
(3378, 53, 1823, 1, 0.6400, 6588.16, 10294, 0.0000, NULL),
(3379, 53, 1824, 2, 0.6400, 19207.68, 30012, 0.0000, NULL),
(3380, 53, 1825, 2, 0.6400, 1310.72, 2048, 0.0000, NULL),
(3381, 53, 1826, 2, 0.6400, 5398.40, 8435, 0.0000, NULL),
(3382, 53, 1824, 2, 0.6400, 1693.44, 2646, 0.0000, NULL),
(3383, 53, 1825, 2, 0.6400, 4540.80, 7095, 0.0000, NULL),
(3384, 53, 1819, 2, 0.6400, 3013.76, 4709, 0.0000, NULL),
(3385, 53, 1827, 2, 0.6400, 5441.92, 8503, 0.0000, NULL),
(3386, 53, 1828, 2, 0.6400, 6077.44, 9496, 0.0000, NULL),
(3387, 53, 1829, 2, 0.6400, 269.44, 421, 0.0000, NULL),
(3388, 53, 1826, 2, 0.6400, 456.32, 713, 0.0000, NULL),
(3389, 53, 1830, 2, 0.6400, 4215.68, 6587, 0.0000, NULL),
(3390, 54, 1855, 1, 1.4000, 977.20, 698, 0.0000, NULL),
(3391, 54, 1855, 1, 1.4000, 1092.00, 780, 0.0000, NULL),
(3392, 55, 1885, 1, 0.6700, 275.37, 411, 0.0000, NULL),
(3393, 55, 1885, 1, 0.6700, 280.73, 419, 0.0000, NULL),
(3394, 55, 1885, 1, 0.6700, 281.40, 420, 0.0000, NULL),
(3395, 55, 1885, 1, 0.6700, 282.07, 421, 0.0000, NULL),
(3396, 55, 1885, 1, 0.6700, 281.40, 420, 0.0000, NULL),
(3397, 55, 1885, 1, 0.6700, 281.40, 420, 0.0000, NULL),
(3398, 55, 1885, 1, 0.6700, 474.36, 708, 0.0000, NULL),
(3399, 55, 1886, 1, 0.6700, 415.40, 620, 0.0000, NULL),
(3400, 55, 1887, 1, 0.6550, 717.88, 1096, 0.0000, NULL),
(3401, 55, 1888, 1, 0.6700, 455.60, 680, 0.0000, NULL),
(3402, 55, 1889, 1, 0.6700, 479.05, 715, 0.0000, NULL),
(3403, 55, 1890, 1, 0.6550, 244.97, 374, 0.0000, NULL),
(3404, 55, 1891, 1, 0.6550, 255.45, 390, 0.0000, NULL),
(3405, 55, 1892, 1, 0.6550, 700.85, 1070, 0.0000, NULL),
(3406, 56, 1900, 1, 0.9000, 191.70, 213, 0.0000, NULL),
(3407, 57, 1715, 1, 1.2000, 19302.00, 16085, 0.0000, NULL),
(3408, 58, 1715, 1, 1.2000, 2144.40, 1787, 0.0000, NULL),
(3409, 59, 1405, 1, 0.8900, 434.32, 488, 0.0000, NULL),
(3410, 59, 1405, 1, 0.8900, 443.22, 498, 0.0000, NULL),
(3411, 59, 1405, 1, 0.8900, 448.56, 504, 0.0000, NULL),
(3412, 59, 1405, 1, 0.8900, 451.23, 507, 0.0000, NULL),
(3413, 59, 1405, 1, 0.8900, 435.21, 489, 0.0000, NULL),
(3414, 59, 1405, 1, 0.8900, 436.99, 491, 0.0000, NULL),
(3415, 59, 1410, 1, 0.8900, 428.98, 482, 0.0000, NULL),
(3416, 59, 1410, 1, 0.8900, 430.76, 484, 0.0000, NULL),
(3417, 59, 1410, 1, 0.8900, 439.66, 494, 0.0000, NULL),
(3418, 59, 1410, 1, 0.8900, 439.66, 494, 0.0000, NULL),
(3419, 59, 1410, 1, 0.8900, 435.21, 489, 0.0000, NULL),
(3420, 59, 1410, 1, 0.8900, 433.43, 487, 0.0000, NULL),
(3421, 59, 1905, 1, 0.8900, 469.92, 528, 0.0000, NULL),
(3422, 59, 1905, 1, 0.8900, 469.03, 527, 0.0000, NULL),
(3423, 59, 1905, 1, 0.8900, 466.36, 524, 0.0000, NULL),
(3424, 59, 1905, 1, 0.8900, 463.69, 521, 0.0000, NULL),
(3425, 59, 1905, 1, 0.8900, 460.13, 517, 0.0000, NULL),
(3426, 59, 1905, 1, 0.8900, 463.69, 521, 0.0000, NULL),
(3427, 59, 1905, 1, 0.8900, 458.35, 515, 0.0000, NULL),
(3428, 59, 1905, 1, 0.8900, 460.13, 517, 0.0000, NULL),
(3429, 59, 1905, 1, 0.8900, 477.04, 536, 0.0000, NULL),
(3430, 59, 1905, 1, 0.8900, 461.02, 518, 0.0000, NULL),
(3431, 59, 1905, 1, 0.8900, 461.91, 519, 0.0000, NULL),
(3432, 59, 1905, 1, 0.8900, 468.14, 526, 0.0000, NULL),
(3433, 59, 1905, 1, 0.8900, 461.91, 519, 0.0000, NULL),
(3434, 59, 1905, 1, 0.8900, 463.69, 521, 0.0000, NULL),
(3435, 59, 1905, 1, 0.8900, 467.25, 525, 0.0000, NULL),
(3436, 59, 1905, 1, 0.8900, 458.35, 515, 0.0000, NULL),
(3437, 59, 1905, 1, 0.8900, 369.35, 415, 0.0000, NULL),
(3438, 59, 1906, 1, 0.8900, 460.13, 517, 0.0000, NULL),
(3439, 59, 1906, 1, 0.8900, 460.13, 517, 0.0000, NULL),
(3440, 59, 1906, 1, 0.8900, 453.90, 510, 0.0000, NULL),
(3441, 59, 1906, 1, 0.8900, 451.23, 507, 0.0000, NULL),
(3442, 59, 1906, 1, 0.8900, 463.69, 521, 0.0000, NULL),
(3443, 59, 1906, 1, 0.8900, 450.34, 506, 0.0000, NULL),
(3444, 59, 1906, 1, 0.8900, 465.47, 523, 0.0000, NULL),
(3445, 59, 1906, 1, 0.8900, 466.36, 524, 0.0000, NULL),
(3446, 59, 1906, 1, 0.8900, 469.92, 528, 0.0000, NULL),
(3447, 59, 1906, 1, 0.8900, 483.27, 543, 0.0000, NULL),
(3448, 59, 1907, 1, 0.8900, 392.49, 441, 0.0000, NULL),
(3449, 59, 1907, 1, 0.8900, 399.61, 449, 0.0000, NULL),
(3450, 59, 1907, 1, 0.8900, 386.26, 434, 0.0000, NULL),
(3451, 59, 1907, 1, 0.8900, 395.16, 444, 0.0000, NULL),
(3452, 59, 1907, 1, 0.8900, 370.24, 416, 0.0000, NULL),
(3453, 59, 1907, 1, 0.8900, 380.03, 427, 0.0000, NULL),
(3454, 59, 1907, 1, 0.8900, 353.33, 397, 0.0000, NULL),
(3455, 59, 1907, 1, 0.8900, 380.03, 427, 0.0000, NULL),
(3456, 59, 1907, 1, 0.8900, 351.55, 395, 0.0000, NULL),
(3457, 59, 1907, 1, 0.8900, 367.57, 413, 0.0000, NULL),
(3458, 59, 1907, 1, 0.8900, 363.12, 408, 0.0000, NULL),
(3459, 59, 1907, 1, 0.8900, 377.36, 424, 0.0000, NULL),
(3460, 59, 1907, 1, 0.8900, 365.79, 411, 0.0000, NULL),
(3461, 59, 1907, 1, 0.8900, 378.25, 425, 0.0000, NULL),
(3462, 59, 1907, 1, 0.8900, 375.58, 422, 0.0000, NULL),
(3463, 59, 1907, 1, 0.8900, 377.36, 424, 0.0000, NULL),
(3464, 59, 1907, 1, 0.8900, 371.13, 417, 0.0000, NULL),
(3465, 59, 1907, 1, 0.8900, 367.57, 413, 0.0000, NULL),
(3466, 59, 1907, 1, 0.8900, 345.32, 388, 0.0000, NULL),
(3467, 59, 1907, 1, 0.8900, 370.24, 416, 0.0000, NULL),
(3468, 59, 1907, 1, 0.8900, 354.22, 398, 0.0000, NULL),
(3469, 59, 1907, 1, 0.8900, 374.69, 421, 0.0000, NULL),
(3470, 59, 1907, 1, 0.8900, 389.82, 438, 0.0000, NULL),
(3471, 59, 1907, 1, 0.8900, 364.90, 410, 0.0000, NULL),
(3472, 59, 1907, 1, 0.8900, 358.67, 403, 0.0000, NULL),
(3473, 59, 1908, 1, 0.8900, 399.61, 449, 0.0000, NULL),
(3474, 59, 1908, 1, 0.8900, 392.49, 441, 0.0000, NULL),
(3475, 59, 1908, 1, 0.8900, 376.47, 423, 0.0000, NULL),
(3476, 59, 1908, 1, 0.8900, 383.59, 431, 0.0000, NULL),
(3477, 59, 1908, 1, 0.8900, 369.35, 415, 0.0000, NULL),
(3478, 59, 1908, 1, 0.8900, 384.48, 432, 0.0000, NULL),
(3479, 60, 1909, 2, 0.8900, 453.90, 510, 0.0000, NULL),
(3480, 60, 1910, 2, 0.8900, 493.06, 554, 0.0000, NULL),
(3481, 60, 1910, 2, 0.8900, 499.29, 561, 0.0000, NULL),
(3482, 60, 1910, 2, 0.8900, 502.85, 565, 0.0000, NULL),
(3483, 60, 1910, 2, 0.8900, 507.30, 570, 0.0000, NULL),
(3484, 60, 1911, 2, 0.8900, 553.58, 622, 0.0000, NULL),
(3485, 60, 1911, 2, 0.8900, 527.77, 593, 0.0000, NULL),
(3486, 60, 1911, 2, 0.8900, 661.27, 743, 0.0000, NULL),
(3487, 60, 1911, 2, 0.8900, 500.18, 562, 0.0000, NULL),
(3488, 60, 1911, 2, 0.8900, 538.45, 605, 0.0000, NULL),
(3489, 60, 1911, 2, 0.8900, 649.70, 730, 0.0000, NULL),
(3490, 60, 1912, 2, 0.8900, 589.18, 662, 0.0000, NULL),
(3491, 60, 1912, 2, 0.8900, 742.26, 834, 0.0000, NULL),
(3492, 60, 1912, 2, 0.8900, 626.56, 704, 0.0000, NULL),
(3493, 60, 1912, 2, 0.8900, 631.90, 710, 0.0000, NULL),
(3494, 60, 1912, 2, 0.8900, 629.23, 707, 0.0000, NULL),
(3495, 60, 1912, 2, 0.8900, 605.20, 680, 0.0000, NULL),
(3496, 60, 1912, 2, 0.8900, 736.03, 827, 0.0000, NULL),
(3497, 60, 1913, 2, 0.8900, 706.66, 794, 0.0000, NULL),
(3498, 60, 1913, 2, 0.8900, 712.89, 801, 0.0000, NULL),
(3499, 60, 1913, 2, 0.8900, 715.56, 804, 0.0000, NULL),
(3500, 60, 1913, 2, 0.8900, 720.01, 809, 0.0000, NULL),
(3501, 60, 1913, 2, 0.8900, 676.40, 760, 0.0000, NULL),
(3502, 60, 1913, 2, 0.8900, 710.22, 798, 0.0000, NULL),
(3503, 60, 1914, 2, 0.8900, 698.65, 785, 0.0000, NULL),
(3504, 60, 1914, 2, 0.8900, 892.67, 1003, 0.0000, NULL),
(3505, 60, 1914, 2, 0.8900, 889.11, 999, 0.0000, NULL),
(3506, 60, 1914, 2, 0.8900, 769.85, 865, 0.0000, NULL),
(3507, 60, 1914, 2, 0.8900, 859.74, 966, 0.0000, NULL),
(3508, 60, 1914, 2, 0.8900, 859.74, 966, 0.0000, NULL),
(3509, 60, 1914, 2, 0.8900, 776.97, 873, 0.0000, NULL),
(3510, 60, 1910, 2, 0.8900, 487.72, 548, 0.0000, NULL),
(3511, 60, 1910, 2, 0.8900, 471.70, 530, 0.0000, NULL),
(3512, 60, 1910, 2, 0.8900, 501.07, 563, 0.0000, NULL),
(3513, 60, 1910, 2, 0.8900, 475.26, 534, 0.0000, NULL),
(3514, 60, 1910, 2, 0.8900, 499.29, 561, 0.0000, NULL),
(3515, 60, 1911, 2, 0.8900, 554.47, 623, 0.0000, NULL),
(3516, 60, 1911, 2, 0.8900, 562.48, 632, 0.0000, NULL),
(3517, 60, 1911, 2, 0.8900, 561.59, 631, 0.0000, NULL),
(3518, 60, 1912, 2, 0.8900, 619.44, 696, 0.0000, NULL),
(3519, 60, 1912, 2, 0.8900, 564.26, 634, 0.0000, NULL),
(3520, 60, 1913, 2, 0.8900, 678.18, 762, 0.0000, NULL),
(3521, 60, 1913, 2, 0.8900, 699.54, 786, 0.0000, NULL),
(3522, 60, 1913, 2, 0.8900, 723.57, 813, 0.0000, NULL),
(3523, 60, 1914, 2, 0.8900, 774.30, 870, 0.0000, NULL),
(3524, 60, 1914, 2, 0.8900, 751.16, 844, 0.0000, NULL),
(3525, 61, 1909, 2, 0.8900, 369.35, 415, 0.0000, NULL),
(3526, 61, 1909, 2, 0.8900, 470.81, 529, 0.0000, NULL),
(3527, 61, 1909, 2, 0.8900, 471.70, 530, 0.0000, NULL),
(3528, 61, 1909, 2, 0.8900, 406.73, 457, 0.0000, NULL),
(3529, 61, 1909, 2, 0.8900, 407.62, 458, 0.0000, NULL),
(3530, 61, 1909, 2, 0.8900, 448.56, 504, 0.0000, NULL),
(3531, 61, 1909, 2, 0.8900, 409.40, 460, 0.0000, NULL),
(3532, 61, 1909, 2, 0.8900, 396.05, 445, 0.0000, NULL),
(3533, 61, 1915, 2, 0.8900, 421.86, 474, 0.0000, NULL),
(3534, 61, 1915, 2, 0.8900, 427.20, 480, 0.0000, NULL),
(3535, 61, 1915, 2, 0.8900, 445.00, 500, 0.0000, NULL),
(3536, 61, 1916, 2, 0.8900, 480.60, 540, 0.0000, NULL),
(3537, 61, 1916, 2, 0.8900, 563.37, 633, 0.0000, NULL),
(3538, 61, 1916, 2, 0.8900, 632.79, 711, 0.0000, NULL),
(3539, 61, 1916, 2, 0.8900, 588.29, 661, 0.0000, NULL),
(3540, 61, 1916, 2, 0.8900, 571.38, 642, 0.0000, NULL),
(3541, 61, 1916, 2, 0.8900, 559.81, 629, 0.0000, NULL),
(3542, 61, 1916, 2, 0.8900, 575.83, 647, 0.0000, NULL),
(3543, 61, 1916, 2, 0.8900, 571.38, 642, 0.0000, NULL),
(3544, 61, 1916, 2, 0.8900, 544.68, 612, 0.0000, NULL),
(3545, 61, 1917, 2, 0.8900, 1143.65, 1285, 0.0000, NULL),
(3546, 61, 1917, 2, 0.8900, 1165.90, 1310, 0.0000, NULL),
(3547, 61, 1917, 2, 0.8900, 1233.54, 1386, 0.0000, NULL),
(3548, 61, 1917, 2, 0.8900, 1236.21, 1389, 0.0000, NULL),
(3549, 61, 1917, 2, 0.8900, 1101.82, 1238, 0.0000, NULL),
(3550, 61, 1917, 2, 0.8900, 1411.54, 1586, 0.0000, NULL),
(3551, 61, 1917, 2, 0.8900, 1222.86, 1374, 0.0000, NULL),
(3552, 61, 1917, 2, 0.8900, 1157.00, 1300, 0.0000, NULL),
(3553, 61, 1917, 2, 0.8900, 1274.48, 1432, 0.0000, NULL),
(3554, 61, 1917, 2, 0.8900, 1193.49, 1341, 0.0000, NULL),
(3555, 61, 1917, 2, 0.8900, 1120.51, 1259, 0.0000, NULL),
(3556, 61, 1917, 2, 0.8900, 1344.79, 1511, 0.0000, NULL),
(3557, 61, 1917, 2, 0.8900, 1264.69, 1421, 0.0000, NULL),
(3558, 61, 1917, 2, 0.8900, 1215.74, 1366, 0.0000, NULL),
(3559, 61, 1917, 2, 0.8900, 1247.78, 1402, 0.0000, NULL),
(3560, 61, 1917, 2, 0.8900, 1246.00, 1400, 0.0000, NULL),
(3561, 62, 1918, 2, 0.8900, 717.34, 806, 0.0000, NULL),
(3562, 62, 1918, 2, 0.8900, 744.04, 836, 0.0000, NULL),
(3563, 62, 1918, 2, 0.8900, 632.79, 711, 0.0000, NULL),
(3564, 62, 1918, 2, 0.8900, 768.07, 863, 0.0000, NULL),
(3565, 62, 1918, 2, 0.8900, 719.12, 808, 0.0000, NULL),
(3566, 62, 1918, 2, 0.8900, 713.78, 802, 0.0000, NULL),
(3567, 62, 1918, 2, 0.8900, 745.82, 838, 0.0000, NULL),
(3568, 62, 1919, 2, 0.8900, 650.59, 731, 0.0000, NULL),
(3569, 62, 1919, 2, 0.8900, 711.11, 799, 0.0000, NULL),
(3570, 62, 1919, 2, 0.8900, 537.56, 604, 0.0000, NULL),
(3571, 62, 1919, 2, 0.8900, 660.38, 742, 0.0000, NULL),
(3572, 62, 1919, 2, 0.8900, 638.13, 717, 0.0000, NULL),
(3573, 62, 1919, 2, 0.8900, 628.34, 706, 0.0000, NULL),
(3574, 62, 1919, 2, 0.8900, 641.69, 721, 0.0000, NULL),
(3575, 62, 1919, 2, 0.8900, 640.80, 720, 0.0000, NULL),
(3576, 62, 1919, 2, 0.8900, 611.43, 687, 0.0000, NULL),
(3577, 62, 1920, 2, 0.8900, 844.61, 949, 0.0000, NULL),
(3578, 62, 1920, 2, 0.8900, 812.57, 913, 0.0000, NULL),
(3579, 62, 1920, 2, 0.8900, 843.72, 948, 0.0000, NULL),
(3580, 62, 1920, 2, 0.8900, 928.27, 1043, 0.0000, NULL),
(3581, 62, 1920, 2, 0.8900, 839.27, 943, 0.0000, NULL),
(3582, 62, 1920, 2, 0.8900, 873.09, 981, 0.0000, NULL),
(3583, 62, 1920, 2, 0.8900, 868.64, 976, 0.0000, NULL),
(3584, 62, 1920, 2, 0.8900, 825.03, 927, 0.0000, NULL),
(3585, 62, 1920, 2, 0.8900, 857.07, 963, 0.0000, NULL),
(3586, 62, 1921, 2, 0.8900, 748.49, 841, 0.0000, NULL),
(3587, 62, 1921, 2, 0.8900, 725.35, 815, 0.0000, NULL),
(3588, 62, 1921, 2, 0.8900, 732.47, 823, 0.0000, NULL),
(3589, 62, 1921, 2, 0.8900, 713.78, 802, 0.0000, NULL),
(3590, 62, 1921, 2, 0.8900, 801.00, 900, 0.0000, NULL),
(3591, 62, 1921, 2, 0.8900, 722.68, 812, 0.0000, NULL),
(3592, 62, 1921, 2, 0.8900, 708.44, 796, 0.0000, NULL),
(3593, 62, 1922, 2, 0.8900, 857.96, 964, 0.0000, NULL),
(3594, 62, 1922, 2, 0.8900, 909.58, 1022, 0.0000, NULL),
(3595, 62, 1922, 2, 0.8900, 856.18, 962, 0.0000, NULL),
(3596, 62, 1922, 2, 0.8900, 885.55, 995, 0.0000, NULL),
(3597, 62, 1922, 2, 0.8900, 939.84, 1056, 0.0000, NULL),
(3598, 62, 1922, 2, 0.8900, 846.39, 951, 0.0000, NULL),
(3599, 62, 1922, 2, 0.8900, 873.09, 981, 0.0000, NULL),
(3600, 63, 1405, 2, 0.8900, 436.99, 491, 0.0000, NULL),
(3601, 63, 1405, 2, 0.8900, 446.78, 502, 0.0000, NULL),
(3602, 63, 1405, 2, 0.8900, 438.77, 493, 0.0000, NULL),
(3603, 63, 1405, 2, 0.8900, 430.76, 484, 0.0000, NULL),
(3604, 63, 1405, 2, 0.8900, 435.21, 489, 0.0000, NULL),
(3605, 63, 1405, 2, 0.8900, 437.88, 492, 0.0000, NULL),
(3606, 63, 1405, 2, 0.8900, 436.10, 490, 0.0000, NULL),
(3607, 63, 1405, 2, 0.8900, 436.99, 491, 0.0000, NULL),
(3608, 63, 1405, 2, 0.8900, 437.88, 492, 0.0000, NULL),
(3609, 63, 1405, 2, 0.8900, 434.32, 488, 0.0000, NULL),
(3610, 63, 1405, 2, 0.8900, 440.55, 495, 0.0000, NULL),
(3611, 63, 1405, 2, 0.8900, 422.75, 475, 0.0000, NULL),
(3612, 63, 1410, 2, 0.8900, 436.10, 490, 0.0000, NULL),
(3613, 63, 1410, 2, 0.8900, 426.31, 479, 0.0000, NULL),
(3614, 63, 1410, 2, 0.8900, 439.66, 494, 0.0000, NULL),
(3615, 63, 1410, 2, 0.8900, 435.21, 489, 0.0000, NULL),
(3616, 63, 1410, 2, 0.8900, 436.10, 490, 0.0000, NULL),
(3617, 63, 1410, 2, 0.8900, 431.65, 485, 0.0000, NULL),
(3618, 63, 1410, 2, 0.8900, 438.77, 493, 0.0000, NULL),
(3619, 63, 1915, 2, 0.8900, 438.77, 493, 0.0000, NULL),
(3620, 63, 1915, 2, 0.8900, 436.99, 491, 0.0000, NULL),
(3621, 63, 1915, 2, 0.8900, 488.61, 549, 0.0000, NULL),
(3622, 63, 1915, 2, 0.8900, 436.99, 491, 0.0000, NULL),
(3623, 63, 1915, 2, 0.8900, 455.68, 512, 0.0000, NULL),
(3624, 63, 1915, 2, 0.8900, 451.23, 507, 0.0000, NULL),
(3625, 63, 1923, 2, 0.8900, 501.96, 564, 0.0000, NULL),
(3626, 63, 1923, 2, 0.8900, 522.43, 587, 0.0000, NULL),
(3627, 63, 1923, 2, 0.8900, 444.11, 499, 0.0000, NULL),
(3628, 63, 1923, 2, 0.8900, 536.67, 603, 0.0000, NULL),
(3629, 63, 1923, 2, 0.8900, 524.21, 589, 0.0000, NULL),
(3630, 63, 1923, 2, 0.8900, 504.63, 567, 0.0000, NULL),
(3631, 63, 1923, 2, 0.8900, 502.85, 565, 0.0000, NULL),
(3632, 63, 1924, 2, 0.8900, 461.02, 518, 0.0000, NULL),
(3633, 63, 1924, 2, 0.8900, 495.73, 557, 0.0000, NULL),
(3634, 63, 1924, 2, 0.8900, 509.08, 572, 0.0000, NULL),
(3635, 63, 1924, 2, 0.8900, 493.06, 554, 0.0000, NULL),
(3636, 63, 1924, 2, 0.8900, 531.33, 597, 0.0000, NULL),
(3637, 63, 1924, 2, 0.8900, 505.52, 568, 0.0000, NULL),
(3638, 63, 1924, 2, 0.8900, 477.04, 536, 0.0000, NULL),
(3639, 63, 1925, 2, 0.8900, 650.59, 731, 0.0000, NULL),
(3640, 63, 1925, 2, 0.8900, 695.98, 782, 0.0000, NULL),
(3641, 63, 1925, 2, 0.8900, 718.23, 807, 0.0000, NULL),
(3642, 63, 1925, 2, 0.8900, 690.64, 776, 0.0000, NULL),
(3643, 63, 1925, 2, 0.8900, 743.15, 835, 0.0000, NULL),
(3644, 63, 1925, 2, 0.8900, 717.34, 806, 0.0000, NULL),
(3645, 63, 1925, 2, 0.8900, 679.07, 763, 0.0000, NULL),
(3646, 63, 1926, 2, 0.8900, 456.57, 513, 0.0000, NULL),
(3647, 63, 1926, 2, 0.8900, 470.81, 529, 0.0000, NULL),
(3648, 63, 1926, 2, 0.8900, 454.79, 511, 0.0000, NULL),
(3649, 63, 1926, 2, 0.8900, 499.29, 561, 0.0000, NULL),
(3650, 63, 1926, 2, 0.8900, 445.00, 500, 0.0000, NULL),
(3651, 63, 1926, 2, 0.8900, 451.23, 507, 0.0000, NULL),
(3652, 63, 1926, 2, 0.8900, 439.66, 494, 0.0000, NULL),
(3653, 63, 1927, 2, 0.8900, 364.90, 410, 0.0000, NULL),
(3654, 63, 1927, 2, 0.8900, 387.15, 435, 0.0000, NULL),
(3655, 63, 1927, 2, 0.8900, 363.12, 408, 0.0000, NULL),
(3656, 63, 1927, 2, 0.8900, 395.16, 444, 0.0000, NULL),
(3657, 63, 1927, 2, 0.8900, 374.69, 421, 0.0000, NULL),
(3658, 63, 1927, 2, 0.8900, 359.56, 404, 0.0000, NULL),
(3659, 63, 1927, 2, 0.8900, 364.90, 410, 0.0000, NULL),
(3660, 64, 1402, 2, 0.1550, 81840.00, 2640, 0.0000, NULL),
(3661, 65, 2065, 2, 0.5800, 1138.54, 1963, 0.0000, NULL),
(3662, 65, 2065, 2, 0.5800, 1138.54, 1963, 0.0000, NULL),
(3663, 65, 2065, 2, 0.5800, 1138.54, 1963, 0.0000, NULL),
(3664, 66, 2072, 2, 1.0000, 1827.00, 1827, 0.0000, NULL),
(3665, 66, 2073, 2, 1.0000, 1783.00, 1783, 0.0000, NULL),
(3666, 66, 2073, 2, 1.0000, 1783.00, 1783, 0.0000, NULL),
(3667, 66, 2074, 2, 1.0000, 2063.00, 2063, 0.0000, NULL),
(3668, 66, 2075, 2, 1.0000, 2179.00, 2179, 0.0000, NULL),
(3669, 66, 2076, 2, 1.0000, 2816.00, 2816, 0.0000, NULL),
(3670, 66, 2077, 2, 1.0000, 1793.00, 1793, 0.0000, NULL),
(3671, 66, 2077, 2, 1.0000, 1789.00, 1789, 0.0000, NULL),
(3672, 66, 2078, 2, 1.0000, 2929.00, 2929, 0.0000, NULL),
(3673, 66, 2078, 2, 1.0000, 2945.00, 2945, 0.0000, NULL),
(3674, 66, 2079, 2, 1.0000, 3297.00, 3297, 0.0000, NULL),
(3675, 67, 1921, 2, 0.8900, 695.09, 781, 0.0000, NULL),
(3794, 69, 2084, 2, 1.0000, 1056.00, 1056, 0.0000, NULL),
(3795, 69, 2084, 2, 1.0000, 1086.00, 1086, 0.0000, NULL),
(3796, 69, 2084, 2, 1.0000, 1074.00, 1074, 0.0000, NULL),
(3797, 69, 2084, 2, 1.0000, 1082.00, 1082, 0.0000, NULL),
(3798, 69, 2084, 2, 1.0000, 1086.00, 1086, 0.0000, NULL),
(3799, 69, 2084, 2, 1.0000, 1076.00, 1076, 0.0000, NULL),
(3800, 69, 2084, 2, 1.0000, 1070.00, 1070, 0.0000, NULL),
(3801, 69, 2084, 2, 1.0000, 1070.00, 1070, 0.0000, NULL),
(3802, 69, 2084, 2, 1.0000, 1072.00, 1072, 0.0000, NULL),
(3803, 69, 2084, 2, 1.0000, 1070.00, 1070, 0.0000, NULL),
(3804, 69, 2084, 2, 1.0000, 1084.00, 1084, 0.0000, NULL),
(3805, 69, 2084, 2, 1.0000, 1066.00, 1066, 0.0000, NULL),
(3806, 69, 2084, 2, 1.0000, 1056.00, 1056, 0.0000, NULL),
(3807, 69, 2084, 2, 1.0000, 1068.00, 1068, 0.0000, NULL),
(3808, 69, 2084, 2, 1.0000, 1056.00, 1056, 0.0000, NULL),
(3809, 69, 2084, 2, 1.0000, 1076.00, 1076, 0.0000, NULL),
(3810, 69, 2084, 2, 1.0000, 1060.00, 1060, 0.0000, NULL),
(3811, 69, 2084, 2, 1.0000, 1068.00, 1068, 0.0000, NULL),
(3812, 69, 2084, 2, 1.0000, 1090.00, 1090, 0.0000, NULL),
(3813, 69, 2084, 2, 1.0000, 1072.00, 1072, 0.0000, NULL),
(3814, 69, 2084, 2, 1.0000, 1072.00, 1072, 0.0000, NULL),
(3815, 69, 2084, 2, 1.0000, 1066.00, 1066, 0.0000, NULL),
(3816, 69, 2084, 2, 1.0000, 1074.00, 1074, 0.0000, NULL),
(3817, 69, 2084, 2, 1.0000, 1078.00, 1078, 0.0000, NULL),
(3818, 69, 2084, 2, 1.0000, 1072.00, 1072, 0.0000, NULL),
(3819, 69, 2084, 2, 1.0000, 1078.00, 1078, 0.0000, NULL),
(3820, 69, 2084, 2, 1.0000, 1062.00, 1062, 0.0000, NULL),
(3821, 69, 2084, 2, 1.0000, 1060.00, 1060, 0.0000, NULL),
(3822, 69, 2084, 2, 1.0000, 1060.00, 1060, 0.0000, NULL),
(3823, 69, 2084, 2, 1.0000, 1064.00, 1064, 0.0000, NULL),
(3824, 69, 2084, 2, 1.0000, 1064.00, 1064, 0.0000, NULL),
(3825, 69, 2084, 2, 1.0000, 1064.00, 1064, 0.0000, NULL),
(3826, 69, 2084, 2, 1.0000, 1072.00, 1072, 0.0000, NULL),
(3827, 69, 2084, 2, 1.0000, 1056.00, 1056, 0.0000, NULL),
(3828, 69, 2084, 2, 1.0000, 1062.00, 1062, 0.0000, NULL),
(3829, 69, 2084, 2, 1.0000, 1064.00, 1064, 0.0000, NULL),
(3830, 69, 2084, 2, 1.0000, 1070.00, 1070, 0.0000, NULL),
(3831, 69, 2084, 2, 1.0000, 1072.00, 1072, 0.0000, NULL),
(3832, 69, 2084, 2, 1.0000, 1076.00, 1076, 0.0000, NULL),
(3833, 69, 2084, 2, 1.0000, 1074.00, 1074, 0.0000, NULL),
(3834, 69, 2084, 2, 1.0000, 1060.00, 1060, 0.0000, NULL),
(3835, 69, 2084, 2, 1.0000, 1066.00, 1066, 0.0000, NULL),
(3836, 69, 2084, 2, 1.0000, 1070.00, 1070, 0.0000, NULL),
(3837, 69, 2084, 2, 1.0000, 1086.00, 1086, 0.0000, NULL),
(3838, 69, 2084, 2, 1.0000, 1064.00, 1064, 0.0000, NULL),
(3839, 69, 2084, 2, 1.0000, 1068.00, 1068, 0.0000, NULL),
(3840, 69, 2084, 2, 1.0000, 1064.00, 1064, 0.0000, NULL),
(3841, 69, 2084, 2, 1.0000, 1070.00, 1070, 0.0000, NULL),
(3842, 69, 2084, 2, 1.0000, 1068.00, 1068, 0.0000, NULL),
(3843, 69, 2084, 2, 1.0000, 1066.00, 1066, 0.0000, NULL),
(3844, 69, 2084, 2, 1.0000, 1070.00, 1070, 0.0000, NULL),
(3845, 69, 2084, 2, 1.0000, 1064.00, 1064, 0.0000, NULL),
(3846, 69, 2084, 2, 1.0000, 1068.00, 1068, 0.0000, NULL),
(3847, 69, 2084, 2, 1.0000, 1064.00, 1064, 0.0000, NULL),
(3848, 69, 2084, 2, 1.0000, 1066.00, 1066, 0.0000, NULL),
(3849, 69, 2084, 2, 1.0000, 1062.00, 1062, 0.0000, NULL),
(3850, 69, 2084, 2, 1.0000, 1074.00, 1074, 0.0000, NULL),
(3851, 69, 2084, 2, 1.0000, 1072.00, 1072, 0.0000, NULL),
(3852, 69, 2084, 2, 1.0000, 1070.00, 1070, 0.0000, NULL),
(3853, 69, 2084, 2, 1.0000, 1070.00, 1070, 0.0000, NULL),
(3854, 69, 2084, 2, 1.0000, 1074.00, 1074, 0.0000, NULL),
(3855, 69, 2084, 2, 1.0000, 1074.00, 1074, 0.0000, NULL),
(3856, 69, 2084, 2, 1.0000, 1062.00, 1062, 0.0000, NULL),
(3857, 69, 2084, 2, 1.0000, 1074.00, 1074, 0.0000, NULL),
(3858, 69, 2084, 2, 1.0000, 1080.00, 1080, 0.0000, NULL),
(3859, 69, 2084, 2, 1.0000, 1064.00, 1064, 0.0000, NULL),
(3860, 69, 2084, 2, 1.0000, 1074.00, 1074, 0.0000, NULL),
(3861, 69, 2084, 2, 1.0000, 1076.00, 1076, 0.0000, NULL),
(3862, 69, 2084, 2, 1.0000, 1068.00, 1068, 0.0000, NULL),
(3863, 69, 2084, 2, 1.0000, 1068.00, 1068, 0.0000, NULL),
(3864, 69, 2084, 2, 1.0000, 1076.00, 1076, 0.0000, NULL),
(3865, 69, 2084, 2, 1.0000, 1082.00, 1082, 0.0000, NULL),
(3866, 69, 2084, 2, 1.0000, 1078.00, 1078, 0.0000, NULL),
(3867, 69, 2084, 2, 1.0000, 1064.00, 1064, 0.0000, NULL),
(3868, 69, 2084, 2, 1.0000, 1066.00, 1066, 0.0000, NULL),
(3869, 69, 2084, 2, 1.0000, 1046.00, 1046, 0.0000, NULL),
(3870, 69, 2084, 2, 1.0000, 1074.00, 1074, 0.0000, NULL),
(3871, 69, 2084, 2, 1.0000, 1068.00, 1068, 0.0000, NULL),
(3872, 69, 2084, 2, 1.0000, 1078.00, 1078, 0.0000, NULL),
(3873, 69, 2084, 2, 1.0000, 1060.00, 1060, 0.0000, NULL),
(3874, 69, 2084, 2, 1.0000, 1016.00, 1016, 0.0000, NULL),
(3875, 69, 2084, 2, 1.0000, 1072.00, 1072, 0.0000, NULL),
(3876, 69, 2084, 2, 1.0000, 1088.00, 1088, 0.0000, NULL),
(3877, 69, 2084, 2, 1.0000, 1072.00, 1072, 0.0000, NULL),
(3878, 69, 2084, 2, 1.0000, 1072.00, 1072, 0.0000, NULL),
(3879, 69, 2084, 2, 1.0000, 1070.00, 1070, 0.0000, NULL),
(3880, 69, 2084, 2, 1.0000, 1074.00, 1074, 0.0000, NULL),
(3881, 69, 2084, 2, 1.0000, 1064.00, 1064, 0.0000, NULL),
(3882, 69, 2084, 2, 1.0000, 1064.00, 1064, 0.0000, NULL),
(3883, 69, 2084, 2, 1.0000, 1060.00, 1060, 0.0000, NULL),
(3884, 69, 2084, 2, 1.0000, 1068.00, 1068, 0.0000, NULL),
(3885, 69, 2084, 2, 1.0000, 1076.00, 1076, 0.0000, NULL),
(3886, 69, 2084, 2, 1.0000, 1066.00, 1066, 0.0000, NULL),
(3887, 69, 2084, 2, 1.0000, 1068.00, 1068, 0.0000, NULL),
(3888, 69, 2084, 2, 1.0000, 1060.00, 1060, 0.0000, NULL),
(3889, 69, 2084, 2, 1.0000, 1064.00, 1064, 0.0000, NULL),
(3890, 69, 2084, 2, 1.0000, 1070.00, 1070, 0.0000, NULL),
(3891, 69, 2084, 2, 1.0000, 1072.00, 1072, 0.0000, NULL),
(3892, 69, 2084, 2, 1.0000, 1068.00, 1068, 0.0000, NULL),
(3893, 69, 2084, 2, 1.0000, 1066.00, 1066, 0.0000, NULL),
(3894, 69, 2084, 2, 1.0000, 1066.00, 1066, 0.0000, NULL),
(3895, 69, 2084, 2, 1.0000, 1074.00, 1074, 0.0000, NULL),
(3896, 69, 2084, 2, 1.0000, 1064.00, 1064, 0.0000, NULL),
(3897, 69, 2084, 2, 1.0000, 1064.00, 1064, 0.0000, NULL),
(3898, 69, 2084, 2, 1.0000, 1076.00, 1076, 0.0000, NULL),
(3899, 69, 2084, 2, 1.0000, 1066.00, 1066, 0.0000, NULL),
(3900, 69, 2084, 2, 1.0000, 1060.00, 1060, 0.0000, NULL),
(3901, 69, 2085, 2, 1.0000, 1018.00, 1018, 0.0000, NULL),
(3902, 69, 2085, 2, 1.0000, 1012.00, 1012, 0.0000, NULL),
(3903, 69, 2085, 2, 1.0000, 1006.00, 1006, 0.0000, NULL),
(3904, 69, 2085, 2, 1.0000, 1016.00, 1016, 0.0000, NULL),
(3905, 69, 2085, 2, 1.0000, 1024.00, 1024, 0.0000, NULL),
(3906, 69, 2085, 2, 1.0000, 1020.00, 1020, 0.0000, NULL),
(3907, 69, 2085, 2, 1.0000, 1010.00, 1010, 0.0000, NULL),
(3908, 69, 2085, 2, 1.0000, 1012.00, 1012, 0.0000, NULL),
(3909, 69, 2085, 2, 1.0000, 1012.00, 1012, 0.0000, NULL),
(3910, 69, 2085, 2, 1.0000, 1016.00, 1016, 0.0000, NULL),
(3911, 69, 2085, 2, 1.0000, 1066.00, 1066, 0.0000, NULL),
(3913, 71, 2100, 1, 1.3000, 702.00, 540, 0.0000, NULL),
(3914, 71, 2101, 1, 1.5000, 1189.50, 793, 0.0000, NULL),
(3915, 71, 2102, 1, 1.5000, 546.00, 364, 0.0000, NULL),
(3916, 71, 2103, 1, 1.5000, 163.50, 109, 0.0000, NULL),
(3917, 72, 2104, 1, 0.6550, 342.57, 523, 0.0000, NULL),
(3918, 72, 2105, 1, 0.6550, 700.85, 1070, 0.0000, NULL),
(3919, 72, 2106, 1, 0.6550, 702.16, 1072, 0.0000, NULL),
(3920, 72, 2107, 1, 0.6550, 710.02, 1084, 0.0000, NULL),
(3921, 72, 2108, 1, 0.6550, 288.86, 441, 0.0000, NULL),
(3922, 72, 2109, 1, 0.6550, 467.67, 714, 0.0000, NULL),
(3923, 72, 1891, 1, 0.6550, 260.04, 397, 0.0000, NULL),
(3924, 72, 2110, 1, 0.6550, 935.34, 1428, 0.0000, NULL),
(3925, 72, 2111, 1, 0.6550, 351.74, 537, 0.0000, NULL),
(3926, 73, 2112, 1, 0.4150, 207.50, 500, 0.0000, NULL),
(3927, 73, 2113, 1, 0.4150, 257.30, 620, 0.0000, NULL),
(3928, 73, 2114, 1, 0.4150, 265.60, 640, 0.0000, NULL),
(3929, 73, 2115, 1, 0.4150, 232.82, 561, 0.0000, NULL),
(3930, 74, 2116, 1, 0.6000, 348.00, 580, 0.0000, NULL),
(3931, 74, 2117, 1, 0.6000, 358.20, 597, 0.0000, NULL),
(3932, 74, 2118, 1, 0.3000, 114.00, 380, 0.0000, NULL),
(3933, 74, 2118, 1, 0.3000, 90.00, 300, 0.0000, NULL),
(3934, 75, 2119, 2, 0.8900, 1293.17, 1453, 0.0000, NULL),
(3935, 75, 2119, 2, 0.8900, 1268.25, 1425, 0.0000, NULL),
(3936, 75, 2119, 2, 0.8900, 1267.36, 1424, 0.0000, NULL),
(3937, 75, 2119, 2, 0.8900, 1145.43, 1287, 0.0000, NULL),
(3938, 75, 2119, 2, 0.8900, 1294.06, 1454, 0.0000, NULL),
(3939, 75, 2119, 2, 0.8900, 1268.25, 1425, 0.0000, NULL),
(3940, 75, 2119, 2, 0.8900, 1275.37, 1433, 0.0000, NULL),
(3941, 75, 2119, 2, 0.8900, 1198.83, 1347, 0.0000, NULL),
(3942, 75, 2119, 2, 0.8900, 1132.97, 1273, 0.0000, NULL),
(3943, 75, 2120, 2, 0.8900, 1234.43, 1387, 0.0000, NULL),
(3944, 75, 2120, 2, 0.8900, 1197.05, 1345, 0.0000, NULL),
(3945, 75, 2120, 2, 0.8900, 1220.19, 1371, 0.0000, NULL),
(3946, 75, 2120, 2, 0.8900, 1156.11, 1299, 0.0000, NULL),
(3947, 75, 2120, 2, 0.8900, 1074.23, 1207, 0.0000, NULL),
(3948, 75, 2120, 2, 0.8900, 1153.44, 1296, 0.0000, NULL),
(3949, 75, 2120, 2, 0.8900, 1239.77, 1393, 0.0000, NULL),
(3950, 75, 2120, 2, 0.8900, 1158.78, 1302, 0.0000, NULL),
(3951, 75, 2121, 2, 0.8900, 1176.58, 1322, 0.0000, NULL),
(3952, 75, 2121, 2, 0.8900, 1148.10, 1290, 0.0000, NULL),
(3953, 75, 2121, 2, 0.8900, 1166.79, 1311, 0.0000, NULL),
(3954, 75, 2121, 2, 0.8900, 1148.99, 1291, 0.0000, NULL),
(3955, 75, 2121, 2, 0.8900, 1188.15, 1335, 0.0000, NULL),
(3956, 75, 2121, 2, 0.8900, 1139.20, 1280, 0.0000, NULL),
(3957, 75, 2121, 2, 0.8900, 1181.92, 1328, 0.0000, NULL),
(3958, 75, 2121, 2, 0.8900, 1133.86, 1274, 0.0000, NULL),
(3959, 75, 2121, 2, 0.8900, 1144.54, 1286, 0.0000, NULL),
(3960, 75, 2121, 2, 0.8900, 1210.40, 1360, 0.0000, NULL),
(3961, 75, 2121, 2, 0.8900, 1099.15, 1235, 0.0000, NULL),
(3962, 75, 2121, 2, 0.8900, 1201.50, 1350, 0.0000, NULL),
(3963, 75, 2121, 2, 0.8900, 1257.57, 1413, 0.0000, NULL),
(3964, 75, 2121, 2, 0.8900, 1140.09, 1281, 0.0000, NULL),
(3965, 75, 2121, 2, 0.8900, 1317.20, 1480, 0.0000, NULL),
(3966, 75, 2121, 2, 0.8900, 1323.43, 1487, 0.0000, NULL),
(3967, 75, 2121, 2, 0.8900, 1256.68, 1412, 0.0000, NULL),
(3968, 75, 2121, 2, 0.8900, 1401.75, 1575, 0.0000, NULL),
(3969, 75, 2121, 2, 0.8900, 1278.93, 1437, 0.0000, NULL),
(3970, 75, 2121, 2, 0.8900, 1257.57, 1413, 0.0000, NULL),
(3971, 75, 2121, 2, 0.8900, 1254.90, 1410, 0.0000, NULL),
(3972, 75, 2121, 2, 0.8900, 1287.83, 1447, 0.0000, NULL),
(3973, 75, 2121, 2, 0.8900, 1205.95, 1355, 0.0000, NULL),
(3974, 75, 2122, 2, 0.8900, 1076.90, 1210, 0.0000, NULL),
(3975, 75, 2122, 2, 0.8900, 1156.11, 1299, 0.0000, NULL),
(3976, 75, 2122, 2, 0.8900, 1120.51, 1259, 0.0000, NULL),
(3977, 75, 2122, 2, 0.8900, 1196.16, 1344, 0.0000, NULL),
(3978, 75, 2122, 2, 0.8900, 1172.13, 1317, 0.0000, NULL),
(3979, 75, 2122, 2, 0.8900, 1037.74, 1166, 0.0000, NULL),
(3980, 75, 2122, 2, 0.8900, 1163.23, 1307, 0.0000, NULL),
(3981, 75, 2122, 2, 0.8900, 1181.03, 1327, 0.0000, NULL),
(3982, 75, 2122, 2, 0.8900, 1170.35, 1315, 0.0000, NULL),
(3983, 75, 2123, 2, 0.8900, 1224.64, 1376, 0.0000, NULL),
(3984, 75, 2123, 2, 0.8900, 1129.41, 1269, 0.0000, NULL),
(3985, 75, 2123, 2, 0.8900, 1153.44, 1296, 0.0000, NULL),
(3986, 75, 2123, 2, 0.8900, 1119.62, 1258, 0.0000, NULL),
(3987, 75, 2123, 2, 0.8900, 1182.81, 1329, 0.0000, NULL),
(3988, 75, 2123, 2, 0.8900, 1059.10, 1190, 0.0000, NULL),
(3989, 75, 2123, 2, 0.8900, 1137.42, 1278, 0.0000, NULL),
(3990, 75, 2123, 2, 0.8900, 1132.08, 1272, 0.0000, NULL),
(3991, 75, 2123, 2, 0.8900, 1201.50, 1350, 0.0000, NULL),
(3992, 75, 2123, 2, 0.8900, 1148.99, 1291, 0.0000, NULL),
(3993, 75, 2123, 2, 0.8900, 1123.18, 1262, 0.0000, NULL),
(3994, 76, 1405, 1, 0.8900, 461.02, 518, 0.0000, NULL),
(3995, 76, 1405, 1, 0.8900, 448.56, 504, 0.0000, NULL),
(3996, 76, 1405, 1, 0.8900, 451.23, 507, 0.0000, NULL),
(3997, 76, 1405, 1, 0.8900, 460.13, 517, 0.0000, NULL),
(3998, 76, 1405, 1, 0.8900, 439.66, 494, 0.0000, NULL),
(3999, 76, 1405, 1, 0.8900, 437.88, 492, 0.0000, NULL),
(4000, 76, 1405, 1, 0.8900, 453.01, 509, 0.0000, NULL),
(4001, 76, 1405, 1, 0.8900, 463.69, 521, 0.0000, NULL),
(4002, 76, 1405, 1, 0.8900, 453.01, 509, 0.0000, NULL),
(4003, 76, 1405, 1, 0.8900, 451.23, 507, 0.0000, NULL),
(4004, 76, 1405, 1, 0.8900, 453.90, 510, 0.0000, NULL),
(4005, 76, 1405, 1, 0.8900, 458.35, 515, 0.0000, NULL),
(4006, 76, 1405, 1, 0.8900, 461.91, 519, 0.0000, NULL),
(4007, 76, 1405, 1, 0.8900, 441.44, 496, 0.0000, NULL),
(4008, 76, 1405, 1, 0.8900, 468.14, 526, 0.0000, NULL),
(4009, 76, 1405, 1, 0.8900, 453.01, 509, 0.0000, NULL),
(4010, 76, 1405, 1, 0.8900, 461.02, 518, 0.0000, NULL),
(4011, 76, 1405, 1, 0.8900, 459.24, 516, 0.0000, NULL),
(4012, 76, 1405, 1, 0.8900, 476.15, 535, 0.0000, NULL),
(4013, 76, 1405, 1, 0.8900, 471.70, 530, 0.0000, NULL),
(4014, 76, 1405, 1, 0.8900, 467.25, 525, 0.0000, NULL),
(4015, 76, 1405, 1, 0.8900, 454.79, 511, 0.0000, NULL),
(4016, 76, 1405, 1, 0.8900, 455.68, 512, 0.0000, NULL),
(4017, 76, 1405, 1, 0.8900, 437.88, 492, 0.0000, NULL),
(4018, 76, 1405, 1, 0.8900, 466.36, 524, 0.0000, NULL),
(4019, 76, 1405, 1, 0.8900, 478.82, 538, 0.0000, NULL),
(4020, 76, 1405, 1, 0.8900, 456.57, 513, 0.0000, NULL),
(4021, 76, 1405, 1, 0.8900, 451.23, 507, 0.0000, NULL),
(4022, 76, 1405, 1, 0.8900, 450.34, 506, 0.0000, NULL),
(4023, 76, 1405, 1, 0.8900, 462.80, 520, 0.0000, NULL),
(4024, 76, 1405, 1, 0.8900, 462.80, 520, 0.0000, NULL),
(4025, 76, 1405, 1, 0.8900, 478.82, 538, 0.0000, NULL),
(4026, 76, 1405, 1, 0.8900, 466.36, 524, 0.0000, NULL),
(4027, 76, 1405, 1, 0.8900, 452.12, 508, 0.0000, NULL),
(4028, 76, 1685, 1, 0.8900, 482.38, 542, 0.0000, NULL),
(4029, 76, 1685, 1, 0.8900, 437.88, 492, 0.0000, NULL),
(4030, 76, 1685, 1, 0.8900, 462.80, 520, 0.0000, NULL),
(4031, 76, 1685, 1, 0.8900, 475.26, 534, 0.0000, NULL),
(4032, 76, 1685, 1, 0.8900, 448.56, 504, 0.0000, NULL),
(4033, 76, 1685, 1, 0.8900, 458.35, 515, 0.0000, NULL),
(4034, 76, 1685, 1, 0.8900, 456.57, 513, 0.0000, NULL),
(4035, 76, 1685, 1, 0.8900, 467.25, 525, 0.0000, NULL),
(4036, 76, 1685, 1, 0.8900, 466.36, 524, 0.0000, NULL),
(4037, 76, 1685, 1, 0.8900, 448.56, 504, 0.0000, NULL),
(4038, 76, 1685, 1, 0.8900, 443.22, 498, 0.0000, NULL),
(4039, 76, 1685, 1, 0.8900, 444.11, 499, 0.0000, NULL),
(4040, 76, 1685, 1, 0.8900, 463.69, 521, 0.0000, NULL),
(4041, 76, 1685, 1, 0.8900, 461.91, 519, 0.0000, NULL),
(4042, 76, 1685, 1, 0.8900, 455.68, 512, 0.0000, NULL),
(4043, 76, 1685, 1, 0.8900, 448.56, 504, 0.0000, NULL),
(4044, 76, 1685, 1, 0.8900, 452.12, 508, 0.0000, NULL),
(4045, 76, 1685, 1, 0.8900, 256.32, 288, 0.0000, NULL),
(4046, 76, 1685, 1, 0.8900, 269.67, 303, 0.0000, NULL),
(4047, 76, 1685, 1, 0.8900, 458.35, 515, 0.0000, NULL),
(4048, 76, 1685, 1, 0.8900, 461.02, 518, 0.0000, NULL),
(4049, 76, 1685, 1, 0.8900, 457.46, 514, 0.0000, NULL),
(4050, 76, 1685, 1, 0.8900, 460.13, 517, 0.0000, NULL),
(4051, 76, 1685, 1, 0.8900, 444.11, 499, 0.0000, NULL),
(4052, 76, 1685, 1, 0.8900, 444.11, 499, 0.0000, NULL),
(4053, 76, 1685, 1, 0.8900, 450.34, 506, 0.0000, NULL),
(4054, 76, 1685, 1, 0.8900, 454.79, 511, 0.0000, NULL),
(4055, 76, 1685, 1, 0.8900, 428.98, 482, 0.0000, NULL),
(4056, 76, 1685, 1, 0.8900, 433.43, 487, 0.0000, NULL),
(4057, 76, 1685, 1, 0.8900, 461.02, 518, 0.0000, NULL),
(4058, 76, 1685, 1, 0.8900, 453.01, 509, 0.0000, NULL),
(4059, 76, 1685, 1, 0.8900, 449.45, 505, 0.0000, NULL),
(4060, 76, 1685, 1, 0.8900, 452.12, 508, 0.0000, NULL),
(4061, 76, 1685, 1, 0.8900, 451.23, 507, 0.0000, NULL),
(4062, 76, 1685, 1, 0.8900, 458.35, 515, 0.0000, NULL),
(4063, 76, 1405, 1, 0.8900, 304.38, 342, 0.0000, NULL),
(4064, 76, 1405, 1, 0.8900, 367.57, 413, 0.0000, NULL),
(4065, 76, 1405, 1, 0.8900, 460.13, 517, 0.0000, NULL),
(4066, 76, 1405, 1, 0.8900, 456.57, 513, 0.0000, NULL),
(4067, 76, 1410, 1, 0.8900, 468.14, 526, 0.0000, NULL),
(4068, 76, 1410, 1, 0.8900, 477.93, 537, 0.0000, NULL),
(4069, 76, 1410, 1, 0.8900, 449.45, 505, 0.0000, NULL),
(4070, 76, 1410, 1, 0.8900, 448.56, 504, 0.0000, NULL),
(4071, 76, 1410, 1, 0.8900, 469.92, 528, 0.0000, NULL),
(4072, 76, 1410, 1, 0.8900, 451.23, 507, 0.0000, NULL),
(4073, 76, 1686, 1, 0.8900, 460.13, 517, 0.0000, NULL),
(4074, 76, 1686, 1, 0.8900, 456.57, 513, 0.0000, NULL),
(4075, 76, 1686, 1, 0.8900, 459.24, 516, 0.0000, NULL),
(4076, 76, 1686, 1, 0.8900, 451.23, 507, 0.0000, NULL),
(4077, 76, 1686, 1, 0.8900, 438.77, 493, 0.0000, NULL),
(4078, 76, 1686, 1, 0.8900, 477.93, 537, 0.0000, NULL),
(4079, 76, 1686, 1, 0.8900, 469.03, 527, 0.0000, NULL),
(4080, 76, 1686, 1, 0.8900, 451.23, 507, 0.0000, NULL),
(4081, 76, 1686, 1, 0.8900, 463.69, 521, 0.0000, NULL),
(4082, 76, 1686, 1, 0.8900, 468.14, 526, 0.0000, NULL),
(4083, 76, 1686, 1, 0.8900, 445.00, 500, 0.0000, NULL),
(4084, 76, 1686, 1, 0.8900, 465.47, 523, 0.0000, NULL),
(4085, 76, 1686, 1, 0.8900, 449.45, 505, 0.0000, NULL),
(4086, 76, 1686, 1, 0.8900, 444.11, 499, 0.0000, NULL),
(4087, 76, 1686, 1, 0.8900, 299.04, 336, 0.0000, NULL),
(4088, 76, 1686, 1, 0.8900, 459.24, 516, 0.0000, NULL),
(4089, 76, 1686, 1, 0.8900, 468.14, 526, 0.0000, NULL),
(4090, 76, 1686, 1, 0.8900, 293.70, 330, 0.0000, NULL),
(4091, 76, 1686, 1, 0.8900, 445.89, 501, 0.0000, NULL),
(4092, 76, 1686, 1, 0.8900, 437.88, 492, 0.0000, NULL),
(4093, 76, 1686, 1, 0.8900, 448.56, 504, 0.0000, NULL),
(4094, 76, 1686, 1, 0.8900, 465.47, 523, 0.0000, NULL),
(4095, 76, 1686, 1, 0.8900, 461.02, 518, 0.0000, NULL),
(4096, 76, 1686, 1, 0.8900, 461.02, 518, 0.0000, NULL),
(4097, 76, 1686, 1, 0.8900, 443.22, 498, 0.0000, NULL),
(4098, 76, 1686, 1, 0.8900, 443.22, 498, 0.0000, NULL),
(4099, 76, 1686, 1, 0.8900, 469.03, 527, 0.0000, NULL),
(4100, 76, 1686, 1, 0.8900, 451.23, 507, 0.0000, NULL),
(4101, 76, 1686, 1, 0.8900, 443.22, 498, 0.0000, NULL),
(4102, 76, 1686, 1, 0.8900, 450.34, 506, 0.0000, NULL),
(4103, 76, 1686, 1, 0.8900, 450.34, 506, 0.0000, NULL),
(4104, 76, 1686, 1, 0.8900, 449.45, 505, 0.0000, NULL),
(4105, 76, 1410, 1, 0.8900, 469.03, 527, 0.0000, NULL),
(4106, 76, 1685, 1, 0.8900, 462.80, 520, 0.0000, NULL),
(4107, 76, 1410, 1, 0.8900, 23078.59, 25931, 0.0000, NULL),
(4108, 76, 1405, 1, 0.8900, 25689.85, 28865, 0.0000, NULL),
(4109, 77, 2167, 2, 0.7050, 599.96, 851, 0.0000, NULL),
(4110, 77, 2168, 2, 0.7050, 602.78, 855, 0.0000, NULL),
(4111, 77, 2169, 2, 0.7050, 614.06, 871, 0.0000, NULL),
(4112, 77, 2170, 2, 0.7050, 633.09, 898, 0.0000, NULL),
(4113, 77, 2171, 2, 0.7050, 691.61, 981, 0.0000, NULL),
(4114, 77, 2172, 2, 0.7050, 748.01, 1061, 0.0000, NULL),
(4115, 77, 2173, 2, 0.7050, 826.97, 1173, 0.0000, NULL),
(4116, 77, 2174, 2, 0.7050, 826.97, 1173, 0.0000, NULL),
(4117, 77, 2175, 2, 0.7050, 846.00, 1200, 0.0000, NULL),
(4118, 77, 2176, 2, 0.7050, 846.00, 1200, 0.0000, NULL),
(4119, 77, 2177, 2, 0.7050, 846.00, 1200, 0.0000, NULL),
(4120, 77, 2178, 2, 0.7050, 846.00, 1200, 0.0000, NULL),
(4121, 77, 2179, 2, 0.7050, 1182.29, 1677, 0.0000, NULL),
(4122, 77, 2180, 2, 0.7050, 1378.98, 1956, 0.0000, NULL),
(4123, 77, 2181, 2, 0.7050, 700.77, 994, 0.0000, NULL),
(4124, 77, 2182, 2, 0.7050, 461.07, 654, 0.0000, NULL),
(4125, 77, 2183, 2, 0.7050, 602.78, 855, 0.0000, NULL),
(4126, 77, 2184, 2, 0.7050, 602.78, 855, 0.0000, NULL),
(4127, 77, 2185, 2, 0.7050, 602.78, 855, 0.0000, NULL),
(4128, 77, 2186, 2, 0.7050, 607.71, 862, 0.0000, NULL),
(4129, 77, 2187, 2, 0.7050, 546.38, 775, 0.0000, NULL),
(4130, 77, 2188, 2, 0.7050, 602.78, 855, 0.0000, NULL),
(4131, 77, 2189, 2, 0.7050, 846.00, 1200, 0.0000, NULL),
(4132, 77, 2190, 2, 0.7050, 1011.68, 1435, 0.0000, NULL),
(4133, 77, 2191, 2, 0.7050, 1173.12, 1664, 0.0000, NULL),
(4134, 77, 2192, 2, 0.7050, 1363.47, 1934, 0.0000, NULL),
(4135, 77, 2193, 2, 0.7050, 602.78, 855, 0.0000, NULL),
(4136, 77, 2194, 2, 0.7050, 607.71, 862, 0.0000, NULL),
(4137, 77, 2195, 2, 0.7050, 612.65, 869, 0.0000, NULL),
(4138, 77, 2196, 2, 0.7050, 670.46, 951, 0.0000, NULL),
(4139, 77, 2197, 2, 0.7050, 700.07, 993, 0.0000, NULL),
(4140, 77, 2198, 2, 0.7050, 846.00, 1200, 0.0000, NULL),
(4141, 77, 2199, 2, 0.7050, 1161.14, 1647, 0.0000, NULL),
(4142, 77, 2200, 2, 0.7050, 849.53, 1205, 0.0000, NULL),
(4143, 77, 2201, 2, 0.7050, 852.35, 1209, 0.0000, NULL),
(4144, 77, 2202, 2, 0.7050, 1216.13, 1725, 0.0000, NULL),
(4145, 77, 2203, 2, 0.7050, 814.98, 1156, 0.0000, NULL),
(4146, 77, 2204, 2, 0.7050, 1417.05, 2010, 0.0000, NULL),
(4147, 77, 2205, 2, 0.7050, 606.30, 860, 0.0000, NULL),
(4148, 77, 2206, 2, 0.7050, 1068.78, 1516, 0.0000, NULL),
(4149, 77, 2207, 2, 0.7050, 564.00, 800, 0.0000, NULL),
(4150, 77, 2208, 2, 0.7050, 323.60, 459, 0.0000, NULL),
(4151, 77, 2209, 2, 0.7050, 549.90, 780, 0.0000, NULL),
(4152, 77, 2210, 2, 0.7050, 494.21, 701, 0.0000, NULL),
(4153, 77, 2211, 2, 0.7050, 501.96, 712, 0.0000, NULL),
(4154, 77, 2212, 2, 0.7050, 546.38, 775, 0.0000, NULL),
(4155, 77, 2213, 2, 0.7050, 708.53, 1005, 0.0000, NULL),
(4156, 77, 2214, 2, 0.7050, 829.08, 1176, 0.0000, NULL),
(4157, 77, 2215, 2, 0.7050, 1069.49, 1517, 0.0000, NULL),
(4158, 77, 2216, 2, 0.7050, 304.56, 432, 0.0000, NULL),
(4159, 77, 2217, 2, 0.7050, 412.43, 585, 0.0000, NULL),
(4160, 77, 2218, 2, 0.7050, 490.68, 696, 0.0000, NULL),
(4161, 77, 2219, 2, 0.7050, 643.67, 913, 0.0000, NULL),
(4162, 77, 2220, 2, 0.7050, 1114.61, 1581, 0.0000, NULL),
(4163, 77, 2221, 2, 0.7050, 482.22, 684, 0.0000, NULL),
(4164, 77, 2222, 2, 0.7050, 290.46, 412, 0.0000, NULL),
(4165, 77, 2223, 2, 0.7050, 411.02, 583, 0.0000, NULL),
(4166, 77, 2224, 2, 0.7050, 291.87, 414, 0.0000, NULL),
(4167, 77, 2225, 2, 0.7050, 1525.62, 2164, 0.0000, NULL),
(4168, 77, 2226, 2, 0.7050, 662.00, 939, 0.0000, NULL),
(4169, 77, 2227, 2, 0.7050, 1522.80, 2160, 0.0000, NULL),
(4170, 77, 2228, 2, 0.7050, 1149.15, 1630, 0.0000, NULL),
(4171, 77, 2229, 2, 0.7050, 1132.94, 1607, 0.0000, NULL),
(4172, 77, 2230, 2, 0.7050, 1147.04, 1627, 0.0000, NULL),
(4173, 77, 2231, 2, 0.7050, 843.18, 1196, 0.0000, NULL),
(4174, 77, 2232, 2, 0.7050, 1053.98, 1495, 0.0000, NULL),
(4175, 77, 2233, 2, 0.7050, 0.71, 1, 0.0000, NULL),
(4176, 77, 2234, 2, 0.7050, 453.32, 643, 0.0000, NULL),
(4177, 77, 2235, 2, 0.7050, 850.23, 1206, 0.0000, NULL),
(4178, 77, 2236, 2, 0.7050, 1057.50, 1500, 0.0000, NULL),
(4179, 77, 2237, 2, 0.7050, 1057.50, 1500, 0.0000, NULL),
(4180, 77, 2238, 2, 0.7050, 0.71, 1, 0.0000, NULL),
(4181, 77, 2239, 2, 0.7050, 1074.42, 1524, 0.0000, NULL),
(4182, 77, 2240, 2, 0.7050, 849.53, 1205, 0.0000, NULL),
(4183, 77, 2241, 2, 0.7050, 1430.45, 2029, 0.0000, NULL),
(4184, 77, 2242, 2, 0.7050, 1082.18, 1535, 0.0000, NULL),
(4185, 77, 2243, 2, 0.7050, 1168.89, 1658, 0.0000, NULL),
(4186, 77, 2244, 2, 0.7050, 1230.23, 1745, 0.0000, NULL),
(4187, 77, 2245, 2, 0.7050, 810.75, 1150, 0.0000, NULL),
(4188, 77, 2246, 2, 0.7050, 765.63, 1086, 0.0000, NULL),
(4189, 77, 2247, 2, 0.7050, 920.73, 1306, 0.0000, NULL),
(4190, 77, 2248, 2, 0.7050, 1256.31, 1782, 0.0000, NULL),
(4191, 77, 2249, 2, 0.7050, 705.00, 1000, 0.0000, NULL),
(4192, 77, 2250, 2, 0.7050, 539.33, 765, 0.0000, NULL),
(4193, 77, 2251, 2, 0.7050, 939.77, 1333, 0.0000, NULL),
(4194, 77, 2252, 2, 0.7050, 891.83, 1265, 0.0000, NULL),
(4195, 77, 2253, 2, 0.7050, 0.71, 1, 0.0000, NULL),
(4196, 77, 2254, 2, 0.7050, 1022.96, 1451, 0.0000, NULL),
(4197, 77, 2255, 2, 0.7050, 1015.20, 1440, 0.0000, NULL),
(4198, 77, 2256, 2, 0.7050, 1018.73, 1445, 0.0000, NULL),
(4199, 77, 2257, 2, 0.7050, 1022.25, 1450, 0.0000, NULL),
(4200, 77, 2258, 2, 0.7050, 1022.25, 1450, 0.0000, NULL),
(4201, 77, 2259, 2, 0.7050, 587.97, 834, 0.0000, NULL),
(4202, 77, 2260, 2, 0.7050, 1018.73, 1445, 0.0000, NULL),
(4203, 77, 2261, 2, 0.7050, 1020.84, 1448, 0.0000, NULL),
(4204, 77, 2262, 2, 0.7050, 1022.25, 1450, 0.0000, NULL),
(4205, 77, 2263, 2, 0.7050, 1022.25, 1450, 0.0000, NULL),
(4206, 77, 2264, 2, 0.7050, 1022.25, 1450, 0.0000, NULL),
(4207, 77, 2265, 2, 0.7050, 1023.66, 1452, 0.0000, NULL),
(4208, 77, 2266, 2, 0.7050, 1029.30, 1460, 0.0000, NULL),
(4209, 77, 2267, 2, 0.7050, 1041.29, 1477, 0.0000, NULL),
(4210, 77, 2268, 2, 0.7050, 1041.99, 1478, 0.0000, NULL),
(4211, 77, 2269, 2, 0.7050, 1022.25, 1450, 0.0000, NULL),
(4212, 77, 2270, 2, 0.7050, 1024.37, 1453, 0.0000, NULL),
(4213, 77, 2271, 2, 0.7050, 1023.66, 1452, 0.0000, NULL),
(4214, 77, 2272, 2, 0.7050, 1614.45, 2290, 0.0000, NULL),
(4215, 77, 2273, 2, 0.7050, 1071.60, 1520, 0.0000, NULL),
(4216, 77, 2274, 2, 0.7050, 934.83, 1326, 0.0000, NULL),
(4217, 77, 2275, 2, 0.7050, 1038.47, 1473, 0.0000, NULL),
(4218, 77, 2276, 2, 0.7050, 1036.35, 1470, 0.0000, NULL),
(4219, 77, 2277, 2, 0.7050, 986.30, 1399, 0.0000, NULL),
(4220, 77, 2278, 2, 0.7050, 1064.55, 1510, 0.0000, NULL),
(4221, 77, 2279, 2, 0.7050, 1041.29, 1477, 0.0000, NULL),
(4222, 77, 2280, 2, 0.7050, 987.00, 1400, 0.0000, NULL),
(4223, 77, 2281, 2, 0.7050, 1041.29, 1477, 0.0000, NULL),
(4224, 77, 2282, 2, 0.7050, 989.12, 1403, 0.0000, NULL),
(4225, 77, 2283, 2, 0.7050, 1034.24, 1467, 0.0000, NULL),
(4226, 78, 1402, 1, 0.2300, 121440.00, 2640, 0.0000, NULL),
(4274, 80, 1405, 1, 0.8900, 463.69, 521, 0.0000, NULL),
(4275, 80, 1405, 1, 0.8900, 469.03, 527, 0.0000, NULL),
(4276, 80, 1405, 1, 0.8900, 469.03, 527, 0.0000, NULL),
(4277, 80, 1405, 1, 0.8900, 470.81, 529, 0.0000, NULL),
(4278, 80, 1405, 1, 0.8900, 470.81, 529, 0.0000, NULL),
(4279, 80, 1405, 1, 0.8900, 470.81, 529, 0.0000, NULL),
(4280, 80, 1405, 1, 0.8900, 471.70, 530, 0.0000, NULL),
(4281, 80, 1405, 1, 0.8900, 471.70, 530, 0.0000, NULL),
(4282, 80, 1405, 1, 0.8900, 471.70, 530, 0.0000, NULL),
(4283, 80, 1405, 1, 0.8900, 472.59, 531, 0.0000, NULL),
(4284, 80, 1405, 1, 0.8900, 472.59, 531, 0.0000, NULL),
(4285, 80, 1405, 1, 0.8900, 474.37, 533, 0.0000, NULL),
(4286, 80, 1405, 1, 0.8900, 474.37, 533, 0.0000, NULL),
(4287, 80, 1405, 1, 0.8900, 476.15, 535, 0.0000, NULL),
(4288, 80, 1405, 1, 0.8900, 476.15, 535, 0.0000, NULL),
(4289, 80, 1405, 1, 0.8900, 476.15, 535, 0.0000, NULL),
(4290, 80, 1405, 1, 0.8900, 477.04, 536, 0.0000, NULL),
(4291, 80, 1405, 1, 0.8900, 477.93, 537, 0.0000, NULL),
(4292, 80, 1405, 1, 0.8900, 478.82, 538, 0.0000, NULL),
(4293, 80, 1405, 1, 0.8900, 479.71, 539, 0.0000, NULL),
(4294, 80, 1405, 1, 0.8900, 480.60, 540, 0.0000, NULL),
(4295, 80, 1405, 1, 0.8900, 485.94, 546, 0.0000, NULL),
(4296, 80, 1405, 1, 0.8900, 485.94, 546, 0.0000, NULL),
(4297, 80, 1405, 1, 0.8900, 489.50, 550, 0.0000, NULL),
(4298, 80, 1405, 1, 0.8900, 489.50, 550, 0.0000, NULL),
(4299, 80, 1405, 1, 0.8900, 490.39, 551, 0.0000, NULL),
(4300, 80, 1405, 1, 0.8900, 492.17, 553, 0.0000, NULL),
(4301, 80, 1410, 1, 0.8900, 471.70, 530, 0.0000, NULL),
(4302, 80, 1410, 1, 0.8900, 471.70, 530, 0.0000, NULL),
(4303, 80, 1410, 1, 0.8900, 474.37, 533, 0.0000, NULL),
(4304, 80, 1410, 1, 0.8900, 476.15, 535, 0.0000, NULL),
(4305, 80, 1410, 1, 0.8900, 477.04, 536, 0.0000, NULL),
(4306, 80, 1410, 1, 0.8900, 477.04, 536, 0.0000, NULL),
(4307, 80, 1410, 1, 0.8900, 477.04, 536, 0.0000, NULL),
(4308, 80, 1410, 1, 0.8900, 477.93, 537, 0.0000, NULL),
(4309, 80, 1410, 1, 0.8900, 477.93, 537, 0.0000, NULL),
(4310, 80, 1410, 1, 0.8900, 478.82, 538, 0.0000, NULL),
(4311, 80, 1410, 1, 0.8900, 479.71, 539, 0.0000, NULL),
(4312, 80, 1410, 1, 0.8900, 479.71, 539, 0.0000, NULL),
(4313, 80, 1410, 1, 0.8900, 480.60, 540, 0.0000, NULL),
(4314, 80, 1410, 1, 0.8900, 480.60, 540, 0.0000, NULL),
(4315, 80, 1410, 1, 0.8900, 482.38, 542, 0.0000, NULL),
(4316, 80, 1410, 1, 0.8900, 482.38, 542, 0.0000, NULL),
(4317, 80, 1410, 1, 0.8900, 483.27, 543, 0.0000, NULL),
(4318, 80, 1410, 1, 0.8900, 486.83, 547, 0.0000, NULL),
(4319, 80, 1410, 1, 0.8900, 490.39, 551, 0.0000, NULL),
(4320, 80, 1410, 1, 0.8900, 494.84, 556, 0.0000, NULL),
(4321, 80, 1910, 2, 0.8900, 461.02, 518, 0.0000, NULL),
(4322, 80, 1910, 2, 0.8900, 466.36, 524, 0.0000, NULL),
(4323, 80, 1910, 2, 0.8900, 468.14, 526, 0.0000, NULL),
(4324, 80, 1910, 2, 0.8900, 471.70, 530, 0.0000, NULL),
(4325, 80, 1910, 2, 0.8900, 471.70, 530, 0.0000, NULL),
(4326, 80, 1910, 2, 0.8900, 472.59, 531, 0.0000, NULL),
(4327, 80, 1910, 2, 0.8900, 474.37, 533, 0.0000, NULL),
(4328, 80, 1910, 2, 0.8900, 474.37, 533, 0.0000, NULL),
(4329, 80, 1910, 2, 0.8900, 476.15, 535, 0.0000, NULL),
(4330, 80, 1910, 2, 0.8900, 481.49, 541, 0.0000, NULL),
(4331, 80, 1910, 2, 0.8900, 481.49, 541, 0.0000, NULL),
(4332, 80, 1910, 2, 0.8900, 483.27, 543, 0.0000, NULL),
(4333, 80, 1910, 2, 0.8900, 486.83, 547, 0.0000, NULL),
(4334, 80, 1910, 2, 0.8900, 486.83, 547, 0.0000, NULL),
(4335, 80, 1910, 2, 0.8900, 488.61, 549, 0.0000, NULL),
(4336, 80, 1910, 2, 0.8900, 501.96, 564, 0.0000, NULL),
(4337, 80, 1910, 2, 0.8900, 508.19, 571, 0.0000, NULL),
(4338, 80, 1910, 2, 0.8900, 517.09, 581, 0.0000, NULL),
(4339, 80, 1910, 2, 0.8900, 527.77, 593, 0.0000, NULL),
(4340, 80, 1911, 2, 0.8900, 529.55, 595, 0.0000, NULL),
(4341, 80, 1912, 2, 0.8900, 535.78, 602, 0.0000, NULL),
(4342, 80, 1911, 2, 0.8900, 541.12, 608, 0.0000, NULL),
(4343, 80, 1910, 2, 0.8900, 542.90, 610, 0.0000, NULL),
(4344, 80, 1911, 2, 0.8900, 543.79, 611, 0.0000, NULL),
(4345, 80, 1911, 2, 0.8900, 544.68, 612, 0.0000, NULL),
(4346, 80, 1911, 2, 0.8900, 545.57, 613, 0.0000, NULL),
(4347, 80, 1910, 2, 0.8900, 547.35, 615, 0.0000, NULL),
(4348, 80, 1911, 2, 0.8900, 550.02, 618, 0.0000, NULL),
(4349, 80, 1911, 2, 0.8900, 550.02, 618, 0.0000, NULL),
(4350, 80, 1911, 2, 0.8900, 555.36, 624, 0.0000, NULL),
(4351, 80, 1911, 2, 0.8900, 557.14, 626, 0.0000, NULL),
(4352, 80, 1911, 2, 0.8900, 559.81, 629, 0.0000, NULL),
(4353, 80, 1911, 2, 0.8900, 562.48, 632, 0.0000, NULL),
(4354, 80, 1911, 2, 0.8900, 565.15, 635, 0.0000, NULL),
(4355, 80, 1911, 2, 0.8900, 570.49, 641, 0.0000, NULL),
(4356, 80, 1911, 2, 0.8900, 571.38, 642, 0.0000, NULL),
(4357, 80, 1911, 2, 0.8900, 571.38, 642, 0.0000, NULL),
(4358, 80, 1911, 2, 0.8900, 572.27, 643, 0.0000, NULL),
(4359, 80, 1910, 2, 0.8900, 574.05, 645, 0.0000, NULL),
(4360, 80, 1911, 2, 0.8900, 577.61, 649, 0.0000, NULL),
(4361, 80, 1911, 2, 0.8900, 579.39, 651, 0.0000, NULL),
(4362, 80, 1911, 2, 0.8900, 585.62, 658, 0.0000, NULL),
(4363, 80, 1911, 2, 0.8900, 586.51, 659, 0.0000, NULL),
(4364, 80, 1911, 2, 0.8900, 591.85, 665, 0.0000, NULL),
(4365, 80, 1912, 2, 0.8900, 598.08, 672, 0.0000, NULL),
(4366, 80, 1911, 2, 0.8900, 598.97, 673, 0.0000, NULL),
(4367, 80, 1912, 2, 0.8900, 599.86, 674, 0.0000, NULL),
(4368, 80, 1912, 2, 0.8900, 606.98, 682, 0.0000, NULL),
(4369, 80, 1913, 2, 0.8900, 607.87, 683, 0.0000, NULL),
(4370, 80, 1912, 2, 0.8900, 608.76, 684, 0.0000, NULL),
(4371, 80, 1912, 2, 0.8900, 610.54, 686, 0.0000, NULL),
(4372, 80, 1912, 2, 0.8900, 614.10, 690, 0.0000, NULL),
(4373, 80, 1912, 2, 0.8900, 614.10, 690, 0.0000, NULL),
(4374, 80, 1913, 2, 0.8900, 614.10, 690, 0.0000, NULL),
(4375, 80, 1912, 2, 0.8900, 619.44, 696, 0.0000, NULL),
(4376, 80, 1912, 2, 0.8900, 619.44, 696, 0.0000, NULL),
(4377, 80, 1912, 2, 0.8900, 628.34, 706, 0.0000, NULL),
(4378, 80, 1912, 2, 0.8900, 630.12, 708, 0.0000, NULL),
(4379, 80, 1912, 2, 0.8900, 631.90, 710, 0.0000, NULL),
(4380, 80, 1912, 2, 0.8900, 632.79, 711, 0.0000, NULL),
(4381, 80, 1912, 2, 0.8900, 633.68, 712, 0.0000, NULL),
(4382, 80, 1912, 2, 0.8900, 642.58, 722, 0.0000, NULL),
(4383, 80, 1912, 2, 0.8900, 642.58, 722, 0.0000, NULL),
(4384, 80, 1912, 2, 0.8900, 643.47, 723, 0.0000, NULL),
(4385, 80, 1912, 2, 0.8900, 658.60, 740, 0.0000, NULL),
(4386, 80, 1913, 2, 0.8900, 659.49, 741, 0.0000, NULL),
(4387, 80, 1912, 2, 0.8900, 660.38, 742, 0.0000, NULL),
(4388, 80, 1913, 2, 0.8900, 662.16, 744, 0.0000, NULL),
(4389, 80, 1912, 2, 0.8900, 663.05, 745, 0.0000, NULL),
(4390, 80, 1913, 2, 0.8900, 671.06, 754, 0.0000, NULL),
(4391, 80, 1913, 2, 0.8900, 671.95, 755, 0.0000, NULL),
(4392, 80, 1913, 2, 0.8900, 673.73, 757, 0.0000, NULL),
(4393, 80, 1913, 2, 0.8900, 674.62, 758, 0.0000, NULL),
(4394, 80, 1912, 2, 0.8900, 676.40, 760, 0.0000, NULL),
(4395, 80, 1913, 2, 0.8900, 679.07, 763, 0.0000, NULL),
(4396, 80, 1913, 2, 0.8900, 679.96, 764, 0.0000, NULL),
(4397, 80, 1913, 2, 0.8900, 681.74, 766, 0.0000, NULL),
(4398, 80, 1913, 2, 0.8900, 681.74, 766, 0.0000, NULL),
(4399, 80, 1913, 2, 0.8900, 682.63, 767, 0.0000, NULL),
(4400, 80, 1913, 2, 0.8900, 684.41, 769, 0.0000, NULL),
(4401, 80, 1913, 2, 0.8900, 684.41, 769, 0.0000, NULL),
(4402, 80, 1913, 2, 0.8900, 689.75, 775, 0.0000, NULL),
(4403, 80, 1913, 2, 0.8900, 691.53, 777, 0.0000, NULL),
(4404, 80, 1913, 2, 0.8900, 694.20, 780, 0.0000, NULL),
(4405, 80, 1913, 2, 0.8900, 695.09, 781, 0.0000, NULL),
(4406, 80, 1913, 2, 0.8900, 698.65, 785, 0.0000, NULL),
(4407, 80, 1913, 2, 0.8900, 700.43, 787, 0.0000, NULL),
(4408, 80, 1913, 2, 0.8900, 705.77, 793, 0.0000, NULL),
(4409, 80, 1913, 2, 0.8900, 709.33, 797, 0.0000, NULL),
(4410, 80, 1913, 2, 0.8900, 724.46, 814, 0.0000, NULL),
(4411, 80, 1913, 2, 0.8900, 728.91, 819, 0.0000, NULL),
(4412, 80, 1913, 2, 0.8900, 742.26, 834, 0.0000, NULL),
(4413, 80, 1913, 2, 0.8900, 746.71, 839, 0.0000, NULL),
(4414, 80, 1913, 2, 0.8900, 758.28, 852, 0.0000, NULL),
(4415, 80, 1913, 2, 0.8900, 776.97, 873, 0.0000, NULL),
(4416, 80, 1913, 2, 0.8900, 779.64, 876, 0.0000, NULL),
(4417, 80, 1913, 2, 0.8900, 821.47, 923, 0.0000, NULL),
(4418, 80, 1910, 1, 0.8900, 428.09, 481, 0.0000, NULL),
(4419, 80, 1910, 1, 0.8900, 460.13, 517, 0.0000, NULL),
(4420, 80, 1910, 1, 0.8900, 474.37, 533, 0.0000, NULL),
(4421, 80, 1910, 1, 0.8900, 475.26, 534, 0.0000, NULL),
(4422, 80, 1911, 1, 0.8900, 475.26, 534, 0.0000, NULL),
(4423, 80, 1910, 1, 0.8900, 478.82, 538, 0.0000, NULL),
(4424, 80, 1910, 1, 0.8900, 483.27, 543, 0.0000, NULL),
(4425, 80, 1910, 1, 0.8900, 490.39, 551, 0.0000, NULL),
(4426, 80, 1911, 1, 0.8900, 498.40, 560, 0.0000, NULL),
(4427, 80, 1910, 1, 0.8900, 523.32, 588, 0.0000, NULL),
(4428, 80, 1911, 1, 0.8900, 537.56, 604, 0.0000, NULL),
(4429, 80, 1911, 1, 0.8900, 545.57, 613, 0.0000, NULL),
(4430, 80, 1911, 1, 0.8900, 553.58, 622, 0.0000, NULL),
(4431, 80, 1912, 1, 0.8900, 556.25, 625, 0.0000, NULL),
(4432, 80, 1911, 1, 0.8900, 562.48, 632, 0.0000, NULL),
(4433, 80, 1911, 1, 0.8900, 564.26, 634, 0.0000, NULL),
(4434, 80, 1911, 1, 0.8900, 587.40, 660, 0.0000, NULL),
(4435, 80, 1912, 1, 0.8900, 625.67, 703, 0.0000, NULL),
(4436, 80, 1912, 1, 0.8900, 635.46, 714, 0.0000, NULL),
(4437, 80, 1912, 1, 0.8900, 640.80, 720, 0.0000, NULL),
(4438, 80, 1912, 1, 0.8900, 644.36, 724, 0.0000, NULL),
(4439, 80, 1912, 1, 0.8900, 649.70, 730, 0.0000, NULL);
INSERT  INTO `purchases_details` (`iD`, `PurchaseID`, `ProductID`, `WarehouseID`, `unitPrice`, `price`, `quantity`, `discount`, `comments`) VALUES
(4440, 80, 1912, 1, 0.8900, 655.04, 736, 0.0000, NULL),
(4441, 80, 2334, 1, 0.8900, 471.70, 530, 0.0000, NULL),
(4442, 80, 2334, 1, 0.8900, 474.37, 533, 0.0000, NULL),
(4443, 80, 2334, 1, 0.8900, 478.82, 538, 0.0000, NULL),
(4444, 80, 2334, 1, 0.8900, 480.60, 540, 0.0000, NULL),
(4445, 80, 2334, 1, 0.8900, 480.60, 540, 0.0000, NULL),
(4446, 80, 2334, 1, 0.8900, 480.60, 540, 0.0000, NULL),
(4447, 80, 2334, 1, 0.8900, 481.49, 541, 0.0000, NULL),
(4448, 80, 2334, 1, 0.8900, 482.38, 542, 0.0000, NULL),
(4449, 80, 2334, 1, 0.8900, 482.38, 542, 0.0000, NULL),
(4450, 80, 2334, 1, 0.8900, 483.27, 543, 0.0000, NULL),
(4451, 80, 2334, 1, 0.8900, 483.27, 543, 0.0000, NULL),
(4452, 80, 2334, 1, 0.8900, 484.16, 544, 0.0000, NULL),
(4453, 80, 2334, 1, 0.8900, 485.05, 545, 0.0000, NULL),
(4454, 80, 2334, 1, 0.8900, 485.05, 545, 0.0000, NULL),
(4455, 80, 2334, 1, 0.8900, 486.83, 547, 0.0000, NULL),
(4456, 80, 2334, 1, 0.8900, 486.83, 547, 0.0000, NULL),
(4457, 80, 2334, 1, 0.8900, 487.72, 548, 0.0000, NULL),
(4458, 80, 2334, 1, 0.8900, 488.61, 549, 0.0000, NULL),
(4459, 80, 2334, 1, 0.8900, 489.50, 550, 0.0000, NULL),
(4460, 80, 2334, 1, 0.8900, 493.06, 554, 0.0000, NULL),
(4461, 80, 2334, 1, 0.8900, 493.95, 555, 0.0000, NULL),
(4462, 80, 2334, 1, 0.8900, 494.84, 556, 0.0000, NULL),
(4463, 80, 2334, 1, 0.8900, 495.73, 557, 0.0000, NULL),
(4464, 80, 2334, 1, 0.8900, 495.73, 557, 0.0000, NULL),
(4465, 80, 2334, 1, 0.8900, 496.62, 558, 0.0000, NULL),
(4466, 80, 2334, 1, 0.8900, 496.62, 558, 0.0000, NULL),
(4467, 80, 2334, 1, 0.8900, 498.40, 560, 0.0000, NULL),
(4468, 80, 2334, 1, 0.8900, 498.40, 560, 0.0000, NULL),
(4469, 80, 2334, 1, 0.8900, 502.85, 565, 0.0000, NULL),
(4470, 80, 2334, 1, 0.8900, 447.67, 503, 0.0000, NULL),
(4471, 80, 1983, 1, 0.8900, 346.21, 389, 0.0000, NULL),
(4472, 80, 1983, 1, 0.8900, 465.47, 523, 0.0000, NULL),
(4473, 80, 1983, 1, 0.8900, 465.47, 523, 0.0000, NULL),
(4474, 80, 1983, 1, 0.8900, 466.36, 524, 0.0000, NULL),
(4475, 80, 1983, 1, 0.8900, 467.25, 525, 0.0000, NULL),
(4476, 80, 1983, 1, 0.8900, 469.92, 528, 0.0000, NULL),
(4477, 80, 1983, 1, 0.8900, 471.70, 530, 0.0000, NULL),
(4478, 80, 1983, 1, 0.8900, 472.59, 531, 0.0000, NULL),
(4479, 80, 1983, 1, 0.8900, 472.59, 531, 0.0000, NULL),
(4480, 80, 1983, 1, 0.8900, 473.48, 532, 0.0000, NULL),
(4481, 80, 1983, 1, 0.8900, 476.15, 535, 0.0000, NULL),
(4482, 80, 1983, 1, 0.8900, 476.15, 535, 0.0000, NULL),
(4483, 80, 1983, 1, 0.8900, 477.04, 536, 0.0000, NULL),
(4484, 80, 1983, 1, 0.8900, 478.82, 538, 0.0000, NULL),
(4485, 80, 1983, 1, 0.8900, 478.82, 538, 0.0000, NULL),
(4486, 80, 1983, 1, 0.8900, 478.82, 538, 0.0000, NULL),
(4487, 80, 1983, 1, 0.8900, 481.49, 541, 0.0000, NULL),
(4488, 80, 1983, 1, 0.8900, 485.94, 546, 0.0000, NULL),
(4489, 80, 1983, 1, 0.8900, 486.83, 547, 0.0000, NULL),
(4490, 81, 2348, 2, 1.1900, 2247.91, 1889, 0.0000, NULL),
(4491, 81, 2349, 2, 1.1900, 3599.75, 3025, 0.0000, NULL),
(4492, 81, 2350, 2, 1.1900, 1692.18, 1422, 0.0000, NULL),
(4493, 81, 2351, 2, 1.1900, 3584.28, 3012, 0.0000, NULL),
(4494, 81, 2352, 2, 1.1900, 3124.94, 2626, 0.0000, NULL),
(4495, 81, 2353, 2, 1.1900, 3128.51, 2629, 0.0000, NULL),
(4496, 81, 2354, 2, 1.1900, 2871.47, 2413, 0.0000, NULL),
(4497, 81, 2355, 2, 1.1900, 2791.74, 2346, 0.0000, NULL),
(4498, 81, 2356, 2, 1.1900, 2629.90, 2210, 0.0000, NULL),
(4499, 81, 2357, 2, 1.1900, 1289.96, 1084, 0.0000, NULL),
(4500, 81, 2358, 2, 1.1900, 3185.63, 2677, 0.0000, NULL),
(4501, 81, 2359, 2, 1.1900, 2388.33, 2007, 0.0000, NULL),
(4502, 81, 2360, 2, 1.1900, 2790.55, 2345, 0.0000, NULL),
(4503, 81, 2361, 2, 1.1900, 2819.11, 2369, 0.0000, NULL),
(4504, 81, 2362, 2, 1.1900, 2840.53, 2387, 0.0000, NULL),
(4505, 81, 2363, 2, 1.1900, 1690.99, 1421, 0.0000, NULL),
(4506, 81, 2364, 2, 1.1900, 960.33, 807, 0.0000, NULL),
(4507, 81, 2365, 2, 1.1900, 3800.86, 3194, 0.0000, NULL),
(4508, 81, 2366, 2, 1.1900, 2822.68, 2372, 0.0000, NULL),
(4509, 81, 2367, 2, 1.1900, 3719.94, 3126, 0.0000, NULL),
(4510, 81, 2368, 2, 1.1900, 3086.86, 2594, 0.0000, NULL),
(4511, 81, 2369, 2, 1.1900, 2238.39, 1881, 0.0000, NULL),
(4512, 81, 2370, 2, 1.1900, 2585.87, 2173, 0.0000, NULL),
(4513, 81, 2371, 2, 1.1900, 2109.87, 1773, 0.0000, NULL),
(4514, 81, 2372, 2, 1.1900, 2377.62, 1998, 0.0000, NULL),
(4515, 81, 2373, 2, 1.1900, 1748.11, 1469, 0.0000, NULL),
(4516, 81, 2374, 2, 1.1900, 2944.06, 2474, 0.0000, NULL),
(4517, 81, 2375, 2, 1.1900, 3135.65, 2635, 0.0000, NULL),
(4518, 81, 2376, 2, 1.1900, 2529.94, 2126, 0.0000, NULL),
(4519, 81, 2377, 2, 1.1900, 3035.69, 2551, 0.0000, NULL),
(4520, 81, 2378, 2, 1.1900, 2382.38, 2002, 0.0000, NULL),
(4521, 81, 2379, 2, 1.1900, 3373.65, 2835, 0.0000, NULL),
(4522, 81, 2380, 2, 1.1900, 2777.46, 2334, 0.0000, NULL),
(4523, 81, 2381, 2, 1.1900, 2234.82, 1878, 0.0000, NULL),
(4524, 81, 2382, 2, 1.1900, 1689.80, 1420, 0.0000, NULL),
(4525, 81, 2383, 2, 1.1900, 1743.35, 1465, 0.0000, NULL),
(4526, 81, 2384, 2, 1.1900, 1811.18, 1522, 0.0000, NULL),
(4527, 81, 2385, 2, 1.1900, 2836.96, 2384, 0.0000, NULL),
(4528, 81, 2386, 2, 1.1900, 3040.45, 2555, 0.0000, NULL),
(4529, 81, 2387, 2, 1.1900, 2519.23, 2117, 0.0000, NULL),
(4530, 81, 2388, 2, 1.1900, 963.90, 810, 0.0000, NULL),
(4531, 81, 2389, 2, 1.1900, 1687.42, 1418, 0.0000, NULL),
(4532, 81, 2390, 2, 1.1900, 3554.53, 2987, 0.0000, NULL),
(4533, 81, 2391, 2, 1.1900, 1551.76, 1304, 0.0000, NULL),
(4534, 81, 2392, 2, 1.1900, 3405.78, 2862, 0.0000, NULL),
(4535, 81, 2393, 2, 1.1900, 2672.74, 2246, 0.0000, NULL),
(4536, 81, 2394, 2, 1.1900, 3398.64, 2856, 0.0000, NULL),
(4537, 81, 2395, 2, 1.1900, 1690.99, 1421, 0.0000, NULL),
(4538, 82, 2518, 2, 1.7500, 12827.50, 7330, 0.0000, NULL),
(4539, 82, 2519, 2, 1.7500, 58044.00, 33168, 0.0000, NULL),
(4540, 82, 2520, 2, 1.7500, 94321.50, 53898, 0.0000, NULL),
(4541, 83, 2562, 2, 1.0000, 646.00, 646, 0.0000, NULL),
(4542, 83, 2563, 2, 1.0000, 659.00, 659, 0.0000, NULL),
(4543, 83, 2564, 2, 1.0000, 641.00, 641, 0.0000, NULL),
(4544, 83, 2565, 2, 1.0000, 651.00, 651, 0.0000, NULL),
(4545, 83, 2566, 2, 1.0000, 636.00, 636, 0.0000, NULL),
(4546, 83, 2567, 2, 1.0000, 628.00, 628, 0.0000, NULL),
(4547, 83, 2568, 2, 1.0000, 669.00, 669, 0.0000, NULL),
(4548, 83, 2569, 2, 1.0000, 651.00, 651, 0.0000, NULL),
(4549, 83, 2570, 2, 1.0000, 645.00, 645, 0.0000, NULL),
(4550, 83, 2571, 2, 1.0000, 640.00, 640, 0.0000, NULL),
(4551, 83, 2572, 2, 1.0000, 649.00, 649, 0.0000, NULL),
(4552, 83, 2573, 2, 1.0000, 654.00, 654, 0.0000, NULL),
(4553, 83, 2574, 2, 1.0000, 642.00, 642, 0.0000, NULL),
(4554, 83, 2575, 2, 1.0000, 650.00, 650, 0.0000, NULL),
(4555, 83, 2576, 2, 1.0000, 648.00, 648, 0.0000, NULL),
(4556, 83, 2577, 2, 1.0000, 633.00, 633, 0.0000, NULL),
(4557, 83, 2578, 2, 1.0000, 608.00, 608, 0.0000, NULL),
(4558, 83, 2579, 2, 1.0000, 619.00, 619, 0.0000, NULL),
(4559, 83, 2580, 2, 1.0000, 655.00, 655, 0.0000, NULL),
(4560, 83, 2581, 2, 1.0000, 652.00, 652, 0.0000, NULL),
(4561, 83, 2582, 2, 1.0000, 643.00, 643, 0.0000, NULL),
(4562, 83, 2583, 2, 1.0000, 641.00, 641, 0.0000, NULL),
(4563, 83, 2584, 2, 1.0000, 648.00, 648, 0.0000, NULL),
(4564, 83, 2585, 2, 1.0000, 643.00, 643, 0.0000, NULL),
(4565, 83, 2586, 2, 1.0000, 617.00, 617, 0.0000, NULL),
(4566, 83, 2587, 2, 1.0000, 629.00, 629, 0.0000, NULL),
(4567, 83, 2588, 2, 1.0000, 627.00, 627, 0.0000, NULL),
(4568, 83, 2589, 2, 1.0000, 639.00, 639, 0.0000, NULL),
(4569, 83, 2590, 2, 1.0000, 650.00, 650, 0.0000, NULL),
(4570, 83, 2591, 2, 1.0000, 634.00, 634, 0.0000, NULL),
(4571, 83, 2592, 2, 1.0000, 640.00, 640, 0.0000, NULL),
(4572, 83, 2593, 2, 1.0000, 637.00, 637, 0.0000, NULL),
(4573, 83, 2594, 2, 1.0000, 653.00, 653, 0.0000, NULL),
(4574, 83, 2595, 2, 1.0000, 642.00, 642, 0.0000, NULL),
(4575, 83, 2596, 2, 1.0000, 633.00, 633, 0.0000, NULL),
(4576, 83, 2597, 2, 1.0000, 655.00, 655, 0.0000, NULL),
(4577, 83, 2598, 2, 1.0000, 627.00, 627, 0.0000, NULL),
(4578, 83, 2599, 2, 1.0000, 550.00, 550, 0.0000, NULL),
(4579, 83, 2600, 2, 1.0000, 649.00, 649, 0.0000, NULL),
(4580, 83, 2601, 2, 1.0000, 643.00, 643, 0.0000, NULL),
(4581, 83, 2602, 2, 1.0000, 643.00, 643, 0.0000, NULL),
(4582, 83, 2603, 2, 1.0000, 636.00, 636, 0.0000, NULL),
(4583, 83, 2604, 2, 1.0000, 668.00, 668, 0.0000, NULL),
(4584, 83, 2605, 2, 1.0000, 650.00, 650, 0.0000, NULL),
(4585, 83, 2606, 2, 1.0000, 633.00, 633, 0.0000, NULL),
(4586, 83, 2607, 2, 1.0000, 639.00, 639, 0.0000, NULL),
(4587, 83, 2608, 2, 1.0000, 647.00, 647, 0.0000, NULL),
(4588, 83, 2609, 2, 1.0000, 641.00, 641, 0.0000, NULL),
(4589, 83, 2610, 2, 1.0000, 679.00, 679, 0.0000, NULL),
(4590, 83, 2611, 2, 1.0000, 673.00, 673, 0.0000, NULL),
(4591, 83, 2612, 2, 1.0000, 665.00, 665, 0.0000, NULL),
(4592, 83, 2613, 2, 1.0000, 674.00, 674, 0.0000, NULL),
(4593, 83, 2614, 2, 1.0000, 644.00, 644, 0.0000, NULL),
(4594, 83, 2615, 2, 1.0000, 641.00, 641, 0.0000, NULL),
(4595, 83, 2616, 2, 1.0000, 672.00, 672, 0.0000, NULL),
(4596, 83, 2617, 2, 1.0000, 666.00, 666, 0.0000, NULL),
(4597, 83, 2618, 2, 1.0000, 652.00, 652, 0.0000, NULL),
(4598, 83, 2619, 2, 1.0000, 651.00, 651, 0.0000, NULL),
(4599, 83, 2620, 2, 1.0000, 643.00, 643, 0.0000, NULL),
(4600, 83, 2621, 2, 1.0000, 641.00, 641, 0.0000, NULL),
(4601, 83, 2622, 2, 1.0000, 654.00, 654, 0.0000, NULL),
(4602, 83, 2623, 2, 1.0000, 644.00, 644, 0.0000, NULL),
(4603, 83, 2624, 2, 1.0000, 660.00, 660, 0.0000, NULL),
(4604, 83, 2625, 2, 1.0000, 578.00, 578, 0.0000, NULL),
(4605, 83, 2626, 2, 1.0000, 664.00, 664, 0.0000, NULL),
(4606, 83, 2627, 2, 1.0000, 660.00, 660, 0.0000, NULL),
(4607, 83, 2628, 2, 1.0000, 584.00, 584, 0.0000, NULL),
(4608, 83, 2629, 2, 1.0000, 590.00, 590, 0.0000, NULL),
(4609, 83, 2630, 2, 1.0000, 653.00, 653, 0.0000, NULL),
(4610, 83, 2631, 2, 1.0000, 664.00, 664, 0.0000, NULL),
(4611, 83, 2632, 2, 1.0000, 650.00, 650, 0.0000, NULL),
(4612, 83, 2633, 2, 1.0000, 663.00, 663, 0.0000, NULL),
(4613, 83, 2634, 2, 1.0000, 652.00, 652, 0.0000, NULL),
(4614, 83, 2635, 2, 1.0000, 654.00, 654, 0.0000, NULL),
(4615, 83, 2636, 2, 1.0000, 663.00, 663, 0.0000, NULL),
(4616, 83, 2637, 2, 1.0000, 667.00, 667, 0.0000, NULL),
(4617, 83, 2638, 2, 1.0000, 651.00, 651, 0.0000, NULL),
(4618, 83, 2639, 2, 1.0000, 654.00, 654, 0.0000, NULL),
(4619, 83, 2640, 2, 1.0000, 663.00, 663, 0.0000, NULL),
(4620, 83, 2641, 2, 1.0000, 633.00, 633, 0.0000, NULL),
(4621, 83, 2642, 2, 1.0000, 662.00, 662, 0.0000, NULL),
(4622, 83, 2643, 2, 1.0000, 654.00, 654, 0.0000, NULL),
(4623, 83, 2644, 2, 1.0000, 650.00, 650, 0.0000, NULL),
(4624, 83, 2645, 2, 1.0000, 752.00, 752, 0.0000, NULL),
(4625, 83, 2646, 2, 1.0000, 762.00, 762, 0.0000, NULL),
(4626, 83, 2647, 2, 1.0000, 748.00, 748, 0.0000, NULL),
(4627, 83, 2648, 2, 1.0000, 761.00, 761, 0.0000, NULL),
(4628, 83, 2649, 2, 1.0000, 770.00, 770, 0.0000, NULL),
(4629, 83, 2650, 2, 1.0000, 773.00, 773, 0.0000, NULL),
(4630, 83, 2651, 2, 1.0000, 762.00, 762, 0.0000, NULL),
(4631, 83, 2652, 2, 1.0000, 740.00, 740, 0.0000, NULL),
(4632, 83, 2653, 2, 1.0000, 725.00, 725, 0.0000, NULL),
(4633, 83, 2654, 2, 1.0000, 744.00, 744, 0.0000, NULL),
(4634, 83, 2655, 2, 1.0000, 748.00, 748, 0.0000, NULL),
(4635, 83, 2656, 2, 1.0000, 749.00, 749, 0.0000, NULL),
(4636, 83, 2657, 2, 1.0000, 765.00, 765, 0.0000, NULL),
(4637, 83, 2658, 2, 1.0000, 780.00, 780, 0.0000, NULL),
(4638, 83, 2659, 2, 1.0000, 759.00, 759, 0.0000, NULL),
(4639, 83, 2660, 2, 1.0000, 754.00, 754, 0.0000, NULL),
(4640, 83, 2661, 2, 1.0000, 698.00, 698, 0.0000, NULL),
(4641, 83, 2662, 2, 1.0000, 761.00, 761, 0.0000, NULL),
(4642, 83, 2663, 2, 1.0000, 759.00, 759, 0.0000, NULL),
(4643, 83, 2664, 2, 1.0000, 767.00, 767, 0.0000, NULL),
(4644, 83, 2665, 2, 1.0000, 757.00, 757, 0.0000, NULL),
(4645, 83, 2666, 2, 1.0000, 738.00, 738, 0.0000, NULL),
(4646, 83, 2667, 2, 1.0000, 696.00, 696, 0.0000, NULL),
(4647, 83, 2668, 2, 1.0000, 704.00, 704, 0.0000, NULL),
(4648, 83, 2669, 2, 1.0000, 760.00, 760, 0.0000, NULL),
(4649, 83, 2670, 2, 1.0000, 768.00, 768, 0.0000, NULL),
(4650, 83, 2671, 2, 1.0000, 757.00, 757, 0.0000, NULL),
(4651, 83, 2672, 2, 1.0000, 738.00, 738, 0.0000, NULL),
(4652, 83, 2673, 2, 1.0000, 762.00, 762, 0.0000, NULL),
(4653, 83, 2674, 2, 1.0000, 772.00, 772, 0.0000, NULL),
(4654, 83, 2675, 2, 1.0000, 757.00, 757, 0.0000, NULL),
(4655, 83, 2676, 2, 1.0000, 753.00, 753, 0.0000, NULL),
(4656, 83, 2677, 2, 1.0000, 758.00, 758, 0.0000, NULL),
(4657, 83, 2678, 2, 1.0000, 751.00, 751, 0.0000, NULL),
(4658, 83, 2679, 2, 1.0000, 767.00, 767, 0.0000, NULL),
(4659, 83, 2680, 2, 1.0000, 770.00, 770, 0.0000, NULL),
(4660, 83, 2681, 2, 1.0000, 887.00, 887, 0.0000, NULL),
(4661, 83, 2682, 2, 1.0000, 762.00, 762, 0.0000, NULL),
(4662, 83, 2683, 2, 1.0000, 585.00, 585, 0.0000, NULL),
(4663, 83, 2684, 2, 1.0000, 569.00, 569, 0.0000, NULL),
(4664, 83, 2685, 2, 1.0000, 743.00, 743, 0.0000, NULL),
(4665, 83, 2686, 2, 1.0000, 749.00, 749, 0.0000, NULL),
(4666, 83, 2687, 2, 1.0000, 910.00, 910, 0.0000, NULL),
(4667, 83, 2688, 2, 1.0000, 925.00, 925, 0.0000, NULL),
(4668, 83, 2689, 2, 1.0000, 811.00, 811, 0.0000, NULL),
(4669, 83, 2690, 2, 1.0000, 887.00, 887, 0.0000, NULL),
(4670, 83, 2691, 2, 1.0000, 916.00, 916, 0.0000, NULL),
(4671, 83, 2692, 2, 1.0000, 907.00, 907, 0.0000, NULL),
(4672, 83, 2693, 2, 1.0000, 880.00, 880, 0.0000, NULL),
(4673, 83, 2694, 2, 1.0000, 899.00, 899, 0.0000, NULL),
(4674, 83, 2695, 2, 1.0000, 915.00, 915, 0.0000, NULL),
(4675, 83, 2696, 2, 1.0000, 640.00, 640, 0.0000, NULL),
(4676, 83, 2697, 2, 1.0000, 803.00, 803, 0.0000, NULL),
(4677, 83, 2698, 2, 1.0000, 765.00, 765, 0.0000, NULL),
(4678, 83, 2699, 2, 1.0000, 640.00, 640, 0.0000, NULL),
(4679, 83, 2700, 2, 1.0000, 646.00, 646, 0.0000, NULL),
(4680, 83, 2701, 2, 1.0000, 582.00, 582, 0.0000, NULL),
(4681, 83, 2702, 2, 1.0000, 795.00, 795, 0.0000, NULL),
(4682, 83, 2703, 2, 1.0000, 892.00, 892, 0.0000, NULL),
(4683, 83, 2704, 2, 1.0000, 757.00, 757, 0.0000, NULL),
(4684, 83, 2705, 2, 1.0000, 805.00, 805, 0.0000, NULL),
(4685, 83, 2706, 2, 1.0000, 622.00, 622, 0.0000, NULL),
(4686, 83, 2707, 2, 1.0000, 570.00, 570, 0.0000, NULL),
(4687, 83, 2708, 2, 1.0000, 648.00, 648, 0.0000, NULL),
(4688, 83, 2709, 2, 1.0000, 810.00, 810, 0.0000, NULL),
(4689, 83, 2710, 2, 1.0000, 890.00, 890, 0.0000, NULL),
(4690, 83, 2711, 2, 1.0000, 890.00, 890, 0.0000, NULL),
(4691, 83, 2712, 2, 1.0000, 897.00, 897, 0.0000, NULL),
(4692, 83, 2713, 2, 1.0000, 1018.00, 1018, 0.0000, NULL),
(4693, 83, 2714, 2, 1.0000, 1039.00, 1039, 0.0000, NULL),
(4694, 83, 2715, 2, 1.0000, 1040.00, 1040, 0.0000, NULL),
(4695, 84, 2716, 2, 1.0000, 2559.00, 2559, 0.0000, NULL),
(4696, 84, 2717, 2, 1.0000, 2559.00, 2559, 0.0000, NULL),
(4697, 84, 2718, 2, 1.0000, 1281.00, 1281, 0.0000, NULL),
(4698, 84, 2719, 2, 1.0000, 2170.00, 2170, 0.0000, NULL),
(4699, 84, 2720, 2, 1.0000, 2217.00, 2217, 0.0000, NULL),
(4700, 84, 2721, 2, 1.0000, 2071.00, 2071, 0.0000, NULL),
(4701, 84, 2722, 2, 1.0000, 2081.00, 2081, 0.0000, NULL),
(4702, 84, 2723, 2, 1.0000, 2211.00, 2211, 0.0000, NULL),
(4703, 84, 2724, 2, 1.0000, 2068.00, 2068, 0.0000, NULL),
(4704, 84, 2725, 2, 1.0000, 2995.00, 2995, 0.0000, NULL),
(4705, 84, 2726, 2, 1.0000, 2686.00, 2686, 0.0000, NULL),
(4706, 84, 2727, 2, 1.0000, 2848.00, 2848, 0.0000, NULL),
(4707, 84, 2728, 2, 1.0000, 2073.00, 2073, 0.0000, NULL),
(4708, 84, 2729, 2, 1.0000, 1962.00, 1962, 0.0000, NULL),
(4709, 84, 2730, 2, 1.0000, 2061.00, 2061, 0.0000, NULL),
(4710, 84, 2731, 2, 1.0000, 1952.00, 1952, 0.0000, NULL),
(4711, 84, 2732, 2, 1.0000, 2092.00, 2092, 0.0000, NULL),
(4712, 84, 2733, 2, 1.0000, 1360.00, 1360, 0.0000, NULL),
(4713, 84, 2734, 2, 1.0000, 2016.00, 2016, 0.0000, NULL),
(4714, 84, 2735, 2, 1.0000, 2151.00, 2151, 0.0000, NULL),
(4715, 84, 2736, 2, 1.0000, 2077.00, 2077, 0.0000, NULL),
(4716, 84, 2737, 2, 1.0000, 2630.00, 2630, 0.0000, NULL),
(4717, 84, 2738, 2, 1.0000, 2524.00, 2524, 0.0000, NULL),
(4718, 84, 2739, 2, 1.0000, 1810.00, 1810, 0.0000, NULL),
(4719, 84, 2740, 2, 1.0000, 1699.00, 1699, 0.0000, NULL),
(4720, 84, 2741, 2, 1.0000, 1810.00, 1810, 0.0000, NULL),
(4721, 84, 2742, 2, 1.0000, 2088.00, 2088, 0.0000, NULL),
(4722, 84, 2743, 2, 1.0000, 1387.00, 1387, 0.0000, NULL),
(4723, 84, 2744, 2, 1.0000, 1615.00, 1615, 0.0000, NULL),
(4724, 84, 2745, 2, 1.0000, 2049.00, 2049, 0.0000, NULL),
(4725, 84, 2746, 2, 1.0000, 1843.00, 1843, 0.0000, NULL),
(4726, 84, 2747, 2, 1.0000, 1540.00, 1540, 0.0000, NULL),
(4727, 84, 2748, 2, 1.0000, 1826.00, 1826, 0.0000, NULL),
(4728, 84, 2749, 2, 1.0000, 1589.00, 1589, 0.0000, NULL),
(4729, 84, 2750, 2, 1.0000, 1539.00, 1539, 0.0000, NULL),
(4730, 84, 2751, 2, 1.0000, 1279.00, 1279, 0.0000, NULL),
(4731, 85, 2765, 2, 1.0000, 2913.00, 2913, 0.0000, NULL),
(4732, 85, 2766, 2, 1.0000, 2403.00, 2403, 0.0000, NULL),
(4733, 85, 2766, 2, 1.0000, 2427.00, 2427, 0.0000, NULL),
(4734, 85, 2766, 2, 1.0000, 2429.00, 2429, 0.0000, NULL),
(4735, 85, 2767, 2, 1.0000, 2903.00, 2903, 0.0000, NULL),
(4736, 85, 2768, 2, 1.0000, 1789.00, 1789, 0.0000, NULL),
(4737, 85, 2768, 2, 1.0000, 2083.00, 2083, 0.0000, NULL),
(4738, 85, 2769, 2, 1.0000, 2295.00, 2295, 0.0000, NULL),
(4739, 85, 2770, 2, 1.0000, 2930.00, 2930, 0.0000, NULL),
(4740, 85, 2768, 2, 1.0000, 2108.00, 2108, 0.0000, NULL),
(4741, 85, 2768, 2, 1.0000, 1785.00, 1785, 0.0000, NULL),
(4742, 85, 2768, 2, 1.0000, 2104.00, 2104, 0.0000, NULL),
(4743, 85, 2771, 2, 1.0000, 1032.00, 1032, 0.0000, NULL),
(4744, 85, 2772, 2, 1.0000, 2990.00, 2990, 0.0000, NULL),
(4745, 85, 2772, 2, 1.0000, 2909.00, 2909, 0.0000, NULL),
(4746, 85, 2773, 2, 1.0000, 2645.00, 2645, 0.0000, NULL),
(4747, 85, 2774, 2, 1.0000, 2491.00, 2491, 0.0000, NULL),
(4748, 85, 2775, 2, 1.0000, 2834.00, 2834, 0.0000, NULL),
(4749, 85, 2775, 2, 1.0000, 3008.00, 3008, 0.0000, NULL),
(4750, 85, 2776, 2, 1.0000, 2986.00, 2986, 0.0000, NULL),
(4751, 85, 2777, 2, 1.0000, 2855.00, 2855, 0.0000, NULL),
(4752, 86, 2828, 2, 1.0000, 15055.00, 15055, 0.0000, NULL),
(4753, 86, 2828, 1, 1.0000, 11510.00, 11510, 0.0000, NULL),
(4755, 35, 1414, 1, 0.6450, 3305.63, 5125, 0.0000, NULL),
(4756, 35, 1414, 2, 0.6450, 3305.63, 5125, 0.0000, NULL);


-- --------------------------------------------------------

--
-- Table structure for table `purchases_refunds`
--

DROP TABLE IF EXISTS `purchases_refunds`;
CREATE TABLE `purchases_refunds` (
  `iD` int(11) NOT NULL,
  `PurchaseID` int(11) NOT NULL,
  `CargoTransID` int(11) DEFAULT NULL,
  `date` datetime NOT NULL DEFAULT current_timestamp(),
  `billNo` varchar(255) DEFAULT NULL,
  `comments` text DEFAULT NULL
) ENGINE=InnoDB DEFAULT CHARSET=utf8 COLLATE=utf8_general_ci;

-- --------------------------------------------------------

--
-- Table structure for table `purchases_refunds_purchases_details`
--

DROP TABLE IF EXISTS `purchases_refunds_purchases_details`;
CREATE TABLE `purchases_refunds_purchases_details` (
  `iD` int(11) NOT NULL,
  `PurchaseRefundID` int(11) NOT NULL,
  `ProductID` int(11) NOT NULL,
  `PurchaseID` int(11) NOT NULL,
  `PurchaseDetailsID` int(11) NOT NULL,
  `WarehouseID` int(11) NOT NULL,
  `quantity` double NOT NULL,
  `comments` text DEFAULT NULL
) ENGINE=InnoDB DEFAULT CHARSET=utf8 COLLATE=utf8_general_ci;

--
-- Triggers `purchases_refunds_purchases_details`
--
DROP TRIGGER IF EXISTS `u_s_a_purchases_refund`;
DELIMITER $$
CREATE TRIGGER `u_s_a_purchases_refund` AFTER INSERT ON `purchases_refunds_purchases_details` FOR EACH ROW BEGIN
CALL  MinusQuantity(NEW.WarehouseID,NEW.ProductID,NEW.quantity,-1);
END
$$
DELIMITER ;
DROP TRIGGER IF EXISTS `u_s_a_purchases_refund_d`;
DELIMITER $$
CREATE TRIGGER `u_s_a_purchases_refund_d` AFTER DELETE ON `purchases_refunds_purchases_details` FOR EACH ROW BEGIN
CALL  PlusQuantity(OLD.WarehouseID,OLD.ProductID,OLD.quantity,-1);
END
$$
DELIMITER ;
DROP TRIGGER IF EXISTS `u_s_a_purchases_refund_e`;
DELIMITER $$
CREATE TRIGGER `u_s_a_purchases_refund_e` AFTER UPDATE ON `purchases_refunds_purchases_details` FOR EACH ROW BEGIN
IF OLD.WarehouseID <> NEW.WarehouseID OR OLD.ProductID <> NEW.ProductID THEN CALL PlusQuantity(OLD.WarehouseID,OLD.ProductID,OLD.quantity,-1);
END IF;
CALL  MinusQuantity(NEW.WarehouseID,NEW.ProductID,NEW.quantity,OLD.quantity);
END
$$
DELIMITER ;

-- --------------------------------------------------------

--
-- Table structure for table `qualities`
--

DROP TABLE IF EXISTS `qualities`;
CREATE TABLE `qualities` (
  `iD` int(11) NOT NULL,
  `name` varchar(50) NOT NULL
) ENGINE=InnoDB DEFAULT CHARSET=utf8 COLLATE=utf8_general_ci;

--
-- Dumping data for table `qualities`
--

INSERT  INTO `qualities` (`iD`, `name`) VALUES
(177, '1'),
(186, '10'),
(187, '11'),
(188, '12'),
(189, '13'),
(190, '14'),
(191, '15'),
(192, '16'),
(193, '17'),
(194, '18'),
(195, '19'),
(178, '2'),
(196, '20'),
(197, '21'),
(198, '22'),
(199, '23'),
(200, '24'),
(201, '25'),
(202, '26'),
(203, '27'),
(204, '28'),
(205, '29'),
(179, '3'),
(206, '30'),
(207, '31'),
(208, '32'),
(209, '33'),
(210, '34'),
(211, '35'),
(212, '36'),
(213, '37'),
(214, '38'),
(215, '39'),
(180, '4'),
(216, '40'),
(217, '41'),
(218, '42'),
(219, '43'),
(220, '44'),
(221, '45'),
(222, '46'),
(223, '47'),
(224, '48'),
(181, '5'),
(182, '6'),
(183, '7'),
(184, '8'),
(185, '9'),
(39, 'AD'),
(48, 'AD DUE'),
(38, 'ATELEB'),
(42, 'ATELIEB'),
(7, 'Belpak'),
(43, 'C2SBOARD'),
(8, 'Coated Duplex board'),
(31, 'COATEDPAC DC'),
(36, 'DUE'),
(47, 'DUE (SBB)\nReams'),
(45, 'DUE (SBB)'),
(10, 'Ecoprint'),
(40, 'ENKE'),
(41, 'ENKEY'),
(53, 'Excellent Top'),
(50, 'Excellent Top Brown'),
(49, 'Excellent Top Kraft'),
(35, 'FBB'),
(46, 'FBB (White back)'),
(19, 'FR'),
(32, 'GC1'),
(33, 'GC2'),
(30, 'GD2 SYROS'),
(20, 'gestr. Duplex Karton graue RS'),
(9, 'Grafopak'),
(11, 'Grafopak Kraft'),
(54, 'Greyboard'),
(52, 'Kromopak'),
(51, 'MM BiBLiner'),
(12, 'MM Liner'),
(13, 'MM Topliner '),
(15, 'MM X-Liner HD'),
(24, 'MM XLiner lite'),
(14, 'MM-Topliner Spezial'),
(21, 'Multicolor Belvedere'),
(17, 'Multicolor CME'),
(18, 'Multicolor Mirabell'),
(1, 'Multicolor Spezial'),
(22, 'Multicolor Spezial Bright'),
(5, 'Multicolor Spezial brown'),
(4, 'Multicolor Spezial gray'),
(44, 'PGPA PERC'),
(34, 'REAMS'),
(37, 'SILK'),
(58, 'Sipco'),
(29, 'SK'),
(16, 'SOS'),
(2, 'Topcolor'),
(3, 'Topcolor Grease'),
(23, 'Topcolor Grease 12'),
(27, 'U'),
(26, 'U خلف كرفت ناشف'),
(6, 'Venoplex'),
(56, 'ابيض'),
(55, 'بني'),
(123, 'خلف كرفت  رقم101 غراماج الحقيقي :290'),
(84, 'خلف كرفت  رقم202 غراماج الحقيقي :205'),
(122, 'خلف كرفت  رقم203 غراماج الحقيقي :290'),
(121, 'خلف كرفت  رقم204 غراماج الحقيقي :280'),
(106, 'رقم10 غراماج الحقيقي :250'),
(78, 'رقم102 غراماج الحقيقي :204'),
(86, 'رقم103 غراماج الحقيقي :206'),
(74, 'رقم104 غراماج الحقيقي :203'),
(90, 'رقم104 غراماج الحقيقي :206'),
(110, 'رقم105 غراماج الحقيقي :253'),
(114, 'رقم106 غراماج الحقيقي :256'),
(116, 'رقم108 غراماج الحقيقي :258'),
(156, 'رقم109 غراماج الحقيقي :400'),
(66, 'رقم11 غراماج الحقيقي :200'),
(133, 'رقم110 غراماج الحقيقي :310'),
(160, 'رقم112 غراماج الحقيقي :400'),
(157, 'رقم113 غراماج الحقيقي :400'),
(150, 'رقم114 غراماج الحقيقي :395'),
(96, 'رقم115 غراماج الحقيقي :223'),
(119, 'رقم117 غراماج الحقيقي :269'),
(134, 'رقم118 غراماج الحقيقي :327'),
(161, 'رقم119 غراماج الحقيقي :400'),
(67, 'رقم12 غراماج الحقيقي :200'),
(136, 'رقم13 غراماج الحقيقي :341'),
(60, 'رقم15 غراماج الحقيقي :200'),
(95, 'رقم16 غراماج الحقيقي :214'),
(148, 'رقم17 غراماج الحقيقي :391'),
(128, 'رقم18 غراماج الحقيقي :300'),
(143, 'رقم2 غراماج الحقيقي :372'),
(64, 'رقم20 غراماج الحقيقي :200'),
(149, 'رقم200 غراماج الحقيقي :395'),
(63, 'رقم21 غراماج الحقيقي :200'),
(61, 'رقم22 غراماج الحقيقي :200'),
(127, 'رقم23 غراماج الحقيقي :300'),
(83, 'رقم24 غراماج الحقيقي :205'),
(73, 'رقم25 غراماج الحقيقي :200'),
(77, 'رقم26 غراماج الحقيقي :204'),
(91, 'رقم27 غراماج الحقيقي :206'),
(68, 'رقم28 غراماج الحقيقي :200'),
(72, 'رقم29 غراماج الحقيقي :200'),
(100, 'رقم3 غراماج الحقيقي :244'),
(80, 'رقم30 غراماج الحقيقي :205'),
(117, 'رقم31 غراماج الحقيقي :260'),
(81, 'رقم32 غراماج الحقيقي :205'),
(75, 'رقم34 غراماج الحقيقي :204'),
(120, 'رقم35 غراماج الحقيقي :270'),
(138, 'رقم36 غراماج الحقيقي :350'),
(118, 'رقم37 غراماج الحقيقي :266'),
(124, 'رقم38 غراماج الحقيقي :293'),
(125, 'رقم39 غراماج الحقيقي :296'),
(145, 'رقم4 غراماج الحقيقي :384'),
(107, 'رقم40 غراماج الحقيقي :250'),
(129, 'رقم41 غراماج الحقيقي :300'),
(132, 'رقم42 غراماج الحقيقي :309'),
(135, 'رقم43 غراماج الحقيقي :333'),
(103, 'رقم44 غراماج الحقيقي :250'),
(111, 'رقم45 غراماج الحقيقي :255'),
(69, 'رقم46 غراماج الحقيقي :200'),
(65, 'رقم47 غراماج الحقيقي :200'),
(171, 'رقم48 غراماج الحقيقي :444'),
(93, 'رقم49 غراماج الحقيقي :208'),
(99, 'رقم5 غراماج الحقيقي :240'),
(151, 'رقم50 غراماج الحقيقي :396'),
(102, 'رقم51 غراماج الحقيقي :247'),
(101, 'رقم52 غراماج الحقيقي :246'),
(70, 'رقم53 غراماج الحقيقي :200'),
(152, 'رقم54 غراماج الحقيقي :397'),
(89, 'رقم55 غراماج الحقيقي :206'),
(71, 'رقم56 غراماج الحقيقي :200'),
(130, 'رقم57 غراماج الحقيقي :300'),
(82, 'رقم58 غراماج الحقيقي :205'),
(155, 'رقم59 غراماج الحقيقي :400'),
(62, 'رقم6 غراماج الحقيقي :200'),
(113, 'رقم60 غراماج الحقيقي :255'),
(98, 'رقم62 غراماج الحقيقي :227'),
(142, 'رقم63 غراماج الحقيقي :370'),
(166, 'رقم64 غراماج الحقيقي :407'),
(167, 'رقم65 غراماج الحقيقي :408'),
(176, 'رقم66 غراماج الحقيقي :452'),
(169, 'رقم67 غراماج الحقيقي :442'),
(87, 'رقم68 غراماج الحقيقي :206'),
(92, 'رقم69 غراماج الحقيقي :206'),
(105, 'رقم7 غراماج الحقيقي :250'),
(79, 'رقم70 غراماج الحقيقي :204'),
(85, 'رقم71 غراماج الحقيقي :205'),
(137, 'رقم72 غراماج الحقيقي :341'),
(112, 'رقم73 غراماج الحقيقي :255'),
(170, 'رقم74 غراماج الحقيقي :444'),
(94, 'رقم75 غراماج الحقيقي :209'),
(173, 'رقم76 غراماج الحقيقي :448'),
(162, 'رقم77 غراماج الحقيقي :404'),
(115, 'رقم78 غراماج الحقيقي :258'),
(88, 'رقم79 غراماج الحقيقي :206'),
(109, 'رقم8 غراماج الحقيقي :251'),
(139, 'رقم80 غراماج الحقيقي :356'),
(172, 'رقم81 غراماج الحقيقي :446'),
(168, 'رقم82 غراماج الحقيقي :440'),
(158, 'رقم83 غراماج الحقيقي :400'),
(97, 'رقم84 غراماج الحقيقي :223'),
(174, 'رقم85 غراماج الحقيقي :448'),
(175, 'رقم86 غراماج الحقيقي :450'),
(165, 'رقم87 غراماج الحقيقي :406'),
(140, 'رقم88 غراماج الحقيقي :356'),
(141, 'رقم89 غراماج الحقيقي :356'),
(76, 'رقم9 غراماج الحقيقي :204'),
(144, 'رقم90 غراماج الحقيقي :377'),
(108, 'رقم91 غراماج الحقيقي :250'),
(104, 'رقم92 غراماج الحقيقي :250'),
(159, 'رقم93 غراماج الحقيقي :400'),
(153, 'رقم94 غراماج الحقيقي :397'),
(147, 'رقم95 غراماج الحقيقي :389'),
(164, 'رقم96 غراماج الحقيقي :405'),
(163, 'رقم97 غراماج الحقيقي :404'),
(154, 'رقم98 غراماج الحقيقي :400'),
(57, 'زهري'),
(28, 'سكري'),
(146, 'لايوجد وزن  رقم1 غراماج الحقيقي :387'),
(126, 'لايوجد وزن  رقم14 غراماج الحقيقي :300'),
(131, 'لايوجد وزن  رقم19 غراماج الحقيقي :303'),
(59, 'وجهين بني وطني');

-- --------------------------------------------------------

--
-- Table structure for table `reservation_invoice`
--

DROP TABLE IF EXISTS `reservation_invoice`;
CREATE TABLE `reservation_invoice` (
  `iD` int(11) NOT NULL,
  `EmployeeID` int(11) NOT NULL,
  `CustomerID` int(11) NOT NULL,
  `date` datetime NOT NULL,
  `TermsID` int(11) NOT NULL DEFAULT -1,
  `comments` text DEFAULT NULL
) ENGINE=InnoDB DEFAULT CHARSET=utf8 COLLATE=utf8_general_ci;

--
-- Dumping data for table `reservation_invoice`
--

INSERT  INTO `reservation_invoice` (`iD`, `EmployeeID`, `CustomerID`, `date`, `TermsID`, `comments`) VALUES
(16, 1, 960, '2021-10-09 14:45:54', 10, NULL),
(18, 1, 1036, '2021-11-02 09:15:56', 60, NULL);

-- --------------------------------------------------------

--
-- Table structure for table `reservation_invoice_details`
--

DROP TABLE IF EXISTS `reservation_invoice_details`;
CREATE TABLE `reservation_invoice_details` (
  `iD` int(11) NOT NULL,
  `ProductID` int(11) NOT NULL,
  `ReservationID` int(11) NOT NULL,
  `quantity` double NOT NULL,
  `commets` text DEFAULT NULL
) ENGINE=InnoDB DEFAULT CHARSET=utf8 COLLATE=utf8_general_ci;

--
-- Dumping data for table `reservation_invoice_details`
--

INSERT  INTO `reservation_invoice_details` (`iD`, `ProductID`, `ReservationID`, `quantity`, `commets`) VALUES
(29, 1502, 16, 721, NULL),
(30, 1511, 16, 718, NULL),
(34, 1825, 18, 2000, NULL),
(35, 1826, 18, 3000, NULL),
(36, 1824, 18, 3000, NULL);

-- --------------------------------------------------------

--
-- Stand-in structure for view `sales`
-- (See below for the actual view)
--
DROP VIEW IF EXISTS `sales`;
CREATE TABLE `sales` (
`Total Amount` decimal(55,4)
,`Discount Amount` decimal(55,4)
,`Total Payment` double(20,3)
,`Total Balance` double(21,4)
);

-- --------------------------------------------------------

--
-- Table structure for table `setting`
--

DROP TABLE IF EXISTS `setting`;
CREATE TABLE `setting` (
  `iD` int(11) NOT NULL,
  `ENABLE_APP` int(11) NOT NULL DEFAULT 1,
  `DISABLE_NOTIFICATIONS` int(11) NOT NULL DEFAULT 0,
  `ENABLE_MULTI_EDIT` int(11) NOT NULL DEFAULT 1,
  `EXCHANGE_RATE` int(11) NOT NULL DEFAULT -1,
  `OLD_EXCHANGE_RATE` int(11) NOT NULL DEFAULT -1,
  `BUY_EXCHANGE_RATE` int(11) NOT NULL DEFAULT -1,
  `BUY_EXCHANGE_RATE_OLD` int(11) NOT NULL DEFAULT -1,
  `date` datetime NOT NULL DEFAULT current_timestamp(),
  `currency` enum('DOLLAR','DOLLAR_THREE_ZERO','SYP','') NOT NULL DEFAULT 'DOLLAR'
) ENGINE=InnoDB DEFAULT CHARSET=utf8 COLLATE=utf8_general_ci;

--
-- Dumping data for table `setting`
--

INSERT  INTO `setting` (`iD`, `ENABLE_APP`, `DISABLE_NOTIFICATIONS`, `ENABLE_MULTI_EDIT`, `EXCHANGE_RATE`, `OLD_EXCHANGE_RATE`, `BUY_EXCHANGE_RATE`, `BUY_EXCHANGE_RATE_OLD`, `date`, `currency`) VALUES
(1, 1, 0, 1, 1400, 1400, 1400, 1400, '2021-07-01 23:24:09', 'DOLLAR_THREE_ZERO');

-- --------------------------------------------------------

--
-- Table structure for table `sizes`
--

DROP TABLE IF EXISTS `sizes`;
CREATE TABLE `sizes` (
  `iD` int(11) NOT NULL,
  `width` smallint(6) NOT NULL,
  `length` smallint(6) DEFAULT 0
) ENGINE=InnoDB DEFAULT CHARSET=utf8 COLLATE=utf8_general_ci;

--
-- Dumping data for table `sizes`
--

INSERT  INTO `sizes` (`iD`, `width`, `length`) VALUES
(1, 700, 1000),
(2, 500, 700),
(3, 500, 0),
(7, 700, 1000),
(9, 500, 1000),
(14, 500, 900),
(16, 660, 960),
(17, 700, 960),
(18, 700, 850),
(22, 500, 600),
(24, 1100, 0),
(25, 500, 910),
(26, 800, 1100),
(27, 1000, 1250),
(28, 700, 1100),
(29, 1100, 1250),
(30, 700, 1250),
(31, 600, 1250),
(32, 577, 844),
(33, 760, 810),
(34, 600, 770),
(35, 740, 1140),
(36, 959, 1175),
(40, 900, 0),
(41, 600, 900),
(42, 520, 750),
(43, 632, 850),
(44, 500, 840),
(45, 558, 733),
(46, 700, 780),
(47, 500, 970),
(48, 582, 707),
(49, 660, 990),
(50, 565, 875),
(51, 670, 0),
(52, 793, 1215),
(53, 997, 1365),
(54, 771, 1037),
(55, 675, 1012),
(56, 700, 920),
(57, 530, 640),
(58, 718, 914),
(59, 570, 940),
(60, 580, 1150),
(61, 670, 808),
(62, 740, 760),
(63, 720, 750),
(64, 833, 1187),
(65, 899, 1344),
(66, 989, 1066),
(67, 525, 750),
(68, 763, 1154),
(69, 692, 842),
(70, 620, 940),
(71, 740, 785),
(72, 973, 1258),
(73, 994, 1512),
(74, 724, 944),
(75, 997, 1170),
(76, 914, 1157),
(77, 934, 1468),
(78, 828, 1360),
(79, 770, 1190),
(80, 936, 1166),
(81, 530, 810),
(82, 670, 850),
(83, 600, 938),
(84, 525, 630),
(85, 711, 938),
(86, 591, 998),
(87, 528, 710),
(88, 515, 965),
(89, 645, 740),
(90, 720, 910),
(91, 695, 980),
(92, 520, 820),
(93, 510, 940),
(94, 620, 820),
(95, 805, 850),
(96, 378, 1190),
(97, 980, 1190),
(98, 660, 1040),
(99, 459, 1190),
(100, 570, 798),
(101, 900, 1000),
(102, 644, 909),
(103, 700, 1160),
(104, 892, 1369),
(105, 785, 1205),
(106, 600, 1020),
(107, 590, 915),
(108, 610, 920),
(109, 543, 673),
(110, 505, 660),
(111, 660, 871),
(112, 555, 815),
(113, 630, 0),
(114, 500, 790),
(115, 518, 1266),
(116, 640, 845),
(117, 895, 1250),
(118, 500, 740),
(119, 700, 975),
(120, 736, 1419),
(121, 720, 1020),
(122, 700, 1308),
(123, 662, 889),
(124, 700, 713),
(125, 879, 1148),
(126, 720, 850),
(127, 932, 1161),
(128, 686, 844),
(129, 525, 710),
(130, 605, 770),
(131, 570, 750),
(132, 730, 940),
(133, 600, 880),
(134, 1450, 0),
(135, 720, 790),
(136, 630, 0),
(137, 550, 820),
(138, 554, 850),
(139, 604, 932),
(140, 770, 0),
(141, 560, 890),
(142, 534, 0),
(143, 1237, 0),
(144, 1343, 0),
(145, 1423, 0),
(146, 679, 0),
(147, 930, 0),
(148, 788, 0),
(149, 600, 969),
(150, 974, 1209),
(151, 550, 900),
(152, 703, 713),
(153, 720, 825),
(154, 620, 910),
(155, 622, 889),
(156, 850, 0),
(157, 995, 1373),
(158, 600, 800),
(159, 540, 760),
(160, 525, 856),
(161, 555, 760),
(162, 600, 805),
(163, 951, 1202),
(164, 620, 796),
(165, 545, 1010),
(166, 550, 0),
(167, 1310, 0),
(168, 615, 0),
(169, 2200, 0),
(170, 1355, 0),
(171, 1070, 0),
(172, 810, 0),
(173, 580, 0),
(174, 585, 0),
(175, 570, 0),
(176, 600, 0),
(177, 1700, 0),
(178, 550, 985),
(179, 590, 790),
(180, 2160, 0),
(181, 2000, 0),
(182, 1200, 0),
(183, 1335, 0),
(184, 875, 0),
(185, 970, 0),
(186, 525, 740),
(187, 550, 795),
(188, 660, 820),
(189, 780, 900),
(190, 800, 860),
(191, 830, 960),
(192, 400, 400),
(193, 550, 800),
(194, 555, 925),
(195, 640, 900),
(196, 512, 773),
(197, 934, 1116),
(198, 700, 800),
(199, 773, 1399),
(200, 710, 930),
(201, 710, 940),
(202, 697, 840),
(203, 660, 950),
(204, 540, 1000),
(205, 700, 0),
(206, 550, 740),
(207, 800, 0),
(208, 600, 910),
(209, 674, 760),
(210, 740, 948),
(211, 650, 0),
(212, 605, 809),
(213, 684, 944),
(214, 640, 990),
(215, 781, 1068),
(216, 520, 710),
(217, 540, 720),
(218, 833, 1080),
(219, 1003, 1478),
(220, 685, 780),
(221, 705, 900),
(222, 720, 900),
(223, 576, 1040),
(224, 659, 772),
(225, 991, 1269),
(226, 808, 1268),
(227, 959, 1386),
(228, 1016, 0),
(229, 586, 842),
(230, 554, 566),
(231, 715, 1102),
(232, 1000, 1284),
(233, 1033, 1127),
(234, 715, 880),
(235, 800, 1220),
(236, 530, 910),
(237, 990, 1080),
(238, 860, 1100),
(239, 723, 962),
(240, 720, 0),
(241, 690, 825),
(242, 532, 750),
(243, 846, 1151),
(244, 999, 1103),
(245, 662, 786),
(246, 1028, 1070),
(247, 643, 0),
(248, 965, 1070),
(249, 630, 0),
(250, 1373, 0),
(251, 917, 0),
(252, 763, 0),
(253, 780, 0),
(254, 535, 730),
(255, 500, 1224),
(256, 635, 0),
(257, 540, 0),
(258, 460, 634),
(259, 640, 1020),
(260, 1210, 0),
(261, 1360, 0),
(262, 730, 0),
(263, 1000, 0),
(264, 710, 1010),
(265, 1500, 0),
(266, 710, 1000),
(267, 580, 850),
(268, 520, 920),
(269, 2050, 0),
(270, 670, 0),
(271, 710, 0),
(272, 890, 1279),
(273, 568, 952),
(274, 688, 890),
(275, 1020, 0),
(276, 620, 0),
(277, 570, 810),
(278, 730, 750),
(279, 975, 1330),
(280, 1061, 1486),
(281, 980, 1400),
(282, 811, 1170),
(283, 650, 1040),
(284, 810, 1030),
(285, 914, 1383),
(286, 1170, 1620),
(287, 540, 1020),
(288, 872, 1375),
(289, 2230, 0),
(290, 1655, 0),
(291, 1250, 0),
(292, 815, 1587),
(293, 1102, 1436),
(294, 1005, 1110),
(295, 985, 1218),
(296, 687, 1231),
(297, 438, 0),
(298, 805, 975),
(299, 809, 897),
(300, 750, 853),
(301, 696, 1224),
(302, 1141, 1292),
(303, 1200, 1392),
(304, 1200, 1377),
(305, 1035, 1187),
(306, 868, 1390),
(307, 846, 1356),
(308, 865, 1290),
(309, 1046, 1220),
(310, 1163, 1172),
(311, 600, 1100),
(312, 608, 1572),
(313, 790, 0),
(314, 697, 981),
(315, 1060, 1450),
(316, 950, 1190),
(317, 1044, 1078),
(318, 646, 1452),
(319, 460, 800),
(320, 1210, 1620),
(321, 565, 738),
(322, 510, 880),
(323, 1125, 1363),
(324, 800, 885),
(325, 1200, 1590),
(326, 600, 1000),
(329, 773, 773),
(330, 510, 900),
(331, 510, 910),
(332, 500, 1003),
(333, 510, 1000),
(335, 1000, 1000),
(337, 480, 480),
(338, 600, 1000),
(339, 613, 0),
(340, 767, 0),
(341, 1350, 0),
(342, 599, 949),
(343, 733, 884),
(344, 658, 795),
(345, 630, 720),
(346, 610, 860),
(347, 2250, 0),
(348, 520, 600),
(349, 1011, 1400),
(350, 590, 680),
(351, 700, 900),
(352, 1050, 0),
(353, 540, 1194),
(354, 775, 0),
(355, 870, 0),
(356, 570, 700),
(357, 605, 0),
(358, 890, 0),
(359, 660, 0),
(360, 860, 0),
(361, 1140, 0),
(362, 1150, 0),
(363, 1160, 0),
(364, 1580, 0),
(365, 640, 0),
(366, 880, 0),
(367, 885, 0),
(368, 1520, 0),
(369, 830, 0),
(370, 955, 0),
(371, 670, 550),
(372, 670, 630),
(373, 670, 630),
(374, 670, 1000),
(375, 630, 670),
(376, 670, 1000),
(377, 480, 0),
(378, 460, 0),
(379, 510, 0),
(380, 470, 0),
(381, 530, 0),
(382, 520, 0),
(383, 2020, 0),
(384, 2120, 0),
(385, 2220, 0),
(386, 2270, 0),
(387, 2350, 0),
(388, 925, 0),
(389, 1125, 0),
(390, 740, 0),
(391, 975, 0),
(392, 1480, 0),
(393, 1280, 0),
(394, 655, 0),
(395, 565, 0),
(396, 1600, 0),
(397, 745, 0),
(398, 755, 0),
(399, 1260, 0),
(400, 1485, 0),
(401, 1135, 0),
(402, 1015, 0),
(403, 1115, 0),
(404, 750, 0),
(405, 1270, 0),
(406, 1120, 0),
(407, 570, 610),
(408, 710, 1050),
(409, 630, 880),
(410, 650, 920),
(411, 680, 1000),
(412, 635, 910),
(413, 500, 760),
(414, 640, 920),
(415, 760, 1000),
(416, 670, 930),
(417, 610, 880),
(418, 650, 900),
(419, 650, 860),
(420, 660, 910),
(421, 690, 1020),
(422, 700, 950),
(423, 740, 1010),
(424, 520, 720),
(425, 590, 940),
(426, 720, 1040),
(427, 560, 830),
(428, 640, 880),
(429, 710, 1005),
(430, 740, 1020),
(431, 900, 1040),
(432, 530, 750),
(433, 590, 990),
(434, 600, 1010),
(435, 460, 640),
(436, 450, 640),
(437, 650, 940),
(438, 670, 960),
(439, 670, 990),
(440, 688, 1000),
(441, 705, 1000),
(442, 730, 1020),
(443, 690, 860),
(444, 640, 910),
(445, 680, 970),
(446, 415, 590),
(447, 640, 960),
(448, 560, 680),
(449, 685, 1000),
(450, 530, 740),
(451, 750, 1050),
(452, 755, 1050),
(453, 530, 1000),
(454, 630, 660),
(455, 720, 1000),
(456, 590, 740),
(457, 580, 880),
(458, 558, 908),
(459, 580, 980),
(460, 320, 460),
(461, 350, 530),
(462, 485, 560),
(463, 650, 980),
(464, 690, 875),
(465, 734, 1020),
(466, 740, 1050),
(467, 450, 740),
(468, 650, 950),
(469, 590, 985),
(470, 400, 550),
(471, 650, 1000),
(472, 660, 890),
(473, 710, 780),
(474, 860, 1234),
(475, 860, 1230),
(476, 867, 1230),
(477, 580, 910),
(478, 760, 1060),
(479, 480, 635),
(480, 550, 700),
(481, 660, 920),
(482, 620, 1050),
(483, 650, 720),
(484, 520, 740),
(485, 650, 910),
(486, 460, 650),
(487, 710, 990),
(488, 560, 1020),
(489, 530, 830),
(490, 670, 910),
(491, 630, 910),
(492, 500, 610),
(493, 600, 970),
(494, 660, 940),
(495, 680, 960),
(496, 580, 870),
(497, 330, 710),
(498, 700, 810),
(499, 590, 920),
(500, 680, 980),
(501, 800, 1110),
(502, 1020, 1020),
(503, 650, 960),
(504, 890, 1370),
(505, 940, 1390),
(506, 520, 1020),
(507, 590, 980),
(508, 1000, 700),
(509, 720, 930),
(510, 570, 790),
(511, 630, 900),
(512, 560, 900),
(513, 500, 660),
(514, 1400, 0),
(515, 1550, 0),
(516, 1890, 0),
(517, 910, 0),
(518, 1118, 0),
(519, 580, 790),
(520, 787, 0),
(521, 737, 0),
(522, 820, 0),
(523, 1090, 0),
(524, 1230, 0),
(525, 640, 890),
(526, 1010, 0),
(527, 1290, 0),
(528, 1575, 0),
(529, 715, 740),
(530, 680, 0),
(531, 635, 830),
(532, 688, 0),
(533, 690, 0),
(534, 750, 780),
(535, 870, 1110),
(536, 613, 908),
(537, 660, 832),
(538, 880, 1092),
(539, 889, 1092),
(540, 694, 923),
(541, 864, 0),
(542, 889, 0),
(543, 889, 900),
(544, 920, 0),
(545, 1220, 0),
(546, 914, 0),
(547, 735, 0),
(548, 1091, 0),
(549, 560, 690),
(550, 685, 0),
(551, 838, 0),
(552, 902, 0),
(553, 711, 0),
(554, 978, 0),
(555, 690, 920),
(556, 610, 1002),
(557, 715, 1050),
(558, 508, 762),
(559, 627, 1050),
(560, 652, 861),
(561, 590, 945),
(562, 940, 960),
(563, 600, 975),
(564, 754, 1050),
(565, 945, 1390),
(566, 560, 895),
(567, 558, 907),
(568, 867, 1234),
(569, 508, 660),
(570, 740, 780),
(571, 650, 700),
(572, 600, 1288),
(573, 1126, 1369),
(574, 875, 1025),
(575, 630, 1201),
(576, 910, 1330),
(577, 720, 1200),
(578, 1025, 1600),
(579, 640, 690),
(580, 1073, 1172),
(581, 1016, 1576),
(582, 890, 1150),
(583, 656, 800),
(584, 480, 0),
(585, 500, 0),
(586, 510, 0),
(587, 540, 0),
(588, 460, 0),
(589, 410, 0),
(590, 430, 0),
(591, 440, 0),
(592, 450, 0),
(593, 420, 0),
(594, 520, 0),
(595, 1120, 1000),
(596, 460, 1000),
(597, 2270, 1000),
(598, 2270, 1200),
(599, 1450, 1000),
(600, 1120, 1000),
(601, 1120, 1000),
(602, 2270, 1000),
(603, 2270, 1200),
(604, 2270, 1000),
(605, 1010, 700),
(606, 1010, 700),
(607, 700, 1000),
(608, 1450, 1000),
(609, 1450, 1000),
(610, 1010, 700),
(611, 1010, 700),
(612, 1010, 700),
(613, 584, 654),
(614, 584, 654),
(615, 584, 654),
(616, 1450, 1000),
(617, 1450, 1000),
(618, 1450, 1000),
(619, 1450, 1000),
(620, 1450, 1000),
(621, 1450, 1000),
(622, 1450, 1000),
(623, 1450, 1000),
(624, 1450, 1000),
(625, 1010, 700),
(626, 1010, 700),
(627, 1010, 700),
(628, 1010, 700),
(629, 1010, 700),
(630, 1010, 700),
(631, 1010, 700),
(632, 1010, 700),
(633, 1010, 700),
(634, 1010, 700),
(635, 1010, 700),
(636, 1010, 700),
(637, 1450, 1000),
(638, 1450, 1000),
(639, 1450, 1000),
(640, 698, 0),
(641, 1010, 700),
(642, 1010, 700),
(643, 1010, 700),
(644, 1010, 700),
(645, 1010, 700),
(646, 1010, 700),
(647, 1400, 1000),
(648, 700, 1000),
(649, 700, 1000),
(650, 700, 1000),
(651, 700, 1000),
(652, 700, 1000),
(653, 700, 1000),
(654, 700, 1000),
(655, 700, 1000),
(656, 750, 800),
(657, 786, 856),
(658, 786, 856),
(659, 786, 856),
(660, 659, 875),
(661, 1550, 1000),
(662, 1550, 1000),
(663, 1890, 1000),
(664, 1550, 1000),
(665, 1550, 600),
(666, 1550, 1000),
(667, 1550, 600),
(668, 1550, 1000),
(669, 1450, 1000),
(670, 1450, 600),
(671, 1450, 1000),
(672, 1450, 600),
(673, 1450, 1000),
(674, 1450, 1000),
(675, 1450, 1000),
(676, 1450, 1015),
(677, 1450, 600),
(678, 1450, 1000),
(679, 1450, 1000),
(680, 1400, 640),
(681, 1400, 640),
(682, 1400, 640),
(683, 510, 700),
(684, 510, 700),
(685, 530, 750),
(686, 700, 1000),
(687, 700, 700),
(688, 730, 1000),
(689, 460, 860),
(690, 800, 1200),
(691, 902, 1000),
(692, 500, 900),
(693, 500, 900),
(694, 500, 900),
(695, 500, 900),
(696, 978, 1000),
(697, 978, 900),
(698, 978, 1000),
(699, 978, 900),
(700, 978, 1000),
(701, 978, 1000),
(702, 320, 450),
(703, 340, 460),
(704, 380, 460),
(705, 599, 893),
(706, 615, 900),
(707, 621, 991),
(708, 621, 1202),
(709, 455, 650),
(710, 630, 650),
(711, 680, 900),
(712, 696, 946),
(713, 635, 720),
(714, 539, 753),
(715, 570, 780),
(716, 555, 816),
(717, 718, 820),
(718, 602, 830),
(719, 594, 830),
(720, 590, 840),
(721, 865, 1374),
(722, 640, 870),
(723, 680, 890),
(724, 560, 910),
(725, 600, 920),
(726, 670, 950),
(727, 696, 977),
(728, 556, 1008),
(729, 710, 1020),
(730, 720, 1202),
(731, 520, 1000),
(732, 520, 1000),
(733, 520, 700),
(734, 1450, 600),
(735, 1450, 1000),
(736, 1450, 1000),
(737, 2020, 1000),
(738, 995, 1506),
(739, 1020, 1117),
(740, 672, 676),
(741, 806, 1046),
(742, 560, 620),
(743, 1300, 0),
(744, 1780, 0),
(745, 940, 0),
(746, 960, 0),
(747, 2110, 0),
(748, 2100, 0),
(749, 865, 0),
(750, 1072, 0),
(751, 550, 750),
(752, 479, 550),
(753, 560, 560),
(754, 595, 815),
(755, 600, 946),
(756, 602, 650),
(757, 605, 1030),
(758, 620, 1002),
(759, 530, 620),
(760, 550, 630),
(761, 565, 635),
(762, 593, 638),
(763, 680, 800),
(764, 680, 860),
(765, 685, 1020),
(766, 685, 716),
(767, 694, 1021),
(768, 695, 940),
(769, 695, 831),
(770, 698, 963),
(771, 700, 775),
(772, 706, 783),
(773, 556, 727),
(774, 600, 730),
(775, 739, 799),
(776, 740, 900),
(777, 740, 840),
(778, 740, 800),
(779, 605, 740),
(780, 750, 1200),
(781, 600, 750),
(782, 754, 874),
(783, 700, 760),
(784, 655, 760),
(785, 703, 777),
(786, 600, 780),
(787, 780, 1310),
(788, 642, 782),
(789, 745, 785),
(790, 690, 800),
(791, 590, 805),
(792, 590, 810),
(793, 700, 820),
(794, 630, 820),
(795, 720, 820),
(796, 630, 830),
(797, 830, 860),
(798, 708, 836),
(799, 610, 838),
(800, 600, 840),
(801, 630, 840),
(802, 533, 851),
(803, 740, 859),
(804, 620, 860),
(805, 545, 860),
(806, 580, 860),
(807, 500, 860),
(808, 870, 920),
(809, 870, 1025),
(810, 425, 880),
(811, 565, 890),
(812, 570, 890),
(813, 550, 890),
(814, 725, 890),
(815, 548, 898),
(816, 690, 905),
(817, 775, 910),
(818, 750, 920),
(819, 645, 925),
(820, 595, 930),
(821, 667, 940),
(822, 600, 940),
(823, 950, 1380),
(824, 960, 1060),
(825, 747, 979),
(826, 695, 990),
(827, 665, 995),
(828, 810, 1010),
(829, 540, 1040),
(830, 1060, 1320),
(831, 1080, 1310),
(832, 815, 1085),
(833, 1120, 1295),
(834, 1130, 1510),
(835, 715, 1170),
(836, 1150, 1180),
(837, 1020, 1180),
(838, 610, 1190),
(839, 868, 1204),
(840, 736, 1210),
(841, 815, 1224),
(842, 860, 1250),
(843, 928, 1252),
(844, 969, 1276),
(845, 875, 1305),
(846, 993, 1306),
(847, 790, 1330),
(848, 610, 1337),
(849, 835, 1360),
(850, 600, 1370),
(851, 1100, 1370),
(852, 862, 1384),
(853, 854, 1420),
(854, 1190, 1440),
(855, 800, 1443),
(856, 1050, 1540),
(857, 500, 700),
(858, 800, 1200),
(859, 500, 700),
(860, 800, 1200),
(861, 420, 595),
(862, 420, 595),
(863, 420, 595),
(864, 700, 1000),
(865, 700, 1000),
(866, 700, 1000),
(867, 1400, 1005),
(868, 710, 1005),
(869, 930, 1000),
(870, 930, 1000),
(871, 960, 725),
(872, 1400, 1005),
(873, 710, 1005),
(874, 1400, 1005),
(875, 960, 725),
(876, 960, 700),
(877, 960, 700),
(878, 960, 725),
(879, 700, 1100),
(880, 850, 680),
(881, 545, 745),
(882, 400, 720),
(883, 400, 1000),
(884, 340, 700),
(885, 1000, 1072),
(886, 400, 1080),
(887, 790, 880),
(888, 780, 830),
(889, 400, 670),
(890, 850, 680),
(891, 850, 680),
(892, 850, 680),
(893, 850, 680),
(894, 850, 680),
(895, 850, 680),
(896, 850, 680),
(897, 700, 1100),
(898, 700, 1100),
(899, 700, 1100),
(900, 700, 1100),
(901, 800, 610),
(902, 800, 1000),
(903, 800, 1230),
(904, 900, 1040),
(905, 1000, 700),
(906, 800, 1230),
(907, 800, 1000),
(908, 800, 1230),
(909, 800, 1050),
(910, 1100, 1000),
(911, 570, 1000),
(912, 700, 1000),
(913, 1000, 700),
(914, 900, 1040),
(915, 900, 1040),
(916, 900, 1040),
(917, 570, 1000),
(918, 570, 1000),
(919, 1100, 1000),
(920, 1100, 1000),
(921, 800, 1050),
(922, 800, 1050),
(923, 1000, 700),
(924, 1000, 700),
(925, 1000, 700),
(926, 1000, 700),
(927, 700, 1000),
(928, 700, 1000),
(929, 700, 1000),
(930, 700, 1100),
(931, 1000, 640),
(932, 900, 750),
(933, 1000, 640),
(934, 1000, 640),
(935, 1000, 640),
(936, 1000, 640),
(937, 700, 1100),
(938, 700, 1100),
(939, 1000, 1000),
(940, 700, 1100),
(941, 730, 1000),
(942, 1470, 1000),
(943, 1000, 1100),
(944, 1000, 550),
(945, 1000, 1090),
(946, 500, 700),
(947, 900, 610),
(948, 1000, 640),
(949, 700, 1100),
(950, 1000, 1090),
(951, 1000, 1090),
(952, 1000, 1090),
(953, 1000, 1090),
(954, 700, 1100),
(955, 700, 1100),
(956, 700, 1100),
(957, 700, 1100),
(958, 1000, 550),
(959, 1000, 550),
(960, 1000, 550),
(961, 1000, 550),
(962, 1000, 550),
(963, 1000, 550),
(964, 1000, 1100),
(965, 1000, 1100),
(966, 1000, 1100),
(967, 1000, 1100),
(968, 1000, 1100),
(969, 1000, 1100),
(970, 1000, 640),
(971, 1000, 640),
(972, 1000, 640),
(973, 1000, 640),
(974, 700, 1100),
(975, 700, 1100),
(976, 700, 1100),
(977, 500, 700),
(978, 500, 700),
(979, 500, 700),
(980, 500, 700),
(981, 500, 700),
(982, 500, 700),
(983, 1000, 810),
(984, 800, 700),
(985, 900, 700),
(986, 210, 297),
(987, 800, 700),
(988, 800, 700),
(989, 800, 700),
(990, 800, 700),
(991, 800, 700),
(992, 1000, 810),
(993, 1000, 810),
(994, 1000, 810),
(995, 900, 750),
(996, 900, 750),
(997, 730, 1000),
(998, 1470, 1000),
(999, 730, 1000),
(1000, 730, 1000),
(1001, 1470, 1000),
(1002, 730, 1000),
(1003, 900, 700),
(1004, 900, 700),
(1005, 900, 700),
(1006, 900, 700),
(1007, 800, 700),
(1008, 800, 700),
(1009, 800, 700),
(1010, 800, 700),
(1011, 800, 700),
(1012, 800, 700),
(1013, 1000, 810),
(1014, 1000, 810),
(1015, 730, 1000),
(1016, 1470, 1000),
(1017, 730, 1000),
(1018, 930, 1000),
(1019, 900, 680),
(1020, 1000, 700),
(1021, 700, 1000),
(1022, 900, 600),
(1023, 800, 1400),
(1024, 940, 700),
(1025, 950, 0),
(1026, 600, 960),
(1027, 600, 900),
(1028, 650, 1280),
(1029, 650, 720),
(1030, 950, 1050),
(1031, 1100, 940),
(1032, 1000, 700),
(1033, 700, 1000),
(1034, 600, 1450),
(1035, 900, 1450),
(1036, 950, 1000),
(1037, 1000, 1080),
(1038, 1470, 1000),
(1039, 730, 1000),
(1040, 1460, 1000),
(1041, 740, 1000),
(1042, 1460, 930),
(1043, 850, 580),
(1044, 850, 700),
(1045, 850, 685),
(1046, 600, 820),
(1047, 850, 680),
(1048, 700, 680),
(1049, 700, 1000),
(1050, 700, 1000),
(1051, 700, 850),
(1052, 650, 1000),
(1053, 950, 740),
(1054, 1000, 1100),
(1055, 1000, 1100),
(1056, 1100, 1000),
(1057, 600, 960),
(1058, 600, 1000),
(1059, 1100, 1000),
(1060, 1100, 900),
(1061, 1100, 700),
(1062, 1100, 940),
(1063, 1100, 1000),
(1064, 149, 1000),
(1065, 3223, 1000),
(1066, 700, 1200),
(1067, 1100, 1000),
(1068, 700, 1000),
(1069, 800, 1030),
(1070, 800, 1000),
(1071, 900, 860),
(1072, 1245, 1245),
(1073, 375, 0),
(1074, 1245, 0),
(1075, 535, 0),
(1076, 559, 0),
(1077, 930, 540),
(1078, 930, 800),
(1079, 930, 700),
(1080, 1100, 700),
(1081, 800, 630),
(1082, 800, 630),
(1083, 800, 1030),
(1084, 500, 690),
(1085, 680, 660),
(1086, 500, 500),
(1087, 500, 1000),
(1088, 360, 800),
(1089, 800, 700),
(1090, 800, 680),
(1091, 800, 1000),
(1092, 700, 1010),
(1093, 900, 700),
(1094, 900, 940),
(1095, 900, 940),
(1096, 1000, 770),
(1097, 500, 1000),
(1098, 1200, 600),
(1099, 650, 630),
(1100, 700, 700),
(1101, 900, 620),
(1102, 1000, 590),
(1103, 1000, 1000),
(1104, 1000, 760),
(1105, 800, 580),
(1106, 600, 980),
(1107, 1000, 550),
(1108, 1000, 710),
(1109, 1000, 590),
(1110, 1000, 980),
(1111, 600, 850),
(1112, 900, 101),
(1113, 600, 920),
(1114, 600, 920),
(1115, 900, 1010),
(1116, 700, 1000),
(1117, 650, 650),
(1118, 800, 600),
(1119, 1150, 105),
(1120, 1050, 700),
(1121, 1150, 1050),
(1122, 1150, 700),
(1123, 700, 950),
(1124, 1000, 700),
(1125, 700, 1000),
(1126, 1000, 700),
(1127, 1150, 740),
(1128, 670, 880),
(1129, 700, 870),
(1130, 900, 700),
(1131, 700, 700),
(1132, 600, 920),
(1133, 1000, 700),
(1134, 600, 980),
(1135, 1150, 725),
(1136, 700, 950),
(1137, 700, 880),
(1138, 1150, 800),
(1139, 1150, 740),
(1140, 1150, 740),
(1141, 800, 800),
(1142, 800, 1200),
(1143, 1000, 700),
(1144, 700, 900),
(1145, 1050, 725),
(1146, 800, 700),
(1147, 600, 970),
(1148, 700, 880),
(1149, 700, 950),
(1150, 600, 820),
(1151, 800, 700),
(1152, 1150, 1020),
(1153, 1150, 740),
(1154, 1150, 500),
(1155, 1150, 740),
(1156, 500, 700),
(1157, 1100, 710),
(1158, 930, 620),
(1159, 1050, 725),
(1160, 650, 725),
(1161, 650, 900),
(1162, 1000, 700),
(1163, 700, 1000),
(1164, 1000, 610),
(1165, 650, 1100),
(1166, 800, 800),
(1167, 1150, 900),
(1168, 800, 600),
(1169, 800, 800),
(1170, 800, 600),
(1171, 1000, 820),
(1172, 1000, 880),
(1173, 1000, 1220),
(1174, 600, 700),
(1175, 1150, 740),
(1176, 500, 580),
(1177, 500, 650),
(1178, 500, 700),
(1179, 1150, 650),
(1180, 800, 1200),
(1181, 800, 1200),
(1182, 1150, 1300),
(1183, 500, 850),
(1184, 500, 58),
(1185, 800, 635),
(1186, 1000, 700),
(1187, 700, 1000),
(1188, 1050, 740),
(1189, 1200, 1000),
(1190, 1200, 910),
(1191, 700, 1000),
(1192, 1067, 0),
(1193, 1067, 720),
(1194, 1067, 740),
(1195, 1067, 740),
(1196, 1067, 700),
(1197, 900, 740),
(1198, 1430, 0),
(1199, 1800, 0),
(1200, 2500, 0),
(1201, 1050, 100),
(1202, 1050, 1000),
(1203, 860, 1000),
(1204, 700, 690),
(1205, 700, 650),
(1206, 700, 730),
(1207, 700, 690),
(1208, 700, 690),
(1209, 700, 650),
(1210, 700, 730),
(1211, 510, 700),
(1212, 700, 720),
(1213, 700, 1000),
(1214, 700, 1000),
(1215, 700, 720),
(1216, 700, 1000),
(1217, 700, 740),
(1218, 620, 1000),
(1219, 770, 1120),
(1220, 720, 1180),
(1221, 1215, 0),
(1222, 1257, 0),
(1223, 508, 0),
(1224, 746, 0),
(1225, 700, 1000),
(1226, 700, 1000),
(1227, 1000, 1050),
(1228, 1000, 1020),
(1229, 700, 1000),
(1230, 1000, 1110),
(1231, 1720, 0),
(1232, 1720, 1000),
(1233, 1720, 1000),
(1234, 1010, 630),
(1235, 1720, 1000),
(1236, 1720, 700),
(1237, 720, 800),
(1238, 1720, 1000),
(1239, 1210, 1000),
(1240, 1720, 700),
(1241, 950, 700),
(1242, 770, 665),
(1243, 1720, 745),
(1244, 1150, 745),
(1245, 510, 1020),
(1246, 575, 1000),
(1247, 1720, 950),
(1248, 1200, 950),
(1249, 700, 1000),
(1250, 500, 600),
(1251, 600, 700),
(1252, 500, 600),
(1253, 500, 600),
(1254, 500, 600),
(1255, 500, 600),
(1256, 1720, 900),
(1257, 940, 900),
(1258, 1720, 900),
(1259, 780, 850),
(1260, 780, 700),
(1261, 780, 1000),
(1262, 1720, 700),
(1263, 1720, 700),
(1264, 970, 700),
(1265, 1720, 650),
(1266, 700, 980),
(1267, 1720, 1000),
(1268, 840, 650),
(1269, 880, 650),
(1270, 1720, 700),
(1271, 750, 700),
(1272, 700, 980),
(1273, 1140, 745),
(1274, 510, 870),
(1275, 1210, 800),
(1276, 1080, 0),
(1277, 1130, 0),
(1278, 760, 0),
(1279, 1330, 0),
(1280, 1530, 0),
(1281, 1540, 0),
(1282, 1340, 0),
(1283, 1240, 0),
(1284, 1040, 0),
(1285, 840, 0),
(1286, 1320, 0),
(1287, 1030, 0),
(1288, 2130, 0),
(1289, 980, 0),
(1290, 990, 0),
(1291, 2080, 0),
(1292, 1490, 0),
(1293, 940, 1000),
(1294, 1720, 980),
(1295, 940, 710),
(1296, 940, 710),
(1297, 940, 710),
(1298, 630, 950),
(1299, 710, 950),
(1300, 940, 710),
(1301, 1600, 700),
(1302, 1050, 700),
(1303, 1040, 700),
(1304, 1040, 1060),
(1305, 790, 820),
(1306, 520, 700),
(1307, 960, 580),
(1308, 940, 1000),
(1309, 940, 1000),
(1310, 1300, 1020),
(1311, 1140, 980),
(1312, 960, 1160),
(1313, 700, 1020),
(1314, 1300, 1000),
(1315, 520, 710),
(1316, 940, 700),
(1317, 510, 710),
(1318, 520, 700),
(1319, 940, 116),
(1320, 940, 1160),
(1321, 940, 1160),
(1322, 940, 1160),
(1323, 690, 900),
(1324, 610, 1000),
(1325, 940, 915),
(1326, 940, 915),
(1327, 940, 915),
(1328, 2130, 600),
(1329, 2080, 820),
(1330, 1300, 820),
(1331, 1480, 600),
(1332, 980, 580),
(1333, 800, 1000),
(1334, 1000, 1000),
(1335, 1000, 670),
(1336, 1330, 830),
(1337, 1320, 830),
(1338, 1000, 580),
(1339, 1000, 850),
(1340, 900, 650),
(1341, 470, 1160),
(1342, 2654, 0),
(1343, 2652, 0),
(1344, 2301, 0),
(1345, 2382, 0),
(1346, 2201, 0),
(1347, 2173, 0),
(1348, 2030, 0),
(1349, 1831, 0),
(1350, 2202, 0),
(1351, 2170, 0),
(1352, 1349, 0),
(1353, 736, 0),
(1354, 2851, 0),
(1355, 2340, 0),
(1356, 1999, 0),
(1357, 1851, 0),
(1358, 2441, 0),
(1359, 2002, 0),
(1360, 1871, 0),
(1361, 2504, 0),
(1362, 2222, 0),
(1363, 1848, 0),
(1364, 1918, 0),
(1365, 2352, 0),
(1366, 1920, 0),
(1367, 2650, 0),
(1368, 1201, 0),
(1369, 900, 1100),
(1370, 1320, 1000),
(1371, 735, 1000),
(1372, 1490, 1000),
(1373, 800, 660),
(1374, 940, 1320),
(1375, 940, 1320),
(1376, 900, 1100),
(1377, 940, 880),
(1378, 940, 1080),
(1379, 940, 1080),
(1380, 940, 1080),
(1381, 1250, 700),
(1382, 736, 1000),
(1383, 1300, 1020),
(1384, 780, 1050),
(1385, 1000, 575),
(1386, 800, 1200),
(1387, 800, 740),
(1388, 1100, 880),
(1389, 700, 770),
(1390, 700, 720),
(1391, 700, 800),
(1392, 700, 830),
(1393, 700, 860),
(1394, 2002, 700),
(1395, 700, 850),
(1396, 1201, 1000),
(1397, 1000, 710),
(1398, 700, 940),
(1399, 950, 960),
(1400, 980, 1190),
(1401, 1920, 725),
(1402, 1918, 725),
(1403, 2222, 960),
(1404, 2301, 1060),
(1405, 1310, 1010),
(1406, 710, 1000),
(1407, 1040, 700),
(1408, 1040, 700),
(1409, 959, 725),
(1410, 1480, 960),
(1411, 1530, 1110),
(1412, 580, 760),
(1413, 750, 1),
(1414, 1590, 1),
(1415, 730, 980),
(1416, 740, 940),
(1417, 700, 980),
(1418, 800, 1150),
(1419, 1000, 650),
(1420, 940, 700),
(1421, 800, 740),
(1422, 800, 1200),
(1423, 900, 1020),
(1424, 900, 720),
(1425, 1000, 600),
(1426, 2230, 1000),
(1427, 700, 955),
(1428, 640, 1000),
(1429, 1000, 1200),
(1430, 800, 1200),
(1431, 900, 700),
(1432, 900, 1020),
(1433, 630, 1000),
(1434, 700, 830),
(1435, 520, 700),
(1436, 680, 1000),
(1437, 520, 700),
(1438, 900, 640),
(1439, 520, 660),
(1440, 900, 720),
(1441, 900, 660),
(1442, 800, 560),
(1443, 800, 1120),
(1444, 510, 660),
(1445, 1350, 1000),
(1446, 940, 0),
(1447, 940, 700),
(1448, 1871, 1000),
(1449, 1525, 0),
(1450, 1183, 0),
(1451, 1238, 0),
(1452, 1238, 1000),
(1453, 1238, 1000),
(1454, 510, 730),
(1455, 725, 1000),
(1456, 900, 720),
(1457, 2173, 1000),
(1458, 2050, 700),
(1459, 750, 865),
(1460, 900, 1200),
(1461, 1030, 700),
(1462, 1020, 700),
(1463, 1238, 1000),
(1464, 900, 720),
(1465, 1238, 700),
(1466, 1851, 1200),
(1467, 450, 1200),
(1468, 535, 700),
(1469, 2350, 1000),
(1470, 700, 840),
(1471, 2050, 1060),
(1472, 1020, 1060),
(1473, 2352, 1000),
(1474, 2851, 1000),
(1475, 1851, 1000),
(1476, 450, 1000),
(1477, 1238, 1000),
(1478, 938, 0),
(1479, 1380, 0),
(1480, 1038, 0),
(1481, 1219, 0),
(1482, 800, 1200),
(1483, 1000, 580),
(1484, 1000, 850),
(1485, 750, 920),
(1486, 750, 920),
(1487, 750, 920),
(1488, 750, 920),
(1489, 540, 700),
(1490, 2413, 0),
(1491, 2490, 0),
(1492, 2438, 0),
(1493, 1870, 0),
(1494, 2210, 0),
(1495, 2108, 0),
(1496, 2515, 0),
(1497, 1183, 1020),
(1498, 735, 850),
(1499, 1000, 700),
(1500, 1000, 900),
(1501, 1000, 700),
(1502, 735, 900),
(1503, 1183, 810),
(1504, 710, 1000),
(1505, 700, 800),
(1506, 700, 830),
(1507, 710, 1070),
(1508, 1000, 700),
(1509, 1000, 1100),
(1510, 1000, 700),
(1511, 1000, 700),
(1512, 990, 720),
(1513, 710, 1000),
(1514, 790, 1060),
(1515, 790, 1060),
(1516, 1240, 1060),
(1517, 700, 1000),
(1518, 700, 1000),
(1519, 750, 1110),
(1520, 640, 1010),
(1521, 780, 1060),
(1522, 700, 800),
(1523, 800, 1200),
(1524, 800, 850),
(1525, 2650, 1100),
(1526, 2500, 1070),
(1527, 1000, 1070),
(1528, 950, 640),
(1529, 940, 640),
(1530, 1640, 0),
(1531, 700, 1020),
(1532, 1500, 1000),
(1533, 1500, 720),
(1534, 750, 930),
(1535, 1350, 860),
(1536, 1500, 700),
(1537, 1500, 970),
(1538, 1000, 880),
(1539, 1349, 1000),
(1540, 1040, 700),
(1541, 1350, 960),
(1542, 990, 750),
(1543, 890, 1055),
(1544, 900, 940),
(1545, 900, 940),
(1546, 480, 700),
(1547, 4587, 0),
(1548, 700, 60);

-- --------------------------------------------------------

--
-- Table structure for table `sizes_cut_requests`
--

DROP TABLE IF EXISTS `sizes_cut_requests`;
CREATE TABLE `sizes_cut_requests` (
  `iD` int(11) NOT NULL,
  `SizeID` int(11) NOT NULL,
  `PCRID` int(11) NOT NULL,
  `quantity` double NOT NULL,
  `comments` text DEFAULT NULL
) ENGINE=InnoDB DEFAULT CHARSET=utf8 COLLATE=utf8_general_ci;

--
-- Dumping data for table `sizes_cut_requests`
--

INSERT  INTO `sizes_cut_requests` (`iD`, `SizeID`, `PCRID`, `quantity`, `comments`) VALUES
(4, 731, 3, 512, NULL),
(10, 857, 8, 102, NULL),
(11, 858, 8, 350, NULL),
(12, 861, 9, 370, NULL),
(13, 864, 10, 543, NULL),
(14, 867, 11, 500, NULL),
(15, 868, 11, 1893, NULL),
(16, 869, 12, 395, NULL),
(17, 871, 13, 947, NULL),
(18, 879, 14, 2206, NULL),
(19, 880, 15, 2623, NULL),
(20, 903, 16, 287.82, NULL),
(21, 902, 16, 381.18, NULL),
(22, 904, 17, 1588, NULL),
(23, 909, 18, 372, NULL),
(24, 910, 19, 336, NULL),
(25, 911, 20, 287, NULL),
(26, 912, 21, 1213, NULL),
(27, 913, 22, 1737, NULL),
(28, 930, 23, 592, 'رول واحد فقط'),
(29, 931, 24, 1667, 'عدد 3 رول فقط'),
(30, 932, 25, 654, NULL),
(31, 940, 26, 2169, NULL),
(32, 941, 27, 556, NULL),
(33, 942, 27, 1000, NULL),
(34, 944, 28, 4749, NULL),
(35, 945, 29, 2234, NULL),
(36, 946, 30, 301, NULL),
(38, 948, 32, 1600, NULL),
(39, 949, 33, 1500, NULL),
(40, 983, 34, 855, NULL),
(41, 984, 35, 2491, NULL),
(42, 985, 36, 1358, NULL),
(44, 1019, 38, 753, NULL),
(47, 1022, 41, 2907, NULL),
(48, 1023, 42, 1816, NULL),
(49, 1024, 43, 555, NULL),
(50, 1026, 44, 971, NULL),
(51, 1027, 45, 3027, NULL),
(52, 1028, 46, 1117, NULL),
(53, 1029, 47, 1118, NULL),
(54, 1030, 48, 3246, NULL),
(55, 1031, 49, 2801, NULL),
(56, 1032, 50, 7631, NULL),
(58, 1034, 52, 2097, NULL),
(59, 1035, 53, 2365, NULL),
(60, 1036, 54, 785, NULL),
(61, 1037, 55, 872, NULL),
(64, 1042, 57, 1000, NULL),
(65, 1041, 57, 500, NULL),
(67, 1047, 59, 1693, NULL),
(68, 1046, 60, 509, NULL),
(71, 1050, 62, 2217, NULL),
(72, 1051, 62, 2500, NULL),
(73, 1052, 63, 7068, NULL),
(74, 1053, 64, 2552, NULL),
(75, 1056, 65, 7326, '1 رول'),
(76, 1057, 66, 518, NULL),
(77, 1058, 67, 528, NULL),
(79, 1060, 69, 224, 'الف طبق'),
(80, 1061, 69, 501, 'باقي الرول'),
(81, 1062, 70, 3670, NULL),
(83, 1066, 72, 625, NULL),
(84, 1067, 73, 5760, '٢ رول'),
(85, 1068, 74, 2450, NULL),
(88, 1077, 76, 150, NULL),
(89, 1078, 76, 200, NULL),
(90, 1079, 76, 371, 'باقي الرول'),
(91, 1080, 77, 2571, NULL),
(93, 1082, 79, 617, NULL),
(94, 1083, 80, 725, NULL),
(95, 1085, 81, 236, NULL),
(96, 1087, 82, 300, NULL),
(97, 1089, 83, 504, 'احمد الجوجو'),
(98, 1090, 84, 612, NULL),
(99, 1091, 85, 2560, NULL),
(100, 1092, 86, 269, NULL),
(102, 1094, 88, 3526, NULL),
(103, 1095, 89, 2212, NULL),
(104, 1096, 90, 809, NULL),
(105, 1097, 91, 2947, NULL),
(106, 1098, 92, 2910, NULL),
(107, 1099, 93, 3104, NULL),
(108, 1100, 94, 554, NULL),
(109, 1101, 95, 721, NULL),
(110, 1102, 96, 826, NULL),
(111, 1103, 97, 1888, NULL),
(112, 1104, 98, 594, NULL),
(113, 1105, 99, 629, NULL),
(114, 1106, 100, 510, NULL),
(115, 1107, 101, 178.75, NULL),
(116, 1108, 101, 230.75, NULL),
(117, 1109, 101, 391.5, NULL),
(118, 1110, 102, 802, NULL),
(119, 1111, 103, 1495, NULL),
(120, 1115, 104, 2077, NULL),
(122, 1114, 106, 1933, NULL),
(123, 1116, 107, 572, NULL),
(124, 1118, 108, 606, NULL),
(125, 1121, 109, 1911, NULL),
(126, 1120, 110, 1611, NULL),
(127, 1122, 111, 943, NULL),
(128, 1123, 112, 560, NULL),
(130, 1125, 114, 1697, NULL),
(132, 1127, 116, 949, NULL),
(133, 1128, 117, 426, NULL),
(135, 1130, 119, 2926, NULL),
(136, 1131, 120, 536, NULL),
(137, 1132, 121, 1398, NULL),
(138, 1133, 122, 6326, NULL),
(139, 1134, 123, 504, NULL),
(140, 1135, 124, 981, NULL),
(141, 1136, 125, 1081, NULL),
(145, 1140, 128, 1043, NULL),
(146, 1141, 129, 540, NULL),
(147, 1142, 130, 647, NULL),
(149, 1144, 132, 1125, NULL),
(150, 1145, 133, 1712, NULL),
(151, 1146, 134, 612, NULL),
(152, 1147, 135, 1489, NULL),
(153, 1148, 136, 1651, NULL),
(155, 1150, 138, 519, NULL),
(156, 1151, 139, 743, NULL),
(157, 1152, 140, 976, NULL),
(158, 1153, 141, 927, NULL),
(159, 1154, 142, 402.5, NULL),
(160, 1155, 142, 510.5, NULL),
(161, 1156, 143, 285, NULL),
(162, 1157, 144, 1927, NULL),
(163, 1158, 145, 718, NULL),
(164, 1159, 146, 1000, NULL),
(165, 1160, 146, 200, NULL),
(166, 1161, 146, 141, NULL),
(167, 1162, 147, 2056, NULL),
(168, 1163, 147, 2056, NULL),
(169, 1164, 148, 806, NULL),
(170, 1165, 149, 511, NULL),
(171, 1166, 150, 560, NULL),
(172, 1167, 151, 2734, NULL),
(173, 1181, 152, 730, NULL),
(174, 1169, 153, 622, NULL),
(175, 1180, 154, 732, NULL),
(176, 1171, 155, 782, NULL),
(177, 1172, 156, 1507, NULL),
(178, 1173, 157, 807, NULL),
(179, 1174, 158, 1045, NULL),
(180, 1175, 159, 844, NULL),
(181, 1176, 160, 252.3, NULL),
(182, 1177, 160, 122.53, NULL),
(183, 1178, 160, 213.17, NULL),
(184, 1179, 161, 4593, NULL),
(185, 1185, 162, 640, NULL),
(186, 1186, 163, 1598, NULL),
(187, 1187, 164, 1672, NULL),
(188, 1188, 165, 2466, NULL),
(189, 1189, 166, 962, NULL),
(190, 1190, 166, 981, NULL),
(191, 1191, 167, 568, NULL),
(192, 1194, 168, 1963, NULL),
(193, 1195, 169, 3926, NULL),
(194, 1202, 170, 781, NULL),
(198, 1207, 172, 1018, NULL),
(199, 1208, 173, 624.04, NULL),
(200, 1209, 173, 103.74, NULL),
(201, 1210, 173, 342.22, NULL),
(204, 1214, 175, 1016, NULL),
(205, 1215, 176, 533, NULL),
(206, 1216, 176, 543, NULL),
(207, 1217, 176, 10, NULL),
(208, 1225, 177, 2116, NULL),
(211, 1232, 180, 13567, NULL),
(212, 1233, 181, 2634, NULL),
(213, 1235, 182, 2647, NULL),
(214, 1236, 183, 2849, NULL),
(215, 1238, 184, 1259, NULL),
(216, 1240, 185, 2849, NULL),
(217, 1243, 186, 1317, NULL),
(218, 1247, 187, 1454, NULL),
(219, 1256, 188, 3675, NULL),
(220, 1258, 189, 2541, NULL),
(221, 1262, 190, 10864, NULL),
(222, 1263, 191, 1355, NULL),
(223, 1265, 192, 1344, NULL),
(224, 1266, 193, 1016, NULL),
(225, 1267, 194, 1307, NULL),
(226, 1270, 195, 2737, NULL),
(227, 1272, 196, 1016, NULL),
(228, 1293, 197, 1450, NULL),
(229, 1294, 198, 2578, NULL),
(230, 1295, 199, 1450, NULL),
(231, 1296, 200, 1450, NULL),
(232, 1297, 201, 1477, NULL),
(233, 1298, 202, 658, NULL),
(234, 1299, 202, 1000, NULL),
(235, 1300, 203, 1450, NULL),
(236, 1301, 204, 1086, NULL),
(237, 1302, 205, 1000, NULL),
(238, 1303, 206, 1333, NULL),
(239, 1304, 207, 1510, NULL),
(240, 1305, 208, 765, NULL),
(241, 1306, 209, 414, NULL),
(242, 1307, 210, 1265, NULL),
(245, 1310, 213, 1630, NULL),
(246, 1313, 214, 1062, NULL),
(247, 1314, 215, 1607, NULL),
(248, 1315, 216, 432, NULL),
(249, 1316, 217, 1495, NULL),
(250, 1318, 218, 583, NULL),
(252, 1320, 220, 1445, NULL),
(253, 1322, 221, 1453, NULL),
(254, 1325, 222, 1440, NULL),
(256, 1327, 224, 1445, NULL),
(257, 1328, 225, 1, NULL),
(258, 1329, 226, 1, NULL),
(259, 1332, 227, 1535, NULL),
(260, 1333, 228, 665, NULL),
(261, 1334, 229, 834, NULL),
(262, 1335, 230, 785, NULL),
(263, 1336, 231, 1782, NULL),
(264, 1340, 232, 500, NULL),
(265, 1371, 233, 810, NULL),
(266, 1372, 234, 2290, NULL),
(267, 1373, 235, 2463, NULL),
(268, 1374, 236, 1448, NULL),
(269, 1375, 237, 1450, NULL),
(270, 1376, 232, 190, NULL),
(271, 1377, 238, 1452, NULL),
(272, 1378, 239, 1460, NULL),
(274, 1380, 241, 1452, NULL),
(275, 1381, 242, 2029, NULL),
(276, 1382, 243, 807, NULL),
(277, 1383, 244, 1627, NULL),
(278, 1384, 245, 1205, NULL),
(279, 1385, 246, 923, NULL),
(280, 1386, 247, 634, NULL),
(281, 1387, 248, 659, NULL),
(282, 1388, 249, 1084, NULL),
(283, 1389, 250, 2665, NULL),
(284, 1390, 251, 547, NULL),
(285, 1391, 252, 1721, NULL),
(286, 1392, 253, 517, NULL),
(287, 1393, 254, 610, NULL),
(288, 1394, 255, 2126, NULL),
(289, 1395, 256, 547, NULL),
(290, 1396, 257, 1304, NULL),
(291, 1397, 258, 3721, NULL),
(292, 1398, 259, 538, NULL),
(293, 1399, 260, 834, NULL),
(294, 1400, 261, 1520, NULL),
(295, 1401, 262, 2117, NULL),
(296, 1402, 263, 1522, NULL),
(297, 1403, 264, 2334, NULL),
(298, 1404, 265, 2626, NULL),
(299, 1405, 266, 1664, NULL),
(300, 1406, 267, 643, NULL),
(301, 1407, 268, 1005, NULL),
(302, 1408, 269, 1517, NULL),
(303, 1411, 270, 1176, NULL),
(304, 1412, 271, 459, NULL),
(305, 1413, 272, 2000, NULL),
(306, 1414, 272, 594, NULL),
(307, 1415, 273, 780, NULL),
(308, 1416, 274, 913, NULL),
(309, 1417, 275, 684, NULL),
(310, 1418, 276, 1236, NULL),
(311, 1419, 277, 793, NULL),
(312, 1420, 278, 1451, NULL),
(313, 1421, 279, 611, NULL),
(314, 1422, 280, 613, NULL),
(315, 1423, 281, 703, NULL),
(316, 1424, 282, 1444, NULL),
(317, 1425, 283, 754, NULL),
(318, 1426, 284, 1773, NULL),
(319, 1428, 285, 800, NULL),
(320, 1429, 286, 3111, NULL),
(321, 1430, 287, 1211, NULL),
(322, 1431, 288, 1352, NULL),
(323, 1432, 289, 2164, NULL),
(324, 1434, 290, 1144, NULL),
(326, 1436, 292, 860, NULL),
(327, 1437, 293, 412, NULL),
(328, 1438, 294, 712, NULL),
(329, 1439, 295, 585, NULL),
(330, 1440, 296, 708, NULL),
(331, 1441, 297, 737, NULL),
(332, 1442, 298, 1287, NULL),
(333, 1445, 299, 1422, NULL),
(334, 1447, 300, 2010, NULL),
(335, 1448, 301, 2002, NULL),
(336, 1452, 302, 2090, NULL),
(337, 1453, 303, 2090, NULL),
(338, 1456, 304, 2826, NULL),
(339, 1457, 305, 2346, NULL),
(340, 1458, 306, 2816, NULL),
(341, 1459, 307, 994, NULL),
(342, 1460, 308, 686, NULL),
(343, 1463, 309, 2070, NULL),
(344, 1464, 310, 2912, NULL),
(345, 1465, 311, 2070, NULL),
(346, 1466, 312, 1469, NULL),
(347, 1469, 313, 2551, NULL),
(348, 1471, 314, 2246, NULL),
(349, 1473, 315, 2555, NULL),
(350, 1474, 316, 3194, NULL),
(351, 1475, 317, 1998, NULL),
(352, 1477, 318, 2090, NULL),
(353, 1482, 319, 626, NULL),
(354, 1483, 320, 876, NULL),
(355, 1484, 321, 2211, NULL),
(356, 1485, 322, 643, NULL),
(357, 1486, 323, 668, NULL),
(358, 1487, 324, 636, NULL),
(359, 1488, 325, 650, NULL),
(360, 1497, 326, 2070, NULL),
(361, 1498, 327, 1360, NULL),
(362, 1499, 328, 1039, NULL),
(363, 1500, 329, 2415, NULL),
(364, 1501, 330, 2980, NULL),
(365, 1504, 331, 1173, NULL),
(366, 1505, 332, 1037, NULL),
(367, 1506, 333, 530, NULL),
(368, 1508, 334, 2217, NULL),
(369, 1509, 335, 890, NULL),
(371, 1511, 337, 925, NULL),
(372, 1513, 338, 1173, NULL),
(373, 1514, 339, 1205, NULL),
(374, 1515, 340, 1209, NULL),
(375, 1516, 341, 1725, NULL),
(376, 1517, 342, 775, NULL),
(377, 1518, 343, 951, NULL),
(378, 1519, 344, 643, NULL),
(379, 1522, 345, 1597, NULL),
(380, 1523, 346, 1896, NULL),
(381, 1525, 347, 2987, NULL),
(382, 1526, 348, 2677, NULL),
(383, 1528, 349, 1500, NULL),
(384, 1531, 350, 600, NULL),
(385, 1534, 351, 649, NULL),
(386, 1535, 352, 1420, NULL),
(387, 1538, 353, 640, NULL),
(388, 1539, 354, 1421, NULL),
(389, 1540, 355, 1516, NULL),
(390, 1541, 356, 1745, NULL),
(391, 1542, 357, 1306, NULL),
(392, 1543, 358, 1810, NULL),
(393, 1544, 359, 758, NULL),
(394, 1545, 360, 751, NULL);

-- --------------------------------------------------------

--
-- Table structure for table `spendings`
--

DROP TABLE IF EXISTS `spendings`;
CREATE TABLE `spendings` (
  `iD` int(11) NOT NULL,
  `CashBoxID` int(11) NOT NULL,
  `EqualitiesID` int(11) NOT NULL,
  `EmployeeID` int(11) NOT NULL,
  `NameID` int(11) NOT NULL,
  `date` datetime NOT NULL DEFAULT current_timestamp(),
  `value` decimal(11,2) NOT NULL,
  `fromBox` tinyint(1) NOT NULL DEFAULT 0,
  `comments` text DEFAULT NULL
) ENGINE=InnoDB DEFAULT CHARSET=utf8 COLLATE=utf8_general_ci;

--
-- Dumping data for table `spendings`
--

INSERT  INTO `spendings` (`iD`, `CashBoxID`, `EqualitiesID`, `EmployeeID`, `NameID`, `date`, `value`, `fromBox`, `comments`) VALUES
(37, 1, 157, 1, 16, '2025-06-05 18:13:29', 322000.00, 0, NULL),
(38, 1, 159, 1, 27, '2021-07-31 03:09:19', 10000.00, 0, NULL),
(39, 1, 160, 1, 1, '2021-07-31 03:11:23', 110000.00, 0, NULL),
(40, 1, 162, 1, 27, '2021-07-31 04:13:26', 5000.00, 0, NULL),
(41, 1, 163, 1, 28, '2021-07-31 08:15:39', 22000.00, 0, NULL),
(42, 1, 164, 1, 29, '2021-07-31 08:20:05', 24000.00, 0, NULL),
(43, 1, 166, 1, 27, '2021-08-01 12:59:30', 15000.00, 0, NULL),
(44, 1, 170, 1, 29, '2021-08-01 03:34:06', 150000.00, 0, NULL),
(48, 1, 202, 1, 27, '2021-08-10 03:01:52', 200000.00, 0, 'في صندوق المكتب '),
(49, 1, 205, 1, 1, '2021-08-11 01:08:43', 400000.00, 0, 'مصاريف صيانه ابو حسن الفيلا'),
(51, 1, 211, 1, 32, '2021-08-18 09:35:47', 1500000.00, 0, NULL),
(52, 1, 212, 1, 32, '2021-08-18 12:42:51', 2000000.00, 0, 'ودفع طارق منو ٥٠٠ الف خصم من دفعه ١٠٠ مليون و ١٥٠'),
(54, 1, 218, 1, 30, '2021-08-19 00:42:09', 1000000.00, 0, 'مع ام يزن'),
(55, 1, 1, 1, 30, '2021-08-19 00:42:54', 2000.00, 0, 'مع ام يزن'),
(56, 1, 226, 1, 33, '2021-08-21 16:52:33', 10000.00, 0, 'اكراميات تنزيل تريلا'),
(57, 1, 227, 1, 34, '2021-08-21 16:54:01', 112000.00, 0, '٥٠ الف امجد اخدها مني\n٦٢ الف ثمن محارم لامجد'),
(60, 1, 248, 1, 35, '2021-08-26 14:20:12', 35000.00, 0, NULL),
(62, 1, 251, 1, 24, '2021-08-26 15:33:43', 475000.00, 0, NULL),
(63, 1, 252, 1, 36, '2021-08-26 15:35:02', 200000.00, 0, 'دين سامر'),
(64, 1, 257, 1, 27, '2021-08-28 15:33:14', 15000.00, 0, 'زكاه شباط'),
(65, 1, 1, 1, 38, '2021-08-28 20:11:02', 200.00, 0, NULL),
(66, 1, 268, 1, 32, '2021-08-30 14:06:03', 500000.00, 0, 'بيد اكرم مدخنه'),
(67, 1, 273, 11, 29, '2021-08-31 14:00:07', 36000.00, 0, NULL),
(68, 1, 276, 1, 27, '2021-09-01 14:48:07', 15000.00, 0, 'زكاه ام علي'),
(69, 1, 278, 11, 29, '2021-09-02 00:50:47', 485000.00, 0, NULL),
(70, 1, 280, 1, 24, '2021-09-02 13:49:47', 435000.00, 0, 'رواتب'),
(73, 1, 286, 1, 24, '2021-09-02 15:15:29', 50000.00, 0, 'راتب ام ماهر'),
(74, 1, 287, 1, 29, '2021-09-02 15:15:48', 50000.00, 0, 'للتذكير بدي حاسب سامر زعبي'),
(76, 1, 295, 12, 27, '2021-09-04 13:25:17', 20000.00, 0, 'زكاة'),
(77, 1, 297, 12, 27, '2021-09-04 14:11:47', 3000.00, 0, 'زكاة'),
(78, 1, 298, 12, 27, '2021-09-04 14:12:38', 2000.00, 0, 'زكاة'),
(79, 1, 302, 11, 27, '2021-09-05 12:55:12', 7000.00, 0, NULL),
(83, 1, 323, 1, 27, '2021-09-08 14:51:43', 50000.00, 0, NULL),
(84, 1, 325, 1, 27, '2021-09-08 10:36:44', 180000.00, 0, 'صندوق زكاه بالمكتب'),
(85, 1, 327, 1, 24, '2021-09-09 14:47:37', 470000.00, 0, NULL),
(87, 1, 340, 1, 33, '2021-09-12 12:23:05', 100000.00, 0, 'إكراميه ٢ شهر محمد عمار'),
(88, 1, 341, 1, 35, '2021-09-12 13:12:01', 25000.00, 0, NULL),
(89, 1, 342, 1, 24, '2021-09-12 13:38:45', 38000.00, 0, 'راتب  يحيى'),
(90, 1, 343, 11, 1, '2021-09-12 13:41:41', 2300000.00, 0, NULL),
(91, 1, 344, 1, 1, '2021-09-12 13:43:03', 29000.00, 0, 'مصاريف غال + كسات قهوه + سكب مفاتيح'),
(93, 1, 348, 1, 35, '2021-09-12 21:49:34', 60000.00, 0, 'راوتر'),
(94, 1, 350, 1, 35, '2021-09-13 10:37:48', 11000.00, 0, 'أقلام واكسسوارات مكتب'),
(95, 1, 353, 1, 35, '2021-09-13 14:07:32', 37000.00, 0, '١٦ مصنفات و ٢١ قهوه مره'),
(96, 1, 354, 1, 27, '2021-09-13 14:08:35', 15000.00, 0, NULL),
(97, 1, 355, 11, 1, '2021-09-13 14:41:26', 80000.00, 0, NULL),
(98, 1, 357, 1, 30, '2021-09-13 14:48:53', 175000.00, 0, 'مصروف بيت'),
(99, 1, 359, 10, 27, '2021-09-14 11:37:35', 15000.00, 0, NULL),
(100, 1, 361, 11, 27, '2021-09-14 14:11:18', 10000.00, 0, NULL),
(103, 1, 369, 9, 29, '2021-09-15 15:59:16', 20000.00, 0, NULL),
(104, 1, 370, 9, 1, '2021-09-15 09:32:14', 950000.00, 0, 'بيد ابو يوسف'),
(105, 1, 371, 11, 29, '2021-09-16 09:41:12', 23000.00, 0, NULL),
(106, 1, 372, 9, 24, '2021-09-16 14:51:19', 575000.00, 0, NULL),
(107, 1, 1, 10, 39, '2021-09-17 10:52:24', 58781.00, 0, NULL),
(108, 1, 377, 10, 39, '2021-09-17 10:52:13', 27224900.00, 0, NULL),
(111, 1, 390, 1, 30, '2021-09-19 14:41:01', 2500000.00, 0, NULL),
(112, 1, 397, 1, 29, '2021-09-20 12:52:36', 250000.00, 0, '١٥٠ بيد سامر و ١٠٠ مصروف منزل'),
(113, 1, 398, 1, 35, '2021-09-21 12:02:57', 50000.00, 0, 'ثمن أكياس مصاري'),
(114, 1, 399, 1, 1, '2021-09-21 12:04:58', 30000.00, 0, 'تعويض كسر لمبه للشاحنه+ ١٠ اكرامية'),
(120, 1, 427, 9, 24, '2021-09-23 14:54:23', 655000.00, 0, NULL),
(121, 1, 430, 1, 43, '2021-09-25 15:17:52', 134000.00, 0, 'بانزين'),
(124, 1, 437, 1, 27, '2021-09-28 11:37:52', 15000.00, 0, 'زكاه ام علي'),
(125, 1, 438, 9, 35, '2021-09-28 11:43:10', 40000.00, 0, NULL),
(126, 1, 439, 9, 1, '2021-09-28 11:52:20', 7000.00, 0, 'حساس كمبرصور'),
(127, 1, 440, 9, 46, '2021-09-28 11:54:03', 49000.00, 0, NULL),
(128, 1, 441, 9, 1, '2021-09-28 11:55:52', 150000.00, 0, 'حامل شفرة قص + شفرة قص'),
(130, 1, 452, 1, 43, '2021-09-29 14:48:06', 90000.00, 0, NULL),
(132, 1, 456, 1, 33, '2021-09-30 13:02:49', 1500.00, 0, 'دوريه + زكاه'),
(133, 1, 457, 1, 27, '2021-09-30 13:11:09', 30000.00, 0, 'زكاه'),
(134, 1, 459, 9, 24, '2021-09-30 15:16:53', 535000.00, 0, NULL),
(135, 1, 460, 9, 47, '2021-09-30 15:18:53', 1830000.00, 0, NULL),
(136, 1, 471, 11, 35, '2021-10-03 13:06:58', 22000.00, 0, NULL),
(140, 1, 486, 9, 27, '2021-10-06 14:37:06', 50000.00, 0, NULL),
(141, 1, 494, 1, 24, '2021-10-07 13:15:03', 500000.00, 0, 'رواتب'),
(142, 1, 497, 1, 24, '2021-10-07 14:47:58', 100000.00, 0, 'راتب ابو ماجد ٢ اسبوع'),
(143, 1, 498, 1, 34, '2021-10-07 14:48:25', 50000.00, 0, '50'),
(145, 1, 501, 1, 33, '2021-10-07 15:08:11', 350000.00, 0, 'اكراميه جمارك'),
(146, 1, 508, 1, 24, '2021-10-09 14:59:31', 1300000.00, 0, 'تعويض بدل إلى ابو كاسم'),
(147, 1, 510, 1, 27, '2021-10-01 10:47:17', 125000.00, 0, NULL),
(149, 1, 520, 1, 45, '2021-10-11 15:33:09', 900000.00, 0, NULL),
(150, 1, 522, 1, 35, '2021-10-12 13:31:18', 100000.00, 0, '٧٥ الف موبايل + ١٠ الف هاتف ارضي + ١٥ الف قهوه'),
(151, 1, 524, 9, 27, '2021-10-14 09:48:36', 50000.00, 0, NULL),
(152, 1, 525, 9, 35, '2021-10-11 11:14:09', 55000.00, 0, NULL),
(153, 1, 527, 1, 27, '2021-10-14 13:29:34', 20000.00, 0, 'زكاه نبيل مراد'),
(154, 1, 528, 1, 24, '2021-10-14 13:32:18', 552000.00, 0, 'رواتب'),
(155, 1, 529, 9, 29, '2021-10-17 11:45:13', 100000.00, 0, 'مصروف بيت +راتب ام ماهر'),
(156, 1, 530, 9, 43, '2021-10-17 11:46:32', 156000.00, 0, 'بانزين'),
(157, 1, 532, 12, 16, '2021-10-18 14:29:39', 140000.00, 0, NULL),
(158, 1, 533, 12, 16, '2021-10-18 14:30:25', 1400000.00, 0, NULL),
(159, 1, 534, 12, 27, '2021-10-18 14:31:02', 20000.00, 0, NULL),
(160, 1, 535, 12, 35, '2021-10-18 14:32:28', 22000.00, 0, NULL),
(161, 1, 536, 12, 43, '2021-10-18 15:20:05', 12000.00, 0, 'بيد نور'),
(162, 1, 537, 12, 24, '2021-10-18 15:20:47', 200000.00, 0, 'راتب ابو وليد لشهر ايلول'),
(163, 1, 538, 12, 43, '2021-10-18 15:21:59', 30000.00, 0, 'اجور نقل ابو وليد'),
(164, 1, 539, 1, 24, '2021-10-19 14:17:40', 80000.00, 0, NULL),
(165, 1, 546, 12, 27, '2021-10-17 12:02:41', 7000.00, 0, NULL),
(166, 1, 549, 12, 27, '2021-10-20 14:59:11', 200000.00, 0, NULL),
(169, 1, 555, 9, 27, '2021-10-21 11:02:23', 20000.00, 0, NULL),
(172, 1, 561, 9, 24, '2021-10-21 14:25:15', 480000.00, 0, NULL),
(173, 1, 562, 9, 35, '2021-10-21 14:25:54', 5000.00, 0, NULL),
(174, 1, 563, 9, 32, '2021-10-21 15:01:54', 1000000.00, 0, NULL),
(175, 1, 566, 1, 24, '2021-10-23 12:54:02', 1200000.00, 0, 'ابو كاسم'),
(176, 1, 567, 1, 27, '2021-10-23 12:57:18', 200000.00, 0, 'زكاه فراطه'),
(177, 1, 568, 12, 29, '2021-10-23 13:56:42', 200000.00, 0, NULL),
(182, 1, 588, 11, 43, '2021-10-27 14:28:39', 20000.00, 0, NULL),
(183, 1, 590, 11, 24, '2021-10-28 11:13:54', 585000.00, 0, NULL),
(184, 1, 594, 10, 35, '2021-10-28 12:42:55', 6000.00, 0, 'ماء مقطر للستافة'),
(186, 1, 598, 11, 29, '2021-10-28 16:05:06', 500000.00, 0, NULL),
(192, 1, 609, 12, 35, '2021-10-30 14:22:21', 20000.00, 0, 'ماء مقطره'),
(196, 1, 617, 9, 24, '2021-11-02 14:24:58', 200000.00, 0, NULL),
(197, 1, 619, 1, 29, '2021-11-02 14:29:59', 14000.00, 0, NULL),
(200, 1, 629, 9, 27, '2021-11-04 14:45:12', 27000.00, 0, NULL),
(201, 1, 633, 9, 24, '2021-11-04 15:08:50', 50000.00, 0, 'راتب ام ماهر'),
(202, 1, 638, 9, 35, '2021-11-06 14:39:21', 103000.00, 0, NULL),
(204, 1, 640, 9, 1, '2021-11-07 14:42:26', 70000.00, 0, 'صحية'),
(205, 1, 645, 1, 49, '2021-11-07 17:54:37', 100000.00, 0, 'ابو وائل'),
(207, 1, 650, 1, 39, '2021-11-05 11:07:21', 1051200.00, 0, NULL),
(209, 1, 653, 9, 27, '2021-11-09 11:34:10', 25000.00, 0, NULL),
(210, 1, 654, 9, 29, '2021-11-09 11:36:48', 30000.00, 0, NULL),
(211, 1, 656, 9, 35, '2021-11-09 15:04:50', 100000.00, 0, 'بيد ابو وائل'),
(212, 1, 661, 12, 24, '2021-11-11 14:08:26', 500000.00, 0, NULL),
(214, 1, 672, 9, 43, '2021-11-14 13:45:22', 50000.00, 0, NULL),
(215, 1, 673, 9, 33, '2021-11-14 13:46:13', 200000.00, 0, 'اكرامية جمارك'),
(216, 1, 674, 9, 35, '2021-11-15 09:30:27', 50000.00, 0, 'مصاريف بيد سامر'),
(217, 1, 679, 12, 28, '2021-11-15 10:34:35', 200000.00, 0, 'فاتورة موبايل عن شهرين'),
(218, 1, 680, 12, 43, '2021-11-16 10:36:19', 350000.00, 0, 'بانزين'),
(219, 1, 681, 12, 1, '2021-11-16 12:13:23', 100000.00, 0, 'كهربا'),
(221, 1, 685, 9, 24, '2021-11-18 12:59:22', 642000.00, 0, NULL),
(222, 1, 686, 9, 24, '2021-11-18 13:00:19', 60000.00, 0, 'ام ماهر'),
(224, 1, 691, 9, 35, '2021-11-21 11:45:30', 14000.00, 0, 'كوفي ميت'),
(227, 1, 701, 9, 35, '2021-11-21 10:57:14', 25000.00, 0, NULL),
(228, 1, 702, 9, 29, '2021-11-21 10:57:52', 26000.00, 0, NULL),
(230, 1, 711, 9, 35, '2021-11-24 13:09:23', 15000.00, 0, NULL),
(231, 1, 712, 9, 30, '2021-11-24 13:09:59', 256000.00, 0, 'منظم بيد ابو وائل'),
(232, 1, 1, 9, 1, '2021-11-25 13:10:32', 500.00, 0, 'تصليح الشبح'),
(233, 1, 713, 9, 29, '2021-11-25 13:11:10', 71000.00, 0, NULL),
(234, 1, 714, 9, 27, '2021-11-25 13:11:43', 50000.00, 0, NULL),
(235, 1, 718, 9, 27, '2021-11-28 11:34:55', 30000.00, 0, 'زكاة شباط عن شهرين'),
(236, 1, 719, 9, 50, '2021-11-28 11:55:43', 30000.00, 0, NULL),
(237, 1, 720, 9, 27, '2021-11-28 13:09:12', 50000.00, 0, NULL),
(238, 1, 721, 9, 24, '2021-11-28 14:57:10', 200000.00, 0, 'راتب ابو وليد'),
(239, 1, 723, 9, 32, '2021-11-30 13:52:57', 200000.00, 0, NULL),
(240, 1, 726, 9, 27, '2021-12-01 12:30:01', 50000.00, 0, NULL),
(241, 1, 727, 9, 27, '2021-12-02 10:54:52', 50000.00, 0, NULL),
(242, 1, 730, 9, 24, '2021-12-02 13:16:40', 530000.00, 0, '+١٥ سلفة يحيى'),
(243, 1, 731, 9, 30, '2021-12-02 13:20:15', 55000.00, 0, 'راتب ام ماهر'),
(244, 1, 733, 9, 27, '2021-12-04 11:42:32', 45000.00, 0, NULL),
(245, 1, 739, 1, 51, '2021-12-06 13:01:24', 400000.00, 0, 'دفعه لسجل تجاري نور'),
(247, 1, 750, 9, 24, '2021-12-09 14:20:42', 440000.00, 0, NULL),
(248, 1, 751, 9, 27, '2021-12-09 14:21:00', 100000.00, 0, NULL),
(249, 1, 752, 9, 29, '2021-12-09 14:33:01', 40000.00, 0, NULL),
(250, 1, 753, 9, 51, '2021-12-09 11:43:59', 400000.00, 0, NULL),
(251, 1, 754, 9, 30, '2021-12-11 11:44:26', 55000.00, 0, 'راتب ام ماهر'),
(252, 1, 756, 9, 51, '2021-12-12 11:01:47', 25000.00, 0, 'كلفة معاملة بيد نور'),
(253, 1, 757, 9, 35, '2021-12-12 11:02:27', 16000.00, 0, NULL),
(254, 1, 762, 9, 29, '2021-12-14 12:38:44', 100000.00, 0, NULL),
(255, 1, 765, 9, 29, '2021-12-16 10:55:28', 78000.00, 0, NULL),
(256, 1, 766, 9, 27, '2021-12-16 10:56:03', 50000.00, 0, NULL),
(257, 1, 767, 9, 52, '2021-12-16 10:57:22', 88000.00, 0, NULL),
(258, 1, 772, 9, 51, '2021-12-16 14:39:53', 264000.00, 0, 'سجل لنور'),
(259, 1, 774, 9, 24, '2021-12-16 11:43:45', 610000.00, 0, NULL),
(260, 1, 778, 9, 52, '2021-12-18 14:17:35', 89500.00, 0, NULL),
(261, 1, 780, 12, 51, '2021-12-19 08:35:55', 400000.00, 0, NULL),
(262, 1, 781, 9, 33, '2021-12-19 10:31:15', 20000.00, 0, NULL),
(263, 1, 782, 9, 35, '2021-12-19 10:31:38', 48000.00, 0, 'غداء'),
(264, 1, 785, 9, 35, '2021-12-19 10:53:13', 1000000.00, 0, 'كلفة حديد'),
(265, 1, 790, 9, 35, '2021-12-21 12:33:01', 50000.00, 0, NULL),
(266, 1, 791, 16, 35, '2021-12-21 16:29:34', 1045000.00, 0, 'ثمن باب \nحديد'),
(267, 1, 797, 9, 29, '2021-12-22 12:21:31', 80000.00, 0, NULL),
(268, 1, 799, 9, 29, '2021-12-22 12:37:22', 137000.00, 0, NULL),
(270, 2, 803, 16, 24, '2021-12-23 13:47:15', 995000.00, 0, NULL),
(271, 1, 804, 9, 29, '2021-12-25 10:08:38', 710000.00, 0, NULL),
(272, 2, 808, 16, 24, '2021-12-25 13:45:00', 40000.00, 0, 'راتب تقى'),
(273, 2, 809, 16, 24, '2021-12-25 14:51:36', 200000.00, 0, NULL),
(274, 1, 812, 9, 43, '2021-12-25 10:00:33', 10000.00, 0, NULL),
(275, 1, 813, 9, 52, '2021-12-25 10:01:44', 58000.00, 0, NULL),
(277, 1, 820, 9, 52, '2021-12-26 11:39:29', 116000.00, 0, NULL),
(278, 2, 821, 16, 27, '2021-12-27 12:29:43', 150000.00, 0, NULL),
(280, 1, 830, 9, 51, '2021-12-28 10:22:46', 450000.00, 0, NULL),
(281, 2, 832, 16, 52, '2021-12-29 15:00:38', 116000.00, 0, NULL),
(282, 2, 833, 16, 35, '2021-12-29 15:01:18', 200000.00, 0, 'مصاريف جمارك'),
(283, 2, 834, 16, 35, '2021-12-29 15:02:00', 1500.00, 0, 'دواليب'),
(285, 2, 841, 16, 24, '2021-12-30 12:21:42', 1190000.00, 0, NULL),
(286, 2, 842, 16, 27, '2021-12-30 13:23:54', 50000.00, 0, NULL),
(287, 1, 844, 1, 24, '2021-12-30 14:34:30', 50000.00, 0, 'سلفة يحيى'),
(288, 2, 846, 16, 30, '2021-12-30 17:52:14', 602000.00, 0, 'ذهب'),
(290, 2, 852, 16, 35, '2022-01-03 15:45:50', 6000.00, 0, NULL),
(291, 2, 855, 16, 52, '2022-01-04 14:44:42', 155000.00, 0, NULL),
(292, 2, 858, 16, 35, '2022-01-05 12:39:39', 21000.00, 0, 'مصاريف فطور + مبيض مستودع'),
(293, 2, 859, 16, 30, '2022-01-05 15:48:05', 200000.00, 0, 'ام يزن'),
(294, 2, 860, 16, 35, '2022-01-05 15:49:12', 250000.00, 0, 'جمارك بيد امجد'),
(295, 2, 863, 16, 30, '2022-01-06 17:01:11', 855000.00, 0, NULL),
(296, 2, 864, 16, 35, '2022-01-06 17:01:57', 261000.00, 0, 'رخصة تجاريه( نور الدين )'),
(297, 2, 865, 16, 24, '2022-01-06 17:03:01', 950000.00, 0, NULL),
(298, 2, 866, 16, 30, '2022-01-06 17:03:38', 200000.00, 0, 'مصاريف بيت'),
(299, 2, 867, 16, 52, '2022-01-06 17:04:19', 30000.00, 0, 'بنزين ابو وليد'),
(300, 2, 868, 16, 27, '2022-01-06 17:05:51', 350000.00, 0, 'زكاه شهريه + اسبوعيه'),
(301, 2, 869, 16, 35, '2022-01-08 10:34:18', 24000.00, 0, NULL),
(302, 2, 872, 16, 30, '2022-01-08 15:25:32', 542000.00, 0, 'تحويل الى حساب السويد'),
(303, 2, 873, 16, 30, '2022-01-08 15:26:08', 130000.00, 0, NULL),
(304, 2, 874, 16, 35, '2022-01-09 10:52:03', 40000.00, 0, 'اجور نقل من المستودع الى شحن الهرم ( حلب ) \n٢٦٠٠٠ + ١٤٠٠٠ مع ابو عبدو'),
(305, 2, 875, 16, 27, '2022-01-09 12:51:48', 15000.00, 0, 'الاسم رنده نصار ( زكاه )'),
(306, 2, 876, 16, 52, '2022-01-09 14:58:09', 58000.00, 0, 'سياره يزن'),
(307, 2, 877, 16, 35, '2022-01-09 14:59:17', 122000.00, 0, 'محابر + صور شخصيه ( ٥ الف )'),
(308, 2, 878, 16, 35, '2022-01-09 15:00:05', 25000.00, 0, 'حلاقه'),
(309, 2, 879, 16, 35, '2022-01-09 15:00:57', 256000.00, 0, 'مصاريف كهرباء'),
(310, 2, 880, 16, 27, '2022-01-09 15:01:39', 15000.00, 0, NULL),
(311, 2, 881, 16, 24, '2022-01-09 15:16:59', 500000.00, 0, 'نسبه امجد من البيع'),
(312, 2, 883, 16, 35, '2022-01-10 11:30:27', 21000.00, 0, NULL),
(313, 2, 891, 16, 35, '2022-01-11 10:48:23', 20000.00, 0, 'اكراميه شوفير'),
(314, 2, 895, 16, 52, '2022-01-11 15:56:14', 160000.00, 0, NULL),
(315, 2, 897, 16, 27, '2022-01-12 19:09:35', 75000.00, 0, 'زكاه لنجوى'),
(316, 2, 898, 16, 35, '2022-01-12 19:10:21', 18000.00, 0, 'بيد ابو وائل'),
(317, 2, 901, 16, 24, '2022-01-14 01:02:37', 750000.00, 0, NULL),
(318, 2, 902, 16, 27, '2022-01-14 01:03:36', 25000.00, 0, NULL),
(319, 2, 903, 16, 24, '2022-01-14 01:04:11', 150000.00, 0, 'مكافاه موظفين'),
(320, 2, 904, 16, 24, '2022-01-14 01:04:45', 500000.00, 0, 'نسبه نور الدين في المبيعات'),
(321, 2, 905, 16, 30, '2022-01-14 01:05:29', 400000.00, 0, NULL),
(322, 2, 906, 16, 30, '2022-01-14 01:06:04', 100000.00, 0, 'خدمات بناء ٣ اشهر'),
(323, 2, 907, 16, 30, '2022-01-14 01:07:41', 140000.00, 0, 'راتب ام ماهر و اسراء'),
(324, 2, 908, 16, 35, '2022-01-14 01:08:23', 35500.00, 0, 'مصروف اكل + قهوة'),
(325, 2, 909, 16, 35, '2022-01-14 13:39:11', 100500.00, 0, 'ثمن دفاتر قبض'),
(326, 2, 911, 16, 30, '2022-01-15 15:02:21', 150000.00, 0, 'بيد سامر بهلول شراء لحمه'),
(327, 2, 912, 16, 35, '2022-01-15 15:12:13', 137500.00, 0, 'فاتوره موبايل خطوط الشركة'),
(328, 2, 915, 16, 35, '2022-01-17 11:23:42', 25000.00, 0, 'فاتوره موبايل بزن'),
(329, 2, 916, 16, 35, '2022-01-17 11:24:50', 12000.00, 0, 'فطورر'),
(330, 2, 918, 16, 35, '2022-01-18 13:31:28', 50000.00, 0, 'تصليح مولدة'),
(331, 2, 919, 16, 35, '2022-01-18 13:32:16', 28000.00, 0, 'طعام ابو وائل'),
(332, 2, 920, 16, 35, '2022-01-18 13:36:37', 400000.00, 0, 'شراء عدة ابو يوسف'),
(333, 2, 923, 16, 35, '2022-01-18 21:13:23', 13500.00, 0, 'مصاريف طعام'),
(334, 2, 924, 16, 35, '2022-01-18 21:14:06', 3000.00, 0, 'كوي جاكيت'),
(335, 2, 925, 16, 35, '2022-01-18 21:16:31', 27500.00, 0, 'حق ثمن طرد محارم'),
(336, 2, 926, 16, 35, '2022-01-19 15:12:19', 205000.00, 0, 'مصاريف حبر + اقلام'),
(337, 2, 927, 16, 27, '2022-01-19 15:36:09', 50000.00, 0, 'زكاه بيد سامر بهلول'),
(338, 2, 928, 16, 52, '2022-01-19 15:38:48', 105000.00, 0, NULL),
(339, 2, 930, 16, 24, '2022-01-22 10:34:09', 750000.00, 0, 'رواتب'),
(340, 2, 931, 16, 27, '2022-01-22 10:34:47', 25000.00, 0, NULL),
(341, 2, 932, 16, 35, '2022-01-22 10:35:06', 33000.00, 0, 'فطور + تصليح داوب سياره قصي'),
(342, 2, 933, 16, 30, '2022-01-22 10:35:52', 200000.00, 0, '50000 اسراء والباقي لابو يزن'),
(343, 2, 935, 16, 35, '2022-01-22 12:47:46', 32000.00, 0, 'قهوة + فطور'),
(344, 2, 939, 16, 35, '2022-01-24 00:45:41', 455000.00, 0, 'تصليح سياره قصي'),
(345, 2, 940, 16, 24, '2022-01-24 00:46:55', 500000.00, 0, 'مصروف قصي'),
(346, 2, 941, 16, 35, '2022-01-24 00:48:26', 90500.00, 0, 'ثمن ٣ صناديق محارم'),
(347, 2, 942, 16, 27, '2022-01-24 00:49:13', 25000.00, 0, 'زكاه ابو عبدو'),
(348, 2, 943, 16, 52, '2022-01-24 00:49:56', 150000.00, 0, 'سياره قصي'),
(349, 2, 944, 16, 24, '2022-01-24 00:50:42', 150000.00, 0, 'الى يزن'),
(350, 2, 945, 16, 35, '2022-01-24 00:51:55', 300000.00, 0, 'دفعه حساب الى السيد عباده'),
(351, 2, 949, 16, 35, '2022-01-24 20:57:08', 10000.00, 0, 'سخانه'),
(352, 2, 950, 16, 24, '2022-01-24 20:57:53', 30000.00, 0, 'سلفه يحيى'),
(354, 2, 955, 16, 24, '2022-01-25 17:58:55', 260000.00, 0, '٢٣٠ + ٣٠ بنزين'),
(355, 2, 956, 16, 35, '2022-01-25 18:00:20', 221500.00, 0, 'بنزين نور ١٠٠ بالاضافه ال  فطور + منظفات + قهوة + برايز + لزيق كهرباء'),
(356, 2, 960, 16, 30, '2022-01-27 11:38:33', 60000.00, 0, 'راتب ام ماهر'),
(357, 2, 961, 16, 38, '2022-01-27 11:39:15', 290000.00, 0, NULL),
(358, 2, 962, 16, 35, '2022-01-27 11:40:10', 31000.00, 0, 'فطور + تموين اكراميه'),
(359, 2, 963, 16, 53, '2022-01-27 11:41:03', 582000.00, 0, NULL),
(360, 2, 964, 16, 54, '2022-01-27 11:42:08', 500000.00, 0, 'نسبه نور الدين ( اجازه )'),
(362, 2, 969, 16, 24, '2022-01-28 23:13:44', 615000.00, 0, 'رواتب موظفين'),
(363, 2, 970, 16, 24, '2022-01-28 23:14:16', 550000.00, 0, 'تتمة حساب عباده و٥٠ الف لنور'),
(364, 2, 971, 16, 38, '2022-01-28 23:15:09', 250000.00, 0, NULL),
(365, 2, 972, 16, 27, '2022-01-28 23:15:30', 25000.00, 0, NULL),
(366, 2, 973, 16, 35, '2022-01-28 23:16:44', 27000.00, 0, 'فطور'),
(369, 1, 992, 1, 55, '2022-02-13 13:11:09', 360000.00, 0, NULL),
(370, 1, 1008, 1, 24, '2022-02-26 14:32:08', 260000.00, 0, NULL),
(372, 1, 1032, 1, 27, '2022-03-15 15:10:31', 43000.00, 0, NULL),
(373, 1, 1035, 1, 32, '2022-03-16 14:53:24', 1500000.00, 0, NULL),
(374, 1, 1039, 1, 56, '2022-03-19 12:27:07', 500000.00, 0, 'أجور معاملات'),
(376, 1, 1049, 11, 16, '2022-03-21 16:04:16', 2695000.00, 0, NULL),
(380, 1, 1059, 10, 29, '2022-03-22 15:35:01', 30000.00, 0, 'بيد سامر بهلول'),
(381, 1, 1060, 10, 52, '2022-03-22 15:35:59', 150000.00, 0, 'سامر الزعبي'),
(382, 1, 1061, 10, 53, '2022-03-22 15:36:50', 300000.00, 0, 'بيد قصي'),
(385, 1, 1070, 11, 29, '2022-03-24 13:56:02', 36000.00, 0, NULL),
(388, 1, 1075, 10, 27, '2022-03-24 15:31:19', 75000.00, 0, 'الاستاء قصي'),
(389, 1, 1, 10, 27, '2022-03-24 15:49:57', 30000.00, 0, 'بيد ريما'),
(390, 1, 1076, 10, 24, '2022-03-24 15:50:46', 560000.00, 0, 'رواتب'),
(398, 1, 1105, 11, 57, '2022-04-03 15:06:53', 20000.00, 0, NULL),
(400, 1, 1111, 11, 58, '2022-04-05 11:35:45', 100000.00, 0, NULL),
(401, 1, 1112, 11, 29, '2022-04-05 11:36:57', 87000.00, 0, NULL),
(402, 1, 1114, 11, 59, '2022-04-05 14:37:42', 25000.00, 0, NULL),
(404, 1, 1122, 11, 29, '2022-04-09 09:38:12', 58000.00, 0, NULL),
(405, 1, 1124, 11, 60, '2022-04-09 11:03:46', 60000.00, 0, NULL),
(408, 1, 1151, 11, 61, '2022-04-17 14:17:12', 400000.00, 0, NULL),
(409, 1, 1152, 11, 62, '2022-04-17 16:17:40', 25000.00, 0, NULL),
(415, 1, 1168, 11, 27, '2022-04-21 14:35:53', 1000000.00, 0, 'بيد الشيخ زياد'),
(419, 1, 1, 11, 63, '2022-04-26 15:11:51', 125000.00, 0, NULL),
(420, 1, 1179, 11, 64, '2022-04-26 15:13:34', 29000.00, 0, NULL),
(421, 1, 1181, 11, 27, '2022-04-27 10:47:01', 750000.00, 0, 'الحج ابويزن بيد الشيخ زياد'),
(422, 2, 1, 16, 65, '2022-05-04 21:21:35', 1720.00, 0, NULL),
(424, 1, 1191, 11, 35, '2022-05-10 13:27:35', 14000.00, 0, 'ثمن ماء مقطر وفطور'),
(428, 1, 1210, 11, 35, '2022-05-19 13:00:26', 32000.00, 0, 'فطور'),
(429, 1, 1211, 11, 51, '2022-05-19 13:03:39', 200000.00, 0, NULL),
(438, 1, 1292, 11, 16, '2022-06-22 11:30:10', 2000000.00, 0, 'شراء 500 طبق لاصق بسعر 2,000,000'),
(439, 2, 1294, 16, 35, '2022-06-22 13:04:53', 150000.00, 0, 'مصاريف معاملات'),
(440, 2, 1, 16, 30, '2022-06-25 18:39:10', 100.00, 0, 'رفض ١٠٠ حسين جابر من عبد الله دفعه 30 الف  ( ابو يزن تكفل )'),
(441, 2, 1, 16, 30, '2022-06-25 18:42:09', 530.00, 0, 'ثمن هاتف لابو يزن الصفوري بيد عبد الله ( لبنان )\nوثمن هاتف ل يزن'),
(442, 1, 1304, 16, 16, '2022-06-26 16:49:21', 4800000.00, 0, 'شراء 1,200 طبق لاصق بسعر 4,800,000'),
(443, 1, 1337, 16, 16, '2022-07-27 13:14:44', 403000.00, 0, 'شراء 100 طبق لاصق بسعر 403,000'),
(444, 1, 1427, 1, 66, '2022-10-15 16:46:24', 800000.00, 0, 'ترصيد حساب قديم'),
(447, 1, 1451, 1, 16, '2025-06-05 02:54:39', 3220000.00, 0, '1000 $ مقابل: 322,00000 ل.س سعر الصرف: 3220');

-- --------------------------------------------------------

--
-- Table structure for table `spendings_transfers`
--

DROP TABLE IF EXISTS `spendings_transfers`;
CREATE TABLE `spendings_transfers` (
  `iD` int(11) NOT NULL,
  `SpendingID` int(11) NOT NULL,
  `TransferID` int(11) NOT NULL
) ENGINE=InnoDB DEFAULT CHARSET=utf8 COLLATE=utf8_general_ci;

-- --------------------------------------------------------

--
-- Stand-in structure for view `syp_exchange_rate`
-- (See below for the actual view)
--
DROP VIEW IF EXISTS `syp_exchange_rate`;
CREATE TABLE `syp_exchange_rate` (
`iD` int(11)
,`value` double(17,0)
,`date` datetime
,`CurrencyID` int(11)
);

-- --------------------------------------------------------

--
-- Table structure for table `transfers`
--

DROP TABLE IF EXISTS `transfers`;
CREATE TABLE `transfers` (
  `iD` int(11) NOT NULL,
  `EmployeeID` int(11) NOT NULL,
  `CargoTransID` int(11) DEFAULT NULL,
  `fromWarehouse` int(11) NOT NULL,
  `toWarehouse` int(11) NOT NULL,
  `date` datetime NOT NULL DEFAULT current_timestamp(),
  `billNo` varchar(255) DEFAULT NULL,
  `comments` text DEFAULT NULL
) ENGINE=InnoDB DEFAULT CHARSET=utf8 COLLATE=utf8_general_ci;

--
-- Dumping data for table `transfers`
--

INSERT  INTO `transfers` (`iD`, `EmployeeID`, `CargoTransID`, `fromWarehouse`, `toWarehouse`, `date`, `billNo`, `comments`) VALUES
(32, 1, NULL, 2, 3, '2021-09-06 00:42:43', NULL, NULL),
(33, 1, NULL, 2, 1, '2021-09-15 14:51:08', '10229', NULL),
(34, 1, NULL, 1, 2, '2021-10-23 16:25:30', NULL, NULL),
(35, 16, NULL, 2, 1, '2021-12-23 13:27:02', NULL, NULL),
(36, 1, NULL, 2, 1, '2022-02-17 09:56:18', NULL, NULL),
(37, 1, NULL, 1, 2, '2022-02-17 09:56:51', NULL, NULL),
(38, 1, NULL, 2, 1, '2022-02-17 09:58:26', NULL, NULL),
(39, 1, NULL, 1, 2, '2022-02-21 10:19:59', NULL, NULL),
(40, 1, NULL, 2, 1, '2022-11-05 11:12:59', NULL, NULL),
(41, 1, NULL, 2, 1, '2022-11-05 11:19:14', NULL, NULL);

--
-- Triggers `transfers`
--
DROP TRIGGER IF EXISTS `u_s_a_tranfser_master_e`;
DELIMITER $$
CREATE TRIGGER `u_s_a_tranfser_master_e` AFTER UPDATE ON `transfers` FOR EACH ROW BEGIN 
DECLARE done INT DEFAULT FALSE;
DECLARE p INT;
DECLARE q DOUBLE;
DECLARE cur CURSOR FOR SELECT ProductID,quantity FROM transfers_details WHERE transfers_details.TransferID = OLD.iD;
DECLARE CONTINUE HANDLER FOR NOT FOUND SET done = TRUE;
IF OLD.fromWarehouse <> NEW.fromWarehouse OR OLD.toWarehouse <> NEW.toWarehouse THEN
OPEN cur;
ins_loop: LOOP 
FETCH cur INTO p,q;
IF done THEN LEAVE ins_loop;
END IF;
CALL PlusQuantity(OLD.fromWarehouse, p, q, -1);
CALL MinusQuantity(NEW.fromWarehouse, p, q, -1);
CALL MinusQuantity(OLD.toWarehouse, p, q, -1);
CALL PlusQuantity(NEW.toWarehouse, p, q, -1);
END LOOP;
CLOSE cur;
END IF;
END
$$
DELIMITER ;

-- --------------------------------------------------------

--
-- Table structure for table `transfers_details`
--

DROP TABLE IF EXISTS `transfers_details`;
CREATE TABLE `transfers_details` (
  `iD` int(11) NOT NULL,
  `TransferID` int(11) NOT NULL,
  `ProductID` int(11) NOT NULL,
  `quantity` double NOT NULL,
  `comments` text DEFAULT NULL
) ENGINE=InnoDB DEFAULT CHARSET=utf8 COLLATE=utf8_general_ci;


--
-- Triggers `transfers_details`
--
DROP TRIGGER IF EXISTS `u_s_a_transfer`;
DELIMITER $$
CREATE TRIGGER `u_s_a_transfer` AFTER INSERT ON `transfers_details` FOR EACH ROW BEGIN
SELECT fromWarehouse,toWarehouse INTO @from,@to FROM transfers WHERE transfers.iD = NEW.TransferID LIMIT 1;
  CALL PlusQuantity(@to,NEW.ProductID,NEW.quantity,-1);
  CALL MinusQuantity(@from,NEW.ProductID,NEW.quantity,-1);
END
$$
DELIMITER ;
DROP TRIGGER IF EXISTS `u_s_a_transfer_d`;
DELIMITER $$
CREATE TRIGGER `u_s_a_transfer_d` AFTER DELETE ON `transfers_details` FOR EACH ROW BEGIN
SELECT fromWarehouse,toWarehouse INTO @from,@to FROM transfers WHERE transfers.iD = OLD.TransferID LIMIT 1;
  CALL MinusQuantity(@to,OLD.ProductID,OLD.quantity,-1);
  CALL PlusQuantity(@from,OLD.ProductID,OLD.quantity,-1);
END
$$
DELIMITER ;
DROP TRIGGER IF EXISTS `u_s_a_transfer_e`;
DELIMITER $$
CREATE TRIGGER `u_s_a_transfer_e` AFTER UPDATE ON `transfers_details` FOR EACH ROW BEGIN
SELECT fromWarehouse,toWarehouse INTO @from,@to FROM transfers WHERE transfers.iD = NEW.TransferID LIMIT 1;
  CALL PlusQuantity(@to,NEW.ProductID,NEW.quantity,OLD.quantity);
  CALL MinusQuantity(@from,NEW.ProductID,NEW.quantity,OLD.quantity);
END
$$
DELIMITER ;

--
-- Dumping data for table `transfers_details`
--

INSERT  INTO `transfers_details` (`iD`, `TransferID`, `ProductID`, `quantity`, `comments`) VALUES
(28, 32, 1472, 465, NULL),
(29, 33, 1450, 216, NULL),
(30, 33, 1450, 227, NULL),
(31, 33, 1450, 226, NULL),
(32, 33, 1450, 229, NULL),
(33, 33, 1450, 216, NULL),
(34, 33, 1450, 230, NULL),
(35, 33, 1450, 229, NULL),
(36, 33, 1450, 228, NULL),
(37, 33, 1450, 218, NULL),
(38, 33, 1450, 217, NULL),
(39, 34, 1819, 2458, NULL),
(40, 35, 1410, 494, NULL),
(41, 35, 1405, 3922, NULL),
(42, 36, 1402, 1355, NULL),
(43, 37, 1402, 88, NULL),
(44, 38, 1402, 220, NULL),
(45, 39, 2094, 300, NULL),
(46, 40, 2828, 7639, NULL),
(47, 41, 2828, 7416, NULL),
(48, 32, 1414, 5000, NULL);


-- --------------------------------------------------------

--
-- Table structure for table `userlevels`
--

DROP TABLE IF EXISTS `userlevels`;
CREATE TABLE `userlevels` (
  `iD` int(11) NOT NULL,
  `userlevelname` varchar(80) NOT NULL
) ENGINE=InnoDB DEFAULT CHARSET=utf8 COLLATE=utf8_general_ci;

--
-- Dumping data for table `userlevels`
--

INSERT  INTO `userlevels` (`iD`, `userlevelname`) VALUES
(-16, 'Goods Inventory Worker'),
(-15, 'Pallet Cutter '),
(-14, 'Reel Cutter'),
(-13, 'Cashier'),
(-12, 'Sales Promotion'),
(-11, 'Point Of Sale (POS)'),
(-10, 'Debit Collector'),
(-9, 'Technical'),
(-8, 'Worker'),
(-7, 'WarehouseGuard'),
(-6, 'Secertary'),
(-5, 'Auditor'),
(-4, 'Accountant'),
(-3, 'AssistantManager'),
(-2, 'Administrator'),
(0, 'Default'),
(2, 'Customer'),
(3, 'None');

-- --------------------------------------------------------

--
-- Table structure for table `warehouse`
--

DROP TABLE IF EXISTS `warehouse`;
CREATE TABLE `warehouse` (
  `iD` int(11) NOT NULL,
  `name` varchar(100) DEFAULT NULL
) ENGINE=InnoDB DEFAULT CHARSET=utf8 COLLATE=utf8_general_ci;

--
-- Dumping data for table `warehouse`
--

INSERT  INTO `warehouse` (`iD`, `name`) VALUES
(1, 'مستودع القزاز'),
(2, 'مستودع الصفوري'),
(3, 'مستودع العلبي');

-- --------------------------------------------------------

--
-- Table structure for table `warehouse_employees`
--

DROP TABLE IF EXISTS `warehouse_employees`;
CREATE TABLE `warehouse_employees` (
  `iD` int(11) NOT NULL,
  `EmployeeID` int(11) NOT NULL,
  `WarehouseID` int(11) NOT NULL
) ENGINE=InnoDB DEFAULT CHARSET=utf8 COLLATE=utf8_general_ci;

--
-- Dumping data for table `warehouse_employees`
--

INSERT  INTO `warehouse_employees` (`iD`, `EmployeeID`, `WarehouseID`) VALUES
(1, 1, 1),
(2, 1, 2),
(5, 4, 1),
(6, 9, 1),
(7, 9, 2),
(8, 11, 1),
(9, 11, 2),
(10, 10, 1),
(13, 12, 1),
(14, 12, 2),
(15, 13, 2),
(17, 15, 2),
(18, 16, 2),
(19, 16, 1),
(23, 19, 2),
(24, 21, 1),
(25, 21, 2),
(26, 22, 2),
(27, 23, 2),
(28, 23, 1);

-- --------------------------------------------------------

--
-- Stand-in structure for view `wasted_cut_requests_products`
-- (See below for the actual view)
--
DROP VIEW IF EXISTS `wasted_cut_requests_products`;
CREATE TABLE `wasted_cut_requests_products` (
`date` datetime
,`total` double(19,2)
,`inputQuantity` double(20,3)
);

-- --------------------------------------------------------

--
-- Structure for view `customers_balances`
--
DROP TABLE IF EXISTS `customers_balances`;

DROP VIEW IF EXISTS `customers_balances`;
CREATE ALGORITHM=UNDEFINED DEFINER=`root`@`localhost` SQL SECURITY DEFINER VIEW `customers_balances`  AS SELECT `customers`.`iD` AS `iD`, coalesce(sum(`equality_credits`.`value`),0) AS `totalCredits`, coalesce(sum(`equality_debits`.`value`),0) AS `totalDebits`, coalesce(sum(coalesce(`extended_order_refund`.`extendedPrice`,0) - (coalesce(`extended_order_refund`.`extendedRefundPrice`,0) + coalesce(`extended_order_refund`.`extendedDiscount`,0))),0) AS `totalOrders`, coalesce(sum(coalesce(`extended_purchases_refund`.`extendedPrice`,0) - coalesce(`extended_purchases_refund`.`extendedRefundPrice`,0)),0) AS `totalPurchases`, coalesce(sum(`equality_credits`.`value`),0) + coalesce(sum(coalesce(`extended_purchases_refund`.`extendedPrice`,0) - coalesce(`extended_purchases_refund`.`extendedRefundPrice`,0)),0) - (coalesce(sum(`equality_debits`.`value`),0) + coalesce(sum(coalesce(`extended_order_refund`.`extendedPrice`,0) - (coalesce(`extended_order_refund`.`extendedRefundPrice`,0) + coalesce(`extended_order_refund`.`extendedDiscount`,0))),0)) AS `balance` FROM ((((`customers` left join `extended_order_refund` on(`customers`.`iD` = `extended_order_refund`.`CustomerID`)) left join `equality_credits` on(`customers`.`iD` = `equality_credits`.`CustomerID`)) left join `equality_debits` on(`customers`.`iD` = `equality_debits`.`CustomerID`)) left join `extended_purchases_refund` on(`customers`.`iD` = `extended_purchases_refund`.`CustomerID`)) GROUP BY `customers`.`iD` ;

-- --------------------------------------------------------

--
-- Structure for view `equality_credits`
--
DROP TABLE IF EXISTS `equality_credits`;

DROP VIEW IF EXISTS `equality_credits`;
CREATE ALGORITHM=UNDEFINED DEFINER=`root`@`localhost` SQL SECURITY DEFINER VIEW `equality_credits`  AS SELECT `credits`.`CustomerID` AS `CustomerID`, `credits`.`EmployeeID` AS `EmployeeID`, `credits`.`date` AS `date`, round(`credits`.`value` * `equalities`.`value`,3) AS `value` FROM (`credits` join `equalities` on(`equalities`.`iD` = `credits`.`EqualitiesID`)) ;

-- --------------------------------------------------------

--
-- Structure for view `equality_debits`
--
DROP TABLE IF EXISTS `equality_debits`;

DROP VIEW IF EXISTS `equality_debits`;
CREATE ALGORITHM=UNDEFINED DEFINER=`root`@`localhost` SQL SECURITY DEFINER VIEW `equality_debits`  AS SELECT `debits`.`CustomerID` AS `CustomerID`, `debits`.`EmployeeID` AS `EmployeeID`, `debits`.`date` AS `date`, round(`debits`.`value` * `equalities`.`value`,3) AS `value` FROM (`debits` join `equalities` on(`equalities`.`iD` = `debits`.`EqualitiesID`)) ;

-- --------------------------------------------------------

--
-- Structure for view `equality_incomes`
--
DROP TABLE IF EXISTS `equality_incomes`;

DROP VIEW IF EXISTS `equality_incomes`;
CREATE ALGORITHM=UNDEFINED DEFINER=`root`@`localhost` SQL SECURITY DEFINER VIEW `equality_incomes`  AS SELECT `incomes`.`NameID` AS `NameID`, `incomes`.`EmployeeID` AS `EmployeeID`, `incomes`.`date` AS `date`, round(`incomes`.`value` * `equalities`.`value`,3) AS `value` FROM (`incomes` join `equalities` on(`equalities`.`iD` = `incomes`.`EqualitiesID`)) ;

-- --------------------------------------------------------

--
-- Structure for view `equality_incomes_spending`
--
DROP TABLE IF EXISTS `equality_incomes_spending`;

DROP VIEW IF EXISTS `equality_incomes_spending`;
CREATE ALGORITHM=UNDEFINED DEFINER=`root`@`localhost` SQL SECURITY DEFINER VIEW `equality_incomes_spending`  AS SELECT `a`.`DATE` AS `DATE`, sum(case when `a`.`which` = 'a' then `a`.`v` end) AS `sum_spending`, sum(case when `a`.`which` = 'b' then `a`.`v` end) AS `sum_incomes`, coalesce(sum(case when `a`.`which` = 'b' then `a`.`v` end),0) - coalesce(sum(case when `a`.`which` = 'a' then `a`.`v` end),0) AS `total` FROM (select `equality_spendings`.`date` AS `DATE`,`equality_spendings`.`value` AS `v`,'a' AS `which` from `equality_spendings` union all select `equality_incomes`.`date` AS `DATE`,`equality_incomes`.`value` AS `v`,'b' AS `which` from `equality_incomes`) AS `a` GROUP BY `a`.`DATE` ;

-- --------------------------------------------------------

--
-- Structure for view `equality_spendings`
--
DROP TABLE IF EXISTS `equality_spendings`;

DROP VIEW IF EXISTS `equality_spendings`;
CREATE ALGORITHM=UNDEFINED DEFINER=`root`@`localhost` SQL SECURITY DEFINER VIEW `equality_spendings`  AS SELECT `spendings`.`NameID` AS `NameID`, `spendings`.`EmployeeID` AS `EmployeeID`, `spendings`.`date` AS `date`, round(`spendings`.`value` * `equalities`.`value`,3) AS `value` FROM (`spendings` join `equalities` on(`equalities`.`iD` = `spendings`.`EqualitiesID`)) ;

-- --------------------------------------------------------

--
-- Structure for view `extended_cut_requests`
--
DROP TABLE IF EXISTS `extended_cut_requests`;

DROP VIEW IF EXISTS `extended_cut_requests`;
CREATE ALGORITHM=UNDEFINED DEFINER=`root`@`localhost` SQL SECURITY DEFINER VIEW `extended_cut_requests`  AS SELECT `cut_requests`.`quantity` AS `cutRequestQuantity`, sum(round(`products_inputs_details`.`quantity`,3)) AS `inputQuantity`, sum(round(`products_inputs_details`.`quantity`,3)) - `cut_requests`.`quantity` AS `resultQuantity`, (sum(round(`products_inputs_details`.`quantity`,3)) - `cut_requests`.`quantity`) * max(`products_types`.`purchasePrice`) AS `totalPrice`, `cut_requests`.`iD` AS `CutRequestID`, max(`products_inputs`.`date`) AS `date` FROM ((((`cut_request_results` join (`products_inputs_details` join `products_inputs` on(`products_inputs`.`iD` = `products_inputs_details`.`ProductInputID`)) on(`products_inputs`.`iD` = `cut_request_results`.`ProductInputID`)) join `cut_requests` on(`cut_requests`.`iD` = `cut_request_results`.`CutRequestID`)) join `products` on(`products`.`iD` = `products_inputs_details`.`ProductID`)) join `products_types` on(`products_types`.`iD` = `products`.`ProductTypeID`)) GROUP BY `cut_requests`.`iD` ;

-- --------------------------------------------------------

--
-- Structure for view `extended_orders`
--
DROP TABLE IF EXISTS `extended_orders`;

DROP VIEW IF EXISTS `extended_orders`;
CREATE ALGORITHM=UNDEFINED DEFINER=`root`@`localhost` SQL SECURITY DEFINER VIEW `extended_orders`  AS SELECT `orders`.`iD` AS `iD`, `orders`.`EmployeeID` AS `EmployeeID`, `orders`.`CustomerID` AS `CustomerID`, `orders`.`CargoTransID` AS `CargoTransID`, `orders`.`TermsID` AS `TermsID`, `orders`.`date` AS `date`, `orders`.`billNo` AS `billNo`, `orders`.`comments` AS `comments`, `orders`.`status` AS `status`, sum(`orders_details`.`price`) AS `extendedPrice`, CASE WHEN `orders`.`TermsID` = -30 THEN last_day(`orders`.`date`) WHEN `orders`.`TermsID` = -7 THEN `orders`.`date`+ interval 1 + dayofweek(`orders`.`date`) day ELSE `orders`.`date`+ interval `orders`.`TermsID` day END AS `termsDate`, sum(`orders_details`.`quantity`) AS `quantity` FROM (`orders` join `orders_details` on(`orders`.`iD` = `orders_details`.`OrderID`)) GROUP BY `orders`.`iD` ;

-- --------------------------------------------------------

--
-- Structure for view `extended_order_refund`
--
DROP TABLE IF EXISTS `extended_order_refund`;

DROP VIEW IF EXISTS `extended_order_refund`;
CREATE ALGORITHM=UNDEFINED DEFINER=`root`@`localhost` SQL SECURITY DEFINER VIEW `extended_order_refund`  AS SELECT `orders`.`iD` AS `iD`, `orders`.`EmployeeID` AS `EmployeeID`, `orders`.`CustomerID` AS `CustomerID`, `orders`.`CargoTransID` AS `CargoTransID`, `orders`.`TermsID` AS `TermsID`, `orders`.`date` AS `date`, `orders`.`billNo` AS `billNo`, `orders`.`comments` AS `comments`, `orders`.`status` AS `status`, CASE WHEN `orders`.`TermsID` = -30 THEN last_day(`orders`.`date`) WHEN `orders`.`TermsID` = -7 THEN `orders`.`date`+ interval 1 + dayofweek(`orders`.`date`) day ELSE `orders`.`date`+ interval `orders`.`TermsID` day END AS `termsDate`, sum(`orders_details`.`quantity`) AS `quantity`, sum(`order_refunds_order_details`.`quantity`) AS `refundQuantity`, sum(`orders_details`.`quantity`) - coalesce(sum(`order_refunds_order_details`.`quantity`),0) AS `extendedNetQuantity`, sum(`orders_details`.`price`) AS `extendedPrice`, sum(round(`orders_details`.`unitPrice` * `order_refunds_order_details`.`quantity`,3)) AS `extendedRefundPrice`, sum(`orders_details`.`discount`) AS `extendedDiscount`, sum(round(coalesce(`orders_details`.`price`,0) - (coalesce(`orders_details`.`discount`,0) + coalesce(`orders_details`.`unitPrice` * `order_refunds_order_details`.`quantity`,0)),3)) AS `extendedNetPrice` FROM (((`orders` join `orders_details` on(`orders`.`iD` = `orders_details`.`OrderID`)) left join `orders_refunds` on(`orders`.`iD` = `orders_refunds`.`OrderID`)) left join `order_refunds_order_details` on(`orders_refunds`.`iD` = `order_refunds_order_details`.`OrderRefundID` and `orders_details`.`OrderID` = `order_refunds_order_details`.`OrderID` and `orders_details`.`ProductID` = `order_refunds_order_details`.`ProductID` and `orders_details`.`iD` = `order_refunds_order_details`.`OrderDetailsID`)) GROUP BY `orders`.`iD` ;

-- --------------------------------------------------------

--
-- Structure for view `extended_products_inputs`
--
DROP TABLE IF EXISTS `extended_products_inputs`;

DROP VIEW IF EXISTS `extended_products_inputs`;
CREATE ALGORITHM=UNDEFINED DEFINER=`root`@`localhost` SQL SECURITY DEFINER VIEW `extended_products_inputs`  AS SELECT `products_inputs`.`iD` AS `iD`, `products_inputs`.`WarehouseID` AS `WarehouseID`, `products_inputs`.`EmployeeID` AS `EmployeeID`, `products_inputs`.`CargoTransID` AS `CargoTransID`, `products_inputs`.`date` AS `date`, `products_inputs`.`comments` AS `comments`, sum(`products_inputs_details`.`quantity`) AS `quantity` FROM (`products_inputs` join `products_inputs_details` on(`products_inputs`.`iD` = `products_inputs_details`.`ProductInputID`)) GROUP BY `products_inputs`.`WarehouseID`, `products_inputs`.`iD` ;

-- --------------------------------------------------------

--
-- Structure for view `extended_products_outputs`
--
DROP TABLE IF EXISTS `extended_products_outputs`;

DROP VIEW IF EXISTS `extended_products_outputs`;
CREATE ALGORITHM=UNDEFINED DEFINER=`root`@`localhost` SQL SECURITY DEFINER VIEW `extended_products_outputs`  AS SELECT `products_outputs`.`iD` AS `iD`, `products_outputs`.`WarehouseID` AS `WarehouseID`, `products_outputs`.`EmployeeID` AS `EmployeeID`, `products_outputs`.`CargoTransID` AS `CargoTransID`, `products_outputs`.`date` AS `date`, `products_outputs`.`comments` AS `comments`, sum(`products_outputs_details`.`quantity`) AS `quantity` FROM (`products_outputs` join `products_outputs_details` on(`products_outputs`.`iD` = `products_outputs_details`.`ProductOutputID`)) GROUP BY `products_outputs`.`WarehouseID`, `products_outputs`.`iD` ;

-- --------------------------------------------------------

--
-- Structure for view `extended_purchases`
--
DROP TABLE IF EXISTS `extended_purchases`;

DROP VIEW IF EXISTS `extended_purchases`;
CREATE ALGORITHM=UNDEFINED DEFINER=`root`@`localhost` SQL SECURITY DEFINER VIEW `extended_purchases`  AS SELECT `purchases`.`iD` AS `iD`, `purchases`.`EmployeeID` AS `EmployeeID`, `purchases`.`CustomerID` AS `CustomerID`, `purchases`.`CargoTransID` AS `CargoTransID`, `purchases`.`date` AS `date`, `purchases`.`billNo` AS `billNo`, `purchases`.`comments` AS `comments`, sum(`purchases_details`.`quantity`) AS `quantity`, sum(`purchases_details`.`price`) AS `extendedPrice` FROM (`purchases` join `purchases_details` on(`purchases`.`iD` = `purchases_details`.`PurchaseID`)) GROUP BY `purchases`.`iD` ;

-- --------------------------------------------------------

--
-- Structure for view `extended_purchases_refund`
--
DROP TABLE IF EXISTS `extended_purchases_refund`;

DROP VIEW IF EXISTS `extended_purchases_refund`;
CREATE ALGORITHM=UNDEFINED DEFINER=`root`@`localhost` SQL SECURITY DEFINER VIEW `extended_purchases_refund`  AS SELECT `purchases`.`iD` AS `iD`, `purchases`.`EmployeeID` AS `EmployeeID`, `purchases`.`CustomerID` AS `CustomerID`, `purchases`.`CargoTransID` AS `CargoTransID`, `purchases`.`date` AS `date`, `purchases`.`billNo` AS `billNo`, `purchases`.`comments` AS `comments`, sum(`purchases_details`.`quantity`) AS `quantity`, sum(`purchases_details`.`price`) AS `extendedPrice`, sum(`purchases_refunds_purchases_details`.`quantity`) AS `refundQuantity`, sum(round(`purchases_details`.`unitPrice` * `purchases_refunds_purchases_details`.`quantity`,3)) AS `extendedRefundPrice`, sum(`purchases_details`.`discount`) AS `extendedDiscount`, sum(`purchases_details`.`quantity`) - coalesce(sum(`purchases_refunds_purchases_details`.`quantity`),0) AS `extendedNetQuantity`, sum(round(coalesce(`purchases_details`.`price`,0) - (coalesce(`purchases_details`.`discount`,0) + coalesce(`purchases_details`.`unitPrice` * `purchases_refunds_purchases_details`.`quantity`,0)),3)) AS `extendedNetPrice` FROM (((`purchases_details` join `purchases` on(`purchases`.`iD` = `purchases_details`.`PurchaseID`)) left join `purchases_refunds` on(`purchases`.`iD` = `purchases_refunds`.`PurchaseID`)) left join `purchases_refunds_purchases_details` on(`purchases_refunds`.`iD` = `purchases_refunds_purchases_details`.`PurchaseRefundID` and `purchases_details`.`ProductID` = `purchases_refunds_purchases_details`.`ProductID` and `purchases_details`.`iD` = `purchases_refunds_purchases_details`.`PurchaseDetailsID` and `purchases_details`.`PurchaseID` = `purchases_refunds_purchases_details`.`PurchaseID`)) GROUP BY `purchases`.`iD` ;

-- --------------------------------------------------------

--
-- Structure for view `extended_reservation_invoice`
--
DROP TABLE IF EXISTS `extended_reservation_invoice`;

DROP VIEW IF EXISTS `extended_reservation_invoice`;
CREATE ALGORITHM=UNDEFINED DEFINER=`root`@`localhost` SQL SECURITY DEFINER VIEW `extended_reservation_invoice`  AS SELECT `reservation_invoice`.`iD` AS `iD`, `reservation_invoice`.`EmployeeID` AS `EmployeeID`, `reservation_invoice`.`CustomerID` AS `CustomerID`, `reservation_invoice`.`TermsID` AS `TermsID`, `reservation_invoice`.`date` AS `date`, `reservation_invoice`.`comments` AS `comments`, CASE WHEN `reservation_invoice`.`TermsID` = -30 THEN last_day(`reservation_invoice`.`date`) WHEN `reservation_invoice`.`TermsID` = -7 THEN `reservation_invoice`.`date`+ interval 1 + dayofweek(`reservation_invoice`.`date`) day ELSE `reservation_invoice`.`date`+ interval `reservation_invoice`.`TermsID` day END AS `termsDate`, sum(`reservation_invoice_details`.`quantity`) AS `quantity` FROM (`reservation_invoice` join `reservation_invoice_details` on(`reservation_invoice`.`iD` = `reservation_invoice_details`.`ReservationID`)) GROUP BY `reservation_invoice`.`iD` ;

-- --------------------------------------------------------

--
-- Structure for view `extended_transfers`
--
DROP TABLE IF EXISTS `extended_transfers`;

DROP VIEW IF EXISTS `extended_transfers`;
CREATE ALGORITHM=UNDEFINED DEFINER=`root`@`localhost` SQL SECURITY DEFINER VIEW `extended_transfers`  AS SELECT `transfers`.`iD` AS `iD`, `transfers`.`EmployeeID` AS `EmployeeID`, `transfers`.`CargoTransID` AS `CargoTransID`, `transfers`.`date` AS `date`, `transfers`.`comments` AS `comments`, sum(`transfers_details`.`quantity`) AS `quantity`, `transfers`.`fromWarehouse` AS `fromWarehouse`, `transfers`.`toWarehouse` AS `toWarehouse`, `transfers`.`billNo` AS `billNo` FROM (`transfers` join `transfers_details` on(`transfers`.`iD` = `transfers_details`.`TransferID`)) GROUP BY `transfers`.`iD` ;

-- --------------------------------------------------------

--
-- Structure for view `fund_balance`
--
DROP TABLE IF EXISTS `fund_balance`;

DROP VIEW IF EXISTS `fund_balance`;
CREATE ALGORITHM=UNDEFINED DEFINER=`root`@`localhost` SQL SECURITY DEFINER VIEW `fund_balance`  AS SELECT `currency`.`iD` AS `iD`, `currency`.`name` AS `name`, sum(`credits`.`value`) AS `totalCredits`, sum(`debits`.`value`) AS `totalDebits` FROM (((`credits` join `equalities` on(`equalities`.`iD` = `credits`.`EqualitiesID`)) left join `currency` on(`currency`.`iD` = `equalities`.`CurrencyID`)) left join `debits` on(`equalities`.`iD` = `debits`.`EqualitiesID`)) GROUP BY `currency`.`iD`, `currency`.`name` ;

-- --------------------------------------------------------

--
-- Structure for view `inventory_input`
--
DROP TABLE IF EXISTS `inventory_input`;

DROP VIEW IF EXISTS `inventory_input`;
CREATE ALGORITHM=UNDEFINED DEFINER=`root`@`localhost` SQL SECURITY DEFINER VIEW `inventory_input`  AS SELECT `products`.`iD` AS `ProductID`, `warehouse`.`iD` AS `WarehouseID`, sum(`products_inputs_details`.`quantity`) AS `quantity` FROM (((`products_inputs_details` join `products_inputs` on(`products_inputs`.`iD` = `products_inputs_details`.`ProductInputID`)) join `products` on(`products`.`iD` = `products_inputs_details`.`ProductID`)) join `warehouse` on(`warehouse`.`iD` = `products_inputs`.`WarehouseID`)) GROUP BY `products`.`iD`, `warehouse`.`iD` ;

-- --------------------------------------------------------

--
-- Structure for view `inventory_orders`
--
DROP TABLE IF EXISTS `inventory_orders`;

DROP VIEW IF EXISTS `inventory_orders`;
CREATE ALGORITHM=UNDEFINED DEFINER=`root`@`localhost` SQL SECURITY DEFINER VIEW `inventory_orders`  AS SELECT `products`.`iD` AS `ProductID`, `warehouse`.`iD` AS `WarehouseID`, sum(`orders_details`.`quantity`) AS `quantity` FROM ((`products` join `orders_details` on(`products`.`iD` = `orders_details`.`ProductID`)) join `warehouse` on(`warehouse`.`iD` = `orders_details`.`WarehouseID`)) GROUP BY `products`.`iD`, `warehouse`.`iD` ;

-- --------------------------------------------------------

--
-- Structure for view `inventory_orders_refund`
--
DROP TABLE IF EXISTS `inventory_orders_refund`;

DROP VIEW IF EXISTS `inventory_orders_refund`;
CREATE ALGORITHM=UNDEFINED DEFINER=`root`@`localhost` SQL SECURITY DEFINER VIEW `inventory_orders_refund`  AS SELECT `products`.`iD` AS `ProductID`, `warehouse`.`iD` AS `WarehouseID`, sum(`order_refunds_order_details`.`quantity`) AS `quantity` FROM ((`products` join `order_refunds_order_details` on(`products`.`iD` = `order_refunds_order_details`.`ProductID`)) join `warehouse` on(`warehouse`.`iD` = `order_refunds_order_details`.`WarehouseID`)) GROUP BY `products`.`iD`, `warehouse`.`iD` ;

-- --------------------------------------------------------

--
-- Structure for view `inventory_output`
--
DROP TABLE IF EXISTS `inventory_output`;

DROP VIEW IF EXISTS `inventory_output`;
CREATE ALGORITHM=UNDEFINED DEFINER=`root`@`localhost` SQL SECURITY DEFINER VIEW `inventory_output`  AS SELECT `products`.`iD` AS `ProductID`, `warehouse`.`iD` AS `WarehouseID`, sum(`products_outputs_details`.`quantity`) AS `quantity` FROM (((`products_outputs_details` join `products` on(`products`.`iD` = `products_outputs_details`.`ProductID`)) join `products_outputs` on(`products_outputs`.`iD` = `products_outputs_details`.`ProductOutputID`)) join `warehouse` on(`warehouse`.`iD` = `products_outputs`.`WarehouseID`)) GROUP BY `products`.`iD`, `warehouse`.`iD` ;

-- --------------------------------------------------------

--
-- Structure for view `inventory_products`
--
DROP TABLE IF EXISTS `inventory_products`;

DROP VIEW IF EXISTS `inventory_products`;
CREATE ALGORITHM=UNDEFINED DEFINER=`root`@`localhost` SQL SECURITY DEFINER VIEW `inventory_products`  AS SELECT `products`.`iD` AS `iD`, `products`.`iD` AS `ProductID`, `warehouse`.`iD` AS `WarehouseID`, sum(coalesce(`inventory_total_input`.`quantity`,0) - coalesce(`inventory_total_output`.`quantity`,0)) AS `quantity` FROM (((`products` left join `inventory_total_input` on(`products`.`iD` = `inventory_total_input`.`ProductID`)) join `warehouse` on(`warehouse`.`iD` = `inventory_total_input`.`WarehouseID`)) left join `inventory_total_output` on(`products`.`iD` = `inventory_total_output`.`ProductID` and `warehouse`.`iD` = `inventory_total_output`.`WarehouseID`)) GROUP BY `products`.`iD`, `warehouse`.`iD` ;

-- --------------------------------------------------------

--
-- Structure for view `inventory_purchases`
--
DROP TABLE IF EXISTS `inventory_purchases`;

DROP VIEW IF EXISTS `inventory_purchases`;
CREATE ALGORITHM=UNDEFINED DEFINER=`root`@`localhost` SQL SECURITY DEFINER VIEW `inventory_purchases`  AS SELECT `products`.`iD` AS `ProductID`, `warehouse`.`iD` AS `WarehouseID`, sum(`purchases_details`.`quantity`) AS `quantity` FROM ((`products` join `purchases_details` on(`products`.`iD` = `purchases_details`.`ProductID`)) join `warehouse` on(`warehouse`.`iD` = `purchases_details`.`WarehouseID`)) GROUP BY `products`.`iD`, `warehouse`.`iD` ;

-- --------------------------------------------------------

--
-- Structure for view `inventory_purchases_refund`
--
DROP TABLE IF EXISTS `inventory_purchases_refund`;

DROP VIEW IF EXISTS `inventory_purchases_refund`;
CREATE ALGORITHM=UNDEFINED DEFINER=`root`@`localhost` SQL SECURITY DEFINER VIEW `inventory_purchases_refund`  AS SELECT `products`.`iD` AS `ProductID`, `warehouse`.`iD` AS `WarehouseID`, sum(`purchases_refunds_purchases_details`.`quantity`) AS `quantity` FROM ((`purchases_refunds_purchases_details` join `products` on(`products`.`iD` = `purchases_refunds_purchases_details`.`ProductID`)) join `warehouse` on(`warehouse`.`iD` = `purchases_refunds_purchases_details`.`WarehouseID`)) GROUP BY `products`.`iD`, `warehouse`.`iD` ;

-- --------------------------------------------------------

--
-- Structure for view `inventory_total_input`
--
DROP TABLE IF EXISTS `inventory_total_input`;

DROP VIEW IF EXISTS `inventory_total_input`;
CREATE ALGORITHM=UNDEFINED DEFINER=`root`@`localhost` SQL SECURITY DEFINER VIEW `inventory_total_input`  AS SELECT `products`.`iD` AS `ProductID`, `warehouse`.`iD` AS `WarehouseID`, sum(coalesce(`inventory_purchases`.`quantity`,0) + coalesce(`inventory_orders_refund`.`quantity`,0) + coalesce(`inventory_input`.`quantity`,0) + coalesce(`inventory_transfer_to`.`quantity`,0)) AS `quantity` FROM (((((`products` join `warehouse`) left join `inventory_purchases` on(`products`.`iD` = `inventory_purchases`.`ProductID` and `warehouse`.`iD` = `inventory_purchases`.`WarehouseID`)) left join `inventory_orders_refund` on(`warehouse`.`iD` = `inventory_orders_refund`.`WarehouseID` and `products`.`iD` = `inventory_orders_refund`.`ProductID`)) left join `inventory_input` on(`warehouse`.`iD` = `inventory_input`.`WarehouseID` and `products`.`iD` = `inventory_input`.`ProductID`)) left join `inventory_transfer_to` on(`products`.`iD` = `inventory_transfer_to`.`ProductID` and `warehouse`.`iD` = `inventory_transfer_to`.`WarehouseID`)) GROUP BY `products`.`iD`, `warehouse`.`iD` ;

-- --------------------------------------------------------

--
-- Structure for view `inventory_total_output`
--
DROP TABLE IF EXISTS `inventory_total_output`;

DROP VIEW IF EXISTS `inventory_total_output`;
CREATE ALGORITHM=UNDEFINED DEFINER=`root`@`localhost` SQL SECURITY DEFINER VIEW `inventory_total_output`  AS SELECT `products`.`iD` AS `ProductID`, `warehouse`.`iD` AS `WarehouseID`, sum(coalesce(`inventory_orders`.`quantity`,0) + coalesce(`inventory_purchases_refund`.`quantity`,0) + coalesce(`inventory_output`.`quantity`,0) + coalesce(`inventory_transfer_from`.`quantity`,0)) AS `quantity` FROM (((((`products` join `warehouse`) left join `inventory_orders` on(`products`.`iD` = `inventory_orders`.`ProductID` and `warehouse`.`iD` = `inventory_orders`.`WarehouseID`)) left join `inventory_purchases_refund` on(`warehouse`.`iD` = `inventory_purchases_refund`.`WarehouseID` and `products`.`iD` = `inventory_purchases_refund`.`ProductID`)) left join `inventory_output` on(`warehouse`.`iD` = `inventory_output`.`WarehouseID` and `products`.`iD` = `inventory_output`.`ProductID`)) left join `inventory_transfer_from` on(`products`.`iD` = `inventory_transfer_from`.`ProductID` and `warehouse`.`iD` = `inventory_transfer_from`.`WarehouseID`)) GROUP BY `products`.`iD`, `warehouse`.`iD` ;

-- --------------------------------------------------------

--
-- Structure for view `inventory_transfer_from`
--
DROP TABLE IF EXISTS `inventory_transfer_from`;

DROP VIEW IF EXISTS `inventory_transfer_from`;
CREATE ALGORITHM=UNDEFINED DEFINER=`root`@`localhost` SQL SECURITY DEFINER VIEW `inventory_transfer_from`  AS SELECT `products`.`iD` AS `ProductID`, `transfers`.`fromWarehouse` AS `WarehouseID`, sum(`transfers_details`.`quantity`) AS `quantity` FROM ((`transfers` join `transfers_details` on(`transfers`.`iD` = `transfers_details`.`TransferID`)) join `products` on(`products`.`iD` = `transfers_details`.`ProductID`)) GROUP BY `products`.`iD`, `transfers`.`fromWarehouse` ;

-- --------------------------------------------------------

--
-- Structure for view `inventory_transfer_to`
--
DROP TABLE IF EXISTS `inventory_transfer_to`;

DROP VIEW IF EXISTS `inventory_transfer_to`;
CREATE ALGORITHM=UNDEFINED DEFINER=`root`@`localhost` SQL SECURITY DEFINER VIEW `inventory_transfer_to`  AS SELECT `products`.`iD` AS `ProductID`, `transfers`.`toWarehouse` AS `WarehouseID`, sum(`transfers_details`.`quantity`) AS `quantity` FROM ((`transfers` join `transfers_details` on(`transfers`.`iD` = `transfers_details`.`TransferID`)) join `products` on(`products`.`iD` = `transfers_details`.`ProductID`)) GROUP BY `products`.`iD`, `transfers`.`toWarehouse` ;

-- --------------------------------------------------------

--
-- Structure for view `new_inventory_products`
--
DROP TABLE IF EXISTS `new_inventory_products`;

DROP VIEW IF EXISTS `new_inventory_products`;
CREATE ALGORITHM=UNDEFINED DEFINER=`root`@`localhost` SQL SECURITY DEFINER VIEW `new_inventory_products`  AS SELECT `p`.`iD` AS `iD`, `p`.`iD` AS `ProductID`, ifnull(`qin`.`quantity`,0) - ifnull(`qout`.`quantity`,0) AS `quantity`, `warehouse`.`iD` AS `WarehouseID` FROM (`warehouse` left join ((`products` `p` left join (select `inventory_total_input`.`ProductID` AS `ProductID`,`inventory_total_input`.`WarehouseID` AS `WarehouseID`,sum(`inventory_total_input`.`quantity`) AS `quantity` from `inventory_total_input` group by `inventory_total_input`.`ProductID`,`inventory_total_input`.`WarehouseID`) `qin` on(`p`.`iD` = `qin`.`ProductID`)) left join (select `inventory_total_output`.`ProductID` AS `ProductID`,`inventory_total_output`.`WarehouseID` AS `WarehouseID`,sum(`inventory_total_output`.`quantity`) AS `quantity` from `inventory_total_output` group by `inventory_total_output`.`ProductID`,`inventory_total_output`.`WarehouseID`) `qout` on(`p`.`iD` = `qout`.`ProductID`)) on(`warehouse`.`iD` = `qin`.`WarehouseID` and `warehouse`.`iD` = `qout`.`WarehouseID`)) GROUP BY `p`.`iD`, `warehouse`.`iD` ;

-- --------------------------------------------------------

--
-- Structure for view `pending_cut_requests`
--
DROP TABLE IF EXISTS `pending_cut_requests`;

DROP VIEW IF EXISTS `pending_cut_requests`;
CREATE ALGORITHM=UNDEFINED DEFINER=`root`@`localhost` SQL SECURITY DEFINER VIEW `pending_cut_requests`  AS SELECT `products`.`iD` AS `ProductID`, `cut_requests`.`iD` AS `CutRequestID`, `cut_requests`.`CustomerID` AS `CustomerID`, `cut_requests`.`EmployeeID` AS `EmployeeID`, `cut_requests`.`date` AS `date`, sum(`cut_requests`.`quantity`) AS `quantity` FROM ((`products` join `cut_requests` on(`products`.`iD` = `cut_requests`.`ProductID`)) left join `cut_request_results` on(`cut_requests`.`iD` = `cut_request_results`.`CutRequestID`)) WHERE `cut_request_results`.`iD` is null GROUP BY `products`.`iD`, `cut_requests`.`iD` ;

-- --------------------------------------------------------

--
-- Structure for view `pending_reservation_invoice`
--
DROP TABLE IF EXISTS `pending_reservation_invoice`;

DROP VIEW IF EXISTS `pending_reservation_invoice`;
CREATE ALGORITHM=UNDEFINED DEFINER=`root`@`localhost` SQL SECURITY DEFINER VIEW `pending_reservation_invoice`  AS SELECT `reservation_invoice_details`.`ProductID` AS `ProductID`, max(`extended_reservation_invoice`.`iD`) AS `ReservationID`, max(`extended_reservation_invoice`.`CustomerID`) AS `CustomerID`, sum(`reservation_invoice_details`.`quantity`) AS `quantity`, max(`extended_reservation_invoice`.`termsDate`) AS `termsDate` FROM ((`products` left join `reservation_invoice_details` on(`products`.`iD` = `reservation_invoice_details`.`ProductID`)) join `extended_reservation_invoice` on(`reservation_invoice_details`.`ReservationID` = `extended_reservation_invoice`.`iD`)) WHERE cast(`extended_reservation_invoice`.`termsDate` as date) >= curdate() GROUP BY `products`.`iD` ;

-- --------------------------------------------------------

--
-- Structure for view `products_all_view`
--
DROP TABLE IF EXISTS `products_all_view`;

DROP VIEW IF EXISTS `products_all_view`;
CREATE ALGORITHM=UNDEFINED DEFINER=`root`@`localhost` SQL SECURITY DEFINER VIEW `products_all_view`  AS SELECT `products`.`iD` AS `iD`, `products`.`barcode` AS `Barcode`, concat(`products_types`.`name`,' ',concat(`grades`.`name`,' ',`qualities`.`name`)) AS `Description`, concat(`countries`.`name`,' ',`manufactures`.`name`) AS `Origin`, concat(`sizes`.`width`,' ✗ ',`sizes`.`length`) AS `Size`, `gsms`.`gsm` AS `GSM`, `products`.`fiberLines` AS `Grain`, `products`.`sheets` AS `Sheets`, `customs_declarations`.`number` AS `CustomsNumber`, concat('cc',`customs_declarations`.`number`) AS `CustomsBarcode`, `products`.`status` AS `Status` FROM (((((((((`products` left join `grades` on(`grades`.`iD` = `products`.`GradeID`)) left join `products_types` on(`grades`.`iD` = `products_types`.`GradeID` and `products_types`.`iD` = `products`.`ProductTypeID`)) left join `qualities` on(`qualities`.`iD` = `products`.`QualityID`)) join `gsms` on(`gsms`.`iD` = `products`.`GSMID`)) join `sizes` on(`sizes`.`iD` = `products`.`SizeID`)) left join `customs_declarations` on(`customs_declarations`.`iD` = `products`.`CustomsDeclarationID`)) left join `countries_manufactures` on(`countries_manufactures`.`iD` = `products`.`Country_Manufacture_CompanyID`)) left join `countries` on(`countries`.`iD` = `countries_manufactures`.`CountryID`)) left join `manufactures` on(`manufactures`.`iD` = `countries_manufactures`.`ManufactureID`)) ;

-- --------------------------------------------------------

--
-- Structure for view `products_prices`
--
DROP TABLE IF EXISTS `products_prices`;

DROP VIEW IF EXISTS `products_prices`;
CREATE ALGORITHM=UNDEFINED DEFINER=`root`@`localhost` SQL SECURITY DEFINER VIEW `products_prices`  AS SELECT `products`.`iD` AS `iD`, `products_types`.`sellPrice` AS `sellPrice`, `products_types`.`purchasePrice` AS `purchasePrice` FROM (`products` join `products_types` on(`products_types`.`iD` = `products`.`ProductTypeID`)) ;

-- --------------------------------------------------------

--
-- Structure for view `products_search_view`
--
DROP TABLE IF EXISTS `products_search_view`;

DROP VIEW IF EXISTS `products_search_view`;
CREATE ALGORITHM=UNDEFINED DEFINER=`root`@`localhost` SQL SECURITY DEFINER VIEW `products_search_view`  AS SELECT `products`.`iD` AS `iD`, `products`.`ParentID` AS `ParentID`, `products`.`ProductTypeID` AS `ProductTypeID`, `products`.`CustomsDeclarationID` AS `CustomsDeclarationID`, `products`.`Country_Manufacture_CompanyID` AS `Country_Manufacture_CompanyID`, `products`.`SizeID` AS `SizeID`, `products`.`GSMID` AS `GSMID`, `products`.`GradeID` AS `GradeID`, `products`.`QualityID` AS `QualityID`, `products`.`date` AS `date`, `products`.`sheets` AS `sheets`, `products`.`barcode` AS `barcode`, `products`.`fiberLines` AS `fiberLines`, `products`.`comments` AS `comments`, `products`.`status` AS `status`, `gsms`.`gsm` AS `GSM`, `grades`.`name` AS `Grade`, `sizes`.`width` AS `Width`, `sizes`.`length` AS `Length`, `products_types`.`name` AS `Type`, `products_types`.`unit` AS `Unit`, max(`countries`.`name`) AS `Country`, max(`manufactures`.`name`) AS `Manufacture`, `qualities`.`name` AS `Quality`, `products_types`.`image` AS `ProductImage`, `customs_declarations`.`number` AS `CustomsNumber`, `products_web_view`.`Warehouse` AS `Warehouse`, `products_web_view`.`WarehouseID` AS `WarehouseID` FROM ((((((((((`products_web_view` join `products` on(`products`.`iD` = `products_web_view`.`iD`)) left join `gsms` on(`gsms`.`iD` = `products`.`GSMID`)) left join `grades` on(`grades`.`iD` = `products`.`GradeID`)) join `sizes` on(`sizes`.`iD` = `products`.`SizeID`)) join `products_types` on(`products_types`.`iD` = `products`.`ProductTypeID`)) left join `countries_manufactures` on(`countries_manufactures`.`iD` = `products`.`Country_Manufacture_CompanyID`)) left join `manufactures` on(`manufactures`.`iD` = `countries_manufactures`.`ManufactureID`)) left join `countries` on(`countries`.`iD` = `countries_manufactures`.`CountryID`)) left join `qualities` on(`qualities`.`iD` = `products`.`QualityID`)) left join `customs_declarations` on(`customs_declarations`.`iD` = `products`.`CustomsDeclarationID`)) GROUP BY `products`.`iD`, `products_web_view`.`WarehouseID` ;

-- --------------------------------------------------------

--
-- Structure for view `products_unit_price`
--
DROP TABLE IF EXISTS `products_unit_price`;

DROP VIEW IF EXISTS `products_unit_price`;
CREATE ALGORITHM=UNDEFINED DEFINER=`root`@`localhost` SQL SECURITY DEFINER VIEW `products_unit_price`  AS SELECT `products`.`iD` AS `iD`, coalesce(avg(`purchases_details`.`unitPrice`),0) AS `unitPrice` FROM (`products` left join `purchases_details` on(`purchases_details`.`ProductID` = `products`.`iD` or `purchases_details`.`ProductID` = `products`.`ParentID`)) GROUP BY `products`.`iD` ;

-- --------------------------------------------------------

--
-- Structure for view `products_web_view`
--
DROP TABLE IF EXISTS `products_web_view`;

DROP VIEW IF EXISTS `products_web_view`;
CREATE ALGORITHM=UNDEFINED DEFINER=`root`@`localhost` SQL SECURITY DEFINER VIEW `products_web_view`  AS SELECT `warehouse`.`name` AS `Warehouse`, `warehouse`.`iD` AS `WarehouseID`, `products`.`iD` AS `iD`, `products`.`barcode` AS `Barcode`, concat(`products_types`.`name`,' ',concat(`grades`.`name`,' ',`qualities`.`name`)) AS `Description`, concat(max(`countries`.`name`),' ',max(`manufactures`.`name`)) AS `Origin`, concat(`sizes`.`width`,' ✗ ',`sizes`.`length`) AS `Size`, `gsms`.`gsm` AS `GSM`, `products`.`fiberLines` AS `Grain`, `products`.`sheets` AS `Sheets`, `inventory_products`.`quantity` AS `Quantity`, `customs_declarations`.`number` AS `CustomsNumber`, concat('cc',`customs_declarations`.`number`) AS `CustomsBarcode`, `products`.`status` AS `Status` FROM (((((((((((`products` join `warehouse`) left join `grades` on(`grades`.`iD` = `products`.`GradeID`)) left join `products_types` on(`grades`.`iD` = `products_types`.`GradeID` and `products_types`.`iD` = `products`.`ProductTypeID`)) left join `qualities` on(`qualities`.`iD` = `products`.`QualityID`)) left join `gsms` on(`gsms`.`iD` = `products`.`GSMID`)) join `sizes` on(`sizes`.`iD` = `products`.`SizeID`)) left join `customs_declarations` on(`customs_declarations`.`iD` = `products`.`CustomsDeclarationID`)) left join `countries_manufactures` on(`countries_manufactures`.`iD` = `products`.`Country_Manufacture_CompanyID`)) left join `countries` on(`countries`.`iD` = `countries_manufactures`.`CountryID`)) left join `manufactures` on(`manufactures`.`iD` = `countries_manufactures`.`ManufactureID`)) join `inventory_products` on(`products`.`iD` = `inventory_products`.`ProductID` and `warehouse`.`iD` = `inventory_products`.`WarehouseID`)) WHERE `inventory_products`.`quantity` <> '0' GROUP BY `inventory_products`.`WarehouseID`, `inventory_products`.`iD` ;

-- --------------------------------------------------------

--
-- Structure for view `products_web_view_reels`
--
DROP TABLE IF EXISTS `products_web_view_reels`;

DROP VIEW IF EXISTS `products_web_view_reels`;
CREATE ALGORITHM=UNDEFINED DEFINER=`root`@`localhost` SQL SECURITY DEFINER VIEW `products_web_view_reels`  AS SELECT `warehouse`.`name` AS `Warehouse`, `products`.`iD` AS `iD`, `products`.`barcode` AS `Barcode`, concat(`products_types`.`name`,' ',concat(`grades`.`name`,' ',`qualities`.`name`)) AS `Description`, concat(`countries`.`name`,' ',`manufactures`.`name`) AS `Origin`, concat(`sizes`.`width`,' ✗ ',`sizes`.`length`) AS `Size`, `gsms`.`gsm` AS `GSM`, `products`.`fiberLines` AS `Grain`, `products`.`sheets` AS `Sheets`, `inventory_products`.`quantity` AS `Quantity`, `customs_declarations`.`number` AS `CustomsNumber`, concat('cc',`customs_declarations`.`number`) AS `CustomsBarcode`, `products`.`status` AS `Status` FROM (((((((((((`products` left join `grades` on(`grades`.`iD` = `products`.`GradeID`)) left join `products_types` on(`grades`.`iD` = `products_types`.`GradeID` and `products_types`.`iD` = `products`.`ProductTypeID`)) left join `qualities` on(`qualities`.`iD` = `products`.`QualityID`)) join `gsms` on(`gsms`.`iD` = `products`.`GSMID`)) join `sizes` on(`sizes`.`iD` = `products`.`SizeID`)) left join `customs_declarations` on(`customs_declarations`.`iD` = `products`.`CustomsDeclarationID`)) join `countries_manufactures` on(`countries_manufactures`.`iD` = `products`.`Country_Manufacture_CompanyID`)) join `countries` on(`countries`.`iD` = `countries_manufactures`.`CountryID`)) join `manufactures` on(`manufactures`.`iD` = `countries_manufactures`.`ManufactureID`)) join `inventory_products` on(`products`.`iD` = `inventory_products`.`ProductID`)) join `warehouse` on(`warehouse`.`iD` = `inventory_products`.`WarehouseID`)) WHERE `sizes`.`length` = 0 ;

-- --------------------------------------------------------

--
-- Structure for view `profits_cut_requests_products`
--
DROP TABLE IF EXISTS `profits_cut_requests_products`;

DROP VIEW IF EXISTS `profits_cut_requests_products`;
CREATE ALGORITHM=UNDEFINED DEFINER=`root`@`localhost` SQL SECURITY DEFINER VIEW `profits_cut_requests_products`  AS SELECT sum(`cut_requests`.`quantity`) AS `cutRequestQuantity`, sum(round(`products_inputs_details`.`quantity`,3)) AS `inputQuantity`, sum(round(`products_inputs_details`.`quantity`,3)) - sum(`cut_requests`.`quantity`) AS `resultQuantity`, (sum(round(`products_inputs_details`.`quantity`,3)) - sum(`cut_requests`.`quantity`)) * max(`products_unit_price`.`unitPrice`) AS `totalPrice`, max(`cut_requests`.`iD`) AS `CutRequestID`, max(`products_inputs`.`date`) AS `date` FROM (((`cut_request_results` join (`products_inputs_details` join `products_inputs` on(`products_inputs`.`iD` = `products_inputs_details`.`ProductInputID`)) on(`products_inputs`.`iD` = `cut_request_results`.`ProductInputID`)) join `cut_requests` on(`cut_requests`.`iD` = `cut_request_results`.`CutRequestID`)) join `products_unit_price` on(`products_unit_price`.`iD` = `products_inputs_details`.`ProductID`)) GROUP BY `cut_requests`.`iD` HAVING sum(`products_inputs_details`.`quantity`) > sum(`cut_requests`.`quantity`) ;

-- --------------------------------------------------------

--
-- Structure for view `profits_orders`
--
DROP TABLE IF EXISTS `profits_orders`;

DROP VIEW IF EXISTS `profits_orders`;
CREATE ALGORITHM=UNDEFINED DEFINER=`root`@`localhost` SQL SECURITY DEFINER VIEW `profits_orders`  AS SELECT `extended_order_refund`.`date` AS `DATE`, `extended_order_refund`.`CustomerID` AS `CustomerID`, `extended_order_refund`.`iD` AS `OrderID`, `extended_order_refund`.`EmployeeID` AS `EmployeeID`, round(`extended_order_refund`.`extendedNetQuantity`,2) AS `quantity`, round(`extended_order_refund`.`extendedNetPrice`,2) AS `orderPrice`, round(`extended_order_refund`.`extendedNetQuantity` * max(`products_unit_price`.`unitPrice`),2) AS `purchasesPrice`, round(`extended_order_refund`.`extendedNetPrice` - `extended_order_refund`.`extendedNetQuantity` * max(`products_unit_price`.`unitPrice`),2) AS `total` FROM ((`extended_order_refund` left join `orders_details` on(`orders_details`.`OrderID` = `extended_order_refund`.`iD`)) join `products_unit_price` on(`products_unit_price`.`iD` = `orders_details`.`ProductID`)) GROUP BY `extended_order_refund`.`iD` ;

-- --------------------------------------------------------

--
-- Structure for view `sales`
--
DROP TABLE IF EXISTS `sales`;

DROP VIEW IF EXISTS `sales`;
CREATE ALGORITHM=UNDEFINED DEFINER=`root`@`localhost` SQL SECURITY DEFINER VIEW `sales`  AS SELECT coalesce(sum(`extended_order_refund`.`extendedPrice`),0) AS `Total Amount`, coalesce(sum(`extended_order_refund`.`extendedDiscount`),0) AS `Discount Amount`, coalesce(sum(`equality_credits`.`value`),0) AS `Total Payment`, coalesce(coalesce(sum(`extended_order_refund`.`extendedPrice`),0) - (coalesce(sum(`extended_order_refund`.`extendedDiscount`),0) + coalesce(sum(`equality_credits`.`value`),0)),0) AS `Total Balance` FROM ((`extended_order_refund` left join `customers` on(`customers`.`iD` = `extended_order_refund`.`CustomerID`)) left join `equality_credits` on(`customers`.`iD` = `equality_credits`.`CustomerID`)) ;

-- --------------------------------------------------------

--
-- Structure for view `syp_exchange_rate`
--
DROP TABLE IF EXISTS `syp_exchange_rate`;

DROP VIEW IF EXISTS `syp_exchange_rate`;
CREATE ALGORITHM=UNDEFINED DEFINER=`root`@`localhost` SQL SECURITY DEFINER VIEW `syp_exchange_rate`  AS SELECT `equalities`.`iD` AS `iD`, round(1 / `equalities`.`value`,0) AS `value`, `equalities`.`date` AS `date`, `equalities`.`CurrencyID` AS `CurrencyID` FROM `equalities` WHERE `equalities`.`CurrencyID` <> 1 ORDER BY `equalities`.`date` ASC ;

-- --------------------------------------------------------

--
-- Structure for view `wasted_cut_requests_products`
--
DROP TABLE IF EXISTS `wasted_cut_requests_products`;

DROP VIEW IF EXISTS `wasted_cut_requests_products`;
CREATE ALGORITHM=UNDEFINED DEFINER=`root`@`localhost` SQL SECURITY DEFINER VIEW `wasted_cut_requests_products`  AS SELECT `products_inputs`.`date` AS `date`, sum(round(`products_inputs_details`.`quantity` * `products_unit_price`.`unitPrice`,2)) AS `total`, sum(round(`products_inputs_details`.`quantity`,3)) AS `inputQuantity` FROM (((`products` join `products_inputs_details` on(`products`.`iD` = `products_inputs_details`.`ProductID`)) join `products_unit_price` on(`products_unit_price`.`iD` = `products`.`iD`)) join `products_inputs` on(`products_inputs`.`iD` = `products_inputs_details`.`ProductInputID`)) WHERE `products`.`status` = 'WASTED' GROUP BY `products_inputs`.`date` ;

--
-- Indexes for dumped tables
--

--
-- Indexes for table `account_names`
--
ALTER TABLE `account_names`
  ADD PRIMARY KEY (`iD`),
  ADD UNIQUE KEY `name` (`name`),
  ADD KEY `account_names_fk_1` (`TypeID`);

--
-- Indexes for table `account_names_types`
--
ALTER TABLE `account_names_types`
  ADD PRIMARY KEY (`iD`),
  ADD UNIQUE KEY `type` (`type`),
  ADD UNIQUE KEY `typeAr` (`typeAr`);

--
-- Indexes for table `audittrail`
--
ALTER TABLE `audittrail`
  ADD PRIMARY KEY (`id`);

--
-- Indexes for table `cargo_transporters`
--
ALTER TABLE `cargo_transporters`
  ADD PRIMARY KEY (`iD`),
  ADD KEY `gover_carg_trans` (`GovernorateID`);

--
-- Indexes for table `countries`
--
ALTER TABLE `countries`
  ADD PRIMARY KEY (`iD`),
  ADD UNIQUE KEY `name` (`name`);

--
-- Indexes for table `countries_manufactures`
--
ALTER TABLE `countries_manufactures`
  ADD PRIMARY KEY (`iD`,`CountryID`,`ManufactureID`),
  ADD KEY `countries_manufactures_ibfk_1` (`CountryID`),
  ADD KEY `countries_manufactures_ibfk_2` (`ManufactureID`);

--
-- Indexes for table `credits`
--
ALTER TABLE `credits`
  ADD PRIMARY KEY (`iD`),
  ADD KEY `credits_ibfk_1` (`CustomerID`),
  ADD KEY `credits_ibfk_2` (`EqualitiesID`),
  ADD KEY `credits_ibfk_3` (`EmployeeID`),
  ADD KEY `credits_ibfk_5` (`CashBoxID`);

--
-- Indexes for table `currency`
--
ALTER TABLE `currency`
  ADD PRIMARY KEY (`iD`);

--
-- Indexes for table `customers`
--
ALTER TABLE `customers`
  ADD PRIMARY KEY (`iD`),
  ADD UNIQUE KEY `name` (`name`),
  ADD UNIQUE KEY `phone` (`phone`),
  ADD UNIQUE KEY `email` (`email`),
  ADD KEY `customers_ibfk_1` (`EmployeeID`),
  ADD KEY `customers_ibfk_2` (`userlevelid`);

--
-- Indexes for table `customers_contacts`
--
ALTER TABLE `customers_contacts`
  ADD PRIMARY KEY (`iD`),
  ADD KEY `customer_contact_fk` (`CustomerID`);

--
-- Indexes for table `customers_request_sizes`
--
ALTER TABLE `customers_request_sizes`
  ADD PRIMARY KEY (`iD`),
  ADD KEY `emp_si_fk` (`EmployeeID`),
  ADD KEY `customer__fk` (`CustomerID`);

--
-- Indexes for table `customers_request_sizes_details`
--
ALTER TABLE `customers_request_sizes_details`
  ADD PRIMARY KEY (`iD`),
  ADD KEY `cust_req_fk` (`CustomerReqID`),
  ADD KEY `sizes_req_fk` (`SizeID`);

--
-- Indexes for table `customs_declarations`
--
ALTER TABLE `customs_declarations`
  ADD PRIMARY KEY (`iD`),
  ADD UNIQUE KEY `number` (`number`),
  ADD KEY `customs_declarations_ibfk_1` (`EmployeeID`);

--
-- Indexes for table `customs_declarations_images`
--
ALTER TABLE `customs_declarations_images`
  ADD PRIMARY KEY (`iD`),
  ADD KEY `customs_declarations_images_ibfk_1` (`CustomsDeclarationID`);

--
-- Indexes for table `cut_requests`
--
ALTER TABLE `cut_requests`
  ADD PRIMARY KEY (`iD`),
  ADD KEY `cut_requests_ibfk_1` (`EmployeeID`),
  ADD KEY `cut_requests_ibfk_2` (`CustomerID`),
  ADD KEY `cut_requests_ibfk_3` (`ProductID`);

--
-- Indexes for table `cut_request_results`
--
ALTER TABLE `cut_request_results`
  ADD PRIMARY KEY (`iD`),
  ADD KEY `cut_request_results_ibfk_1` (`CutRequestID`),
  ADD KEY `cut_request_results_ibfk_2` (`ProductInputID`),
  ADD KEY `cut_request_results_ibfk_3` (`ProductOutputID`);

--
-- Indexes for table `dealers`
--
ALTER TABLE `dealers`
  ADD PRIMARY KEY (`iD`);

--
-- Indexes for table `dealers_emails`
--
ALTER TABLE `dealers_emails`
  ADD PRIMARY KEY (`iD`),
  ADD KEY `de_em` (`DealerID`);

--
-- Indexes for table `dealers_phones`
--
ALTER TABLE `dealers_phones`
  ADD PRIMARY KEY (`iD`),
  ADD KEY `de_ph` (`DealerID`);

--
-- Indexes for table `dealers_social`
--
ALTER TABLE `dealers_social`
  ADD PRIMARY KEY (`iD`),
  ADD KEY `DealerID` (`DealerID`);

--
-- Indexes for table `debits`
--
ALTER TABLE `debits`
  ADD PRIMARY KEY (`iD`),
  ADD KEY `debits_ibfk_1` (`CustomerID`),
  ADD KEY `debits_ibfk_2` (`EqualitiesID`),
  ADD KEY `debits_ibfk_3` (`EmployeeID`),
  ADD KEY `debits_ibfk_5` (`CashBoxID`);

--
-- Indexes for table `employees`
--
ALTER TABLE `employees`
  ADD PRIMARY KEY (`iD`),
  ADD UNIQUE KEY `name` (`name`),
  ADD UNIQUE KEY `phone` (`phone`),
  ADD UNIQUE KEY `email` (`email`),
  ADD KEY `employees_ibfk_1` (`ParentID`),
  ADD KEY `employees_ibfk_2` (`userlevelid`);

--
-- Indexes for table `equalities`
--
ALTER TABLE `equalities`
  ADD PRIMARY KEY (`iD`),
  ADD KEY `equalities_ibfk_1` (`CurrencyID`);

--
-- Indexes for table `governorates`
--
ALTER TABLE `governorates`
  ADD PRIMARY KEY (`iD`);

--
-- Indexes for table `grades`
--
ALTER TABLE `grades`
  ADD PRIMARY KEY (`iD`),
  ADD UNIQUE KEY `name` (`name`);

--
-- Indexes for table `gsms`
--
ALTER TABLE `gsms`
  ADD PRIMARY KEY (`iD`),
  ADD UNIQUE KEY `gsm` (`gsm`);

--
-- Indexes for table `home_ads_image_list`
--
ALTER TABLE `home_ads_image_list`
  ADD PRIMARY KEY (`iD`);

--
-- Indexes for table `home_image_list`
--
ALTER TABLE `home_image_list`
  ADD PRIMARY KEY (`iD`);

--
-- Indexes for table `home_image_list_action`
--
ALTER TABLE `home_image_list_action`
  ADD PRIMARY KEY (`iD`),
  ADD KEY `imhome` (`ImageID`);

--
-- Indexes for table `incomes`
--
ALTER TABLE `incomes`
  ADD PRIMARY KEY (`iD`),
  ADD KEY `incomes_ibfk_1` (`EqualitiesID`),
  ADD KEY `incomes_ibfk_2` (`NameID`),
  ADD KEY `incomes_ibfk_4` (`EmployeeID`),
  ADD KEY `incomes_ibfk_5` (`CashBoxID`);

--
-- Indexes for table `inventory`
--
ALTER TABLE `inventory`
  ADD KEY `inv_p` (`ProductID`),
  ADD KEY `inv_w` (`WarehouseID`);

--
-- Indexes for table `journal_voucher`
--
ALTER TABLE `journal_voucher`
  ADD PRIMARY KEY (`iD`),
  ADD KEY `jounra_fk_debits` (`DebitsID`),
  ADD KEY `jounra_fk_spendings` (`SpendingID`),
  ADD KEY `jounra_fk_credits` (`CreditID`),
  ADD KEY `jounra_fk_incomes` (`IncomesID`);

--
-- Indexes for table `manufactures`
--
ALTER TABLE `manufactures`
  ADD PRIMARY KEY (`iD`),
  ADD UNIQUE KEY `name` (`name`);

--
-- Indexes for table `notifications`
--
ALTER TABLE `notifications`
  ADD PRIMARY KEY (`iD`);

--
-- Indexes for table `orders`
--
ALTER TABLE `orders`
  ADD PRIMARY KEY (`iD`),
  ADD KEY `orders_ibfk_1` (`CustomerID`),
  ADD KEY `orders_ibfk_2` (`EmployeeID`),
  ADD KEY `carg_trans_prod_ord` (`CargoTransID`);

--
-- Indexes for table `orders_details`
--
ALTER TABLE `orders_details`
  ADD PRIMARY KEY (`iD`,`ProductID`,`OrderID`),
  ADD KEY `orders_details_ibfk_1` (`OrderID`),
  ADD KEY `orders_details_ibfk_2` (`ProductID`),
  ADD KEY `orders_details_ibfk_3` (`WarehouseID`);

--
-- Indexes for table `orders_refunds`
--
ALTER TABLE `orders_refunds`
  ADD PRIMARY KEY (`iD`),
  ADD KEY `orders_refunds_ibfk_1` (`OrderID`),
  ADD KEY `carg_trans_prod_ord_ref` (`CargoTransID`);

--
-- Indexes for table `order_refunds_order_details`
--
ALTER TABLE `order_refunds_order_details`
  ADD PRIMARY KEY (`iD`,`OrderRefundID`,`ProductID`,`OrderID`,`OrderDetailsID`),
  ADD KEY `order_refunds_order_details_ibfk_1` (`OrderID`),
  ADD KEY `order_refunds_order_details_ibfk_2` (`OrderRefundID`),
  ADD KEY `order_refunds_order_details_ibfk_3` (`ProductID`),
  ADD KEY `order_refunds_order_details_ibfk_4` (`WarehouseID`),
  ADD KEY `order_refunds_order_details_ibfk_5` (`OrderDetailsID`);

--
-- Indexes for table `permissions_levels`
--
ALTER TABLE `permissions_levels`
  ADD PRIMARY KEY (`iD`),
  ADD KEY `userlevelid_fk` (`userlevelid`);

--
-- Indexes for table `phones`
--
ALTER TABLE `phones`
  ADD PRIMARY KEY (`iD`),
  ADD KEY `phones_ibfk_1` (`DealersID`);

--
-- Indexes for table `phpgen_user_perms`
--
ALTER TABLE `phpgen_user_perms`
  ADD PRIMARY KEY (`user_id`,`page_name`,`perm_name`);

--
-- Indexes for table `products`
--
ALTER TABLE `products`
  ADD PRIMARY KEY (`iD`),
  ADD UNIQUE KEY `barcode` (`barcode`),
  ADD KEY `products_ibfk_1` (`ParentID`),
  ADD KEY `products_ibfk_2` (`SizeID`),
  ADD KEY `products_ibfk_3` (`GSMID`),
  ADD KEY `products_ibfk_4` (`Country_Manufacture_CompanyID`),
  ADD KEY `products_ibfk_5` (`QualityID`),
  ADD KEY `products_ibfk_6` (`GradeID`),
  ADD KEY `products_ibfk_7` (`CustomsDeclarationID`),
  ADD KEY `products_ibfk_8` (`ProductTypeID`),
  ADD KEY `products_ibfk_color` (`ProductColorID`);

--
-- Indexes for table `products_colors`
--
ALTER TABLE `products_colors`
  ADD PRIMARY KEY (`iD`);

--
-- Indexes for table `products_inputs`
--
ALTER TABLE `products_inputs`
  ADD PRIMARY KEY (`iD`),
  ADD KEY `products_inputs_ibfk_1` (`EmployeeID`),
  ADD KEY `products_inputs_ibfk_2` (`WarehouseID`),
  ADD KEY `carg_trans_prod_prin` (`CargoTransID`);

--
-- Indexes for table `products_inputs_details`
--
ALTER TABLE `products_inputs_details`
  ADD PRIMARY KEY (`iD`,`ProductID`,`ProductInputID`),
  ADD KEY `products_inputs_details_ibfk_1` (`ProductID`),
  ADD KEY `products_inputs_details_ibfk_2` (`ProductInputID`);

--
-- Indexes for table `products_outputs`
--
ALTER TABLE `products_outputs`
  ADD PRIMARY KEY (`iD`),
  ADD KEY `products_outputs_ibfk_1` (`EmployeeID`),
  ADD KEY `products_outputs_ibfk_2` (`WarehouseID`),
  ADD KEY `carg_trans_prod` (`CargoTransID`);

--
-- Indexes for table `products_outputs_details`
--
ALTER TABLE `products_outputs_details`
  ADD PRIMARY KEY (`iD`,`ProductID`,`ProductOutputID`),
  ADD KEY `products_outputs_details_1` (`ProductID`),
  ADD KEY `products_outputs_details_2` (`ProductOutputID`);

--
-- Indexes for table `products_types`
--
ALTER TABLE `products_types`
  ADD PRIMARY KEY (`iD`),
  ADD KEY `products_types_ibfk_1` (`GradeID`);

--
-- Indexes for table `purchases`
--
ALTER TABLE `purchases`
  ADD PRIMARY KEY (`iD`),
  ADD KEY `purchases_ibfk_1` (`CustomerID`),
  ADD KEY `purchases_ibfk_2` (`EmployeeID`),
  ADD KEY `carg_trans_prod_purch` (`CargoTransID`);

--
-- Indexes for table `purchases_details`
--
ALTER TABLE `purchases_details`
  ADD PRIMARY KEY (`iD`,`PurchaseID`,`ProductID`),
  ADD KEY `purchases_details_ibfk_1` (`PurchaseID`),
  ADD KEY `purchases_details_ibfk_2` (`ProductID`),
  ADD KEY `purchases_details_ibfk_3` (`WarehouseID`);

--
-- Indexes for table `purchases_refunds`
--
ALTER TABLE `purchases_refunds`
  ADD PRIMARY KEY (`iD`),
  ADD KEY `purchases_refunds_ibfk_1` (`PurchaseID`),
  ADD KEY `carg_trans_prod_purch_ref` (`CargoTransID`);

--
-- Indexes for table `purchases_refunds_purchases_details`
--
ALTER TABLE `purchases_refunds_purchases_details`
  ADD PRIMARY KEY (`iD`,`PurchaseRefundID`,`ProductID`,`PurchaseID`,`PurchaseDetailsID`),
  ADD KEY `prpd_ibfk_1` (`PurchaseID`),
  ADD KEY `prpd_ibfk_2` (`PurchaseRefundID`),
  ADD KEY `prpd_ibfk_3` (`PurchaseDetailsID`),
  ADD KEY `prpd_ibfk_4` (`ProductID`),
  ADD KEY `prpd_ibfk_5` (`WarehouseID`);

--
-- Indexes for table `qualities`
--
ALTER TABLE `qualities`
  ADD PRIMARY KEY (`iD`),
  ADD UNIQUE KEY `name` (`name`);

--
-- Indexes for table `reservation_invoice`
--
ALTER TABLE `reservation_invoice`
  ADD PRIMARY KEY (`iD`),
  ADD KEY `rev_cust_fk` (`CustomerID`),
  ADD KEY `rev_emp_fk` (`EmployeeID`);

--
-- Indexes for table `reservation_invoice_details`
--
ALTER TABLE `reservation_invoice_details`
  ADD PRIMARY KEY (`iD`),
  ADD KEY `rev_fk` (`ReservationID`),
  ADD KEY `pr_rev_fk` (`ProductID`);

--
-- Indexes for table `setting`
--
ALTER TABLE `setting`
  ADD PRIMARY KEY (`iD`);

--
-- Indexes for table `sizes`
--
ALTER TABLE `sizes`
  ADD PRIMARY KEY (`iD`);

--
-- Indexes for table `sizes_cut_requests`
--
ALTER TABLE `sizes_cut_requests`
  ADD PRIMARY KEY (`iD`,`SizeID`,`PCRID`),
  ADD KEY `sizes_cut_requests_ibfk_1` (`PCRID`),
  ADD KEY `sizes_cut_requests_ibfk_2` (`SizeID`);

--
-- Indexes for table `spendings`
--
ALTER TABLE `spendings`
  ADD PRIMARY KEY (`iD`),
  ADD KEY `spendings_ibfk_1` (`EqualitiesID`),
  ADD KEY `spendings_ibfk_2` (`NameID`),
  ADD KEY `spendings_ibfk_4` (`EmployeeID`),
  ADD KEY `spendings_ibfk_5` (`CashBoxID`);

--
-- Indexes for table `spendings_transfers`
--
ALTER TABLE `spendings_transfers`
  ADD PRIMARY KEY (`iD`,`SpendingID`,`TransferID`),
  ADD KEY `spendings_transfers_ibfk_1` (`SpendingID`),
  ADD KEY `spendings_transfers_ibfk_2` (`TransferID`);

--
-- Indexes for table `transfers`
--
ALTER TABLE `transfers`
  ADD PRIMARY KEY (`iD`),
  ADD KEY `transfers_ibfk_1` (`EmployeeID`),
  ADD KEY `transfers_ibfk_2` (`fromWarehouse`),
  ADD KEY `transfers_ibfk_3` (`toWarehouse`),
  ADD KEY `carg_trans_prod_trans` (`CargoTransID`);

--
-- Indexes for table `transfers_details`
--
ALTER TABLE `transfers_details`
  ADD PRIMARY KEY (`iD`,`TransferID`,`ProductID`),
  ADD KEY `transfers_details_ibfk_1` (`TransferID`),
  ADD KEY `transfers_details_ibfk_2` (`ProductID`);

--
-- Indexes for table `userlevels`
--
ALTER TABLE `userlevels`
  ADD PRIMARY KEY (`iD`);

--
-- Indexes for table `warehouse`
--
ALTER TABLE `warehouse`
  ADD PRIMARY KEY (`iD`);

--
-- Indexes for table `warehouse_employees`
--
ALTER TABLE `warehouse_employees`
  ADD PRIMARY KEY (`iD`,`EmployeeID`,`WarehouseID`),
  ADD KEY `warehouse_employees_ibfk_1` (`EmployeeID`),
  ADD KEY `warehouse_employees_ibfk_2` (`WarehouseID`);

--
-- AUTO_INCREMENT for dumped tables
--

--
-- AUTO_INCREMENT for table `account_names`
--
ALTER TABLE `account_names`
  MODIFY `iD` int(11) NOT NULL AUTO_INCREMENT, AUTO_INCREMENT=67;

--
-- AUTO_INCREMENT for table `account_names_types`
--
ALTER TABLE `account_names_types`
  MODIFY `iD` int(11) NOT NULL AUTO_INCREMENT, AUTO_INCREMENT=4;

--
-- AUTO_INCREMENT for table `audittrail`
--
ALTER TABLE `audittrail`
  MODIFY `id` int(11) NOT NULL AUTO_INCREMENT, AUTO_INCREMENT=15;

--
-- AUTO_INCREMENT for table `cargo_transporters`
--
ALTER TABLE `cargo_transporters`
  MODIFY `iD` int(11) NOT NULL AUTO_INCREMENT, AUTO_INCREMENT=3;

--
-- AUTO_INCREMENT for table `countries`
--
ALTER TABLE `countries`
  MODIFY `iD` int(11) NOT NULL AUTO_INCREMENT, AUTO_INCREMENT=5;

--
-- AUTO_INCREMENT for table `countries_manufactures`
--
ALTER TABLE `countries_manufactures`
  MODIFY `iD` int(11) NOT NULL AUTO_INCREMENT, AUTO_INCREMENT=5;

--
-- AUTO_INCREMENT for table `credits`
--
ALTER TABLE `credits`
  MODIFY `iD` int(11) NOT NULL AUTO_INCREMENT, AUTO_INCREMENT=1559;

--
-- AUTO_INCREMENT for table `currency`
--
ALTER TABLE `currency`
  MODIFY `iD` int(11) NOT NULL AUTO_INCREMENT, AUTO_INCREMENT=3;

--
-- AUTO_INCREMENT for table `customers`
--
ALTER TABLE `customers`
  MODIFY `iD` int(11) NOT NULL AUTO_INCREMENT, AUTO_INCREMENT=1150;

--
-- AUTO_INCREMENT for table `customers_contacts`
--
ALTER TABLE `customers_contacts`
  MODIFY `iD` int(11) NOT NULL AUTO_INCREMENT;

--
-- AUTO_INCREMENT for table `customers_request_sizes`
--
ALTER TABLE `customers_request_sizes`
  MODIFY `iD` int(11) NOT NULL AUTO_INCREMENT, AUTO_INCREMENT=11;

--
-- AUTO_INCREMENT for table `customers_request_sizes_details`
--
ALTER TABLE `customers_request_sizes_details`
  MODIFY `iD` int(11) NOT NULL AUTO_INCREMENT, AUTO_INCREMENT=14;

--
-- AUTO_INCREMENT for table `customs_declarations`
--
ALTER TABLE `customs_declarations`
  MODIFY `iD` int(11) NOT NULL AUTO_INCREMENT, AUTO_INCREMENT=30;

--
-- AUTO_INCREMENT for table `customs_declarations_images`
--
ALTER TABLE `customs_declarations_images`
  MODIFY `iD` int(11) NOT NULL AUTO_INCREMENT, AUTO_INCREMENT=31;

--
-- AUTO_INCREMENT for table `cut_requests`
--
ALTER TABLE `cut_requests`
  MODIFY `iD` int(11) NOT NULL AUTO_INCREMENT, AUTO_INCREMENT=361;

--
-- AUTO_INCREMENT for table `cut_request_results`
--
ALTER TABLE `cut_request_results`
  MODIFY `iD` int(11) NOT NULL AUTO_INCREMENT, AUTO_INCREMENT=373;

--
-- AUTO_INCREMENT for table `dealers`
--
ALTER TABLE `dealers`
  MODIFY `iD` int(11) NOT NULL AUTO_INCREMENT, AUTO_INCREMENT=2;

--
-- AUTO_INCREMENT for table `dealers_emails`
--
ALTER TABLE `dealers_emails`
  MODIFY `iD` int(11) NOT NULL AUTO_INCREMENT, AUTO_INCREMENT=3;

--
-- AUTO_INCREMENT for table `dealers_phones`
--
ALTER TABLE `dealers_phones`
  MODIFY `iD` int(11) NOT NULL AUTO_INCREMENT, AUTO_INCREMENT=4;

--
-- AUTO_INCREMENT for table `dealers_social`
--
ALTER TABLE `dealers_social`
  MODIFY `iD` int(11) NOT NULL AUTO_INCREMENT;

--
-- AUTO_INCREMENT for table `debits`
--
ALTER TABLE `debits`
  MODIFY `iD` int(11) NOT NULL AUTO_INCREMENT, AUTO_INCREMENT=390;

--
-- AUTO_INCREMENT for table `employees`
--
ALTER TABLE `employees`
  MODIFY `iD` int(11) NOT NULL AUTO_INCREMENT, AUTO_INCREMENT=32;

--
-- AUTO_INCREMENT for table `equalities`
--
ALTER TABLE `equalities`
  MODIFY `iD` int(11) NOT NULL AUTO_INCREMENT, AUTO_INCREMENT=1452;

--
-- AUTO_INCREMENT for table `governorates`
--
ALTER TABLE `governorates`
  MODIFY `iD` int(11) NOT NULL AUTO_INCREMENT, AUTO_INCREMENT=4;

--
-- AUTO_INCREMENT for table `grades`
--
ALTER TABLE `grades`
  MODIFY `iD` int(11) NOT NULL AUTO_INCREMENT, AUTO_INCREMENT=34;

--
-- AUTO_INCREMENT for table `gsms`
--
ALTER TABLE `gsms`
  MODIFY `iD` int(11) NOT NULL AUTO_INCREMENT, AUTO_INCREMENT=87;

--
-- AUTO_INCREMENT for table `home_ads_image_list`
--
ALTER TABLE `home_ads_image_list`
  MODIFY `iD` int(11) NOT NULL AUTO_INCREMENT, AUTO_INCREMENT=2;

--
-- AUTO_INCREMENT for table `home_image_list`
--
ALTER TABLE `home_image_list`
  MODIFY `iD` int(11) NOT NULL AUTO_INCREMENT;

--
-- AUTO_INCREMENT for table `home_image_list_action`
--
ALTER TABLE `home_image_list_action`
  MODIFY `iD` int(11) NOT NULL AUTO_INCREMENT;

--
-- AUTO_INCREMENT for table `incomes`
--
ALTER TABLE `incomes`
  MODIFY `iD` int(11) NOT NULL AUTO_INCREMENT, AUTO_INCREMENT=172;

--
-- AUTO_INCREMENT for table `journal_voucher`
--
ALTER TABLE `journal_voucher`
  MODIFY `iD` int(11) NOT NULL AUTO_INCREMENT, AUTO_INCREMENT=255;

--
-- AUTO_INCREMENT for table `manufactures`
--
ALTER TABLE `manufactures`
  MODIFY `iD` int(11) NOT NULL AUTO_INCREMENT, AUTO_INCREMENT=5;

--
-- AUTO_INCREMENT for table `notifications`
--
ALTER TABLE `notifications`
  MODIFY `iD` int(11) NOT NULL AUTO_INCREMENT, AUTO_INCREMENT=7;

--
-- AUTO_INCREMENT for table `orders`
--
ALTER TABLE `orders`
  MODIFY `iD` int(11) NOT NULL AUTO_INCREMENT, AUTO_INCREMENT=871;

--
-- AUTO_INCREMENT for table `orders_details`
--
ALTER TABLE `orders_details`
  MODIFY `iD` int(11) NOT NULL AUTO_INCREMENT, AUTO_INCREMENT=1925;

--
-- AUTO_INCREMENT for table `orders_refunds`
--
ALTER TABLE `orders_refunds`
  MODIFY `iD` int(11) NOT NULL AUTO_INCREMENT, AUTO_INCREMENT=16;

--
-- AUTO_INCREMENT for table `order_refunds_order_details`
--
ALTER TABLE `order_refunds_order_details`
  MODIFY `iD` int(11) NOT NULL AUTO_INCREMENT, AUTO_INCREMENT=20;

--
-- AUTO_INCREMENT for table `permissions_levels`
--
ALTER TABLE `permissions_levels`
  MODIFY `iD` smallint(6) NOT NULL AUTO_INCREMENT, AUTO_INCREMENT=991;

--
-- AUTO_INCREMENT for table `phones`
--
ALTER TABLE `phones`
  MODIFY `iD` int(11) NOT NULL AUTO_INCREMENT;

--
-- AUTO_INCREMENT for table `products`
--
ALTER TABLE `products`
  MODIFY `iD` int(11) NOT NULL AUTO_INCREMENT, AUTO_INCREMENT=2853;

--
-- AUTO_INCREMENT for table `products_colors`
--
ALTER TABLE `products_colors`
  MODIFY `iD` int(11) NOT NULL AUTO_INCREMENT, AUTO_INCREMENT=2;

--
-- AUTO_INCREMENT for table `products_inputs`
--
ALTER TABLE `products_inputs`
  MODIFY `iD` int(11) NOT NULL AUTO_INCREMENT, AUTO_INCREMENT=404;

--
-- AUTO_INCREMENT for table `products_inputs_details`
--
ALTER TABLE `products_inputs_details`
  MODIFY `iD` int(11) NOT NULL AUTO_INCREMENT, AUTO_INCREMENT=1427;

--
-- AUTO_INCREMENT for table `products_outputs`
--
ALTER TABLE `products_outputs`
  MODIFY `iD` int(11) NOT NULL AUTO_INCREMENT, AUTO_INCREMENT=398;

--
-- AUTO_INCREMENT for table `products_outputs_details`
--
ALTER TABLE `products_outputs_details`
  MODIFY `iD` int(11) NOT NULL AUTO_INCREMENT, AUTO_INCREMENT=463;

--
-- AUTO_INCREMENT for table `products_types`
--
ALTER TABLE `products_types`
  MODIFY `iD` int(11) NOT NULL AUTO_INCREMENT, AUTO_INCREMENT=50;

--
-- AUTO_INCREMENT for table `purchases`
--
ALTER TABLE `purchases`
  MODIFY `iD` int(11) NOT NULL AUTO_INCREMENT, AUTO_INCREMENT=87;

--
-- AUTO_INCREMENT for table `purchases_details`
--
ALTER TABLE `purchases_details`
  MODIFY `iD` int(11) NOT NULL AUTO_INCREMENT, AUTO_INCREMENT=4757;

--
-- AUTO_INCREMENT for table `purchases_refunds`
--
ALTER TABLE `purchases_refunds`
  MODIFY `iD` int(11) NOT NULL AUTO_INCREMENT;

--
-- AUTO_INCREMENT for table `purchases_refunds_purchases_details`
--
ALTER TABLE `purchases_refunds_purchases_details`
  MODIFY `iD` int(11) NOT NULL AUTO_INCREMENT;

--
-- AUTO_INCREMENT for table `qualities`
--
ALTER TABLE `qualities`
  MODIFY `iD` int(11) NOT NULL AUTO_INCREMENT, AUTO_INCREMENT=225;

--
-- AUTO_INCREMENT for table `reservation_invoice`
--
ALTER TABLE `reservation_invoice`
  MODIFY `iD` int(11) NOT NULL AUTO_INCREMENT, AUTO_INCREMENT=24;

--
-- AUTO_INCREMENT for table `reservation_invoice_details`
--
ALTER TABLE `reservation_invoice_details`
  MODIFY `iD` int(11) NOT NULL AUTO_INCREMENT, AUTO_INCREMENT=54;

--
-- AUTO_INCREMENT for table `setting`
--
ALTER TABLE `setting`
  MODIFY `iD` int(11) NOT NULL AUTO_INCREMENT, AUTO_INCREMENT=2;

--
-- AUTO_INCREMENT for table `sizes`
--
ALTER TABLE `sizes`
  MODIFY `iD` int(11) NOT NULL AUTO_INCREMENT, AUTO_INCREMENT=1549;

--
-- AUTO_INCREMENT for table `sizes_cut_requests`
--
ALTER TABLE `sizes_cut_requests`
  MODIFY `iD` int(11) NOT NULL AUTO_INCREMENT, AUTO_INCREMENT=395;

--
-- AUTO_INCREMENT for table `spendings`
--
ALTER TABLE `spendings`
  MODIFY `iD` int(11) NOT NULL AUTO_INCREMENT, AUTO_INCREMENT=448;

--
-- AUTO_INCREMENT for table `spendings_transfers`
--
ALTER TABLE `spendings_transfers`
  MODIFY `iD` int(11) NOT NULL AUTO_INCREMENT;

--
-- AUTO_INCREMENT for table `transfers`
--
ALTER TABLE `transfers`
  MODIFY `iD` int(11) NOT NULL AUTO_INCREMENT, AUTO_INCREMENT=42;

--
-- AUTO_INCREMENT for table `transfers_details`
--
ALTER TABLE `transfers_details`
  MODIFY `iD` int(11) NOT NULL AUTO_INCREMENT, AUTO_INCREMENT=49;

--
-- AUTO_INCREMENT for table `warehouse`
--
ALTER TABLE `warehouse`
  MODIFY `iD` int(11) NOT NULL AUTO_INCREMENT, AUTO_INCREMENT=4;

--
-- AUTO_INCREMENT for table `warehouse_employees`
--
ALTER TABLE `warehouse_employees`
  MODIFY `iD` int(11) NOT NULL AUTO_INCREMENT, AUTO_INCREMENT=29;

--
-- Constraints for dumped tables
--

--
-- Constraints for table `account_names`
--
ALTER TABLE `account_names`
  ADD CONSTRAINT `account_names_fk_1` FOREIGN KEY (`TypeID`) REFERENCES `account_names_types` (`iD`) ON DELETE SET NULL ON UPDATE CASCADE;

--
-- Constraints for table `cargo_transporters`
--
ALTER TABLE `cargo_transporters`
  ADD CONSTRAINT `gover_carg_trans` FOREIGN KEY (`GovernorateID`) REFERENCES `governorates` (`iD`) ON DELETE NO ACTION ON UPDATE NO ACTION;

--
-- Constraints for table `countries_manufactures`
--
ALTER TABLE `countries_manufactures`
  ADD CONSTRAINT `countries_manufactures_ibfk_1` FOREIGN KEY (`CountryID`) REFERENCES `countries` (`iD`),
  ADD CONSTRAINT `countries_manufactures_ibfk_2` FOREIGN KEY (`ManufactureID`) REFERENCES `manufactures` (`iD`);

--
-- Constraints for table `credits`
--
ALTER TABLE `credits`
  ADD CONSTRAINT `credits_ibfk_1` FOREIGN KEY (`CustomerID`) REFERENCES `customers` (`iD`),
  ADD CONSTRAINT `credits_ibfk_2` FOREIGN KEY (`EqualitiesID`) REFERENCES `equalities` (`iD`),
  ADD CONSTRAINT `credits_ibfk_3` FOREIGN KEY (`EmployeeID`) REFERENCES `employees` (`iD`),
  ADD CONSTRAINT `credits_ibfk_5` FOREIGN KEY (`CashBoxID`) REFERENCES `warehouse` (`iD`);

--
-- Constraints for table `customers`
--
ALTER TABLE `customers`
  ADD CONSTRAINT `customers_ibfk_1` FOREIGN KEY (`EmployeeID`) REFERENCES `employees` (`iD`) ON DELETE SET NULL ON UPDATE SET NULL,
  ADD CONSTRAINT `customers_ibfk_2` FOREIGN KEY (`userlevelid`) REFERENCES `userlevels` (`iD`);

--
-- Constraints for table `customers_contacts`
--
ALTER TABLE `customers_contacts`
  ADD CONSTRAINT `customer_contact_fk` FOREIGN KEY (`CustomerID`) REFERENCES `customers` (`iD`);

--
-- Constraints for table `customers_request_sizes`
--
ALTER TABLE `customers_request_sizes`
  ADD CONSTRAINT `customer__fk` FOREIGN KEY (`CustomerID`) REFERENCES `customers` (`iD`),
  ADD CONSTRAINT `emp_si_fk` FOREIGN KEY (`EmployeeID`) REFERENCES `employees` (`iD`);

--
-- Constraints for table `customers_request_sizes_details`
--
ALTER TABLE `customers_request_sizes_details`
  ADD CONSTRAINT `cust_req_fk` FOREIGN KEY (`CustomerReqID`) REFERENCES `customers_request_sizes` (`iD`) ON DELETE CASCADE ON UPDATE CASCADE,
  ADD CONSTRAINT `sizes_req_fk` FOREIGN KEY (`SizeID`) REFERENCES `sizes` (`iD`);

--
-- Constraints for table `customs_declarations`
--
ALTER TABLE `customs_declarations`
  ADD CONSTRAINT `customs_declarations_ibfk_1` FOREIGN KEY (`EmployeeID`) REFERENCES `employees` (`iD`);

--
-- Constraints for table `customs_declarations_images`
--
ALTER TABLE `customs_declarations_images`
  ADD CONSTRAINT `customs_declarations_images_ibfk_1` FOREIGN KEY (`CustomsDeclarationID`) REFERENCES `customs_declarations` (`iD`) ON DELETE CASCADE ON UPDATE CASCADE;

--
-- Constraints for table `cut_requests`
--
ALTER TABLE `cut_requests`
  ADD CONSTRAINT `cut_requests_ibfk_1` FOREIGN KEY (`EmployeeID`) REFERENCES `employees` (`iD`) ON DELETE SET NULL ON UPDATE SET NULL,
  ADD CONSTRAINT `cut_requests_ibfk_2` FOREIGN KEY (`CustomerID`) REFERENCES `customers` (`iD`) ON DELETE SET NULL ON UPDATE SET NULL,
  ADD CONSTRAINT `cut_requests_ibfk_3` FOREIGN KEY (`ProductID`) REFERENCES `products` (`iD`);

--
-- Constraints for table `cut_request_results`
--
ALTER TABLE `cut_request_results`
  ADD CONSTRAINT `cut_request_results_ibfk_1` FOREIGN KEY (`CutRequestID`) REFERENCES `cut_requests` (`iD`),
  ADD CONSTRAINT `cut_request_results_ibfk_2` FOREIGN KEY (`ProductInputID`) REFERENCES `products_inputs` (`iD`) ON DELETE CASCADE ON UPDATE NO ACTION,
  ADD CONSTRAINT `cut_request_results_ibfk_3` FOREIGN KEY (`ProductOutputID`) REFERENCES `products_outputs` (`iD`) ON DELETE CASCADE ON UPDATE NO ACTION;

--
-- Constraints for table `dealers_emails`
--
ALTER TABLE `dealers_emails`
  ADD CONSTRAINT `de_em` FOREIGN KEY (`DealerID`) REFERENCES `dealers` (`iD`) ON DELETE CASCADE ON UPDATE CASCADE;

--
-- Constraints for table `dealers_phones`
--
ALTER TABLE `dealers_phones`
  ADD CONSTRAINT `de_ph` FOREIGN KEY (`DealerID`) REFERENCES `dealers` (`iD`) ON DELETE CASCADE ON UPDATE CASCADE;

--
-- Constraints for table `dealers_social`
--
ALTER TABLE `dealers_social`
  ADD CONSTRAINT `dealers_social_ibfk_1` FOREIGN KEY (`DealerID`) REFERENCES `dealers` (`iD`) ON DELETE CASCADE ON UPDATE CASCADE;

--
-- Constraints for table `debits`
--
ALTER TABLE `debits`
  ADD CONSTRAINT `debits_ibfk_1` FOREIGN KEY (`CustomerID`) REFERENCES `customers` (`iD`),
  ADD CONSTRAINT `debits_ibfk_2` FOREIGN KEY (`EqualitiesID`) REFERENCES `equalities` (`iD`),
  ADD CONSTRAINT `debits_ibfk_3` FOREIGN KEY (`EmployeeID`) REFERENCES `employees` (`iD`),
  ADD CONSTRAINT `debits_ibfk_5` FOREIGN KEY (`CashBoxID`) REFERENCES `warehouse` (`iD`);

--
-- Constraints for table `employees`
--
ALTER TABLE `employees`
  ADD CONSTRAINT `employees_ibfk_1` FOREIGN KEY (`ParentID`) REFERENCES `employees` (`iD`) ON DELETE SET NULL ON UPDATE SET NULL,
  ADD CONSTRAINT `employees_ibfk_2` FOREIGN KEY (`userlevelid`) REFERENCES `userlevels` (`iD`);

--
-- Constraints for table `equalities`
--
ALTER TABLE `equalities`
  ADD CONSTRAINT `equalities_ibfk_1` FOREIGN KEY (`CurrencyID`) REFERENCES `currency` (`iD`);

--
-- Constraints for table `home_image_list_action`
--
ALTER TABLE `home_image_list_action`
  ADD CONSTRAINT `imhome` FOREIGN KEY (`ImageID`) REFERENCES `home_image_list` (`iD`) ON DELETE CASCADE ON UPDATE NO ACTION;

--
-- Constraints for table `incomes`
--
ALTER TABLE `incomes`
  ADD CONSTRAINT `incomes_ibfk_1` FOREIGN KEY (`EqualitiesID`) REFERENCES `equalities` (`iD`),
  ADD CONSTRAINT `incomes_ibfk_2` FOREIGN KEY (`NameID`) REFERENCES `account_names` (`iD`),
  ADD CONSTRAINT `incomes_ibfk_4` FOREIGN KEY (`EmployeeID`) REFERENCES `employees` (`iD`),
  ADD CONSTRAINT `incomes_ibfk_5` FOREIGN KEY (`CashBoxID`) REFERENCES `warehouse` (`iD`);

--
-- Constraints for table `inventory`
--
ALTER TABLE `inventory`
  ADD CONSTRAINT `inv_p` FOREIGN KEY (`ProductID`) REFERENCES `products` (`iD`),
  ADD CONSTRAINT `inv_w` FOREIGN KEY (`WarehouseID`) REFERENCES `warehouse` (`iD`);

--
-- Constraints for table `journal_voucher`
--
ALTER TABLE `journal_voucher`
  ADD CONSTRAINT `jounra_fk_credits` FOREIGN KEY (`CreditID`) REFERENCES `credits` (`iD`) ON DELETE CASCADE,
  ADD CONSTRAINT `jounra_fk_debits` FOREIGN KEY (`DebitsID`) REFERENCES `debits` (`iD`) ON DELETE CASCADE,
  ADD CONSTRAINT `jounra_fk_incomes` FOREIGN KEY (`IncomesID`) REFERENCES `incomes` (`iD`) ON DELETE CASCADE,
  ADD CONSTRAINT `jounra_fk_spendings` FOREIGN KEY (`SpendingID`) REFERENCES `spendings` (`iD`) ON DELETE CASCADE;

--
-- Constraints for table `orders`
--
ALTER TABLE `orders`
  ADD CONSTRAINT `carg_trans_prod_ord` FOREIGN KEY (`CargoTransID`) REFERENCES `cargo_transporters` (`iD`) ON DELETE NO ACTION ON UPDATE NO ACTION,
  ADD CONSTRAINT `orders_ibfk_1` FOREIGN KEY (`CustomerID`) REFERENCES `customers` (`iD`),
  ADD CONSTRAINT `orders_ibfk_2` FOREIGN KEY (`EmployeeID`) REFERENCES `employees` (`iD`);

--
-- Constraints for table `orders_details`
--
ALTER TABLE `orders_details`
  ADD CONSTRAINT `orders_details_ibfk_1` FOREIGN KEY (`OrderID`) REFERENCES `orders` (`iD`) ON DELETE CASCADE ON UPDATE CASCADE,
  ADD CONSTRAINT `orders_details_ibfk_2` FOREIGN KEY (`ProductID`) REFERENCES `products` (`iD`),
  ADD CONSTRAINT `orders_details_ibfk_3` FOREIGN KEY (`WarehouseID`) REFERENCES `warehouse` (`iD`);

--
-- Constraints for table `orders_refunds`
--
ALTER TABLE `orders_refunds`
  ADD CONSTRAINT `carg_trans_prod_ord_ref` FOREIGN KEY (`CargoTransID`) REFERENCES `cargo_transporters` (`iD`) ON DELETE NO ACTION ON UPDATE NO ACTION,
  ADD CONSTRAINT `orders_refunds_ibfk_1` FOREIGN KEY (`OrderID`) REFERENCES `orders` (`iD`) ON DELETE CASCADE ON UPDATE CASCADE;

--
-- Constraints for table `order_refunds_order_details`
--
ALTER TABLE `order_refunds_order_details`
  ADD CONSTRAINT `order_refunds_order_details_ibfk_1` FOREIGN KEY (`OrderID`) REFERENCES `orders` (`iD`) ON DELETE CASCADE ON UPDATE CASCADE,
  ADD CONSTRAINT `order_refunds_order_details_ibfk_2` FOREIGN KEY (`OrderRefundID`) REFERENCES `orders_refunds` (`iD`) ON DELETE CASCADE ON UPDATE CASCADE,
  ADD CONSTRAINT `order_refunds_order_details_ibfk_3` FOREIGN KEY (`ProductID`) REFERENCES `products` (`iD`),
  ADD CONSTRAINT `order_refunds_order_details_ibfk_4` FOREIGN KEY (`WarehouseID`) REFERENCES `warehouse` (`iD`),
  ADD CONSTRAINT `order_refunds_order_details_ibfk_5` FOREIGN KEY (`OrderDetailsID`) REFERENCES `orders_details` (`iD`) ON DELETE CASCADE ON UPDATE CASCADE;

--
-- Constraints for table `permissions_levels`
--
ALTER TABLE `permissions_levels`
  ADD CONSTRAINT `userlevelid_fk` FOREIGN KEY (`userlevelid`) REFERENCES `userlevels` (`iD`);

--
-- Constraints for table `phones`
--
ALTER TABLE `phones`
  ADD CONSTRAINT `phones_ibfk_1` FOREIGN KEY (`DealersID`) REFERENCES `dealers` (`iD`);

--
-- Constraints for table `products`
--
ALTER TABLE `products`
  ADD CONSTRAINT `products_ibfk_1` FOREIGN KEY (`ParentID`) REFERENCES `products` (`iD`) ON DELETE SET NULL ON UPDATE SET NULL,
  ADD CONSTRAINT `products_ibfk_2` FOREIGN KEY (`SizeID`) REFERENCES `sizes` (`iD`),
  ADD CONSTRAINT `products_ibfk_3` FOREIGN KEY (`GSMID`) REFERENCES `gsms` (`iD`),
  ADD CONSTRAINT `products_ibfk_4` FOREIGN KEY (`Country_Manufacture_CompanyID`) REFERENCES `countries_manufactures` (`iD`),
  ADD CONSTRAINT `products_ibfk_5` FOREIGN KEY (`QualityID`) REFERENCES `qualities` (`iD`),
  ADD CONSTRAINT `products_ibfk_6` FOREIGN KEY (`GradeID`) REFERENCES `grades` (`iD`),
  ADD CONSTRAINT `products_ibfk_7` FOREIGN KEY (`CustomsDeclarationID`) REFERENCES `customs_declarations` (`iD`) ON DELETE SET NULL ON UPDATE SET NULL,
  ADD CONSTRAINT `products_ibfk_8` FOREIGN KEY (`ProductTypeID`) REFERENCES `products_types` (`iD`),
  ADD CONSTRAINT `products_ibfk_color` FOREIGN KEY (`ProductColorID`) REFERENCES `products_colors` (`iD`) ON DELETE NO ACTION ON UPDATE NO ACTION;

--
-- Constraints for table `products_inputs`
--
ALTER TABLE `products_inputs`
  ADD CONSTRAINT `carg_trans_prod_prin` FOREIGN KEY (`CargoTransID`) REFERENCES `cargo_transporters` (`iD`) ON DELETE NO ACTION ON UPDATE NO ACTION,
  ADD CONSTRAINT `products_inputs_ibfk_1` FOREIGN KEY (`EmployeeID`) REFERENCES `employees` (`iD`),
  ADD CONSTRAINT `products_inputs_ibfk_2` FOREIGN KEY (`WarehouseID`) REFERENCES `warehouse` (`iD`);

--
-- Constraints for table `products_inputs_details`
--
ALTER TABLE `products_inputs_details`
  ADD CONSTRAINT `products_inputs_details_ibfk_1` FOREIGN KEY (`ProductID`) REFERENCES `products` (`iD`),
  ADD CONSTRAINT `products_inputs_details_ibfk_2` FOREIGN KEY (`ProductInputID`) REFERENCES `products_inputs` (`iD`) ON DELETE CASCADE ON UPDATE CASCADE;

--
-- Constraints for table `products_outputs`
--
ALTER TABLE `products_outputs`
  ADD CONSTRAINT `carg_trans_prod` FOREIGN KEY (`CargoTransID`) REFERENCES `cargo_transporters` (`iD`) ON DELETE NO ACTION ON UPDATE NO ACTION,
  ADD CONSTRAINT `products_outputs_ibfk_1` FOREIGN KEY (`EmployeeID`) REFERENCES `employees` (`iD`),
  ADD CONSTRAINT `products_outputs_ibfk_2` FOREIGN KEY (`WarehouseID`) REFERENCES `warehouse` (`iD`);

--
-- Constraints for table `products_outputs_details`
--
ALTER TABLE `products_outputs_details`
  ADD CONSTRAINT `products_outputs_details_1` FOREIGN KEY (`ProductID`) REFERENCES `products` (`iD`),
  ADD CONSTRAINT `products_outputs_details_2` FOREIGN KEY (`ProductOutputID`) REFERENCES `products_outputs` (`iD`) ON DELETE CASCADE ON UPDATE CASCADE;

--
-- Constraints for table `products_types`
--
ALTER TABLE `products_types`
  ADD CONSTRAINT `products_types_ibfk_1` FOREIGN KEY (`GradeID`) REFERENCES `grades` (`iD`);

--
-- Constraints for table `purchases`
--
ALTER TABLE `purchases`
  ADD CONSTRAINT `carg_trans_prod_purch` FOREIGN KEY (`CargoTransID`) REFERENCES `cargo_transporters` (`iD`) ON DELETE NO ACTION ON UPDATE NO ACTION,
  ADD CONSTRAINT `purchases_ibfk_1` FOREIGN KEY (`CustomerID`) REFERENCES `customers` (`iD`),
  ADD CONSTRAINT `purchases_ibfk_2` FOREIGN KEY (`EmployeeID`) REFERENCES `employees` (`iD`);

--
-- Constraints for table `purchases_details`
--
ALTER TABLE `purchases_details`
  ADD CONSTRAINT `purchases_details_ibfk_1` FOREIGN KEY (`PurchaseID`) REFERENCES `purchases` (`iD`) ON DELETE CASCADE ON UPDATE CASCADE,
  ADD CONSTRAINT `purchases_details_ibfk_2` FOREIGN KEY (`ProductID`) REFERENCES `products` (`iD`),
  ADD CONSTRAINT `purchases_details_ibfk_3` FOREIGN KEY (`WarehouseID`) REFERENCES `warehouse` (`iD`);

--
-- Constraints for table `purchases_refunds`
--
ALTER TABLE `purchases_refunds`
  ADD CONSTRAINT `carg_trans_prod_purch_ref` FOREIGN KEY (`CargoTransID`) REFERENCES `cargo_transporters` (`iD`) ON DELETE NO ACTION ON UPDATE NO ACTION,
  ADD CONSTRAINT `purchases_refunds_ibfk_1` FOREIGN KEY (`PurchaseID`) REFERENCES `purchases` (`iD`) ON DELETE CASCADE ON UPDATE CASCADE;

--
-- Constraints for table `purchases_refunds_purchases_details`
--
ALTER TABLE `purchases_refunds_purchases_details`
  ADD CONSTRAINT `prpd_ibfk_1` FOREIGN KEY (`PurchaseID`) REFERENCES `purchases` (`iD`) ON DELETE CASCADE ON UPDATE CASCADE,
  ADD CONSTRAINT `prpd_ibfk_2` FOREIGN KEY (`PurchaseRefundID`) REFERENCES `purchases_refunds` (`iD`) ON DELETE CASCADE ON UPDATE CASCADE,
  ADD CONSTRAINT `prpd_ibfk_3` FOREIGN KEY (`PurchaseDetailsID`) REFERENCES `purchases_details` (`iD`) ON DELETE CASCADE ON UPDATE CASCADE,
  ADD CONSTRAINT `prpd_ibfk_4` FOREIGN KEY (`ProductID`) REFERENCES `products` (`iD`),
  ADD CONSTRAINT `prpd_ibfk_5` FOREIGN KEY (`WarehouseID`) REFERENCES `warehouse` (`iD`);

--
-- Constraints for table `reservation_invoice`
--
ALTER TABLE `reservation_invoice`
  ADD CONSTRAINT `rev_cust_fk` FOREIGN KEY (`CustomerID`) REFERENCES `customers` (`iD`),
  ADD CONSTRAINT `rev_emp_fk` FOREIGN KEY (`EmployeeID`) REFERENCES `employees` (`iD`);

--
-- Constraints for table `reservation_invoice_details`
--
ALTER TABLE `reservation_invoice_details`
  ADD CONSTRAINT `pr_rev_fk` FOREIGN KEY (`ProductID`) REFERENCES `products` (`iD`),
  ADD CONSTRAINT `rev_fk` FOREIGN KEY (`ReservationID`) REFERENCES `reservation_invoice` (`iD`) ON DELETE CASCADE ON UPDATE CASCADE;

--
-- Constraints for table `sizes_cut_requests`
--
ALTER TABLE `sizes_cut_requests`
  ADD CONSTRAINT `sizes_cut_requests_ibfk_1` FOREIGN KEY (`PCRID`) REFERENCES `cut_requests` (`iD`) ON DELETE CASCADE ON UPDATE CASCADE,
  ADD CONSTRAINT `sizes_cut_requests_ibfk_2` FOREIGN KEY (`SizeID`) REFERENCES `sizes` (`iD`);

--
-- Constraints for table `spendings`
--
ALTER TABLE `spendings`
  ADD CONSTRAINT `spendings_ibfk_1` FOREIGN KEY (`EqualitiesID`) REFERENCES `equalities` (`iD`),
  ADD CONSTRAINT `spendings_ibfk_2` FOREIGN KEY (`NameID`) REFERENCES `account_names` (`iD`),
  ADD CONSTRAINT `spendings_ibfk_4` FOREIGN KEY (`EmployeeID`) REFERENCES `employees` (`iD`),
  ADD CONSTRAINT `spendings_ibfk_5` FOREIGN KEY (`CashBoxID`) REFERENCES `warehouse` (`iD`);

--
-- Constraints for table `spendings_transfers`
--
ALTER TABLE `spendings_transfers`
  ADD CONSTRAINT `spendings_transfers_ibfk_1` FOREIGN KEY (`SpendingID`) REFERENCES `spendings` (`iD`) ON DELETE CASCADE ON UPDATE CASCADE,
  ADD CONSTRAINT `spendings_transfers_ibfk_2` FOREIGN KEY (`TransferID`) REFERENCES `transfers` (`iD`) ON DELETE CASCADE ON UPDATE CASCADE;

--
-- Constraints for table `transfers`
--
ALTER TABLE `transfers`
  ADD CONSTRAINT `carg_trans_prod_trans` FOREIGN KEY (`CargoTransID`) REFERENCES `cargo_transporters` (`iD`) ON DELETE NO ACTION ON UPDATE NO ACTION,
  ADD CONSTRAINT `transfers_ibfk_1` FOREIGN KEY (`EmployeeID`) REFERENCES `employees` (`iD`),
  ADD CONSTRAINT `transfers_ibfk_2` FOREIGN KEY (`fromWarehouse`) REFERENCES `warehouse` (`iD`),
  ADD CONSTRAINT `transfers_ibfk_3` FOREIGN KEY (`toWarehouse`) REFERENCES `warehouse` (`iD`);

--
-- Constraints for table `transfers_details`
--
ALTER TABLE `transfers_details`
  ADD CONSTRAINT `transfers_details_ibfk_1` FOREIGN KEY (`TransferID`) REFERENCES `transfers` (`iD`) ON DELETE CASCADE ON UPDATE CASCADE,
  ADD CONSTRAINT `transfers_details_ibfk_2` FOREIGN KEY (`ProductID`) REFERENCES `products` (`iD`);

--
-- Constraints for table `warehouse_employees`
--
ALTER TABLE `warehouse_employees`
  ADD CONSTRAINT `warehouse_employees_ibfk_1` FOREIGN KEY (`EmployeeID`) REFERENCES `employees` (`iD`) ON DELETE CASCADE ON UPDATE CASCADE,
  ADD CONSTRAINT `warehouse_employees_ibfk_2` FOREIGN KEY (`WarehouseID`) REFERENCES `warehouse` (`iD`);
COMMIT;

/*!40101 SET CHARACTER_SET_CLIENT=@OLD_CHARACTER_SET_CLIENT */;
/*!40101 SET CHARACTER_SET_RESULTS=@OLD_CHARACTER_SET_RESULTS */;
/*!40101 SET COLLATION_CONNECTION=@OLD_COLLATION_CONNECTION */;
