CREATE DATABASE IF NOT EXISTS `saffoury_paper`;

USE `saffoury_paper`;

SET foreign_key_checks = 0;

DROP TABLE IF EXISTS `account_names`;

CREATE TABLE `account_names` (
  `iD` int(11) NOT NULL AUTO_INCREMENT,
  `TypeID` int(11) DEFAULT NULL,
  `name` varchar(50) NOT NULL,
  PRIMARY KEY (`iD`),
  UNIQUE KEY `name` (`name`),
  KEY `account_names_fk_1` (`TypeID`),
  CONSTRAINT `account_names_fk_1` FOREIGN KEY (`TypeID`) REFERENCES `account_names_types` (`iD`) ON DELETE SET NULL ON UPDATE CASCADE
) ENGINE=InnoDB AUTO_INCREMENT=67 DEFAULT CHARSET=utf8 COLLATE=utf8_general_ci;

INSERT INTO `account_names` VALUES (1,NULL,"مصاريف صيانة"),
(2,NULL,"TEST2"),
(3,NULL,"TEST3"),
(4,NULL,"TEST4"),
(5,NULL,"TEST5"),
(6,NULL,"TEST6"),
(7,NULL,"TEST7"),
(8,NULL,"TEST8"),
(9,NULL,"TEST9"),
(10,NULL,"TEST10"),
(11,NULL,"TEST11"),
(12,NULL,"TEST12"),
(13,NULL,"21 صيانة"),
(14,NULL,"Test 1"),
(16,NULL,"Currency"),
(21,NULL,"toto"),
(22,NULL,"soso"),
(23,NULL,"hfk"),
(24,NULL,"رواتب"),
(25,NULL,"fuxj you"),
(26,NULL,"asum"),
(27,NULL,"زكاة"),
(28,NULL,"مصاريف هاتف"),
(29,NULL,"مصاريف منزل"),
(30,NULL,"ابو يزن"),
(32,NULL,"اكرم مدخنه (مستودع)"),
(33,NULL,"اكراميات"),
(34,NULL,"للتذكرة"),
(35,NULL,"مصاريف مكتب"),
(36,NULL,"سامر بهلول"),
(37,NULL,"ايردات"),
(38,NULL,"يزن الصفوري"),
(39,NULL,"تسوية الصندوق"),
(40,NULL,"ى"),
(41,NULL,"ينيهي"),
(42,NULL,"يزينب"),
(43,NULL,"اجور نقل"),
(44,NULL,"حبر للطابعة"),
(45,NULL,"امجد دين"),
(46,NULL,"مستلزمات الطابعة"),
(47,NULL,"شراء طابعة"),
(48,NULL,"مصاريف مكتب ماء مقطرة"),
(49,NULL,"سلف موظفين"),
(50,NULL,"مصاريف قص"),
(51,NULL,"مصاريف سجل"),
(52,NULL,"مصاريف بانزين"),
(53,NULL,"قصي الصفوري"),
(54,NULL,"نسبة نور الدين"),
(55,NULL,"يزن مسحوبات شخصي"),
(56,NULL,"نور دين قوصيني"),
(57,NULL,"اكرامية"),
(58,NULL,"زكاة بيدالاستاذ قصي"),
(59,NULL,"زكاة جمعية"),
(60,NULL,"مصاريف اجرة ستافه"),
(61,NULL,"سلفه لامجد"),
(62,NULL,"سلفه يحيى"),
(63,NULL,"مصاريف سجل التجاري"),
(64,NULL,"مصاريف بيت ومكتب"),
(65,NULL,"Chin one paper Co"),
(66,NULL,"حسام اليوسف");


DROP TABLE IF EXISTS `account_names_types`;

CREATE TABLE `account_names_types` (
  `iD` int(11) NOT NULL AUTO_INCREMENT,
  `type` varchar(255) NOT NULL,
  `typeAr` varchar(255) NOT NULL,
  PRIMARY KEY (`iD`),
  UNIQUE KEY `type` (`type`),
  UNIQUE KEY `typeAr` (`typeAr`)
) ENGINE=InnoDB AUTO_INCREMENT=4 DEFAULT CHARSET=utf8 COLLATE=utf8_general_ci;

INSERT INTO `account_names_types` VALUES (1,"CURRENCY","عملات"),
(2,"DISCCOUNT","خصومات"),
(3,"NONE","لاشيئ");


DROP TABLE IF EXISTS `audittrail`;

CREATE TABLE `audittrail` (
  `id` int(11) NOT NULL AUTO_INCREMENT,
  `datetime` datetime NOT NULL,
  `script` varchar(80) DEFAULT NULL,
  `user` varchar(80) DEFAULT NULL,
  `action` varchar(80) DEFAULT NULL,
  `table` varchar(80) DEFAULT NULL,
  `field` varchar(80) DEFAULT NULL,
  `keyvalue` longtext DEFAULT NULL,
  `oldvalue` longtext DEFAULT NULL,
  `newvalue` longtext DEFAULT NULL,
  PRIMARY KEY (`id`)
) ENGINE=InnoDB AUTO_INCREMENT=15 DEFAULT CHARSET=utf8 COLLATE=utf8_general_ci;

INSERT INTO `audittrail` VALUES (1,"2019-10-18 09:55:08","/SaffouryPaper/login.php",933326882,"login","::1","","","",""),
(2,"2019-10-18 14:53:27","/SaffouryPaper/login.php","K-O-K-Y1","login","::1","","","",""),
(3,"2019-10-18 20:26:18","/SaffouryPaper/login.php","K-O-K-Y1","login","192.168.1.4","","","",""),
(4,"2019-10-19 17:21:52","/SaffouryPaper/login.php","K-O-K-Y1","login","192.168.1.8","","","",""),
(5,"2019-10-20 09:44:58","/SaffouryPaper/login.php","K-O-K-Y1","login","::1","","","",""),
(6,"2019-10-20 17:44:19","/SaffouryPaper/api/index.php","K-O-K-Y1","autologin","::1","","","",""),
(7,"2019-10-20 17:45:09","/SaffouryPaper/api/index.php","K-O-K-Y1","autologin","::1","","","",""),
(8,"2019-10-20 17:45:38","/SaffouryPaper/api/index.php","K-O-K-Y1","autologin","::1","","","",""),
(9,"2019-10-21 14:27:59","/SaffouryPaper/api/index.php","K-O-K-Y1","autologin","::1","","","",""),
(10,"2019-10-21 19:56:51","/SaffouryPaper/api/index.php",933326882,"failed attempt: 1","::1","","","",""),
(11,"2019-10-21 20:19:33","/SaffouryPaper/api/index.php",933326883,"failed attempt: 1","::1","","","",""),
(12,"2019-10-21 20:37:12","/SaffouryPaper/api/index.php",933326883,"autologin","::1","","","",""),
(13,"2019-10-22 10:31:19","/SaffouryPaper/login.php","K-O-K-Y1","login","::1","","","",""),
(14,"2019-10-27 17:00:10","/SaffouryPaper/login.php","K-O-K-Y1","login","::1","","","","");


DROP TABLE IF EXISTS `cargo_transporters`;

CREATE TABLE `cargo_transporters` (
  `iD` int(11) NOT NULL AUTO_INCREMENT,
  `GovernorateID` int(11) DEFAULT NULL,
  `name` varchar(32) NOT NULL,
  `phone` varchar(10) DEFAULT NULL,
  `maxWeight` float DEFAULT NULL,
  `carNumber` varchar(10) NOT NULL,
  PRIMARY KEY (`iD`),
  KEY `gover_carg_trans` (`GovernorateID`),
  CONSTRAINT `gover_carg_trans` FOREIGN KEY (`GovernorateID`) REFERENCES `governorates` (`iD`) ON DELETE NO ACTION ON UPDATE NO ACTION
) ENGINE=InnoDB AUTO_INCREMENT=3 DEFAULT CHARSET=utf8 COLLATE=utf8_general_ci;

INSERT INTO `cargo_transporters` VALUES (1,1,"محمد احمد","0988996644","1.5",225651),
(2,1,"يوسف العجمي","0935977536","1.5",256621);


DROP TABLE IF EXISTS `countries`;

CREATE TABLE `countries` (
  `iD` int(11) NOT NULL AUTO_INCREMENT,
  `name` varchar(50) NOT NULL,
  PRIMARY KEY (`iD`),
  UNIQUE KEY `name` (`name`)
) ENGINE=InnoDB AUTO_INCREMENT=5 DEFAULT CHARSET=utf8 COLLATE=utf8_general_ci;

INSERT INTO `countries` VALUES (1,"Austria"),
(2,"Germany"),
(4,"Unknown"),
(3,"سورية");


DROP TABLE IF EXISTS `countries_manufactures`;

CREATE TABLE `countries_manufactures` (
  `iD` int(11) NOT NULL AUTO_INCREMENT,
  `CountryID` int(11) NOT NULL,
  `ManufactureID` int(11) NOT NULL,
  PRIMARY KEY (`iD`,`CountryID`,`ManufactureID`),
  KEY `countries_manufactures_ibfk_1` (`CountryID`),
  KEY `countries_manufactures_ibfk_2` (`ManufactureID`),
  CONSTRAINT `countries_manufactures_ibfk_1` FOREIGN KEY (`CountryID`) REFERENCES `countries` (`iD`),
  CONSTRAINT `countries_manufactures_ibfk_2` FOREIGN KEY (`ManufactureID`) REFERENCES `manufactures` (`iD`)
) ENGINE=InnoDB AUTO_INCREMENT=5 DEFAULT CHARSET=utf8 COLLATE=utf8_general_ci;

INSERT INTO `countries_manufactures` VALUES (1,1,1),
(2,2,2),
(3,3,3),
(4,4,4);


DROP TABLE IF EXISTS `credits`;

CREATE TABLE `credits` (
  `iD` int(11) NOT NULL AUTO_INCREMENT,
  `CashBoxID` int(11) NOT NULL,
  `EmployeeID` int(11) NOT NULL,
  `CustomerID` int(11) NOT NULL,
  `EqualitiesID` int(11) NOT NULL,
  `isDirect` int(11) DEFAULT NULL,
  `date` datetime NOT NULL DEFAULT current_timestamp(),
  `value` decimal(11,2) NOT NULL,
  `fromBox` tinyint(1) NOT NULL DEFAULT 0,
  `comments` text DEFAULT NULL,
  PRIMARY KEY (`iD`),
  KEY `credits_ibfk_1` (`CustomerID`),
  KEY `credits_ibfk_2` (`EqualitiesID`),
  KEY `credits_ibfk_3` (`EmployeeID`),
  KEY `credits_ibfk_4` (`isDirect`),
  KEY `credits_ibfk_5` (`CashBoxID`),
  CONSTRAINT `credits_ibfk_1` FOREIGN KEY (`CustomerID`) REFERENCES `customers` (`iD`),
  CONSTRAINT `credits_ibfk_2` FOREIGN KEY (`EqualitiesID`) REFERENCES `equalities` (`iD`),
  CONSTRAINT `credits_ibfk_3` FOREIGN KEY (`EmployeeID`) REFERENCES `employees` (`iD`),
  CONSTRAINT `credits_ibfk_4` FOREIGN KEY (`isDirect`) REFERENCES `journal_voucher` (`iD`) ON DELETE SET NULL,
  CONSTRAINT `credits_ibfk_5` FOREIGN KEY (`CashBoxID`) REFERENCES `warehouse` (`iD`)
) ENGINE=InnoDB AUTO_INCREMENT=1554 DEFAULT CHARSET=utf8 COLLATE=utf8_general_ci;

INSERT INTO `credits` VALUES (181,1,1,928,1,NULL,"2021-07-31 12:00:52","1000.00","0",NULL),
(182,1,1,929,1,NULL,"2021-07-31 02:05:59","100.00","0",NULL),
(183,1,1,930,1,NULL,"2021-07-31 02:15:18","3200.00","0",NULL),
(184,1,1,931,1,NULL,"2021-07-31 02:21:24","400.00","0",NULL),
(185,1,1,933,156,NULL,"2021-07-31 02:52:22","500000.00","0",NULL),
(186,1,1,934,1,71,"2021-07-31 04:01:32","4000.00","0",NULL),
(187,1,1,936,1,72,"2021-08-01 11:42:33","2080.00","0",NULL),
(188,1,1,937,167,NULL,"2021-08-01 01:02:12","3240000.00","0",NULL),
(189,1,1,938,1,NULL,"2021-08-01 03:05:39","500.00","0",NULL),
(190,1,1,939,168,NULL,"2021-08-01 03:09:25","1000000.00","0",NULL),
(191,1,1,962,169,NULL,"2021-08-01 03:28:55","188000.00","0","بقيمه ٥٨"),
(192,1,1,962,1,NULL,"2021-08-01 03:32:01","100.00","0",NULL),
(193,1,1,962,1,NULL,"2021-08-01 03:32:43","1342.00","0","دفعه ١١٠٠ يورو "),
(194,1,1,941,1,NULL,"2021-08-01 03:44:58","3000.00","0",NULL),
(195,1,1,942,172,NULL,"2021-08-01 04:24:22","4060000.00","0","رصيد"),
(196,1,1,932,1,73,"2021-08-01 05:09:01","100.00","0","مرتجع مضروب "),
(197,1,1,943,174,NULL,"2021-08-02 02:34:45","2300000.00","0",NULL),
(198,1,1,944,176,NULL,"2021-08-02 03:17:32","2600000.00","0",NULL),
(199,1,1,944,1,NULL,"2021-08-02 03:19:31","200.00","0",NULL),
(200,1,1,945,178,NULL,"2021-08-03 10:03:45","6500000.00","0",NULL),
(201,1,1,945,1,NULL,"2021-08-03 10:15:27","1000.00","0",NULL),
(202,1,1,946,179,NULL,"2021-08-03 12:03:17","1250000.00","0",NULL),
(203,1,1,947,1,NULL,"2021-08-03 12:48:51","670.00","0",NULL),
(205,1,1,948,180,NULL,"2021-08-03 12:52:52","1400000.00","0",NULL),
(206,1,1,949,1,NULL,"2021-08-03 01:39:50","750.00","0",NULL),
(207,1,1,941,1,NULL,"2021-08-03 04:13:29","2000.00","0",NULL),
(208,1,1,943,1,NULL,"2021-08-03 04:14:10","3000.00","0",NULL),
(209,1,1,937,1,NULL,"2021-08-03 04:15:34","400.00","0",NULL),
(210,1,1,937,181,NULL,"2021-08-03 04:15:54","800000.00","0",NULL),
(211,1,1,950,182,NULL,"2021-08-04 12:22:45","3250000.00","0",NULL),
(212,1,1,951,183,NULL,"2021-08-04 12:25:46","290000.00","0",NULL),
(213,1,1,952,184,NULL,"2021-08-04 03:27:17","900000.00","0",NULL),
(214,1,1,937,1,NULL,"2021-08-08 12:07:49","1200.00","0",NULL),
(215,1,1,952,185,NULL,"2021-08-08 01:22:36","718000.00","0",NULL),
(216,1,1,944,186,NULL,"2021-08-08 02:41:51","3270000.00","0",NULL),
(217,1,1,953,1,NULL,"2021-08-09 12:09:31","15000.00","0",NULL),
(219,1,1,943,187,NULL,"2021-08-09 12:31:07","8105000.00","0",NULL),
(220,1,1,953,188,NULL,"2021-08-09 12:33:37","6550000.00","0",NULL),
(221,1,1,954,1,NULL,"2021-08-09 09:51:09","1000.00","0",NULL),
(222,1,1,956,1,NULL,"2021-08-09 10:46:32","2586.00","0",NULL),
(223,1,1,957,1,NULL,"2021-08-09 01:16:59","400.00","0",NULL),
(224,1,1,957,189,NULL,"2021-08-09 01:18:40","328000.00","0",NULL),
(225,1,4,950,190,NULL,"2021-08-09 03:23:55","6560000.00","0",NULL),
(226,1,4,949,193,NULL,"2021-08-10 01:03:15","650.00","0","550 يورو"),
(227,1,1,958,1,NULL,"2021-08-10 01:06:50","100.00","0",NULL),
(228,1,1,958,196,NULL,"2021-08-10 01:08:15","660000.00","0",NULL),
(229,1,4,943,198,NULL,"2021-08-10 02:12:25","4400000.00","0",NULL),
(230,1,1,937,1,NULL,"2021-08-10 02:44:47","1000.00","0",NULL),
(231,1,1,948,199,NULL,"2021-08-10 02:47:26","1006000.00","0",NULL),
(232,1,4,951,203,NULL,"2021-08-11 17:41:11","582000.00","0",NULL),
(233,1,4,937,204,NULL,"2021-08-11 12:46:08","1000.00","0",NULL),
(234,1,1,949,206,NULL,"2021-08-11 02:46:18","1250000.00","0",NULL),
(235,1,1,959,1,NULL,"2021-08-11 02:52:32","1745.00","0","رصيد"),
(236,1,1,937,208,NULL,"2021-08-11 03:10:04","6540000.00","0",NULL),
(237,1,1,960,209,NULL,"2021-08-11 04:07:01","1635000.00","0",NULL),
(247,1,1,941,1,NULL,"2021-08-12 02:03:51","2500.00","0",NULL),
(248,1,1,937,1,NULL,"2021-08-12 02:04:08","1500.00","0",NULL),
(249,1,9,943,1,NULL,"2021-08-12 03:20:43","1000.00","0",NULL),
(250,1,1,961,1,NULL,"2021-08-18 12:41:37","100.00","0","دفعه ثمن فاتوره ١٣١١ رجعنا ٢٢٦٥٠٠"),
(251,1,1,938,1,NULL,"2021-08-18 13:27:53","2000.00","0",NULL),
(252,1,1,953,1,NULL,"2021-08-18 16:17:00","3000.00","0",NULL),
(253,1,1,959,1,NULL,"2021-08-18 16:17:17","5000.00","0",NULL),
(254,1,1,962,217,NULL,"2021-08-19 00:40:01","100650000.00","0",NULL),
(255,1,1,962,1,NULL,"2021-08-19 00:41:45","2000.00","0",NULL),
(256,1,1,950,220,NULL,"2021-08-19 00:46:55","6740000.00","0","دفعه مع نور الدين قوصيني"),
(257,1,1,963,221,NULL,"2021-08-19 00:47:34","400000.00","0","تكمله ثمن عدد ٢ لبناني غراماج ٢٥٠ فاتوره لسى ماطلعت"),
(258,1,1,964,1,NULL,"2021-08-19 09:25:46","430.00","0","رصيد"),
(259,1,1,937,1,NULL,"2021-08-19 12:05:39","1990.00","0",NULL),
(260,1,1,937,223,NULL,"2021-08-19 12:05:57","33500.00","0",NULL),
(262,1,1,966,1,NULL,"2021-08-19 13:40:59","2000.00","0",NULL),
(263,1,1,950,224,NULL,"2021-08-21 16:49:47","6690000.00","0",NULL),
(264,1,1,948,225,NULL,"2021-08-21 16:51:01","1000000.00","0",NULL),
(265,1,1,931,1,NULL,"2021-08-21 16:51:53","380.00","0",NULL),
(268,1,1,949,1,NULL,"2021-08-23 12:46:57","360.00","0",NULL),
(269,1,1,949,1,NULL,"2021-08-23 12:48:16","120.00","0","١٠٠ و"),
(270,1,1,939,1,NULL,"2021-08-23 13:52:03","700.00","0",NULL),
(271,1,1,960,1,NULL,"2021-08-23 13:52:23","500.00","0",NULL),
(272,1,1,968,1,NULL,"2021-08-23 14:15:13","1150.00","0",NULL),
(273,1,1,944,232,NULL,"2021-08-23 14:22:08","2704000.00","0",NULL),
(274,1,1,959,1,NULL,"2021-08-23 15:16:37","3400.00","0",NULL),
(275,1,1,969,1,NULL,"2021-08-23 15:17:26","500.00","0","بيد نور"),
(276,1,1,970,236,78,"2021-08-24 09:51:07","39000000.00","0","بيد نور الصفوري"),
(277,1,1,937,1,NULL,"2021-08-24 09:52:05","2500.00","0",NULL),
(278,1,1,950,237,NULL,"2021-08-24 10:22:55","7119000.00","0",NULL),
(279,1,1,962,1,NULL,"2021-08-24 11:34:49","800.00","0",NULL),
(281,1,9,943,245,NULL,"2021-08-24 15:34:50","4661000.00","0",NULL),
(285,1,11,972,1,NULL,"2021-08-26 13:56:38","390.00","0",NULL),
(286,1,11,1019,1,NULL,"2021-08-26 13:57:38","100.00","0",NULL),
(287,1,11,937,247,NULL,"2021-08-26 13:59:01","5750000.00","0",NULL),
(288,1,1,959,1,NULL,"2021-08-26 14:34:51","4500.00","0",NULL),
(289,1,1,943,1,NULL,"2021-08-26 15:49:28","300.00","0",NULL),
(290,1,1,974,1,NULL,"2021-08-26 17:29:04","400.00","0",NULL),
(291,1,1,975,1,NULL,"2021-08-26 17:48:45","767.00","0","٦٥٠ يورو"),
(292,1,1,975,253,NULL,"2021-08-26 17:50:07","144000.00","0",NULL),
(293,1,1,977,1,NULL,"2021-08-27 16:18:46","2340.00","0",NULL),
(294,1,1,954,1,NULL,"2021-08-28 09:06:33","1200.00","0",NULL),
(295,1,1,958,1,NULL,"2021-08-28 09:25:06","150.00","0",NULL),
(296,1,1,958,254,NULL,"2021-08-28 09:25:41","6000.00","0","رصيد  بالات ناشفه"),
(297,1,10,978,255,NULL,"2021-08-28 09:27:12","1400000.00","0",NULL),
(298,1,1,974,256,NULL,"2021-08-28 10:02:02","32000.00","0","رصيد وزن ٤١٠"),
(299,1,1,964,1,NULL,"2021-08-28 11:20:56","3000.00","0","بيد امجد"),
(300,1,1,972,1,NULL,"2021-08-28 14:22:52","380.00","0",NULL),
(301,1,1,970,1,NULL,"2021-08-28 16:13:26","5000.00","0",NULL),
(302,1,1,944,259,NULL,"2021-08-28 16:20:18","2295000.00","0",NULL),
(303,1,10,953,1,NULL,"2021-08-28 18:28:34","1850.00","0","بيد نور"),
(304,1,1,979,1,NULL,"2021-08-28 19:28:27","20000.00","0",NULL),
(305,1,10,970,1,NULL,"2021-08-28 19:48:30","7000.00","0",NULL),
(306,1,1,980,1,81,"2021-08-28 22:40:14","6000.00","0","باقي ٢١٥٩ على علم يزن \nبيد ابو علي الحريري"),
(307,1,1,966,1,NULL,"2021-08-29 14:30:18","5000.00","0","٢٠٠٠ مرتجع فراس دولي \n٣٠٠٠ دفعه"),
(308,1,1,949,263,NULL,"2021-08-29 14:30:45","5138000.00","0",NULL),
(309,1,1,950,265,NULL,"2021-08-29 17:44:41","10000000.00","0",NULL),
(310,1,1,950,266,NULL,"2021-08-30 10:13:41","6000000.00","0",NULL),
(311,1,1,981,267,NULL,"2021-08-30 10:42:55","3450000.00","0",NULL),
(312,1,1,968,1,NULL,"2021-08-30 12:46:42","1000.00","0",NULL),
(313,1,1,982,1,NULL,"2021-08-30 15:16:06","2750.00","0",NULL),
(314,1,1,982,270,NULL,"2021-08-30 15:16:29","104000.00","0","رصيد"),
(315,1,10,969,1,NULL,"2021-08-30 15:44:17","1000.00","0","بيد نور"),
(316,1,1,981,271,NULL,"2021-08-31 10:15:52","476000.00","0",NULL),
(317,1,11,983,274,NULL,"2021-08-31 16:58:32","950000.00","0",NULL),
(318,1,10,968,1,NULL,"2021-08-31 17:30:16","800.00","0","بيد نور"),
(319,1,1,964,1,NULL,"2021-09-01 10:20:11","3000.00","0",NULL),
(320,1,10,939,1,NULL,"2021-09-01 12:57:50","1050.00","0","بيد نور رصيد حساب باقي ١٢"),
(321,1,10,969,1,NULL,"2021-09-01 14:28:49","350.00","0","بيد نور باقي ٦٩٨"),
(322,1,1,960,1,NULL,"2021-09-01 14:47:19","200.00","0",NULL),
(323,1,1,960,275,NULL,"2021-09-01 14:47:34","1090000.00","0",NULL),
(324,1,1,959,1,NULL,"2021-09-01 15:56:57","2000.00","0","بيد بسام شيباني"),
(325,1,1,966,1,NULL,"2021-09-01 15:57:28","1500.00","0",NULL),
(326,1,1,941,1,NULL,"2021-09-01 16:03:35","2000.00","0",NULL),
(327,1,10,978,277,NULL,"2021-09-01 17:26:16","1000000.00","0","بيد نور باقي ٤٤٨"),
(328,1,10,948,279,NULL,"2021-09-02 12:03:59","1000000.00","0","بيد نور"),
(329,1,1,959,1,NULL,"2021-09-02 13:49:21","2700.00","0",NULL),
(330,1,10,933,1,NULL,"2021-09-02 16:25:16","500.00","0","بيد نور رصيد حساب بالة سابي"),
(331,1,1,980,1,84,"2021-09-02 18:37:22","12160.00","0","ابو علي الحريري"),
(332,1,1,934,1,84,"2021-09-02 18:38:53","3000.00","0","باقي ٤٦٥٣ بحسابات يزن \nبيد ابو علي الحريري"),
(333,1,1,984,1,NULL,"2021-09-04 11:05:06","300.00","0",NULL),
(334,1,10,974,1,NULL,"2021-09-04 13:14:13","500.00","0",NULL),
(335,1,10,974,294,NULL,"2021-09-04 13:14:50","924000.00","0",NULL),
(336,1,12,964,1,NULL,"2021-09-04 13:25:46","1700.00","0","دفعة"),
(337,1,1,943,1,NULL,"2021-09-04 13:57:33","2400.00","0","دفعه السيد وائل"),
(338,1,1,943,296,NULL,"2021-09-04 13:58:46","525000.00","0","دفعه من سيد وائل"),
(339,1,10,970,1,NULL,"2021-09-04 14:32:15","1800.00","0","بيد نور رصيد حساب"),
(340,1,10,968,1,NULL,"2021-09-04 15:09:11","1150.00","0","بيد نور رصيد حساب"),
(341,1,10,953,1,NULL,"2021-09-04 18:53:08","1840.00","0",NULL),
(342,1,10,953,300,NULL,"2021-09-04 18:55:09","210000.00","0",NULL),
(343,1,1,985,1,87,"2021-09-04 20:55:32","12336.00","0","بيد ابو علي الحريري"),
(344,1,10,937,1,NULL,"2021-09-05 10:17:51","300.00","0","بيد نور رعبون بالات ناشف بوزن ٧٧٣"),
(345,1,10,937,1,NULL,"2021-09-05 13:05:26","1500.00","0","بيد نور"),
(346,1,10,931,1,NULL,"2021-09-05 13:59:03","320.00","0","بيد نور باقي ٥٧"),
(347,1,1,986,303,NULL,"2021-09-05 14:39:22","2400000.00","0",NULL),
(348,1,10,943,1,NULL,"2021-09-05 14:49:01","2000.00","0",NULL),
(349,1,10,937,306,NULL,"2021-09-05 15:52:14","561000.00","0","بيد نور رصيد حساب بالات ناشف بسعر 600 الوزن 773"),
(350,1,10,969,307,NULL,"2021-09-05 16:52:51","1000000.00","0",NULL),
(351,1,10,939,1,NULL,"2021-09-06 13:20:45","1000.00","0","بيد نور باقي ١٤٣١"),
(352,1,10,945,308,NULL,"2021-09-06 13:30:34","6800000.00","0",NULL),
(353,1,10,969,1,NULL,"2021-09-06 14:41:52","200.00","0","بيد نور باقي ٢٠٨"),
(354,1,10,978,309,NULL,"2021-09-06 15:03:40","550000.00","0",NULL),
(355,1,1,987,1,NULL,"2021-09-06 16:04:53","3000.00","0",NULL),
(356,1,10,970,1,NULL,"2021-09-06 21:54:41","340.00","0","بيد نور رصيد حساب بالة بطال"),
(357,1,1,960,1,NULL,"2021-09-07 10:40:10","500.00","0",NULL),
(358,1,1,943,1,NULL,"2021-09-07 10:41:25","900.00","0",NULL),
(359,1,1,943,313,NULL,"2021-09-07 10:42:02","1027000.00","0",NULL),
(360,1,1,970,1,NULL,"2021-09-07 13:34:17","200.00","0","بدل المضروب"),
(361,1,10,944,316,NULL,"2021-09-07 14:49:04","6644700.00","0","بيد نور"),
(362,1,1,988,1,NULL,"2021-09-07 16:13:53","500.00","0",NULL),
(363,1,1,950,320,NULL,"2021-09-08 10:16:08","5175000.00","0",NULL),
(364,1,1,989,1,NULL,"2021-09-08 14:38:32","5000.00","0",NULL),
(365,1,1,964,1,NULL,"2021-09-08 14:48:51","2880.00","0",NULL),
(366,1,1,964,322,NULL,"2021-09-08 14:49:23","3819000.00","0",NULL),
(367,1,11,966,1,NULL,"2021-09-09 13:23:53","3000.00","0",NULL),
(368,1,1,930,1,NULL,"2021-09-09 14:02:35","2000.00","0",NULL),
(369,1,10,989,1,NULL,"2021-09-09 14:39:19","5000.00","0",NULL),
(370,1,9,984,1,NULL,"2021-09-09 14:50:31","420.00","0",NULL),
(371,1,10,943,1,NULL,"2021-09-09 14:58:18","1000.00","0",NULL),
(372,1,10,943,328,NULL,"2021-09-09 15:00:28","1621500.00","0",NULL),
(373,1,9,949,329,NULL,"2021-09-07 15:01:22","5198000.00","0",NULL),
(374,1,10,953,1,NULL,"2021-09-09 15:08:03","500.00","0",NULL),
(375,1,1,941,332,NULL,"2021-09-09 16:15:59","10350000.00","0",NULL),
(377,1,1,980,1,NULL,"2021-09-09 17:24:22","10000.00","0","بيد ابو علي الحريري"),
(381,1,10,991,1,NULL,"2021-09-11 10:04:09","1000.00","0","باقي ٢١"),
(382,1,10,948,1,NULL,"2021-09-11 10:49:28","300.00","0","بيد نور"),
(383,1,10,939,1,NULL,"2021-09-11 11:34:54","400.00","0","بيد نور"),
(384,1,10,939,335,NULL,"2021-09-11 11:35:15","1380000.00","0","بيد نور"),
(385,1,11,943,1,NULL,"2021-09-11 12:12:24","1000.00","0",NULL),
(386,1,10,992,336,NULL,"2021-09-11 13:20:54","4000000.00","0","بيد نور باقي ٣٧٠ من رول عرض ٢٢٠ بوزن ١٥٣٧ وجهين كرفت"),
(387,1,10,937,1,NULL,"2021-09-11 15:00:47","600.00","0","بيد نور"),
(388,1,10,937,337,NULL,"2021-09-11 15:01:12","1370000.00","0",NULL),
(389,1,1,979,1,108,"2021-09-11 20:48:13","5000.00","0",NULL),
(390,1,11,943,1,NULL,"2021-09-12 13:38:51","2000.00","0",NULL),
(391,1,11,938,1,NULL,"2021-09-12 13:39:56","500.00","0",NULL),
(392,1,10,953,1,NULL,"2021-09-12 14:18:59","1000.00","0",NULL),
(393,1,1,977,1,NULL,"2021-09-12 14:24:51","1300.00","0",NULL),
(394,1,1,977,347,NULL,"2021-09-12 14:25:06","235000.00","0","رصيد"),
(395,1,10,989,1,NULL,"2021-09-12 15:25:16","3500.00","0","باقي ١٥٩٤"),
(396,1,10,978,349,NULL,"2021-09-13 09:09:07","900000.00","0","بيد نور"),
(397,1,1,943,351,NULL,"2021-09-13 11:49:44","4152000.00","0",NULL),
(398,1,10,992,352,NULL,"2021-09-13 12:08:17","1169000.00","0","بيد نور رصيد حساب رول وجهين كرفت"),
(399,1,10,937,1,NULL,"2021-09-13 14:04:14","1000.00","0","بيد نور"),
(400,1,10,968,1,NULL,"2021-09-13 16:39:59","600.00","0","بيد نور دفعة من فاتورة رقم ١٤٥٢"),
(401,1,10,968,358,NULL,"2021-09-13 16:41:10","45000.00","0","بيد نور دفعة من فاتورة رقم ١٤٥٢ باقي ٢٠٠"),
(404,1,1,987,1,NULL,"2021-09-14 09:37:57","1851.00","0",NULL),
(405,1,1,949,1,NULL,"2021-09-14 11:41:01","600.00","0",NULL),
(406,1,1,949,1,NULL,"2021-09-14 11:41:14","177.00","0","١٥٠ يويو"),
(407,1,10,955,360,NULL,"2021-09-14 12:53:20","1563500.00","0",NULL),
(408,1,10,969,1,NULL,"2021-09-14 13:48:22","400.00","0","بيد نور باقي ٤٩٩"),
(409,1,11,943,1,NULL,"2021-09-14 15:18:30","1000.00","0",NULL),
(410,1,9,941,1,NULL,"2021-09-15 15:53:38","2000.00","0",NULL),
(411,1,9,941,366,NULL,"2021-09-15 15:54:01","3500000.00","0",NULL),
(412,1,9,943,367,NULL,"2021-09-15 15:54:47","2950000.00","0",NULL),
(413,1,9,960,368,NULL,"2021-09-15 15:57:49","1000000.00","0",NULL),
(414,1,10,994,1,NULL,"2021-09-16 12:45:39","500.00","0",NULL),
(415,1,10,953,1,NULL,"2021-09-16 14:27:19","1500.00","0",NULL),
(416,1,9,943,1,NULL,"2021-09-16 14:50:07","1000.00","0",NULL),
(417,1,10,989,375,NULL,"2021-09-16 16:05:40","4800000.00","0","باقي ٢٢٣"),
(418,1,10,969,1,NULL,"2021-09-16 16:42:31","300.00","0","بيد نور باقي ١٩٩"),
(419,1,10,989,379,NULL,"2021-09-18 10:52:47","778000.00","0","رصيد"),
(420,1,10,933,1,NULL,"2021-09-18 12:36:48","400.00","0",NULL),
(421,1,10,933,380,NULL,"2021-09-18 12:37:14","568000.00","0",NULL),
(422,1,10,992,381,NULL,"2021-09-18 13:25:56","1750000.00","0","بيد نور باقي ٣٦٠"),
(423,1,10,937,1,NULL,"2021-09-18 14:36:07","1000.00","0","بيد نور"),
(424,1,10,949,382,NULL,"2021-09-18 14:58:53","4900000.00","0",NULL),
(425,1,10,968,383,NULL,"2021-09-18 16:15:38","3485000.00","0","باقي ١١٠٠"),
(427,1,1,943,1,NULL,"2021-09-19 11:58:06","1000.00","0",NULL),
(428,1,10,950,384,NULL,"2021-09-19 12:17:13","4000000.00","0",NULL),
(429,1,10,939,1,NULL,"2021-09-19 13:45:03","500.00","0",NULL),
(430,1,10,970,391,NULL,"2021-09-19 21:48:41","69500000.00","0",NULL),
(433,1,1,941,393,NULL,"2021-09-20 11:52:51","3490000.00","0",NULL),
(434,1,1,955,394,NULL,"2021-09-20 12:46:32","3485000.00","0",NULL),
(435,1,1,964,395,NULL,"2021-09-20 12:46:53","4524000.00","0",NULL),
(436,1,1,1001,1,NULL,"2021-09-20 12:47:21","1000.00","0",NULL),
(437,1,1,987,1,NULL,"2021-09-20 12:48:02","1500.00","0",NULL),
(438,1,1,979,1,NULL,"2021-09-20 12:48:14","6000.00","0",NULL),
(439,1,1,964,1,NULL,"2021-09-20 12:51:42","6780.00","0",NULL),
(440,1,10,1002,1,NULL,"2021-09-20 14:29:00","1000.00","0","رعبون بضاعة سولفيت"),
(441,1,10,954,1,NULL,"2021-09-21 09:37:04","1000.00","0",NULL),
(442,1,1,943,1,NULL,"2021-09-21 11:32:33","2000.00","0",NULL),
(443,1,10,941,403,NULL,"2021-09-21 12:12:22","3490000.00","0",NULL),
(444,1,1,1003,406,NULL,"2021-09-21 13:41:41","70000.00","0","رصيد"),
(445,1,1,943,1,NULL,"2021-09-21 14:24:29","750.00","0",NULL),
(446,1,1,957,408,NULL,"2021-09-21 14:25:27","4000000.00","0","ناقصه ٥٠٠ ليره"),
(447,1,1,943,410,NULL,"2021-09-22 11:13:59","2617500.00","0",NULL),
(448,1,10,978,1,NULL,"2021-09-23 09:23:19","100.00","0","باقي ٧٠٠"),
(449,1,10,934,1,NULL,"2021-09-23 11:25:14","1000.00","0",NULL),
(450,1,1,943,411,NULL,"2021-09-23 12:17:11","19112000.00","0","باقي بقيمه ٥٠٠ بيد ابو صالح"),
(451,1,10,992,412,NULL,"2021-09-23 12:27:44","1251000.00","0","رصيد حساب"),
(453,1,1,1005,1,NULL,"2021-09-23 12:59:57","200.00","0",NULL),
(454,1,1,953,1,NULL,"2021-09-23 13:07:54","2000.00","0","رصيد حساب"),
(455,1,10,936,416,NULL,"2021-09-23 13:39:46","7818500.00","0",NULL),
(456,1,10,985,417,NULL,"2021-09-23 14:05:06","203000.00","0",NULL),
(457,1,1,937,1,NULL,"2021-09-23 14:32:52","800.00","0",NULL),
(458,1,1,937,418,NULL,"2021-09-23 14:35:38","690000.00","0",NULL),
(459,1,1,1002,1,NULL,"2021-09-23 15:01:42","5000.00","0","رعبون بضاعه سولفيت"),
(460,1,1,989,1,NULL,"2021-09-23 15:37:37","1100.00","0",NULL),
(461,1,1,1006,1,118,"2021-09-24 18:41:40","1000.00","0","بيد قصي"),
(465,1,11,1006,1,NULL,"2021-09-25 11:49:07","1800.00","0",NULL),
(466,1,1,987,1,NULL,"2021-09-25 13:43:38","2180.00","0",NULL),
(467,1,1,987,424,NULL,"2021-09-25 13:43:51","52000.00","0","رصيد"),
(468,1,1,979,1,NULL,"2021-09-25 13:45:13","8000.00","0",NULL),
(469,1,1,988,1,NULL,"2021-09-25 13:46:35","800.00","0","رصيد"),
(470,1,1,988,425,NULL,"2021-09-25 13:47:33","192000.00","0",NULL),
(471,1,1,957,426,NULL,"2021-09-25 14:07:10","1218000.00","0",NULL),
(472,1,9,960,1,NULL,"2021-09-23 14:47:47","1000.00","0",NULL),
(473,1,10,994,1,NULL,"2021-09-25 15:08:53","200.00","0",NULL),
(474,1,10,994,429,NULL,"2021-09-25 15:09:43","346000.00","0",NULL),
(475,1,10,948,1,NULL,"2021-09-25 15:13:14","590.00","0",NULL),
(477,1,1,1007,1,122,"2021-09-25 16:56:48","3450.00","0","بيد ابو علي الحريري"),
(478,1,1,930,1,NULL,"2021-09-26 13:09:17","1200.00","0",NULL),
(479,1,11,960,1,NULL,"2021-09-26 13:38:43","500.00","0",NULL),
(480,1,1,941,432,NULL,"2021-09-26 13:47:50","5250000.00","0",NULL),
(481,1,1,949,1,NULL,"2021-09-26 14:40:40","710.00","0","٦٠٠ يوي"),
(482,1,10,950,435,NULL,"2021-09-26 15:15:21","3490000.00","0",NULL),
(483,1,1,954,1,NULL,"2021-09-27 09:33:40","5000.00","0",NULL),
(484,1,1,941,1,NULL,"2021-09-27 12:39:40","1500.00","0",NULL),
(485,1,1,960,1,NULL,"2021-09-27 13:14:26","1000.00","0",NULL),
(486,1,1,941,1,NULL,"2021-09-28 11:28:11","1000.00","0",NULL),
(487,1,11,1011,1,NULL,"2021-09-28 14:04:30","1004.00","0",NULL),
(488,1,11,943,442,NULL,"2021-09-28 14:06:27","3490000.00","0",NULL),
(489,1,1,1004,1,NULL,"2021-09-28 14:44:29","1650.00","0",NULL),
(490,1,1,1004,443,NULL,"2021-09-28 14:44:48","1530000.00","0",NULL),
(491,1,1,1006,1,123,"2021-09-28 18:28:31","19200.00","0",NULL),
(492,1,10,933,1,NULL,"2021-09-28 18:34:19","200.00","0",NULL),
(493,1,10,933,445,NULL,"2021-09-28 18:34:39","500000.00","0",NULL),
(494,1,1,943,448,NULL,"2021-09-29 11:16:31","1500000.00","0",NULL),
(495,1,1,939,1,NULL,"2021-09-29 11:25:11","200.00","0",NULL),
(496,1,1,962,455,NULL,"2021-09-30 10:13:33","1000000.00","0","دفعه بيد نور مشان الطابعه مع ال ٢ مليون"),
(497,1,1,1012,458,NULL,"2021-09-30 14:09:26","1100000.00","0",NULL),
(498,1,1,960,1,NULL,"2021-09-30 14:33:46","1500.00","0",NULL),
(499,1,10,968,461,NULL,"2021-09-30 17:25:05","1050000.00","0",NULL),
(500,1,10,968,1,NULL,"2021-09-30 17:25:45","250.00","0","باقي ٥٥٠"),
(501,1,1,979,1,NULL,"2021-09-30 21:23:30","26000.00","0",NULL),
(502,1,1,979,462,NULL,"2021-09-30 21:23:57","5200000.00","0",NULL),
(503,1,1,1013,463,NULL,"2021-09-30 21:33:05","1300000.00","0",NULL),
(504,1,10,970,1,NULL,"2021-09-30 22:04:22","5000.00","0",NULL),
(505,1,1,962,1,NULL,"2021-10-01 16:31:58","2100.00","0","١٧٥٠ يويو"),
(506,1,10,978,1,NULL,"2021-10-02 08:53:23","200.00","0","باقي ٦١٢"),
(507,1,10,939,465,NULL,"2021-10-02 12:46:43","2100000.00","0",NULL),
(508,1,10,950,466,NULL,"2021-10-02 14:15:24","3500000.00","0",NULL),
(509,1,1,1008,1,NULL,"2021-10-02 14:22:49","3000.00","0",NULL),
(511,1,1,1013,468,NULL,"2021-10-02 15:10:30","4200000.00","0",NULL),
(512,1,1,942,470,NULL,"2021-10-02 15:12:25","5235000.00","0",NULL),
(513,1,10,978,1,NULL,"2021-10-03 07:52:09","400.00","0","باقي ١٠٠"),
(514,1,1,962,1,NULL,"2021-10-03 09:49:54","6000.00","0",NULL),
(515,1,11,943,1,NULL,"2021-10-03 13:04:07","1000.00","0",NULL),
(516,1,11,941,1,NULL,"2021-10-03 14:30:13","1000.00","0",NULL),
(517,1,11,949,1,NULL,"2021-10-03 14:33:53","826.00","0","700 ،€"),
(518,1,1,943,472,NULL,"2021-10-03 14:39:24","2000000.00","0",NULL),
(519,1,10,978,474,NULL,"2021-10-04 08:37:30","1400000.00","0",NULL),
(520,1,1,960,1,NULL,"2021-10-04 14:15:06","500.00","0",NULL),
(521,1,1,996,1,NULL,"2021-10-04 14:15:19","470.00","0",NULL),
(522,1,1,943,1,NULL,"2021-10-04 14:32:20","600.00","0",NULL),
(523,1,1,943,477,NULL,"2021-10-04 14:32:39","174000.00","0",NULL),
(524,1,10,974,1,NULL,"2021-10-04 14:58:13","1600.00","0",NULL),
(525,1,10,974,478,NULL,"2021-10-04 15:02:01","86000.00","0",NULL),
(526,1,1,937,1,128,"2021-10-04 16:26:33","1000.00","0","بيد عبد الله في لبنان"),
(527,1,1,950,481,NULL,"2021-10-05 14:29:12","3485000.00","0",NULL),
(528,1,1,1015,482,NULL,"2021-10-05 14:29:32","105000.00","0",NULL),
(529,1,10,1002,1,NULL,"2021-10-05 15:36:52","5000.00","0","مجموع الدفعات ١١٠٠٠"),
(530,1,10,959,1,NULL,"2021-10-05 15:56:41","1010.00","0",NULL),
(531,1,10,959,483,NULL,"2021-10-05 15:57:32","17500.00","0",NULL),
(532,1,1,1014,1,NULL,"2021-10-05 19:53:58","500.00","0",NULL),
(533,1,1,945,1,NULL,"2021-10-05 19:54:15","1000.00","0","٤٠٠ $ +٣٥٠ € +1000 kr"),
(534,1,1,938,1,NULL,"2021-10-06 14:03:10","500.00","0",NULL),
(535,1,9,941,489,NULL,"2021-10-06 15:12:52","6000000.00","0",NULL),
(536,1,1,1019,490,NULL,"2021-10-07 11:05:28","4580000.00","0","رصيد ثمن فاتوره ١٩٨"),
(537,1,1,1020,491,NULL,"2021-10-07 11:13:50","500000.00","0",NULL),
(538,1,1,1010,1,NULL,"2021-10-07 12:34:35","2200.00","0",NULL),
(539,1,1,1010,492,NULL,"2021-10-07 12:34:49","318000.00","0","رصيد كامل"),
(540,1,1,1020,493,NULL,"2021-10-07 12:54:37","515000.00","0","رصيد"),
(541,1,10,1016,1,NULL,"2021-10-07 13:48:27","900.00","0",NULL),
(542,1,10,937,495,NULL,"2021-10-07 14:34:04","2800000.00","0",NULL),
(543,1,1,960,496,NULL,"2021-10-07 14:47:00","2800000.00","0",NULL),
(544,1,1,960,1,NULL,"2021-10-07 14:47:24","200.00","0",NULL),
(545,1,1,970,1,NULL,"2021-10-09 10:04:10","4150.00","0",NULL),
(546,1,1,970,1,NULL,"2021-10-09 10:04:50","825.00","0","٧٠٠ يويو"),
(547,1,1,970,504,NULL,"2021-10-09 10:05:10","87000.00","0",NULL),
(548,1,12,1008,1,NULL,"2021-10-09 11:26:07","250.00","0",NULL),
(549,1,12,1008,506,NULL,"2021-10-09 11:26:55","343000.00","0",NULL),
(550,1,1,994,507,NULL,"2021-10-09 14:06:53","1300000.00","0",NULL),
(551,1,10,978,1,NULL,"2021-10-09 15:26:12","300.00","0",NULL),
(552,1,1,1021,1,NULL,"2021-10-09 16:08:13","975.00","0","٨٥٠ يويو"),
(553,1,1,1021,1,NULL,"2021-10-09 16:08:33","25.00","0",NULL),
(554,1,1,1022,1,NULL,"2021-10-09 16:09:25","1017.00","0",NULL),
(555,1,1,980,1,131,"2021-10-09 20:53:43","11000.00","0","بيد ابو علي الحريري"),
(556,1,1,1007,1,132,"2021-10-09 22:40:56","2000.00","0","بيد ابو علي الحريري"),
(557,1,1,1020,511,NULL,"2021-10-03 11:39:49","300000.00","0",NULL),
(558,1,1,981,513,NULL,"2021-10-10 12:05:50","833000.00","0",NULL),
(559,1,10,1023,1,NULL,"2021-10-10 15:03:31","400.00","0",NULL),
(561,1,10,1016,1,NULL,"2021-10-10 18:31:53","50.00","0","رصيد بالة بوزن ١٠٨٩"),
(562,1,1,977,1,134,"2021-10-10 22:44:51","1500.00","0","رصيد"),
(563,1,1,942,1,NULL,"2021-10-11 10:17:38","1000.00","0",NULL),
(564,1,9,1002,1,NULL,"2021-10-11 12:24:08","9000.00","0",NULL),
(565,1,10,950,517,NULL,"2021-10-11 12:31:43","3500000.00","0",NULL),
(566,1,10,969,1,NULL,"2021-10-11 14:39:03","700.00","0",NULL),
(567,1,1,1013,521,NULL,"2021-10-11 16:02:51","388500.00","0",NULL),
(568,1,1,962,1,135,"2021-10-11 16:24:15","10000.00","0","بينهم ٢٢٨٠ يوو"),
(569,1,10,968,1,NULL,"2021-10-11 16:39:51","500.00","0",NULL),
(570,1,1,979,1,NULL,"2021-10-12 11:14:48","770.00","0",NULL),
(571,1,1,987,1,NULL,"2021-10-12 11:16:13","2000.00","0",NULL),
(572,1,1,949,1,NULL,"2021-10-12 12:07:17","754.00","0","بينهم ٣٠٠ الف يو"),
(573,1,1,1001,1,NULL,"2021-10-12 14:29:49","440.00","0","رصيد"),
(574,1,9,934,1,NULL,"2021-10-12 14:30:05","400.00","0","بيد ابو علي الحريري"),
(575,1,1,960,1,NULL,"2021-10-13 10:16:27","1300.00","0",NULL),
(576,1,1,996,523,NULL,"2021-10-13 10:19:50","1050000.00","0",NULL),
(577,1,1,937,1,136,"2021-10-13 15:43:19","3745.00","0","بيد عبد لبنان"),
(578,1,10,968,1,NULL,"2021-10-13 17:27:24","500.00","0",NULL),
(579,1,1,962,1,NULL,"2021-10-14 10:08:57","5000.00","0",NULL),
(580,1,1,941,1,NULL,"2021-10-14 12:54:18","3000.00","0",NULL),
(581,1,10,970,1,NULL,"2021-10-15 22:37:48","5000.00","0",NULL),
(582,1,10,978,1,NULL,"2021-10-17 08:57:10","300.00","0",NULL),
(583,1,1,954,1,NULL,"2021-10-17 10:01:56","9000.00","0",NULL),
(584,1,10,969,1,NULL,"2021-10-17 14:21:26","300.00","0","باقي ٧٥"),
(585,1,1,987,1,NULL,"2021-10-17 14:41:03","1550.00","0",NULL),
(586,1,1,980,1,137,"2021-10-17 17:59:23","7000.00","0","بيد ابو علي الحريري"),
(587,1,10,950,531,NULL,"2021-10-18 11:09:44","3500000.00","0",NULL),
(588,1,1,1026,1,138,"2021-10-18 19:41:39","1000.00","0","بيد ابو رائد"),
(589,1,1,980,1,139,"2021-10-18 19:43:33","2975.00","0",NULL),
(590,1,1,1025,1,140,"2021-10-19 15:46:40","3340.00","0","بيد ابو علي الحريري"),
(591,1,1,1019,1,NULL,"2021-10-20 11:21:45","350.00","0",NULL),
(592,1,1,1019,545,NULL,"2021-10-20 11:22:17","30000.00","0",NULL),
(593,1,12,934,1,NULL,"2021-10-02 11:44:10","1000.00","0","بيد الحريري"),
(594,1,10,939,1,NULL,"2021-10-20 12:20:42","500.00","0","باقي ١٢٤"),
(595,1,1,960,1,NULL,"2021-10-20 12:50:17","1000.00","0",NULL),
(596,1,1,960,547,NULL,"2021-10-20 12:51:05","3500000.00","0",NULL),
(597,1,10,969,1,NULL,"2021-10-20 13:51:19","700.00","0",NULL),
(598,1,1,1004,1,NULL,"2021-10-20 14:48:03","1600.00","0",NULL),
(599,1,1,1004,548,NULL,"2021-10-20 14:48:16","100000.00","0",NULL),
(600,1,10,978,554,NULL,"2021-10-21 09:12:41","1050000.00","0",NULL),
(601,1,11,1017,1,NULL,"2021-10-21 10:27:26","1500.00","0",NULL),
(602,1,1,1027,1,NULL,"2021-10-21 11:15:29","390.00","0",NULL),
(603,1,10,938,1,NULL,"2021-10-21 14:02:24","500.00","0",NULL),
(604,1,1,941,564,NULL,"2021-10-21 15:49:12","24360000.00","0",NULL),
(605,1,10,970,1,NULL,"2021-10-21 20:12:24","5000.00","0",NULL),
(606,1,1,962,1,NULL,"2021-10-23 11:40:50","4000.00","0",NULL),
(607,1,1,1004,1,NULL,"2021-10-23 13:06:08","1000.00","0",NULL),
(608,1,1,960,1,NULL,"2021-10-23 14:05:31","1000.00","0",NULL),
(609,1,1,996,1,NULL,"2021-10-23 14:05:57","300.00","0",NULL),
(610,1,1,943,1,NULL,"2021-10-23 14:37:32","1000.00","0",NULL),
(611,1,1,943,569,NULL,"2021-10-23 14:38:00","3480000.00","0",NULL),
(612,1,10,968,1,NULL,"2021-10-23 16:51:07","200.00","0","باقي ١٥"),
(613,1,1,1008,1,NULL,"2021-10-24 10:54:11","420.00","0","رصيد"),
(614,1,1,994,573,NULL,"2021-10-24 11:57:17","1400000.00","0",NULL),
(615,1,10,1028,574,NULL,"2021-10-24 11:58:11","1400000.00","0",NULL),
(616,1,1,942,1,NULL,"2021-10-24 12:45:16","1300.00","0",NULL),
(617,1,10,939,575,NULL,"2021-10-24 13:00:20","435000.00","0","رصيد حساب"),
(618,1,1,1008,577,NULL,"2021-10-25 13:40:04","17000.00","0","رصيد"),
(619,1,10,972,1,NULL,"2021-10-25 15:04:44","500.00","0",NULL),
(620,1,10,972,578,NULL,"2021-10-25 15:05:14","90000.00","0",NULL),
(621,1,10,969,1,NULL,"2021-10-25 17:34:45","300.00","0",NULL),
(622,1,11,977,1,NULL,"2021-10-25 22:50:07","4880.00","0",NULL),
(623,1,1,1024,1,147,"2021-10-26 10:53:12","1000.00","0",NULL),
(624,1,10,950,581,NULL,"2021-10-26 11:44:13","3500000.00","0",NULL),
(625,1,11,964,1,NULL,"2021-10-26 12:03:21","3000.00","0",NULL),
(626,1,11,987,1,NULL,"2021-10-26 12:05:21","1550.00","0",NULL),
(627,1,11,1001,1,NULL,"2021-10-26 12:07:56","300.00","0",NULL),
(628,1,1,952,1,NULL,"2021-10-26 13:41:59","200.00","0",NULL),
(629,1,1,932,1,148,"2021-10-26 13:48:14","50.00","0","مرتجع مضروب"),
(630,1,10,978,586,NULL,"2021-10-27 09:25:53","1050000.00","0",NULL),
(631,1,10,937,1,NULL,"2021-10-27 11:19:27","1500.00","0",NULL),
(632,1,1,943,587,NULL,"2021-10-27 12:49:11","4462500.00","0",NULL),
(633,1,1,941,1,NULL,"2021-10-28 11:24:18","10000.00","0",NULL),
(634,1,10,1033,591,NULL,"2021-10-28 11:42:13","710000.00","0","رصيد بالة لبناني بوزن ٢٢٠كغ"),
(635,1,10,992,592,NULL,"2021-10-28 12:13:50","1927000.00","0",NULL),
(636,1,10,1028,593,NULL,"2021-10-28 12:36:26","1456000.00","0","بالاضافى ١٥ الف اجور نقل"),
(637,1,10,955,595,NULL,"2021-10-28 13:08:36","160000.00","0",NULL),
(638,1,1,996,1,NULL,"2021-10-28 13:11:22","300.00","0",NULL),
(639,1,1,960,1,NULL,"2021-10-28 13:13:33","700.00","0",NULL),
(640,1,10,970,1,NULL,"2021-10-28 22:16:11","5000.00","0",NULL),
(641,1,10,978,599,NULL,"2021-10-30 08:53:32","1050000.00","0",NULL),
(642,1,1,1013,1,NULL,"2021-10-30 11:48:19","1380.00","0","بينهم ١٠٠٠ يو"),
(643,1,1,1013,600,NULL,"2021-10-30 11:48:44","168000.00","0","باقي ٢٠"),
(644,1,10,931,1,NULL,"2021-10-30 12:34:04","300.00","0",NULL),
(645,1,10,1028,603,NULL,"2021-10-30 13:14:03","1000000.00","0",NULL),
(646,1,1,1004,1,NULL,"2021-10-28 14:09:07","1400.00","0",NULL),
(647,1,1,1006,1,NULL,"2021-10-30 14:35:33","5000.00","0",NULL),
(648,1,1,932,610,153,"2021-10-31 12:32:07","1000000.00","0",NULL),
(649,1,1,966,1,NULL,"2021-10-31 13:48:16","2500.00","0",NULL),
(650,1,1,966,612,NULL,"2021-10-31 13:50:42","3450000.00","0","رصيد"),
(651,1,11,994,1,NULL,"2021-11-01 11:43:37","1220.00","0",NULL),
(652,1,1,1019,1,NULL,"2021-11-01 13:01:41","550.00","0",NULL),
(653,1,10,969,1,NULL,"2021-11-01 13:31:27","225.00","0",NULL),
(654,1,1,1035,613,NULL,"2021-11-01 13:51:43","1176000.00","0",NULL),
(655,1,10,978,1,NULL,"2021-11-01 16:23:58","300.00","0",NULL),
(656,1,1,977,1,NULL,"2021-11-01 17:44:16","6700.00","0",NULL),
(657,1,1,1036,1,NULL,"2021-11-02 09:13:36","3000.00","0",NULL),
(658,1,10,1030,1,NULL,"2021-11-02 09:51:51","500.00","0",NULL),
(659,1,10,960,614,NULL,"2021-11-02 12:23:56","1050000.00","0",NULL),
(660,1,1,1029,1,NULL,"2021-11-02 14:28:40","650.00","0",NULL),
(661,1,1,996,1,NULL,"2021-11-02 14:44:50","500.00","0",NULL),
(662,1,10,978,1,NULL,"2021-11-03 08:07:25","700.00","0",NULL),
(663,1,11,1011,622,NULL,"2021-11-03 11:08:06","1400000.00","0",NULL),
(664,1,10,950,623,NULL,"2021-11-03 17:24:02","1858500.00","0","رصيد حساب"),
(665,1,10,1028,624,NULL,"2021-11-03 17:33:55","600000.00","0",NULL),
(666,1,1,941,1,NULL,"2021-11-04 10:29:02","7000.00","0",NULL),
(667,1,10,978,1,NULL,"2021-11-04 13:37:40","400.00","0",NULL),
(668,1,10,992,627,NULL,"2021-11-04 13:54:02","830000.00","0",NULL),
(669,1,1,1004,628,NULL,"2021-11-04 14:30:12","4610000.00","0",NULL),
(670,1,10,978,1,NULL,"2021-11-06 09:09:40","300.00","0",NULL),
(671,1,10,969,1,NULL,"2021-11-06 14:05:34","200.00","0",NULL),
(672,1,1,949,1,NULL,"2021-11-06 14:10:20","932.00","0","بينهم ٢٠٠ يو"),
(673,1,1,949,634,NULL,"2021-11-06 14:12:20","100000.00","0","رصيد"),
(674,1,10,931,1,NULL,"2021-11-06 14:51:06","1000.00","0",NULL),
(675,1,11,1013,636,NULL,"2021-11-06 17:32:24","70000.00","0",NULL),
(676,1,10,1037,637,NULL,"2021-11-07 10:13:52","98000.00","0",NULL),
(677,1,11,986,1,NULL,"2021-11-07 11:10:42","6000.00","0",NULL),
(678,1,9,937,1,NULL,"2021-11-07 15:09:47","220.00","0",NULL),
(679,1,9,937,641,NULL,"2021-11-07 15:10:24","4000.00","0",NULL),
(680,1,9,964,642,NULL,"2021-11-07 15:11:01","745500.00","0",NULL),
(681,1,11,942,1,NULL,"2021-11-07 17:02:10","1000.00","0",NULL),
(682,1,11,942,643,NULL,"2021-11-07 17:03:06","7000000.00","0",NULL),
(683,1,1,964,1,NULL,"2021-11-07 17:59:20","1200.00","0",NULL),
(684,1,10,978,1,NULL,"2021-11-08 09:48:17","700.00","0",NULL),
(685,1,1,1004,648,NULL,"2021-10-28 11:00:15","4546000.00","0",NULL),
(686,1,9,1004,651,NULL,"2021-11-08 15:26:36","3500000.00","0",NULL),
(687,1,1,980,1,158,"2021-11-08 17:07:09","11250.00","0","رصيد بعلم يزن بيد ابو علي الحريري"),
(688,1,1,1032,1,159,"2021-11-08 19:06:34","10000.00","0","بيد ابو علي الحريري"),
(689,1,1,972,1,NULL,"2021-11-09 11:45:00","50.00","0","مرتجع"),
(690,1,11,1014,1,NULL,"2021-11-09 13:19:55","830.00","0",NULL),
(691,1,1,960,1,NULL,"2021-11-09 14:41:29","100.00","0",NULL),
(692,1,1,960,655,NULL,"2021-11-09 14:43:19","1400000.00","0",NULL),
(693,1,1,943,1,NULL,"2021-11-10 10:03:30","2000.00","0",NULL),
(694,1,1,943,657,NULL,"2021-11-10 10:04:21","3490000.00","0","ناقصة ٤٠٠٠"),
(695,1,1,1017,1,NULL,"2021-11-10 11:14:30","5015.00","0",NULL),
(696,1,1,979,1,NULL,"2021-11-10 11:14:55","7000.00","0",NULL),
(697,1,10,978,1,NULL,"2021-11-09 12:23:14","300.00","0",NULL),
(698,1,1,1039,1,NULL,"2021-11-10 13:41:58","1000.00","0",NULL),
(699,1,10,931,1,NULL,"2021-11-10 14:50:58","1000.00","0",NULL),
(700,1,1,932,1,160,"2021-11-10 14:56:25","1000.00","0","مرتجع ميات قديمه"),
(701,1,1,964,1,NULL,"2021-11-10 15:02:48","487.00","0","بينهم ٤٠٠ يويو"),
(702,1,1,941,1,NULL,"2021-11-11 12:19:36","5000.00","0",NULL),
(703,1,1,941,660,NULL,"2021-11-11 13:50:48","500000.00","0",NULL),
(705,1,1,964,662,NULL,"2021-11-11 14:54:12","350000.00","0",NULL),
(706,1,10,970,1,NULL,"2021-11-11 22:16:19","3600.00","0",NULL),
(707,1,10,970,663,NULL,"2021-11-11 22:16:50","35000.00","0",NULL),
(708,1,10,978,1,NULL,"2021-11-13 09:23:21","1100.00","0",NULL),
(709,1,1,942,1,NULL,"2021-11-13 12:25:43","2700.00","0",NULL),
(710,1,1,996,1,NULL,"2021-11-14 10:17:23","500.00","0",NULL),
(711,1,1,960,1,NULL,"2021-11-14 10:17:42","700.00","0",NULL),
(712,1,1,938,1,NULL,"2021-11-14 12:57:02","1160.00","0","١٠٠٠ يوي"),
(713,1,1,1024,676,168,"2021-11-15 11:29:10","1040000.00","0",NULL),
(714,1,1,943,677,NULL,"2021-11-15 13:17:02","3915000.00","0",NULL),
(715,1,1,1034,1,NULL,"2021-11-15 20:25:02","1100.00","0",NULL),
(716,1,1,1007,1,169,"2021-11-16 16:45:15","10000.00","0","بيد ابو علي الحريري"),
(717,1,10,978,1,NULL,"2021-11-17 09:40:28","300.00","0",NULL),
(718,1,10,948,1,NULL,"2021-11-17 13:00:02","100.00","0",NULL),
(719,1,1,960,1,NULL,"2021-11-17 13:48:32","400.00","0",NULL),
(720,1,10,931,1,NULL,"2021-11-17 14:39:37","1550.00","0",NULL),
(721,1,1,1029,1,NULL,"2021-11-17 15:35:26","10000.00","0",NULL),
(722,1,1,945,1,170,"2021-11-17 19:25:40","2500.00","0",NULL),
(723,1,10,978,1,NULL,"2021-11-18 09:50:51","300.00","0",NULL),
(724,1,10,994,682,NULL,"2021-11-18 10:30:07","974000.00","0",NULL),
(725,1,10,994,1,NULL,"2021-11-18 10:30:54","200.00","0",NULL),
(726,1,1,979,1,NULL,"2021-11-18 10:34:23","3000.00","0",NULL),
(727,1,10,1003,1,NULL,"2021-11-18 12:50:34","500.00","0",NULL),
(728,1,1,1026,1,NULL,"2021-11-18 13:48:19","1500.00","0",NULL),
(729,1,1,930,1,NULL,"2021-11-18 15:41:13","2000.00","0",NULL),
(730,1,1,941,1,NULL,"2021-11-18 15:41:38","15000.00","0",NULL),
(731,1,1,966,1,NULL,"2021-11-18 16:27:53","40000.00","0",NULL),
(732,1,1,977,1,NULL,"2021-11-18 20:50:41","2700.00","0",NULL),
(733,1,1,932,1,172,"2021-11-18 20:58:51","40000.00","0",NULL),
(734,1,1,943,687,NULL,"2021-11-20 14:42:46","7000000.00","0",NULL),
(735,1,10,978,1,NULL,"2021-11-22 10:27:13","300.00","0",NULL),
(736,1,1,1024,703,182,"2021-11-22 16:11:34","1750000.00","0","رصيد"),
(737,1,1,942,1,NULL,"2021-11-23 12:35:20","2000.00","0",NULL),
(738,1,1,1003,1,NULL,"2021-11-23 13:51:00","60.00","0",NULL),
(739,1,1,960,1,NULL,"2021-11-24 10:36:42","900.00","0",NULL),
(740,1,1,960,706,NULL,"2021-11-24 10:37:10","350000.00","0",NULL),
(741,1,1,941,708,184,"2021-11-24 11:46:26","25000000.00","0","تحويل حساب بنكي إلى غيفارا اللاذقيه  بتعادل ٧١٥٠"),
(742,1,9,951,709,NULL,"2021-11-24 13:35:52","1130000.00","0",NULL),
(743,1,1,941,1,NULL,"2021-11-25 10:59:42","7000.00","0",NULL),
(744,1,1,1019,1,NULL,"2021-11-25 11:11:35","100.00","0",NULL),
(745,1,1,972,1,NULL,"2021-11-25 12:12:30","530.00","0",NULL),
(746,1,1,972,710,NULL,"2021-11-25 12:12:55","35000.00","0","رصيد"),
(748,1,10,931,1,NULL,"2021-11-27 13:20:49","1100.00","0",NULL),
(749,1,9,1003,715,NULL,"2021-11-25 13:24:56","20000.00","0",NULL),
(750,1,9,1004,717,NULL,"2021-11-27 14:14:40","2520000.00","0",NULL),
(751,1,1,942,1,NULL,"2021-11-28 15:11:55","1200.00","0","باقي بدي منو ٨٥"),
(752,1,1,1032,1,185,"2021-11-28 22:46:32","1750.00","0","رصيد بيد ابو علي الحريري"),
(753,1,10,1039,722,NULL,"2021-11-29 13:17:41","1326000.00","0",NULL),
(754,1,12,1040,724,NULL,"2021-11-30 14:50:12","894000.00","0",NULL),
(755,1,12,978,725,NULL,"2021-12-01 09:16:31","1050000.00","0",NULL),
(756,1,10,960,728,NULL,"2021-12-02 11:47:23","350000.00","0",NULL),
(757,1,10,960,1,NULL,"2021-12-02 11:47:52","500.00","0",NULL),
(758,1,1,941,1,NULL,"2021-12-02 13:03:20","10000.00","0",NULL),
(759,1,10,1042,732,NULL,"2021-12-04 13:03:29","2284000.00","0","رصيد الفاتورة"),
(760,1,1,1006,1,186,"2021-12-04 19:00:28","80000.00","0","دفعه  بتاريخ اليوم ٣٠ الف\nودفعه بقبل بفتره ٥٠ الف \n\nبيد ابو يزن"),
(761,1,10,960,1,NULL,"2021-12-05 13:30:23","777.00","0","قبضت ٨٠٠ \n٧٧٧ رصيد النجم الذهبي\nوالباقي لبلال قدور"),
(762,1,10,972,1,NULL,"2021-12-05 14:27:27","400.00","0",NULL),
(763,1,10,972,734,NULL,"2021-12-05 14:28:29","143500.00","0","رصيد بالة بوزن ٤٤١"),
(764,1,10,972,1,NULL,"2021-12-05 14:28:58","1500.00","0",NULL),
(765,1,10,972,735,NULL,"2021-12-05 14:29:20","3500000.00","0",NULL),
(766,1,10,929,736,NULL,"2021-12-05 15:00:24","630000.00","0",NULL),
(767,1,9,996,1,NULL,"2021-12-05 10:16:21","23.00","0",NULL),
(768,1,10,978,738,NULL,"2021-12-06 12:15:56","1050000.00","0",NULL),
(769,1,1,1043,740,NULL,"2021-12-07 11:31:02","30000.00","0",NULL),
(770,1,10,1035,741,NULL,"2021-12-07 14:04:30","2362000.00","0","رصيد بالة وجهين كرفت بوزن ٥٦٣"),
(771,1,10,951,742,NULL,"2021-12-08 11:57:15","980000.00","0","رصيد بالة بوزن ٢٣٩"),
(772,1,10,957,1,NULL,"2021-12-08 12:25:11","400.00","0",NULL),
(773,1,10,957,743,NULL,"2021-12-08 12:25:41","174000.00","0",NULL),
(774,1,9,1001,1,NULL,"2021-12-08 11:35:39","100.00","0",NULL),
(775,1,9,1001,745,NULL,"2021-12-08 11:36:05","188000.00","0",NULL),
(776,1,10,959,1,NULL,"2021-12-09 12:39:13","970.00","0",NULL),
(777,1,10,959,748,NULL,"2021-12-09 12:39:29","3500.00","0",NULL),
(778,1,10,986,1,NULL,"2021-12-09 13:06:53","500.00","0",NULL),
(779,1,10,986,749,NULL,"2021-12-09 13:07:12","126000.00","0","رصيد"),
(780,1,10,996,1,NULL,"2021-12-09 14:11:32","430.00","0",NULL),
(781,1,10,1024,1,NULL,"2021-12-11 11:36:35","300.00","0",NULL),
(782,1,10,1044,1,NULL,"2021-12-11 11:52:30","5000.00","0",NULL),
(783,1,10,942,1,NULL,"2021-12-11 13:51:55","100.00","0",NULL),
(784,1,10,978,1,NULL,"2021-12-12 08:22:13","300.00","0",NULL),
(785,1,9,972,1,NULL,"2021-12-14 11:14:52","1500.00","0",NULL),
(786,1,9,972,758,NULL,"2021-12-14 11:15:11","1750000.00","0",NULL),
(787,1,9,980,1,NULL,"2021-12-14 11:16:04","1600.00","0","بيد ابو علي الحريري"),
(788,1,12,1019,1,NULL,"2021-12-14 12:01:08","30.00","0",NULL),
(789,1,12,1019,759,NULL,"2021-12-14 12:01:28","70000.00","0",NULL),
(790,1,12,943,760,NULL,"2021-12-14 14:01:49","7000000.00","0",NULL),
(792,1,9,1044,1,NULL,"2021-12-14 15:10:37","1900.00","0",NULL),
(793,1,9,1044,761,NULL,"2021-12-14 15:11:00","350000.00","0",NULL),
(794,1,12,943,763,NULL,"2021-12-15 13:37:18","10500000.00","0",NULL),
(795,1,12,1045,768,NULL,"2021-12-16 11:30:15","262000.00","0","رصيد"),
(797,1,9,1046,771,NULL,"2021-12-16 14:27:03","14000000.00","0",NULL),
(798,1,10,938,1,NULL,"2021-12-16 15:49:28","500.00","0",NULL),
(799,1,9,1046,775,NULL,"2021-12-16 11:55:00","2373000.00","0",NULL),
(800,1,9,959,1,NULL,"2021-12-18 12:03:42","355.00","0",NULL),
(801,1,9,1044,777,NULL,"2021-12-16 12:39:36","3550000.00","0",NULL),
(802,1,10,1044,779,NULL,"2021-12-19 14:17:06","3550000.00","0",NULL),
(803,1,9,1007,1,NULL,"2021-12-19 10:44:21","1000.00","0","بيد ابو علي الحريري"),
(804,1,9,962,783,NULL,"2021-12-20 10:44:53","500000.00","0","من اسبوعبن تم دفعا"),
(805,1,12,943,786,NULL,"2021-12-20 12:23:36","6000000.00","0",NULL),
(806,1,10,978,787,NULL,"2021-12-21 08:51:38","1050000.00","0",NULL),
(807,1,9,972,789,NULL,"2021-12-21 10:59:42","1800000.00","0",NULL),
(808,1,10,980,1,188,"2021-12-21 16:10:28","260.00","0","بيد ابو علي"),
(809,2,16,1051,1,189,"2021-12-22 12:17:56","2984.00","0","1800 € = 2034$ + 950$"),
(810,2,16,943,792,NULL,"2021-12-22 13:04:24","4410000.00","0",NULL),
(811,1,10,1039,793,NULL,"2021-12-22 15:50:40","1900000.00","0",NULL),
(812,1,10,943,794,NULL,"2021-12-22 16:34:39","6480000.00","0",NULL),
(814,1,12,1044,796,NULL,"2021-12-22 08:40:27","3600000.00","0",NULL),
(815,1,10,1004,800,NULL,"2021-12-23 13:04:07","54000.00","0",NULL),
(816,1,10,1004,1,NULL,"2021-12-23 13:04:38","2485.00","0",NULL),
(817,1,10,936,1,NULL,"2021-12-23 19:04:12","5000.00","0",NULL),
(818,1,10,1042,1,NULL,"2021-12-25 11:32:54","3400.00","0",NULL),
(819,1,10,1042,805,NULL,"2021-12-25 11:33:38","125000.00","0",NULL),
(820,2,16,943,806,NULL,"2021-12-25 12:53:00","3960000.00","0",NULL),
(821,2,16,1008,807,NULL,"2021-12-25 13:19:51","4000000.00","0",NULL),
(822,1,10,1016,1,NULL,"2021-12-25 13:36:05","1040.00","0","رصيد بالة"),
(823,1,10,994,810,NULL,"2021-12-25 15:26:48","1900000.00","0",NULL),
(824,1,9,962,816,NULL,"2021-12-26 12:10:51","4000000.00","0",NULL),
(825,2,16,994,1,NULL,"2021-12-26 13:48:17","400.00","0",NULL),
(826,1,10,1069,1,NULL,"2021-12-26 13:55:20","6020.00","0",NULL),
(827,1,10,1069,818,NULL,"2021-12-26 13:56:04","31500.00","0",NULL),
(828,1,16,994,1,NULL,"2021-12-27 12:49:49","1000.00","0",NULL),
(829,1,10,1071,1,NULL,"2021-12-27 12:51:11","7600.00","0",NULL),
(830,2,16,943,822,NULL,"2021-12-27 14:18:48","3600000.00","0",NULL),
(831,1,16,1008,1,NULL,"2021-12-27 15:30:32","700.00","0",NULL),
(832,1,10,977,823,NULL,"2021-12-27 15:51:20","5832000.00","0",NULL),
(833,1,10,978,824,NULL,"2021-12-28 08:19:39","1080000.00","0",NULL),
(834,1,9,1030,1,NULL,"2021-12-28 11:34:25","677.00","0",NULL),
(835,2,16,994,829,NULL,"2021-12-28 15:01:58","900000.00","0",NULL),
(836,1,10,1062,1,NULL,"2021-12-29 08:34:18","2000.00","0",NULL),
(837,1,16,962,1,NULL,"2021-12-29 11:48:42","12000.00","0",NULL),
(838,1,10,1040,1,NULL,"2021-12-29 13:16:03","700.00","0",NULL),
(839,1,10,1040,831,NULL,"2021-12-29 13:16:35","216000.00","0",NULL),
(840,1,10,956,835,NULL,"2021-12-29 15:18:30","29750000.00","0",NULL),
(841,1,10,956,1,NULL,"2021-12-29 15:19:04","2500.00","0",NULL),
(842,1,10,1069,1,NULL,"2021-12-30 10:55:38","3421.00","0","رصيد"),
(843,1,10,1069,839,NULL,"2021-12-30 10:56:12","14000.00","0",NULL),
(844,2,16,994,840,NULL,"2021-12-30 11:44:50","900000.00","0",NULL),
(845,2,16,994,1,NULL,"2021-12-30 12:01:26","100.00","0",NULL),
(846,1,1,1004,843,NULL,"2021-12-30 14:33:47","1555000.00","0","رصيد"),
(847,1,1,946,1,NULL,"2021-12-30 14:34:08","1200.00","0",NULL),
(848,2,16,943,1,NULL,"2022-01-01 12:01:07","1600.00","0",NULL),
(849,1,10,1075,1,NULL,"2021-12-30 13:52:28","358.00","0","بيد ابو علي"),
(850,2,16,983,847,NULL,"2022-01-02 11:38:53","5252000.00","0",NULL),
(851,1,10,1016,1,NULL,"2022-01-02 12:21:14","480.00","0","رصيد بالة بوزن ٤٠٠كغ"),
(852,2,16,994,1,NULL,"2022-01-02 12:26:00","300.00","0",NULL),
(853,2,16,994,848,NULL,"2022-01-02 12:27:30","1080000.00","0",NULL),
(855,1,10,946,1,NULL,"2022-01-02 14:25:25","500.00","0",NULL),
(856,2,16,972,1,NULL,"2022-01-02 14:46:20","1250.00","0",NULL),
(857,2,16,962,1,NULL,"2022-01-03 11:43:18","2500.00","0","750 € = 850 $\n850 + 1650 = 2500 $"),
(858,2,16,960,1,NULL,"2022-01-03 12:44:24","300.00","0",NULL),
(859,1,16,994,1,NULL,"2022-01-03 13:06:08","800.00","0",NULL),
(860,2,16,946,1,NULL,"2022-01-03 15:26:38","700.00","0",NULL),
(861,2,16,994,854,NULL,"2022-01-04 11:12:39","720000.00","0",NULL),
(862,2,16,994,1,NULL,"2022-01-04 11:15:30","300.00","0",NULL),
(863,2,16,962,1,NULL,"2022-01-04 12:42:29","700.00","0",NULL),
(864,2,16,1008,1,NULL,"2022-01-04 14:27:49","600.00","0",NULL),
(865,1,16,1044,1,NULL,"2022-01-04 14:57:34","600.00","0",NULL),
(866,2,16,938,1,NULL,"2022-01-05 12:34:23","3000.00","0",NULL),
(867,2,16,938,857,NULL,"2022-01-05 12:38:12","3348000.00","0",NULL),
(868,2,16,962,1,NULL,"2022-01-06 12:28:34","1767.00","0",NULL),
(869,2,16,994,861,NULL,"2022-01-06 14:47:14","2520000.00","0",NULL),
(870,1,10,978,870,NULL,"2022-01-08 10:45:19","1000000.00","0",NULL),
(871,2,16,981,871,NULL,"2022-01-08 13:39:22","3600000.00","0",NULL),
(872,2,16,1017,1,NULL,"2022-01-08 15:48:01","10000.00","0","دفعه مقدمه ثمن ال MG"),
(873,2,16,994,882,NULL,"2022-01-10 11:13:27","1900000.00","0",NULL),
(874,2,16,981,884,NULL,"2022-01-10 12:12:35","2350000.00","0","رصيد حساب"),
(875,2,16,1078,885,NULL,"2022-01-10 13:28:53","700000.00","0",NULL),
(876,2,16,959,1,NULL,"2022-01-10 14:01:51","600.00","0","دفعه مقدمه من السيد فراس"),
(877,2,16,994,886,NULL,"2022-01-10 15:41:02","1800000.00","0",NULL),
(878,2,16,1046,888,NULL,"2022-01-10 19:10:40","29576000.00","0","رصيد ٨٢٥٠ كغ"),
(879,1,10,1062,890,NULL,"2022-01-11 09:20:42","7000000.00","0",NULL),
(880,2,16,989,1,NULL,"2022-01-11 13:01:55","6000.00","0",NULL),
(881,2,16,1078,892,NULL,"2022-01-11 13:07:52","2500000.00","0",NULL),
(882,2,16,986,1,NULL,"2022-01-11 13:34:36","2500.00","0",NULL),
(883,2,16,1077,893,NULL,"2022-01-11 13:34:54","49000.00","0",NULL),
(884,2,16,1077,1,NULL,"2022-01-11 13:37:07","1050.00","0","حساب رصيد"),
(885,1,10,1069,1,NULL,"2022-01-11 13:45:48","2550.00","0",NULL),
(886,1,10,1069,894,NULL,"2022-01-11 13:46:05","158000.00","0",NULL),
(887,2,16,943,1,NULL,"2022-01-11 13:48:33","600.00","0",NULL),
(888,2,16,938,1,NULL,"2022-01-11 15:06:03","2000.00","0",NULL),
(889,2,16,1044,1,NULL,"2022-01-11 15:28:36","585.00","0","340 € = 385 $ + 200$ = 585 $"),
(890,2,16,994,896,NULL,"2022-01-12 12:49:23","2520000.00","0",NULL),
(891,1,10,1069,1,NULL,"2022-01-12 16:11:15","150.00","0",NULL),
(892,1,10,1040,1,NULL,"2022-01-13 08:37:51","1300.00","0",NULL),
(893,1,10,1033,1,NULL,"2022-01-13 11:03:48","1370.00","0",NULL),
(894,2,16,994,900,NULL,"2022-01-13 11:40:57","2880000.00","0",NULL),
(895,2,16,959,1,NULL,"2022-01-13 14:14:59","110.00","0","دفعه رصيد حساب"),
(896,2,16,946,1,NULL,"2022-01-13 14:44:29","1300.00","0",NULL),
(897,2,16,930,1,NULL,"2022-01-13 15:22:12","2424.00","0",NULL),
(898,2,16,1044,1,NULL,"2022-01-15 12:50:04","500.00","0",NULL),
(899,1,10,933,1,NULL,"2022-01-15 13:12:39","100.00","0",NULL),
(900,1,10,931,1,NULL,"2022-01-15 14:46:41","1200.00","0",NULL),
(901,2,16,980,1,NULL,"2022-01-15 15:11:24","4730.00","0","بيد ابو علي الحريري"),
(902,1,10,956,1,NULL,"2022-01-15 15:37:31","1826.00","0",NULL),
(903,2,16,943,1,NULL,"2022-01-16 12:15:00","950.00","0",NULL),
(904,2,16,943,913,NULL,"2022-01-16 12:18:43","2700000.00","0",NULL),
(905,1,10,978,1,NULL,"2022-01-16 17:49:10","300.00","0",NULL),
(906,2,16,1030,1,NULL,"2022-01-17 11:07:18","400.00","0",NULL),
(907,2,16,1030,914,NULL,"2022-01-17 11:07:46","983000.00","0",NULL),
(908,2,16,994,917,NULL,"2022-01-17 12:50:39","5040000.00","0",NULL),
(909,2,16,946,1,NULL,"2022-01-18 11:13:33","1000.00","0",NULL),
(910,2,16,994,1,NULL,"2022-01-18 15:21:45","300.00","0",NULL),
(911,2,16,994,922,NULL,"2022-01-18 15:25:43","1800000.00","0",NULL),
(912,1,1,1078,929,NULL,"2022-01-20 13:40:34","2386000.00","0",NULL),
(913,2,16,1051,1,NULL,"2022-01-22 11:04:07","2500.00","0",NULL),
(914,2,16,986,1,NULL,"2022-01-22 11:06:04","2120.00","0",NULL),
(915,2,16,986,934,NULL,"2022-01-22 11:06:35","10500.00","0","رصيد حساب"),
(916,2,16,943,1,NULL,"2022-01-22 11:55:39","1200.00","0","دفعه ابو صالح"),
(917,2,16,1046,1,NULL,"2022-01-22 16:53:12","4510.00","0",NULL),
(918,1,10,958,1,NULL,"2022-01-23 11:16:07","1000.00","0",NULL),
(919,2,16,1078,936,NULL,"2022-01-23 12:43:08","3000000.00","0",NULL),
(920,2,16,946,1,NULL,"2022-01-23 13:46:22","500.00","0",NULL),
(921,2,16,946,937,NULL,"2022-01-23 13:47:36","114000.00","0",NULL),
(922,2,16,994,1,NULL,"2022-01-23 14:35:46","900.00","0",NULL),
(923,2,16,994,938,NULL,"2022-01-23 14:36:45","4000000.00","0",NULL),
(924,2,16,960,1,NULL,"2022-01-23 14:49:52","400.00","0",NULL),
(925,2,16,1076,1,NULL,"2022-01-23 15:36:47","220.00","0","دفعه رصيد حساب"),
(926,2,16,946,1,NULL,"2022-01-24 13:51:12","800.00","0",NULL),
(927,1,10,931,1,NULL,"2022-01-24 13:58:09","80.00","0",NULL),
(928,1,10,931,946,NULL,"2022-01-24 13:58:25","20000.00","0",NULL),
(929,1,1,1044,947,NULL,"2022-01-24 14:41:50","3600000.00","0","رصيد حتى تاريخه خصم ٦٥ الف بعلم قصي"),
(930,2,16,1078,948,NULL,"2022-01-24 14:53:15","1080000.00","0",NULL),
(931,2,16,1017,1,NULL,"2022-01-25 11:35:36","6600.00","0","رصيد حساب + دفعه مقدمه"),
(932,2,16,943,954,NULL,"2022-01-25 14:24:42","5040000.00","0",NULL),
(933,2,16,943,1,NULL,"2022-01-25 14:25:48","300.00","0",NULL),
(934,2,16,943,1,NULL,"2022-01-25 14:27:35","300.00","0","دفعه ثانيه"),
(935,1,10,1017,1,NULL,"2022-01-26 09:26:13","20000.00","0",NULL),
(936,1,10,978,1,NULL,"2022-01-26 10:40:47","210.00","0",NULL),
(938,1,10,949,958,NULL,"2022-01-26 14:40:02","1470500.00","0",NULL),
(939,2,16,994,1,NULL,"2022-01-27 11:24:59","300.00","0",NULL),
(940,2,16,994,959,NULL,"2022-01-27 11:25:48","2880000.00","0",NULL),
(941,2,16,1078,967,NULL,"2022-01-27 13:03:54","4250000.00","0",NULL),
(942,1,10,970,968,NULL,"2022-01-27 20:47:23","10740000.00","0",NULL),
(943,1,10,970,1,NULL,"2022-01-27 20:49:01","1000.00","0",NULL),
(944,2,16,1029,1,NULL,"2022-01-28 23:12:11","2550.00","0",NULL),
(945,2,16,994,978,NULL,"2022-01-29 12:01:41","1080000.00","0",NULL),
(946,2,16,994,1,NULL,"2022-01-29 12:02:48","200.00","0",NULL),
(947,2,16,943,1,NULL,"2022-01-29 14:00:32","1550.00","0",NULL),
(948,2,16,1013,979,NULL,"2022-01-30 12:52:56","580000.00","0","شراء ٤ ماعون نقدا"),
(949,2,16,972,1,NULL,"2022-01-30 13:25:45","950.00","0",NULL),
(950,2,16,1087,980,NULL,"2022-01-30 13:50:55","10000000.00","0","بيد ابراهيم داود في لاذقيه"),
(951,2,16,994,981,NULL,"2022-01-30 15:11:43","1260000.00","0",NULL),
(952,2,16,994,1,NULL,"2022-01-30 15:13:08","800.00","0",NULL),
(953,1,10,958,1,NULL,"2022-01-31 09:06:20","1600.00","0",NULL),
(954,1,10,958,982,NULL,"2022-01-31 09:06:41","108000.00","0",NULL),
(955,1,10,1017,1,NULL,"2022-02-01 10:14:40","24900.00","0",NULL),
(956,1,10,1017,1,NULL,"2022-02-01 16:33:51","100.00","0",NULL),
(957,1,1,930,1,NULL,"2022-02-02 13:12:48","800.00","0",NULL),
(958,1,1,994,1,NULL,"2022-02-03 13:20:39","1000.00","0",NULL),
(959,1,10,994,983,NULL,"2022-02-03 13:41:09","284000.00","0",NULL),
(960,1,1,946,1,NULL,"2022-02-05 13:19:55","1500.00","0",NULL),
(961,1,1,1078,984,NULL,"2022-02-05 13:20:08","200000.00","0",NULL),
(962,1,1,943,985,NULL,"2022-02-05 14:34:24","3150000.00","0",NULL),
(963,1,1,943,1,NULL,"2022-02-05 14:52:02","700.00","0",NULL),
(964,1,1,943,986,NULL,"2022-02-06 14:10:34","4320000.00","0",NULL),
(965,1,1,1017,1,NULL,"2022-02-06 14:27:44","10000.00","0",NULL),
(966,1,1,994,987,NULL,"2022-02-07 15:40:30","1440000.00","0",NULL),
(967,1,1,994,1,NULL,"2022-02-07 15:41:21","100.00","0","رصيد"),
(968,1,1,943,1,NULL,"2022-02-08 15:15:32","600.00","0",NULL),
(969,1,10,978,988,NULL,"2022-02-09 09:12:42","540000.00","0",NULL),
(970,1,1,943,989,NULL,"2022-02-10 12:18:30","3600000.00","0",NULL),
(971,1,1,944,1,NULL,"2022-02-13 11:37:33","7000.00","0",NULL),
(972,1,1,946,1,NULL,"2022-02-13 11:37:58","1100.00","0",NULL),
(973,1,1,1078,990,NULL,"2022-02-13 12:06:29","3400000.00","0",NULL),
(974,1,1,960,991,NULL,"2022-02-13 13:01:13","1980000.00","0",NULL),
(975,1,1,960,1,NULL,"2022-02-13 13:03:09","100.00","0",NULL),
(976,1,1,996,1,NULL,"2022-02-13 13:03:20","500.00","0",NULL),
(977,1,1,945,1,NULL,"2022-02-13 14:54:51","300.00","0",NULL),
(978,1,1,945,994,NULL,"2022-02-13 14:55:13","60000.00","0",NULL),
(979,1,1,1089,995,NULL,"2022-02-13 15:35:33","6650000.00","0",NULL),
(980,1,1,943,996,NULL,"2022-02-17 14:56:07","8100000.00","0",NULL),
(981,2,16,1091,1,NULL,"2022-02-17 13:57:13","7796.00","0","بيد ابو علي الحريري"),
(982,2,16,1090,1,NULL,"2022-02-17 14:27:10","50000.00","0","بيد ابو علي الحريري"),
(983,2,16,980,1,NULL,"2022-02-17 15:03:16","8970.00","0","دفعه رصيد بيد ابو علي الحريري"),
(984,1,10,992,997,NULL,"2022-02-17 16:28:08","3074000.00","0",NULL),
(985,1,10,994,998,NULL,"2022-02-19 14:11:08","3000000.00","0",NULL),
(986,1,1,944,1,NULL,"2022-02-20 09:39:35","6800.00","0",NULL),
(987,1,1,960,999,NULL,"2022-02-20 11:12:41","3600000.00","0",NULL),
(988,1,10,1062,1,NULL,"2022-02-23 09:55:09","75.00","0",NULL),
(989,1,10,1062,1000,NULL,"2022-02-23 09:55:44","200000.00","0",NULL),
(990,1,10,943,1001,NULL,"2022-02-23 13:02:44","6534000.00","0",NULL),
(991,1,10,943,1002,NULL,"2022-02-24 13:45:03","3102500.00","0",NULL),
(992,1,10,960,1003,NULL,"2022-02-24 14:20:02","3102500.00","0",NULL),
(993,1,10,1078,1004,NULL,"2022-02-24 16:26:27","1200000.00","0",NULL),
(994,1,10,1094,1005,NULL,"2022-02-24 16:27:01","3500000.00","0",NULL),
(995,1,10,994,1,NULL,"2022-02-26 10:20:07","200.00","0",NULL),
(996,1,10,994,1006,NULL,"2022-02-26 10:24:36","1000000.00","0",NULL),
(997,1,10,1093,1007,NULL,"2022-02-26 13:19:14","2078500.00","0",NULL),
(998,1,16,1090,1,NULL,"2022-02-26 13:41:53","8263.00","0","بيد ابو علي الحريري  حلب"),
(999,1,1,1046,1011,NULL,"2022-02-26 19:30:04","54750000.00","0",NULL),
(1000,1,10,1017,1,NULL,"2022-02-27 11:11:29","10000.00","0",NULL),
(1001,1,1,937,1,201,"2022-02-27 11:31:17","1500.00","0",NULL),
(1002,1,10,1028,1013,NULL,"2022-02-27 11:51:01","1400000.00","0",NULL),
(1003,1,1,996,1014,NULL,"2022-02-27 12:01:27","1835000.00","0",NULL),
(1004,2,16,1025,1,NULL,"2022-02-27 13:00:37","6400.00","0","دفعه بايد ابو علي الحريري"),
(1005,1,1,960,1015,NULL,"2022-02-27 15:17:31","1000000.00","0",NULL),
(1006,1,1,944,1,NULL,"2022-02-27 15:20:51","4280.00","0",NULL),
(1007,1,10,978,1,NULL,"2022-02-28 15:54:18","210.00","0",NULL),
(1008,1,10,1094,1016,NULL,"2022-02-28 16:24:55","1600000.00","0",NULL),
(1009,2,16,1091,1,NULL,"2022-02-28 18:01:39","8600.00","0","بيد ابو علي الحريري حلب"),
(1010,1,10,968,1017,NULL,"2022-03-01 11:38:33","3800000.00","0",NULL),
(1011,1,10,1028,1018,NULL,"2022-03-01 12:39:56","990000.00","0",NULL),
(1012,1,1,943,1,NULL,"2022-03-01 14:04:05","1000.00","0",NULL),
(1013,1,1,943,1019,NULL,"2022-03-01 14:04:35","1300000.00","0",NULL),
(1014,2,16,1087,1,NULL,"2022-03-01 15:26:46","2725.00","0","بيد مسلم (المخلص )"),
(1015,1,1,996,1,NULL,"2022-03-02 15:52:16","500.00","0",NULL),
(1016,1,11,1011,1021,NULL,"2022-03-03 12:33:32","3800000.00","0",NULL),
(1017,1,11,964,1022,NULL,"2022-03-03 13:04:06","2280000.00","0",NULL),
(1018,1,10,994,1,NULL,"2022-03-05 13:45:03","500.00","0",NULL),
(1019,1,10,994,1023,NULL,"2022-03-05 13:45:42","2000000.00","0",NULL),
(1020,1,10,960,1024,NULL,"2022-03-05 14:35:43","2000000.00","0",NULL),
(1021,1,10,996,1,NULL,"2022-03-05 14:36:23","400.00","0",NULL),
(1022,2,16,1017,1025,NULL,"2022-03-06 20:36:34","56250000.00","0","بيد ابو وائل"),
(1023,1,10,1028,1026,NULL,"2022-03-09 13:29:10","1011000.00","0",NULL),
(1024,1,10,1088,1,NULL,"2022-03-09 13:34:35","4100.00","0",NULL),
(1025,1,10,1078,1027,NULL,"2022-03-09 14:10:06","454000.00","0",NULL),
(1026,1,1,944,1,NULL,"2022-03-09 15:53:13","5020.00","0","رصيد رجعنا ١٦ الف للترصيد وشكرا"),
(1027,1,11,960,1,NULL,"2022-03-10 11:07:17","1000.00","0",NULL),
(1028,1,10,939,1,NULL,"2022-03-10 13:12:44","810.00","0","رصيد بالة لبناني بوزن ٥٣٩كغ"),
(1029,1,11,1011,1028,NULL,"2022-03-10 14:16:26","5500000.00","0",NULL),
(1030,2,16,1087,1,NULL,"2022-03-10 16:48:00","2805.00","0","دفعه رصيد بيد ابو علي"),
(1031,1,10,1088,1,NULL,"2022-03-12 12:48:06","6000.00","0",NULL),
(1032,1,10,994,1029,NULL,"2022-03-12 15:28:11","1500000.00","0",NULL),
(1033,1,10,1088,1,NULL,"2022-03-13 13:38:40","10000.00","0",NULL),
(1034,1,10,1017,1,NULL,"2022-03-14 10:55:46","15000.00","0",NULL),
(1035,1,10,1088,1,NULL,"2022-03-15 12:40:50","3500.00","0",NULL),
(1036,1,1,1101,1,NULL,"2022-03-15 12:45:14","1300.00","0",NULL),
(1037,1,10,1017,1,NULL,"2022-03-15 13:06:08","9810.00","0",NULL),
(1038,1,10,1102,1,NULL,"2022-03-15 13:58:37","500.00","0","رصيد بالة لبناني بوزن ٣٤٢كغ"),
(1039,1,10,1102,1030,NULL,"2022-03-15 13:59:48","118500.00","0",NULL),
(1040,1,10,1085,1031,NULL,"2022-03-15 14:28:05","1570000.00","0",NULL),
(1041,1,1,957,1033,NULL,"2022-03-16 11:24:10","8000000.00","0",NULL),
(1042,1,1,972,1,NULL,"2022-03-16 13:02:35","450.00","0",NULL),
(1043,1,1,972,1034,NULL,"2022-03-16 13:18:43","1553000.00","0",NULL),
(1044,1,10,968,1,NULL,"2022-03-16 14:07:51","2000.00","0","دفعة بضاعة وجهين كرفت بوزن ١٥٠٠كغ"),
(1045,1,1,959,1,NULL,"2022-03-16 14:52:23","10000.00","0",NULL),
(1046,1,1,1101,1,NULL,"2022-03-16 15:01:44","1700.00","0",NULL),
(1047,1,10,939,1,NULL,"2022-03-17 10:59:13","200.00","0","رصيد 5 موعين لاصق"),
(1048,1,10,939,1037,NULL,"2022-03-17 11:00:07","119000.00","0",NULL),
(1049,1,10,994,1,NULL,"2022-03-17 12:15:17","1000.00","0",NULL),
(1050,1,10,937,1,NULL,"2022-03-17 12:43:46","1000.00","0",NULL),
(1051,1,10,1100,1,NULL,"2022-03-17 14:46:56","8000.00","0",NULL),
(1052,1,10,960,1,NULL,"2022-03-17 14:48:01","500.00","0",NULL),
(1053,1,10,1101,1,NULL,"2022-03-17 15:11:34","1000.00","0",NULL),
(1054,1,10,954,1,NULL,"2022-03-19 09:19:23","8000.00","0",NULL),
(1055,1,1,994,1,NULL,"2022-03-19 12:04:39","600.00","0",NULL),
(1056,1,1,994,1038,NULL,"2022-03-19 12:05:15","1775000.00","0",NULL),
(1057,1,10,959,1,NULL,"2022-03-19 12:33:09","5000.00","0",NULL),
(1058,1,1,1100,1,NULL,"2022-03-19 14:59:28","5000.00","0",NULL),
(1059,1,10,996,1040,NULL,"2022-03-19 15:19:35","1930000.00","0",NULL),
(1060,1,10,994,1,NULL,"2022-03-20 14:03:16","500.00","0",NULL),
(1061,1,1,981,1043,NULL,"2022-03-20 14:52:30","2500000.00","0",NULL),
(1062,1,1,943,1,NULL,"2022-03-20 15:17:56","800.00","0",NULL),
(1063,1,1,943,1044,NULL,"2022-03-20 15:33:35","1140000.00","0",NULL),
(1064,1,10,1102,1,NULL,"2022-03-21 10:18:52","815.00","0",NULL),
(1065,1,11,960,1045,NULL,"2022-03-21 11:24:28","1925000.00","0",NULL),
(1066,1,11,981,1046,NULL,"2022-03-21 12:14:54","415000.00","0",NULL),
(1067,1,10,1036,1047,NULL,"2022-03-21 12:35:38","7700000.00","0",NULL),
(1068,1,10,1104,1048,NULL,"2022-03-21 12:55:19","7000000.00","0",NULL),
(1069,1,10,1104,1,NULL,"2022-03-21 12:57:06","700.00","0",NULL),
(1070,1,10,994,1,NULL,"2022-03-21 14:44:16","1000.00","0",NULL),
(1071,1,1,1001,1,NULL,"2022-03-21 19:37:15","500.00","0",NULL),
(1072,1,1,957,1,NULL,"2022-03-22 12:12:41","10000.00","0",NULL),
(1073,1,10,1088,1055,NULL,"2022-03-22 13:34:02","885000.00","0",NULL),
(1074,1,10,946,1,NULL,"2022-03-22 14:07:12","800.00","0",NULL),
(1075,1,10,959,1,NULL,"2022-03-22 14:25:51","1400.00","0","رصيد وخصم الباقي"),
(1076,1,10,1101,1,NULL,"2022-03-22 15:12:55","1250.00","0",NULL),
(1077,1,10,955,1062,NULL,"2022-03-22 17:03:34","340000.00","0",NULL),
(1078,1,10,939,1,NULL,"2022-03-23 12:47:49","1100.00","0",NULL),
(1079,1,10,939,1063,NULL,"2022-03-23 12:48:14","1958000.00","0",NULL),
(1080,1,10,937,1064,NULL,"2022-03-23 14:47:56","3900000.00","0",NULL),
(1081,1,10,1100,1,NULL,"2022-03-23 15:35:26","700.00","0",NULL),
(1082,1,10,939,1067,NULL,"2022-03-24 11:16:04","1463000.00","0",NULL),
(1083,1,11,972,1068,NULL,"2022-03-24 11:31:58","4800000.00","0",NULL),
(1084,1,11,972,1069,NULL,"2022-03-24 12:55:50","100000.00","0",NULL),
(1085,1,10,1104,1,NULL,"2022-03-24 14:21:01","1040.00","0",NULL),
(1086,1,10,1028,1077,NULL,"2022-03-24 17:03:21","1000000.00","0",NULL),
(1087,1,11,984,1082,NULL,"2022-03-26 15:03:19","335000.00","0",NULL),
(1088,1,11,957,1,NULL,"2022-03-27 09:51:57","2500.00","0",NULL),
(1089,1,11,957,1083,NULL,"2022-03-27 09:53:43","5460000.00","0",NULL),
(1090,1,11,994,1,NULL,"2022-03-27 11:43:56","1700.00","0",NULL),
(1091,1,11,957,1,NULL,"2022-03-27 13:14:02","3700.00","0",NULL),
(1092,1,11,930,1,NULL,"2022-03-27 15:33:37","3500.00","0",NULL),
(1093,1,10,1106,1084,NULL,"2022-03-28 10:27:24","570000.00","0",NULL),
(1094,1,10,959,1,NULL,"2022-03-28 12:21:24","700.00","0",NULL),
(1095,1,10,937,1085,NULL,"2022-03-28 13:32:07","3900000.00","0",NULL),
(1096,1,11,943,1,NULL,"2022-03-29 12:34:59","1000.00","0",NULL),
(1097,1,11,994,1090,NULL,"2022-03-29 14:05:31","3535000.00","0",NULL),
(1098,1,11,994,1,NULL,"2022-03-29 14:08:59","100.00","0",NULL),
(1099,1,10,939,1091,NULL,"2022-03-29 14:59:57","3610000.00","0","رصيد ٢٠ م لاصق"),
(1100,1,11,994,1,NULL,"2022-03-30 10:55:46","1000.00","0",NULL),
(1101,1,10,1101,1,NULL,"2022-03-30 14:07:27","900.00","0",NULL),
(1102,1,11,972,1092,NULL,"2022-03-31 11:11:53","1570000.00","0",NULL),
(1103,1,11,1085,1,NULL,"2022-03-31 11:24:02","2000.00","0",NULL),
(1104,1,11,941,1,NULL,"2022-03-31 11:50:37","5000.00","0",NULL),
(1105,1,11,960,1,NULL,"2022-03-31 13:57:20","800.00","0",NULL),
(1106,1,11,996,1,NULL,"2022-03-31 13:58:41","250.00","0",NULL),
(1107,1,11,996,1095,NULL,"2022-03-31 14:00:18","50000.00","0",NULL),
(1108,1,11,1093,1,NULL,"2022-03-31 15:39:37","1500.00","0",NULL),
(1109,1,11,1093,1098,NULL,"2022-03-31 15:41:33","330000.00","0",NULL),
(1110,1,11,1036,1,NULL,"2022-04-02 12:10:26","900.00","0",NULL),
(1111,1,10,1028,1,NULL,"2022-04-02 14:17:24","310.00","0",NULL),
(1112,1,10,1028,1099,NULL,"2022-04-02 14:20:54","8000.00","0",NULL),
(1113,1,1,952,1100,NULL,"2022-04-03 13:38:19","500000.00","0",NULL),
(1114,1,11,1011,1,NULL,"2022-04-03 14:43:08","700.00","0",NULL),
(1115,1,11,1011,1103,NULL,"2022-04-03 14:45:23","5072000.00","0",NULL),
(1116,1,10,1001,1104,NULL,"2022-04-03 14:57:14","5000000.00","0",NULL),
(1117,2,16,1007,1,NULL,"2022-04-03 19:26:21","4000.00","0","بيد ابو علي الحريري ) حلب"),
(1118,1,11,1023,1106,NULL,"2022-04-04 12:03:45","5285000.00","0",NULL),
(1119,1,11,952,1107,NULL,"2022-04-04 12:53:36","500000.00","0",NULL),
(1120,1,10,1078,1113,NULL,"2022-04-05 14:12:25","3870000.00","0",NULL),
(1121,1,10,972,1,NULL,"2022-04-06 12:27:47","550.00","0",NULL),
(1122,1,10,972,1117,NULL,"2022-04-06 12:28:09","1766000.00","0",NULL),
(1123,1,10,994,1118,NULL,"2022-04-06 14:06:15","1265000.00","0","رصيد"),
(1124,1,10,994,1,NULL,"2022-04-06 14:11:05","500.00","0",NULL),
(1125,1,10,1101,1,NULL,"2022-04-07 12:26:14","600.00","0",NULL),
(1126,1,11,946,1120,NULL,"2022-04-07 15:23:56","733000.00","0",NULL),
(1127,1,11,1001,1,NULL,"2022-04-07 17:21:54","600.00","0",NULL),
(1128,2,16,1087,1,NULL,"2022-04-07 21:31:51","5000.00","0","بيد ابو علي الحريري"),
(1129,1,11,954,1123,NULL,"2022-04-09 10:57:47","5678000.00","0",NULL),
(1130,1,10,1016,1,NULL,"2022-04-09 13:24:32","230.00","0",NULL),
(1131,1,10,1016,1125,NULL,"2022-04-09 13:24:56","8000.00","0",NULL),
(1132,1,11,1011,1126,NULL,"2022-04-09 14:39:17","7410000.00","0",NULL),
(1133,1,11,941,1,NULL,"2022-04-09 15:19:03","5000.00","0",NULL),
(1134,1,1,1078,1127,NULL,"2022-04-09 21:03:10","4250000.00","0",NULL),
(1135,1,1,1016,1,NULL,"2022-04-10 10:54:37","400.00","0",NULL),
(1136,1,10,931,1,NULL,"2022-04-10 14:57:19","1400.00","0",NULL),
(1137,1,11,1039,1,NULL,"2022-04-11 06:57:26","500.00","0",NULL),
(1138,1,10,933,1,NULL,"2022-04-11 11:13:08","420.00","0",NULL),
(1139,1,10,933,1130,NULL,"2022-04-11 11:13:31","78500.00","0",NULL),
(1140,1,10,1001,1,NULL,"2022-04-11 12:46:52","1740.00","0",NULL),
(1141,1,11,1036,1,NULL,"2022-04-11 14:31:20","1200.00","0",NULL),
(1142,1,10,931,1,NULL,"2022-04-11 15:14:18","350.00","0",NULL),
(1143,1,10,931,1131,NULL,"2022-04-11 15:18:46","19000.00","0",NULL),
(1144,1,10,957,1132,NULL,"2022-04-11 15:51:33","12000000.00","0",NULL),
(1145,2,16,980,1,NULL,"2022-04-11 16:54:41","7040.00","0","حساب رصيد بيد ابو علي الحريري( حلب)"),
(1146,1,11,994,1135,NULL,"2022-04-12 12:27:34","2000000.00","0",NULL),
(1147,1,10,1044,1137,NULL,"2022-04-12 15:39:52","5772000.00","0",NULL),
(1148,1,10,957,1,NULL,"2022-04-13 10:19:41","6400.00","0",NULL),
(1149,1,11,994,1138,NULL,"2022-04-13 12:02:40","1000000.00","0",NULL),
(1150,1,11,1085,1139,NULL,"2022-04-13 12:20:28","100000.00","0",NULL),
(1151,1,11,1044,1140,NULL,"2022-04-13 13:12:23","500000.00","0",NULL),
(1152,1,1,952,1141,NULL,"2022-04-14 13:09:38","1000000.00","0",NULL),
(1153,1,11,1107,1142,NULL,"2022-04-14 14:21:17","2000000.00","0",NULL),
(1154,1,10,974,1143,NULL,"2022-04-14 14:48:04","3200000.00","0",NULL),
(1155,1,10,974,1,NULL,"2022-04-14 14:48:37","100.00","0",NULL),
(1156,1,10,974,1145,NULL,"2022-04-16 11:02:23","1600000.00","0",NULL),
(1157,1,10,972,1146,NULL,"2022-04-16 13:35:14","2680000.00","0",NULL),
(1158,1,11,957,1147,NULL,"2022-04-17 11:24:59","6000000.00","0",NULL),
(1159,1,11,994,1,NULL,"2022-04-17 11:54:25","500.00","0",NULL),
(1160,1,11,994,1148,NULL,"2022-04-17 11:55:30","740000.00","0",NULL),
(1161,1,11,1101,1,NULL,"2022-04-17 13:12:50","1080.00","0",NULL),
(1162,1,11,1101,1149,NULL,"2022-04-17 13:14:16","67000.00","0",NULL),
(1163,1,11,957,1150,NULL,"2022-04-17 14:13:39","9000000.00","0",NULL),
(1164,1,11,977,1153,NULL,"2022-04-18 00:56:13","20600000.00","0",NULL),
(1165,2,16,1007,1,NULL,"2022-04-18 03:56:16","1700.00","0","بيد ابو علي الحريري حلب"),
(1166,1,10,994,1,NULL,"2022-04-18 12:31:34","100.00","0",NULL),
(1167,1,10,994,1155,NULL,"2022-04-18 12:32:24","168000.00","0",NULL),
(1168,1,11,1036,1,NULL,"2022-04-19 10:38:13","1250.00","0",NULL),
(1169,1,11,1000,1158,NULL,"2022-04-19 12:58:17","400000.00","0","تسديد سلفه"),
(1170,1,10,1107,1161,NULL,"2022-04-19 14:31:46","2986500.00","0",NULL),
(1171,1,11,1006,1,NULL,"2022-04-20 12:10:12","6500.00","0",NULL),
(1172,1,11,962,1,NULL,"2022-04-23 14:27:14","5000.00","0",NULL),
(1173,1,11,994,1172,NULL,"2022-04-24 13:56:20","3824000.00","0",NULL),
(1174,2,16,1087,1,NULL,"2022-04-24 21:24:44","3900.00","0","بيد ابو علي الحريري حلب"),
(1175,1,11,957,1173,NULL,"2022-04-25 13:30:40","15400000.00","0",NULL),
(1176,1,11,1108,1177,NULL,"2022-04-26 12:07:50","2500000.00","0","صارو بشركة الصفوري باقي من لحساب ١٦٦٠٠٠"),
(1177,1,11,1078,1180,NULL,"2022-04-26 22:46:54","3000000.00","0",NULL),
(1178,1,10,974,1182,NULL,"2022-04-28 11:33:16","750000.00","0",NULL),
(1179,2,16,1087,1,NULL,"2022-04-28 22:50:34","2103.00","0",NULL),
(1180,1,11,1085,1,NULL,"2022-05-01 13:59:36","1000.00","0",NULL),
(1181,1,11,957,1183,NULL,"2022-05-01 14:01:47","19500000.00","0",NULL),
(1182,2,16,943,1185,NULL,"2022-05-07 14:53:40","5571000.00","0","ابو صالح الفرفور"),
(1183,1,10,974,1186,NULL,"2022-05-07 16:00:56","4300000.00","0",NULL),
(1184,1,1,1085,1187,NULL,"2022-05-08 14:42:39","3145000.00","0",NULL),
(1185,1,1,1006,1,NULL,"2022-05-08 21:40:19","1570.00","0","بيد ابو علي الحريري"),
(1186,1,11,994,1190,NULL,"2022-05-10 13:23:55","3950000.00","0",NULL),
(1187,1,10,931,1,NULL,"2022-05-11 14:38:41","1000.00","0",NULL),
(1188,1,10,1001,1,NULL,"2022-05-12 09:55:47","620.00","0",NULL),
(1189,1,10,1109,1,NULL,"2022-05-12 10:24:48","2500.00","0",NULL),
(1190,1,11,960,1192,NULL,"2022-05-12 13:39:56","1283000.00","0",NULL),
(1192,1,11,1078,1,NULL,"2022-05-13 13:26:02","200.00","0",NULL),
(1193,1,11,1078,1198,NULL,"2022-05-13 13:31:07","310000.00","0",NULL),
(1194,1,11,1109,1199,NULL,"2022-05-14 12:31:19","5000000.00","0",NULL),
(1195,1,11,960,1200,NULL,"2022-05-14 15:09:19","2650000.00","0",NULL),
(1196,1,11,1110,1,NULL,"2022-05-14 22:53:20","875.00","0",NULL),
(1197,1,10,1103,1203,NULL,"2022-05-15 09:30:59","16000000.00","0",NULL),
(1198,1,10,931,1,NULL,"2022-05-15 12:53:18","720.00","0",NULL),
(1199,1,10,1111,1,NULL,"2022-05-15 13:36:27","200.00","0",NULL),
(1200,1,11,1035,1204,NULL,"2022-05-15 15:30:11","4000000.00","0",NULL),
(1201,1,11,1109,1205,NULL,"2022-05-16 10:02:24","3250000.00","0",NULL),
(1202,1,11,966,1,NULL,"2022-05-16 11:30:24","1500.00","0",NULL),
(1203,1,11,1109,1206,NULL,"2022-05-17 11:15:44","3000000.00","0",NULL),
(1204,1,11,1026,1,NULL,"2022-05-17 13:42:54","1500.00","0",NULL),
(1205,1,11,1111,1207,NULL,"2022-05-17 15:41:18","2700000.00","0",NULL),
(1206,1,10,977,1,NULL,"2022-05-17 21:59:11","8400.00","0",NULL),
(1207,1,10,1112,1,NULL,"2022-05-18 10:42:51","5100.00","0",NULL),
(1208,1,10,943,1,NULL,"2022-05-18 14:07:30","450.00","0","رصيد"),
(1209,1,10,962,1,NULL,"2022-05-18 14:19:42","5000.00","0",NULL),
(1210,1,10,1035,1208,NULL,"2022-05-19 11:04:59","4100000.00","0",NULL),
(1211,1,11,1113,1209,NULL,"2022-05-19 12:56:07","1200000.00","0",NULL),
(1212,1,11,1085,1,NULL,"2022-05-19 14:24:58","500.00","0",NULL),
(1213,1,10,1103,1214,NULL,"2022-05-21 13:34:48","12030000.00","0",NULL),
(1214,1,11,994,1213,NULL,"2022-05-21 13:50:32","3555000.00","0",NULL),
(1215,1,11,994,1,NULL,"2022-05-21 13:52:31","800.00","0",NULL),
(1216,1,10,931,1,NULL,"2022-05-21 14:04:08","1300.00","0",NULL),
(1217,1,1,1114,1,NULL,"2022-05-21 14:45:25","28000.00","0",NULL),
(1218,1,10,1046,1215,NULL,"2022-05-21 15:30:36","84630000.00","0",NULL),
(1219,1,10,1046,1,NULL,"2022-05-21 15:31:04","10000.00","0",NULL),
(1220,1,1,977,1,NULL,"2022-05-21 20:53:19","6730.00","0",NULL),
(1221,1,10,1115,1216,NULL,"2022-05-22 09:43:36","395000.00","0","رصيد ماعونين لاصق"),
(1222,1,10,1120,1217,NULL,"2022-05-22 11:50:19","3400000.00","0",NULL);
INSERT INTO `credits` VALUES (1223,1,11,966,1,NULL,"2022-05-22 12:03:49","10000.00","0",NULL),
(1224,1,11,980,1,231,"2022-05-22 17:06:00","7568.00","0","بيد ابوعلي الحريري"),
(1225,1,11,977,1219,NULL,"2022-05-22 22:14:08","26500000.00","0",NULL),
(1226,1,11,1109,1221,NULL,"2022-05-23 11:37:21","2000000.00","0",NULL),
(1227,1,10,1103,1222,NULL,"2022-05-23 13:25:59","5500000.00","0",NULL),
(1228,1,10,994,1223,NULL,"2022-05-23 14:37:12","750000.00","0",NULL),
(1229,1,10,994,1,NULL,"2022-05-23 14:38:08","550.00","0",NULL),
(1230,1,10,960,1,NULL,"2022-05-23 14:40:00","1000.00","0",NULL),
(1231,1,10,1109,1224,NULL,"2022-05-24 11:35:37","600000.00","0",NULL),
(1232,1,11,930,1,NULL,"2022-05-24 13:38:41","1800.00","0",NULL),
(1234,1,11,1011,1,NULL,"2022-05-25 14:36:43","1000.00","0",NULL),
(1235,1,11,966,1,NULL,"2022-05-26 11:20:18","5000.00","0",NULL),
(1236,1,11,1018,1,NULL,"2022-05-26 12:03:41","2000.00","0",NULL),
(1237,1,11,1018,1225,NULL,"2022-05-26 12:06:53","4000000.00","0",NULL),
(1238,1,11,1071,1,NULL,"2022-05-26 12:09:40","2200.00","0","رصيد حساب باقي له. ٧"),
(1239,1,11,1085,1226,NULL,"2022-05-26 14:22:18","4000000.00","0",NULL),
(1240,1,10,931,1,NULL,"2022-05-26 14:30:15","270.00","0","باقي ٨٥"),
(1241,1,11,966,1,NULL,"2022-05-29 11:57:20","5000.00","0",NULL),
(1242,1,10,970,1,NULL,"2022-05-29 12:32:39","1000.00","0",NULL),
(1243,1,10,970,1233,NULL,"2022-05-29 12:33:29","6100000.00","0",NULL),
(1244,1,1,970,1,NULL,"2022-05-29 14:11:00","4500.00","0",NULL),
(1245,1,10,957,1,NULL,"2022-05-29 15:11:48","1500.00","0",NULL),
(1246,1,10,984,1234,NULL,"2022-05-29 15:43:07","738000.00","0",NULL),
(1247,1,10,1121,1235,NULL,"2022-05-29 15:45:48","329000.00","0","رصيد فاتورة رقم ٦٨٤"),
(1248,1,11,941,1,NULL,"2022-05-30 12:41:04","2500.00","0",NULL),
(1249,1,11,960,1,NULL,"2022-05-30 13:56:11","500.00","0",NULL),
(1250,1,11,1109,1238,NULL,"2022-06-01 13:46:30","5000000.00","0",NULL),
(1251,1,11,1109,1239,NULL,"2022-06-01 13:54:18","70000.00","0","رصيد"),
(1252,1,10,957,1240,NULL,"2022-06-01 14:05:56","5800000.00","0",NULL),
(1253,1,10,966,1,NULL,"2022-06-02 12:21:40","5000.00","0",NULL),
(1254,1,10,1102,1,NULL,"2022-06-04 09:48:48","1500.00","0",NULL),
(1255,1,10,1102,1241,NULL,"2022-06-04 09:49:07","1100000.00","0",NULL),
(1256,1,11,970,1,NULL,"2022-06-04 12:13:39","4980.00","0",NULL),
(1257,1,11,994,1,NULL,"2022-06-04 14:46:14","400.00","0",NULL),
(1258,1,11,994,1242,NULL,"2022-06-04 14:50:48","400000.00","0",NULL),
(1259,1,10,931,1,NULL,"2022-06-04 15:05:25","900.00","0","باقي ٥٠"),
(1260,1,10,1001,1,NULL,"2022-06-05 11:52:22","1000.00","0",NULL),
(1261,1,10,1085,1,NULL,"2022-06-05 12:16:15","1700.00","0","رصيد"),
(1262,1,11,1018,1,NULL,"2022-06-05 12:45:13","2000.00","0",NULL),
(1263,1,11,1007,1,NULL,"2022-06-05 13:32:13","800.00","0","بيد ابوعلي الحريري"),
(1264,1,11,1026,1,NULL,"2022-06-05 13:47:40","1000.00","0",NULL),
(1265,1,10,1111,1,NULL,"2022-06-05 14:58:56","660.00","0",NULL),
(1266,1,10,1111,1243,NULL,"2022-06-05 14:59:44","320000.00","0",NULL),
(1267,1,11,941,1244,NULL,"2022-06-05 16:58:29","12000000.00","0","تحويل بنك"),
(1268,1,10,989,1,NULL,"2022-06-06 12:09:55","3200.00","0",NULL),
(1269,1,10,943,1247,NULL,"2022-06-06 13:13:13","7980000.00","0",NULL),
(1270,1,10,931,1,NULL,"2022-06-06 14:18:27","2520.00","0",NULL),
(1271,1,11,966,1,NULL,"2022-06-06 14:25:37","1600.00","0",NULL),
(1272,1,10,957,1,NULL,"2022-06-06 14:37:05","1500.00","0",NULL),
(1273,1,10,994,1248,NULL,"2022-06-06 15:43:11","5600000.00","0",NULL),
(1274,2,11,1124,1,NULL,"2022-06-08 08:54:38","11000.00","0",NULL),
(1275,1,10,970,1251,NULL,"2022-06-08 09:41:28","3200000.00","0","رصيد"),
(1276,1,10,989,1,NULL,"2022-06-08 11:04:47","1300.00","0",NULL),
(1277,1,10,989,1252,NULL,"2022-06-08 11:05:14","160000.00","0",NULL),
(1278,1,11,994,1,NULL,"2022-06-08 15:23:59","1300.00","0",NULL),
(1279,1,11,994,1253,NULL,"2022-06-08 15:25:46","2468000.00","0",NULL),
(1280,1,10,1109,1254,NULL,"2022-06-09 11:13:55","500000.00","0",NULL),
(1281,1,10,943,1255,NULL,"2022-06-09 15:13:19","3373000.00","0","رصيد حساب"),
(1282,1,10,969,1258,NULL,"2022-06-09 20:07:15","10000000.00","0",NULL),
(1283,1,10,1109,1259,NULL,"2022-06-12 10:43:36","1500000.00","0",NULL),
(1284,1,11,1036,1,NULL,"2022-06-12 13:44:27","1000.00","0",NULL),
(1285,1,11,1036,1262,NULL,"2022-06-12 13:45:21","400000.00","0","رصيد"),
(1286,1,10,1102,1263,NULL,"2022-06-12 13:51:56","7005000.00","0",NULL),
(1287,1,11,960,1,NULL,"2022-06-13 13:19:43","1000.00","0","تاريخ الاحد ١٢/٦"),
(1288,1,10,957,1264,NULL,"2022-06-13 15:50:41","5496000.00","0",NULL),
(1289,1,10,941,1,NULL,"2022-06-13 16:10:18","3000.00","0",NULL),
(1290,1,10,984,1266,NULL,"2022-06-14 11:53:13","640000.00","0",NULL),
(1291,1,10,966,1,NULL,"2022-06-14 11:54:11","3000.00","0",NULL),
(1292,1,10,1128,1,NULL,"2022-06-14 13:52:58","1250.00","0",NULL),
(1293,1,10,1128,1267,NULL,"2022-06-14 13:56:59","1400000.00","0",NULL),
(1294,1,10,980,1,NULL,"2022-06-14 15:39:34","3100.00","0",NULL),
(1295,1,11,1036,1268,NULL,"2022-06-14 15:40:32","780000.00","0",NULL),
(1296,1,11,1026,1,NULL,"2022-06-15 11:02:17","2000.00","0",NULL),
(1297,1,10,980,1,NULL,"2022-06-15 11:54:14","3000.00","0",NULL),
(1298,1,11,981,1,NULL,"2022-06-15 13:02:07","200.00","0",NULL),
(1299,1,11,981,1269,NULL,"2022-06-15 13:03:04","212000.00","0",NULL),
(1300,1,11,980,1,NULL,"2022-06-15 16:33:29","5193.00","0","بيد ابو علي الحريري بحلب"),
(1301,1,10,969,1,NULL,"2022-06-16 12:16:01","320.00","0",NULL),
(1302,1,10,969,1270,NULL,"2022-06-16 12:16:46","40000.00","0",NULL),
(1303,1,10,931,1271,NULL,"2022-06-16 12:59:33","200000.00","0",NULL),
(1304,1,10,974,1272,NULL,"2022-06-16 13:33:33","5000000.00","0",NULL),
(1305,1,10,957,1,NULL,"2022-06-16 14:42:01","770.00","0",NULL),
(1306,1,10,957,1273,NULL,"2022-06-16 14:43:05","72000.00","0",NULL),
(1307,1,10,964,1,NULL,"2022-06-16 15:31:59","1900.00","0",NULL),
(1308,1,10,964,1274,NULL,"2022-06-16 15:32:33","4060000.00","0","رصيد"),
(1309,1,10,966,1275,NULL,"2022-06-16 15:40:16","1945500.00","0",NULL),
(1310,1,10,974,1276,NULL,"2022-06-18 15:40:44","2500000.00","0",NULL),
(1311,1,10,1102,1,NULL,"2022-06-19 11:27:31","1500.00","0",NULL),
(1312,1,11,1001,1,NULL,"2022-06-19 12:30:08","1000.00","0",NULL),
(1313,1,11,1001,1277,NULL,"2022-06-19 12:31:26","2000000.00","0",NULL),
(1314,1,10,1102,1278,NULL,"2022-06-19 12:35:55","912000.00","0",NULL),
(1315,1,10,972,1279,NULL,"2022-06-19 12:36:19","1340000.00","0",NULL),
(1316,1,10,972,1,NULL,"2022-06-19 12:36:47","565.00","0",NULL),
(1317,1,10,931,1280,NULL,"2022-06-19 13:16:52","3500000.00","0","رصيد"),
(1318,1,10,968,1,NULL,"2022-06-20 14:28:27","200.00","0",NULL),
(1319,1,10,968,1282,NULL,"2022-06-20 14:29:02","716000.00","0","باقي ٦٠٠ الف"),
(1320,2,16,966,1,NULL,"2022-06-20 14:43:04","2000.00","0",NULL),
(1321,2,16,966,1285,NULL,"2022-06-20 14:44:16","3900000.00","0",NULL),
(1322,1,10,974,1284,NULL,"2022-06-20 14:47:08","4000000.00","0",NULL),
(1323,1,10,1042,1286,NULL,"2022-06-20 15:31:41","7000000.00","0",NULL),
(1324,1,10,1089,1,NULL,"2022-06-20 16:21:54","2020.00","0",NULL),
(1325,2,16,1130,1,NULL,"2022-06-20 22:23:35","800.00","0","بيد ابو علي الحريري حلب"),
(1326,1,10,1131,1,NULL,"2022-06-21 09:25:32","100.00","0","ثمن ماعونين لاصق"),
(1327,1,10,966,1,NULL,"2022-06-21 11:08:27","2000.00","0",NULL),
(1329,1,11,960,1290,NULL,"2022-06-21 13:33:43","4000000.00","0",NULL),
(1330,1,10,1042,1291,NULL,"2022-06-21 13:40:48","858000.00","0",NULL),
(1331,1,10,1132,1,NULL,"2022-06-22 16:13:59","3500.00","0",NULL),
(1332,1,10,1026,1,NULL,"2022-06-23 10:59:35","1000.00","0","رصيد"),
(1333,1,10,1132,1,NULL,"2022-06-23 11:59:53","1566.00","0",NULL),
(1334,1,10,1036,1,NULL,"2022-06-23 13:20:07","1500.00","0",NULL),
(1335,1,10,974,1295,NULL,"2022-06-23 14:46:00","1000000.00","0","باقي ١٤٣ ليوم السبت"),
(1336,1,11,966,1296,NULL,"2022-06-23 15:52:35","3946500.00","0",NULL),
(1337,1,11,966,1297,NULL,"2022-06-23 15:54:14","3500.00","0",NULL),
(1338,2,16,980,1,NULL,"2022-06-23 19:04:38","10000.00","0","بيد ابو علي الحريري( حلب )"),
(1339,1,11,1128,1298,NULL,"2022-06-24 11:43:32","6000500.00","0",NULL),
(1340,2,16,1130,1,NULL,"2022-06-23 13:50:01","2260.00","0","بيد ابو علي الحريري حلب"),
(1341,1,10,931,1299,NULL,"2022-06-25 15:44:21","1104000.00","0",NULL),
(1342,1,10,969,1300,NULL,"2022-06-25 16:29:08","3000000.00","0",NULL),
(1343,1,10,968,1301,NULL,"2022-06-25 16:45:44","600000.00","0",NULL),
(1344,1,10,974,1302,NULL,"2022-06-26 11:00:35","5500000.00","0",NULL),
(1345,1,10,1018,1,NULL,"2022-06-26 12:08:05","4600.00","0",NULL),
(1346,1,10,1018,1303,NULL,"2022-06-26 12:09:10","1500000.00","0",NULL),
(1347,1,11,1128,1,NULL,"2022-06-26 23:01:51","100.00","0",NULL),
(1348,1,11,1127,1306,NULL,"2022-06-26 23:03:43","336000.00","0",NULL),
(1349,1,10,969,1307,NULL,"2022-06-27 13:35:38","3576000.00","0",NULL),
(1350,2,16,966,1308,NULL,"2022-06-27 15:39:18","5460000.00","0",NULL),
(1351,2,16,1133,1,NULL,"2022-06-27 20:41:39","1150.00","0","بيد ابو علي الحريري حلب"),
(1352,1,10,1102,1,NULL,"2022-06-28 09:46:10","4210.00","0",NULL),
(1353,1,10,1102,1309,NULL,"2022-06-28 09:47:37","19000.00","0",NULL),
(1354,1,10,1131,1310,NULL,"2022-06-28 10:58:34","400000.00","0",NULL),
(1355,1,10,974,1311,NULL,"2022-06-28 11:27:42","1364000.00","0","رصيد"),
(1356,2,16,1134,1,NULL,"2022-06-27 12:00:41","100.00","0",NULL),
(1357,2,16,1134,1312,NULL,"2022-06-28 12:01:21","100000.00","0","رصيد قرضة"),
(1358,1,10,1036,1,NULL,"2022-06-28 14:13:28","910.00","0",NULL),
(1359,2,16,1133,1,NULL,"2022-06-28 23:39:11","1700.00","0","بيد ابو علي الحريري حلب"),
(1360,1,10,931,1313,NULL,"2022-06-29 12:17:52","920000.00","0",NULL),
(1361,1,10,1109,1,NULL,"2022-06-30 10:06:22","300.00","0",NULL),
(1362,1,10,1135,1,NULL,"2022-06-30 15:05:45","500.00","0",NULL),
(1363,1,10,958,1,NULL,"2022-07-02 10:26:58","540.00","0",NULL),
(1364,2,16,980,1,NULL,"2022-07-02 12:16:47","7825.00","0","بيد ابو علي الحريري حلب"),
(1365,2,16,980,1,NULL,"2022-07-02 16:53:03","100.00","0","رصيد دفعه احمد مجوز"),
(1366,1,10,1036,1,NULL,"2022-07-03 10:38:31","1000.00","0","رصيد"),
(1367,2,16,1109,1314,NULL,"2022-07-04 11:34:50","1000000.00","0",NULL),
(1368,1,10,958,1,NULL,"2022-07-04 14:25:39","100.00","0",NULL),
(1369,1,10,958,1315,NULL,"2022-07-04 14:25:55","72000.00","0",NULL),
(1370,2,16,980,1316,NULL,"2022-07-04 17:26:56","20000000.00","0","بمستودع الصفوري بيد يزن"),
(1371,1,11,1135,1317,NULL,"2022-07-07 13:25:14","4000000.00","0",NULL),
(1372,2,16,980,1,NULL,"2022-07-07 15:34:57","1143.00","0","بيد ابو علي الحريري"),
(1373,1,10,1128,1318,NULL,"2022-07-16 15:29:55","9515500.00","0",NULL),
(1374,1,10,1109,1319,NULL,"2022-07-17 14:55:06","700000.00","0",NULL),
(1375,1,10,972,1320,NULL,"2022-07-17 14:56:26","2000000.00","0",NULL),
(1376,1,10,972,1,NULL,"2022-07-17 14:57:14","500.00","0",NULL),
(1377,1,10,1018,1321,NULL,"2022-07-18 12:57:52","1800000.00","0",NULL),
(1378,1,10,1128,1322,NULL,"2022-07-18 14:53:38","7000000.00","0",NULL),
(1379,1,10,931,1323,NULL,"2022-07-18 15:17:26","520000.00","0",NULL),
(1380,2,16,1035,1324,NULL,"2022-07-19 13:31:57","4500000.00","0",NULL),
(1381,1,10,949,1,NULL,"2022-07-19 15:34:48","3560.00","0",NULL),
(1383,1,10,949,1325,NULL,"2022-07-19 15:37:30","1248000.00","0",NULL),
(1384,1,10,1128,1326,NULL,"2022-07-20 15:32:14","980000.00","0",NULL),
(1385,1,10,972,1329,NULL,"2022-07-21 19:11:14","3935500.00","0",NULL),
(1386,2,16,1124,1,NULL,"2022-07-23 02:03:33","9900.00","0","دفعه من يزن الصفوري الى مؤسسه الصفوري الى صندوق البيت"),
(1387,1,10,960,1328,NULL,"2022-07-23 20:15:07","1500000.00","0",NULL),
(1388,2,16,960,1,NULL,"2022-07-24 13:27:01","500.00","0",NULL),
(1389,2,16,941,1330,NULL,"2022-07-24 14:23:28","6500000.00","0","رصيد"),
(1390,2,16,981,1331,NULL,"2022-07-24 14:27:27","1195000.00","0","رصيد"),
(1391,1,10,1136,1334,NULL,"2022-07-24 14:36:11","2000000.00","0",NULL),
(1392,2,16,1035,1333,NULL,"2022-07-24 14:58:17","2008000.00","0","رصيد"),
(1393,1,10,931,1,NULL,"2022-07-26 12:57:46","350.00","0",NULL),
(1394,1,10,1019,1336,NULL,"2022-07-26 12:58:36","205000.00","0",NULL),
(1395,2,16,960,1,NULL,"2022-07-27 13:12:16","300.00","0",NULL),
(1396,2,16,1115,1339,NULL,"2022-07-27 13:42:53","888000.00","0",NULL),
(1397,1,10,992,1340,NULL,"2022-07-27 13:55:07","3550000.00","0",NULL),
(1398,2,16,1137,1341,NULL,"2022-07-27 15:26:01","1560000.00","0",NULL),
(1399,1,10,1109,1,NULL,"2022-07-28 10:52:17","300.00","0",NULL),
(1400,1,10,972,1,NULL,"2022-07-30 12:12:09","100.00","0",NULL),
(1401,1,10,972,1342,NULL,"2022-07-30 12:12:26","1328000.00","0",NULL),
(1402,1,10,1138,1343,NULL,"2022-07-31 10:01:39","192000.00","0",NULL),
(1403,1,10,992,1344,NULL,"2022-08-01 13:52:08","4668500.00","0",NULL),
(1404,1,10,1128,1345,NULL,"2022-08-01 17:30:21","3755000.00","0",NULL),
(1405,1,10,972,1,NULL,"2022-08-02 12:34:10","825.00","0",NULL),
(1406,1,10,972,1346,NULL,"2022-08-02 12:34:49","1000000.00","0",NULL),
(1407,1,10,1046,1347,NULL,"2022-08-02 15:21:13","3755000.00","0",NULL),
(1408,1,10,1019,1348,NULL,"2022-08-04 13:27:06","322000.00","0",NULL),
(1409,1,10,972,1349,NULL,"2022-08-06 14:21:31","172000.00","0",NULL),
(1410,1,10,972,1,NULL,"2022-08-06 14:23:57","500.00","0",NULL),
(1411,1,10,1035,1350,NULL,"2022-08-07 13:28:26","4000000.00","0",NULL),
(1412,1,10,1140,1351,NULL,"2022-08-07 15:51:17","4250000.00","0",NULL),
(1413,1,10,1139,1352,NULL,"2022-08-06 14:00:54","675000.00","0",NULL),
(1414,1,10,1128,1,NULL,"2022-08-10 14:52:52","3000.00","0",NULL),
(1415,1,10,1115,1353,NULL,"2022-08-11 12:21:22","50000.00","0",NULL),
(1416,1,10,1140,1354,NULL,"2022-08-11 13:56:28","450000.00","0","رصيد"),
(1417,2,16,960,1,NULL,"2022-08-11 14:37:44","1500.00","0",NULL),
(1418,2,16,1109,1355,NULL,"2022-08-11 14:50:34","520000.00","0","رصيد حساب"),
(1419,2,16,1115,1356,NULL,"2022-08-13 12:26:30","140000.00","0","رصيد"),
(1420,1,10,1136,1357,NULL,"2022-08-13 13:32:29","2541000.00","0",NULL),
(1421,1,10,1136,1,NULL,"2022-08-13 13:32:58","100.00","0",NULL),
(1422,1,10,1128,1358,NULL,"2022-08-14 15:06:06","2773000.00","0",NULL),
(1423,2,16,960,1,NULL,"2022-08-15 10:24:35","500.00","0","رصيد"),
(1424,2,16,1133,1359,NULL,"2022-08-11 10:43:48","4464000.00","0","بيد تقى نور يزن ابو وائل حوالات هرم"),
(1425,1,10,1035,1360,NULL,"2022-08-15 11:15:45","5200000.00","0",NULL),
(1426,2,16,984,1361,NULL,"2022-08-15 13:32:25","1450000.00","0","رصيد"),
(1427,1,10,1140,1362,NULL,"2022-08-15 18:25:46","3540000.00","0",NULL),
(1428,2,16,1026,1,NULL,"2022-08-16 12:50:37","3933.00","0",NULL),
(1429,1,10,1128,1,NULL,"2022-08-16 13:24:39","300.00","0",NULL),
(1430,1,10,1128,1363,NULL,"2022-08-16 13:25:14","2135000.00","0",NULL),
(1431,1,10,1089,1364,NULL,"2022-08-18 11:18:09","10068000.00","0",NULL),
(1432,2,16,1019,1365,NULL,"2022-08-18 13:22:11","450000.00","0",NULL),
(1433,2,16,972,1,NULL,"2022-08-18 14:06:28","600.00","0",NULL),
(1434,2,16,972,1366,NULL,"2022-08-18 14:07:35","1000000.00","0",NULL),
(1435,1,10,975,1,NULL,"2022-08-18 14:27:07","725.00","0",NULL),
(1436,1,10,975,1367,NULL,"2022-08-18 14:28:01","337500.00","0",NULL),
(1437,1,10,1140,1,NULL,"2022-08-18 16:20:41","2000.00","0",NULL),
(1438,2,16,1141,1,NULL,"2022-08-19 15:58:36","1892.00","0","رصيد حساب"),
(1439,1,10,975,1,NULL,"2022-08-20 15:03:24","970.00","0","٩٧٠ €"),
(1440,1,10,975,1368,NULL,"2022-08-20 15:05:04","118000.00","0",NULL),
(1441,1,10,1140,1,NULL,"2022-08-23 15:41:55","1100.00","0",NULL),
(1442,1,10,1140,1369,NULL,"2022-08-23 15:42:11","2237500.00","0",NULL),
(1443,1,10,1133,1,NULL,"2022-08-23 16:13:27","1500.00","0",NULL),
(1444,1,10,1133,1370,NULL,"2022-08-23 16:14:09","1400000.00","0",NULL),
(1445,1,10,972,1371,NULL,"2022-08-25 13:25:35","2140000.00","0",NULL),
(1446,1,10,931,1372,NULL,"2022-08-27 14:02:33","320000.00","0",NULL),
(1447,1,10,1035,1373,NULL,"2022-08-28 13:11:49","5150000.00","0",NULL),
(1448,2,16,1124,1,NULL,"2022-08-29 09:50:10","10000.00","0","لصندوق البيت ثم ل يد ابو يزن الصفوري الى ديمه ( مساء )"),
(1449,1,10,972,1,NULL,"2022-08-31 13:52:20","200.00","0",NULL),
(1450,1,10,1140,1,NULL,"2022-08-31 15:34:41","450.00","0",NULL),
(1451,1,10,972,1374,NULL,"2022-08-31 15:35:34","894000.00","0",NULL),
(1452,1,10,1133,1,NULL,"2022-09-01 09:49:29","1000.00","0",NULL),
(1453,1,10,1133,1375,NULL,"2022-09-01 09:49:49","178000.00","0",NULL),
(1454,1,10,984,1,NULL,"2022-09-04 14:56:59","500.00","0",NULL),
(1455,2,16,994,1376,NULL,"2022-09-05 14:03:22","3800000.00","0",NULL),
(1456,2,16,994,1,NULL,"2022-09-05 14:04:57","900.00","0",NULL),
(1457,1,10,1128,1,NULL,"2022-09-05 10:22:49","1450.00","0",NULL),
(1458,1,10,1019,1377,NULL,"2022-09-05 10:23:32","2679000.00","0",NULL),
(1459,1,10,1019,1378,NULL,"2022-09-05 10:23:32","2679000.00","0",NULL),
(1460,2,16,1142,1379,NULL,"2022-09-06 14:02:14","2420000.00","0","نقدا"),
(1461,2,16,1124,1,NULL,"2022-09-06 16:30:17","200.00","0","دفعة للمؤسسه من يزن الصفوري الى صندوق البيت"),
(1462,1,10,1128,1380,NULL,"2022-09-07 10:24:25","2210000.00","0",NULL),
(1463,1,10,931,1,NULL,"2022-09-08 15:26:49","850.00","0",NULL),
(1464,1,10,1104,1,NULL,"2022-09-10 10:21:30","1500.00","0",NULL),
(1465,1,10,1104,1381,NULL,"2022-09-10 10:22:34","178000.00","0",NULL),
(1466,1,10,972,1,NULL,"2022-09-10 13:43:50","900.00","0",NULL),
(1467,1,10,1128,1,NULL,"2022-09-11 11:19:02","1540.00","0",NULL),
(1468,1,10,1124,1,NULL,"2022-09-11 13:24:32","30000.00","0",NULL),
(1469,1,10,960,1,NULL,"2022-09-11 14:39:46","1000.00","0",NULL),
(1470,1,10,1104,1382,NULL,"2022-09-12 12:22:47","133000.00","0",NULL),
(1471,1,10,1104,1,NULL,"2022-09-12 12:23:44","1300.00","0",NULL),
(1472,1,10,984,1383,NULL,"2022-09-12 12:24:12","380000.00","0",NULL),
(1473,1,10,1017,1,NULL,"2022-09-12 12:24:44","2440.00","0",NULL),
(1474,1,10,1036,1384,NULL,"2022-09-12 15:11:19","1360000.00","0",NULL),
(1475,1,10,960,1,NULL,"2022-09-13 15:42:31","1000.00","0",NULL),
(1476,1,10,1109,1385,NULL,"2022-09-15 14:05:20","3000000.00","0",NULL),
(1477,1,10,1035,1386,NULL,"2022-09-15 18:16:32","4000000.00","0",NULL),
(1479,2,16,1143,1388,NULL,"2022-09-17 12:27:44","8182000.00","0",NULL),
(1480,2,16,1109,1389,NULL,"2022-09-17 15:36:06","1500000.00","0",NULL),
(1481,1,10,1109,1390,NULL,"2022-09-20 10:15:28","1500000.00","0",NULL),
(1482,1,10,1109,1391,NULL,"2022-09-20 17:52:26","1250000.00","0",NULL),
(1483,1,10,1104,1,NULL,"2022-09-21 10:13:23","1688.00","0",NULL),
(1484,1,10,1036,1,NULL,"2022-09-21 11:19:46","2113.00","0",NULL),
(1485,1,11,1036,1393,NULL,"2022-09-21 11:35:48","227000.00","0",NULL),
(1486,1,10,984,1395,NULL,"2022-09-22 11:30:18","790000.00","0",NULL),
(1487,1,10,1035,1396,NULL,"2022-09-22 14:30:13","5000000.00","0",NULL),
(1488,1,10,1109,1397,NULL,"2022-09-22 15:33:27","2400000.00","0",NULL),
(1489,1,11,1036,1,NULL,"2022-09-21 10:17:17","790.00","0",NULL),
(1490,1,10,1109,1398,NULL,"2022-09-24 15:18:31","1000000.00","0",NULL),
(1491,1,10,1109,1399,NULL,"2022-09-26 14:35:26","5000000.00","0",NULL),
(1492,1,10,994,1,NULL,"2022-09-27 15:32:01","300.00","0",NULL),
(1493,1,10,994,1400,NULL,"2022-09-27 15:33:24","941000.00","0",NULL),
(1494,1,11,931,1401,NULL,"2022-09-27 15:39:11","1480000.00","0",NULL),
(1495,1,10,1109,1402,NULL,"2022-09-28 15:24:41","3000000.00","0",NULL),
(1496,1,10,1005,1,NULL,"2022-09-29 13:42:34","200.00","0",NULL),
(1497,2,16,994,1403,NULL,"2022-09-29 13:56:54","1596000.00","0","رصيد دفعه مع خصم الباقي ( مشاكل بالورق )"),
(1498,1,10,1035,1404,NULL,"2022-09-29 14:39:08","3249000.00","0",NULL),
(1499,2,16,1124,1,NULL,"2022-09-30 22:12:58","3000.00","0","دفعه من يزن الصفوري"),
(1500,1,10,1109,1405,NULL,"2022-10-01 12:36:48","1000000.00","0",NULL),
(1501,1,11,1144,1406,NULL,"2022-10-01 13:19:54","2500000.00","0",NULL),
(1502,1,10,1143,1,NULL,"2022-10-02 13:13:52","9004.00","0",NULL),
(1503,1,10,1143,1407,NULL,"2022-10-02 13:14:39","916000.00","0",NULL),
(1504,1,11,941,1,NULL,"2022-10-03 15:44:57","570.00","0",NULL),
(1505,1,10,972,1,NULL,"2022-10-04 12:24:16","200.00","0",NULL),
(1506,1,10,972,1408,NULL,"2022-10-04 12:24:35","176000.00","0",NULL),
(1507,1,10,1109,1,NULL,"2022-10-05 15:58:35","100.00","0",NULL),
(1508,1,10,1115,1409,NULL,"2022-10-06 09:47:50","630000.00","0",NULL),
(1509,1,10,1017,1,NULL,"2022-10-06 11:17:21","2965.00","0",NULL),
(1510,1,10,1115,1410,NULL,"2022-10-08 10:42:27","52500.00","0",NULL),
(1511,1,10,1109,1411,NULL,"2022-10-08 10:52:31","2000000.00","0",NULL),
(1512,1,10,1085,1412,NULL,"2022-10-08 14:04:22","5790000.00","0","رصيد"),
(1513,1,10,960,1413,NULL,"2022-10-08 14:27:45","2500000.00","0",NULL),
(1514,1,10,1109,1414,NULL,"2022-10-09 12:20:58","2000000.00","0",NULL),
(1515,1,11,1104,1,NULL,"2022-10-10 09:54:10","800.00","0",NULL),
(1516,1,11,1104,1415,NULL,"2022-10-10 09:55:40","145000.00","0",NULL),
(1517,1,10,960,1416,NULL,"2022-10-10 15:51:36","1053000.00","0","رصيد"),
(1518,1,10,978,1418,NULL,"2022-10-11 10:10:00","3155000.00","0",NULL),
(1519,1,10,1145,1,NULL,"2022-10-11 13:10:26","800.00","0",NULL),
(1520,1,10,1109,1420,NULL,"2022-10-11 15:39:48","1210000.00","0","رصيد"),
(1521,1,10,931,1421,NULL,"2022-10-12 10:03:22","4050000.00","0",NULL),
(1523,1,10,978,1423,NULL,"2022-10-13 11:47:43","2017000.00","0",NULL),
(1524,1,10,941,1,NULL,"2022-10-13 13:03:56","700.00","0",NULL),
(1525,1,10,931,1424,NULL,"2022-10-13 15:20:57","3435000.00","0",NULL),
(1526,1,10,941,1,NULL,"2022-10-13 15:54:30","100.00","0",NULL),
(1527,1,11,1017,1,NULL,"2022-10-15 10:56:49","1500.00","0",NULL),
(1528,1,11,994,1,NULL,"2022-10-15 13:45:43","400.00","0",NULL),
(1529,1,1,986,1426,NULL,"2022-10-15 16:44:33","5250000.00","0",NULL),
(1530,1,10,994,1428,NULL,"2022-10-18 11:37:47","1500000.00","0","رصيد");


DROP TABLE IF EXISTS `currency`;

CREATE TABLE `currency` (
  `iD` int(11) NOT NULL AUTO_INCREMENT,
  `name` varchar(10) NOT NULL,
  `nameAr` varchar(10) NOT NULL,
  PRIMARY KEY (`iD`)
) ENGINE=InnoDB AUTO_INCREMENT=3 DEFAULT CHARSET=utf8 COLLATE=utf8_general_ci;

INSERT INTO `currency` VALUES (1,"S.Y.P","S.Y.P"),
(2,"SYP","ل.س");


DROP TABLE IF EXISTS `customers`;

CREATE TABLE `customers` (
  `iD` int(11) NOT NULL AUTO_INCREMENT,
  `EmployeeID` int(11) DEFAULT NULL,
  `userlevelid` int(11) NOT NULL,
  `name` varchar(100) NOT NULL,
  `phone` varchar(14) DEFAULT NULL,
  `password` varchar(255) DEFAULT NULL,
  `email` varchar(50) DEFAULT NULL,
  `token` text DEFAULT NULL,
  `activated` tinyint(1) NOT NULL DEFAULT 1,
  `date` datetime NOT NULL DEFAULT current_timestamp(),
  `birthday` date DEFAULT NULL,
  `city` varchar(20) DEFAULT NULL,
  `address` text DEFAULT NULL,
  `cash` tinyint(1) NOT NULL DEFAULT 0,
  `comments` text DEFAULT NULL,
  `mainSupplier` tinyint(1) DEFAULT NULL,
  `sellingRatio` float DEFAULT 0,
  `profile` longtext DEFAULT NULL,
  PRIMARY KEY (`iD`),
  UNIQUE KEY `name` (`name`),
  UNIQUE KEY `phone` (`phone`),
  UNIQUE KEY `email` (`email`),
  KEY `customers_ibfk_1` (`EmployeeID`),
  KEY `customers_ibfk_2` (`userlevelid`),
  CONSTRAINT `customers_ibfk_1` FOREIGN KEY (`EmployeeID`) REFERENCES `employees` (`iD`) ON DELETE SET NULL ON UPDATE SET NULL,
  CONSTRAINT `customers_ibfk_2` FOREIGN KEY (`userlevelid`) REFERENCES `userlevels` (`iD`)
) ENGINE=InnoDB AUTO_INCREMENT=1150 DEFAULT CHARSET=utf8 COLLATE=utf8_general_ci;

INSERT INTO `customers` VALUES (1,1,2,"Tarek Al-Assadi","0944105522","$2y$10$OpsoqgcYi.1nwT6d.9ShYepsDs/26Oryp8qcTkUnfQFUMYGJ.TBw6",NULL,NULL,"0","2019-10-06 14:03:17",NULL,"Damascus ","الصناعة","0",NULL,NULL,"0",NULL),
(29,NULL,2,"مؤسسة الصفوري",NULL,"",NULL,NULL,"0","2021-07-02 12:55:08",NULL,NULL,NULL,"0",NULL,NULL,"0",NULL),
(926,1,2,"sami","0933326882","VBUL1VLU",NULL,NULL,"0","2021-07-31 12:41:41",NULL,NULL,NULL,"0",NULL,NULL,"0",NULL),
(928,1,2,"شركة الايمان",NULL,"Q78AM4AA",NULL,NULL,"0","2021-07-31 12:00:49",NULL,NULL,NULL,"0",NULL,NULL,"0",NULL),
(929,10,2,"ابو شاكر","0944288308","PHKUSGUH",NULL,NULL,"0","2021-07-31 02:05:57",NULL,"Damascus",NULL,"0",NULL,NULL,"0",NULL),
(930,1,2,"عبدو الشيباني",NULL,"UP30CGAL",NULL,NULL,"0","2021-07-31 02:15:16",NULL,NULL,NULL,"0",NULL,NULL,"0",NULL),
(931,10,2,"سعد الدين","0944282408","AF6GDJJ9",NULL,NULL,"0","2021-07-31 02:21:22",NULL,"Damascus",NULL,"0",NULL,NULL,"0",NULL),
(932,1,2,"شركة الصفوري",NULL,"4AZ5S39C",NULL,NULL,"0","2021-07-31 02:36:58",NULL,NULL,NULL,"0",NULL,NULL,"0",NULL),
(933,10,2,"مطبعة اللوتس","0933616660","X8BMH6X5",NULL,NULL,"0","2021-07-31 02:52:20",NULL,"Damascus",NULL,"0",NULL,NULL,"0",NULL),
(934,1,2,"ابو علي شهيد",NULL,"XJ1FXDCL",NULL,NULL,"0","2021-07-31 04:00:53",NULL,NULL,NULL,"0",NULL,NULL,"0",NULL),
(936,10,2,"الطليعة","0933214270","KZKZAKLI",NULL,NULL,"0","2021-08-01 11:42:17",NULL,"Damascus",NULL,"0",NULL,NULL,"0",NULL),
(937,1,2,"العالم العربي",NULL,"0929RQQ4",NULL,NULL,"0","2021-08-01 01:02:07",NULL,NULL,NULL,"0",NULL,NULL,"0",NULL),
(938,1,2,"مامون ناجي",NULL,"C9OR25AV",NULL,NULL,"0","2021-08-01 03:05:38",NULL,NULL,NULL,"0",NULL,NULL,"0",NULL),
(939,10,2,"ابو حيدر","0933580029","A8YSTRD1",NULL,NULL,"0","2021-08-01 03:09:22",NULL,"Damascus",NULL,"0",NULL,NULL,"0",NULL),
(941,1,2,"انس الجوجو","0950005518","AK1ED2ZO",NULL,NULL,"0","2021-10-14 22:32:44",NULL,NULL,NULL,"0",NULL,NULL,"0",NULL),
(942,1,2,"جابر شما",NULL,"XASE9HMZ",NULL,NULL,"0","2021-08-01 04:24:21",NULL,NULL,NULL,"0",NULL,NULL,"0",NULL),
(943,1,2,"ابو صالح",NULL,"VTSI63E9",NULL,NULL,"0","2021-08-02 02:34:42",NULL,NULL,NULL,"0",NULL,NULL,"0",NULL),
(944,1,2,"بشار قباني",NULL,"9XFPSUF8",NULL,NULL,"0","2021-08-02 03:17:30",NULL,NULL,NULL,"0",NULL,NULL,"0",NULL),
(945,1,2,"انس الفوال",NULL,"I4YC81TA",NULL,NULL,"0","2021-08-03 10:03:43",NULL,NULL,NULL,"0",NULL,NULL,"0",NULL),
(946,1,2,"عدنان خضر",NULL,"XLXSFUA1",NULL,NULL,"0","2021-08-03 12:03:15",NULL,NULL,NULL,"0",NULL,NULL,"0",NULL),
(947,10,2,"محمد علي ابو يوسف","0944982179","G8A9XAB6",NULL,NULL,"0","2021-08-03 12:48:48",NULL,"Damascus",NULL,"0",NULL,NULL,"0",NULL),
(948,1,2,"ابو اياد عمار",NULL,"G8A9XAB6",NULL,NULL,"0","2021-08-03 12:48:48",NULL,NULL,NULL,"0",NULL,NULL,"0",NULL),
(949,1,2,"عماد شاكر",NULL,"FL9HJ4IB",NULL,NULL,"0","2021-08-03 01:39:47",NULL,NULL,NULL,"0",NULL,NULL,"0",NULL),
(950,1,2,"جهاد سحلول",NULL,"CLSK5ZTJ",NULL,NULL,"0","2021-08-04 12:22:41",NULL,NULL,NULL,"0",NULL,NULL,"0",NULL),
(951,1,2,"طارق بن زياد",NULL,"UBO1LYYG",NULL,NULL,"0","2021-08-04 12:25:42",NULL,NULL,NULL,"0",NULL,NULL,"0",NULL),
(952,1,2,"محمد علاوي",NULL,"1O3RLYP4",NULL,NULL,"0","2021-08-04 03:26:12",NULL,NULL,NULL,"0",NULL,NULL,"0",NULL),
(953,1,2,"نور الدين قوصيني",NULL,"0HXKB0F3",NULL,NULL,"0","2021-08-09 12:09:29",NULL,NULL,NULL,"0",NULL,NULL,"0",NULL),
(954,1,2,"محمد دعدوش",NULL,"4R3ZRT19",NULL,NULL,"0","2021-08-09 09:51:04",NULL,NULL,NULL,"0",NULL,NULL,"0",NULL),
(955,1,2,"مطبعة ابن سينا",NULL,"H20XQ9K2",NULL,NULL,"0","2021-08-09 10:37:31",NULL,NULL,NULL,"0",NULL,NULL,"0",NULL),
(956,10,2,"غياث التقي","0988118060","EXK27G1V",NULL,NULL,"0","2021-08-09 10:46:30",NULL,"Damascus",NULL,"0",NULL,NULL,"0",NULL),
(957,1,2,"مطبعة الحمرا",NULL,"JDRC2BJP",NULL,NULL,"0","2021-08-09 01:16:57",NULL,NULL,NULL,"0",NULL,NULL,"0",NULL),
(958,10,2,"باسل حبوب","0991844900","HL8O7SHK",NULL,NULL,"0","2021-08-10 01:06:46",NULL,"Damascus",NULL,"0",NULL,NULL,"0",NULL),
(959,1,2,"فراس دولي",NULL,"17E039ET",NULL,NULL,"0","2021-08-11 02:52:30",NULL,NULL,NULL,"0",NULL,NULL,"0",NULL),
(960,1,2,"النجم الذهبي",NULL,"1VBGEPL8",NULL,NULL,"0","2021-08-11 04:07:00",NULL,NULL,NULL,"0",NULL,NULL,"0",NULL),
(961,1,2,"هيثم جويد",NULL,"KF6RZ6DB",NULL,NULL,"0","2021-08-18 12:41:37",NULL,NULL,NULL,"0",NULL,NULL,"0",NULL),
(962,1,2,"مطبعة التاج",NULL,"BHY54923",NULL,NULL,"0","2021-08-19 00:40:01",NULL,NULL,NULL,"0",NULL,NULL,"0",NULL),
(963,10,2,"غسان المصري","0944232153","CPMGBEX6",NULL,NULL,"0","2021-08-19 00:47:34",NULL,"Damascus",NULL,"0",NULL,NULL,"0",NULL),
(964,1,2,"الحارث",NULL,"2VI1VYIK",NULL,NULL,"0","2021-08-19 09:25:46",NULL,NULL,NULL,"0",NULL,NULL,"0",NULL),
(966,1,2,"بسام الشيباني",NULL,"XGCJMZ7F",NULL,NULL,"0","2021-08-19 13:40:59",NULL,NULL,NULL,"0",NULL,NULL,"0",NULL),
(967,1,2,"اختبار",NULL,"643QYKII",NULL,NULL,"0","2021-08-21 20:11:36",NULL,NULL,NULL,"0",NULL,NULL,"0",NULL),
(968,10,2,"مطبعة الرفاعي","0934060647","56LP10HV",NULL,NULL,"0","2021-08-23 14:15:13",NULL,"Damascus",NULL,"0",NULL,NULL,"0",NULL),
(969,10,2,"عبد الرحمن سحلول","0944390973","LPGUI7KQ",NULL,NULL,"0","2021-08-23 15:17:26",NULL,"Damascus",NULL,"0",NULL,NULL,"0",NULL),
(970,10,2,"ايمن غنام","0988015847","BP27HV25",NULL,NULL,"0","2021-08-24 09:49:37",NULL,"Damascus",NULL,"0",NULL,NULL,"0",NULL),
(972,11,2,"ابو فارس",NULL,"60Q9E1OF",NULL,NULL,"0","2021-08-26 13:56:36",NULL,NULL,NULL,"0",NULL,NULL,"0",NULL),
(974,10,2,"شركة مايكب","0992230287","E9G41V17",NULL,NULL,"0","2021-08-26 17:29:04",NULL,"Damascus",NULL,"0",NULL,NULL,"0",NULL),
(975,10,2,"خالد دسوقي","0933502640","5M0270QD",NULL,NULL,"0","2021-08-26 17:48:44",NULL,"Damascus",NULL,"0",NULL,NULL,"0",NULL),
(977,1,2,"محمود قضماني",NULL,"VSE2GKV6",NULL,NULL,"0","2021-08-27 16:18:45",NULL,NULL,NULL,"0",NULL,NULL,"0",NULL),
(978,10,2,"الفقيه","0951788693","QSKOP4BV",NULL,NULL,"0","2021-08-28 09:27:12",NULL,"Damascus",NULL,"0",NULL,NULL,"0",NULL),
(979,1,2,"حمدان",NULL,"35Q7JIHM",NULL,NULL,"0","2021-08-28 19:28:27",NULL,NULL,NULL,"0",NULL,NULL,"0",NULL),
(980,1,2,"احمد مجوز",NULL,"ZFOGX30S",NULL,NULL,"0","2021-08-28 22:39:51",NULL,NULL,NULL,"0",NULL,NULL,"0",NULL),
(981,1,2,"بلال فاعور",NULL,"I57U6TR2",NULL,NULL,"0","2021-08-30 10:42:55",NULL,NULL,NULL,"0",NULL,NULL,"0",NULL),
(982,1,2,"بسام تفكجي",NULL,"6GGI50A8",NULL,NULL,"0","2021-08-30 15:16:06",NULL,NULL,NULL,"0",NULL,NULL,"0",NULL),
(983,11,2,"مطبعة النجيب",NULL,"HL43C66R",NULL,NULL,"0","2021-08-31 16:58:32",NULL,NULL,NULL,"0",NULL,NULL,"0",NULL),
(984,1,2,"ابو حنا",NULL,"TG0F8253",NULL,NULL,"0","2021-09-04 11:05:06",NULL,NULL,NULL,"0",NULL,NULL,"0",NULL),
(985,1,2,"منتصر المزيد",NULL,"RD7JPSRG",NULL,NULL,"0","2021-09-04 20:54:25",NULL,NULL,NULL,"0",NULL,NULL,"0",NULL),
(986,1,2,"محمد الرومي",NULL,"DJ4KX0VM",NULL,NULL,"0","2021-09-05 14:39:21",NULL,NULL,NULL,"0",NULL,NULL,"0",NULL),
(987,1,2,"المتحدة",NULL,"YAVEE69M",NULL,NULL,"0","2021-09-06 16:04:53",NULL,NULL,NULL,"0",NULL,NULL,"0",NULL),
(988,1,2,"مطبعة علي",NULL,"M7ADV1R2",NULL,NULL,"0","2021-09-07 16:13:53",NULL,NULL,NULL,"0",NULL,NULL,"0",NULL),
(989,10,2,"مطبعة اللحام","0933773858","5BU18IM7",NULL,NULL,"0","2021-09-08 14:38:32",NULL,"Damascus",NULL,"0",NULL,NULL,"0",NULL),
(991,16,2,"دار الشام",NULL,"UUYY4QBH",NULL,NULL,"0","2021-09-11 10:04:08",NULL,NULL,NULL,"0",NULL,NULL,"0",NULL),
(992,10,2,"مطبعة ميسلون","0942257266","M4HBEYXT",NULL,NULL,"0","2021-09-11 13:20:54",NULL,"Damascus",NULL,"0",NULL,NULL,"0",NULL),
(994,1,2,"عادل عوض","0951456196","4PC6V33G",NULL,NULL,"0","2021-09-14 11:24:35",NULL,NULL,NULL,"0",NULL,NULL,"0",NULL),
(995,1,2,"عامر فتال قص",NULL,"SUERZ33Q",NULL,NULL,"0","2021-09-14 14:21:14",NULL,NULL,NULL,"0",NULL,NULL,"0",NULL),
(996,4,2,"بلال قدور",NULL,"6IYDJ39P",NULL,NULL,"0","2021-09-16 09:48:24",NULL,NULL,NULL,"0",NULL,NULL,"0",NULL),
(997,9,2,"دفعة للشركة بيد شباط",NULL,"GVA98PAF",NULL,NULL,"0","2021-09-16 15:35:48",NULL,NULL,NULL,"0",NULL,NULL,"0",NULL),
(998,1,2,"مباع",NULL,"GPO5BTST",NULL,NULL,"0","2021-09-19 10:13:39",NULL,NULL,NULL,"0",NULL,NULL,"0",NULL),
(999,1,2,"مخرج سابقا",NULL,"CVTGFRAV",NULL,NULL,"0","2021-09-19 13:12:41",NULL,NULL,NULL,"0",NULL,NULL,"0",NULL),
(1000,1,2,"امجد",NULL,"G3YAR3EY",NULL,NULL,"0","2021-09-20 10:21:34",NULL,NULL,NULL,"0",NULL,NULL,"0",NULL),
(1001,1,2,"رضوان لداوي",NULL,"K97CD7AO",NULL,NULL,"0","2021-09-20 12:47:21",NULL,NULL,NULL,"0",NULL,NULL,"0",NULL),
(1002,16,2,"مجد حاكمي","0933303700","14KM1YJE",NULL,NULL,"0","2021-09-20 14:29:00",NULL,NULL,NULL,"0",NULL,NULL,"0",NULL),
(1003,1,2,"ابو جميل دار شام",NULL,"O5IIC4CM",NULL,NULL,"0","2021-09-21 13:41:40",NULL,NULL,NULL,"0",NULL,NULL,"0",NULL),
(1004,1,2,"مطبعة الندى",NULL,"MLBXRVLI",NULL,NULL,"0","2021-09-21 14:03:04",NULL,NULL,NULL,"0",NULL,NULL,"0",NULL),
(1005,1,2,"ابو محمد نصار",NULL,"MZC52R6H",NULL,NULL,"0","2021-09-23 12:59:57",NULL,NULL,NULL,"0",NULL,NULL,"0",NULL),
(1006,1,2,"محمود دوبا",NULL,"PV2BSXKA",NULL,NULL,"0","2021-09-24 18:41:25",NULL,NULL,NULL,"0",NULL,NULL,"0",NULL),
(1007,1,2,"عبد الكريم غزال",NULL,"62HYAT06",NULL,NULL,"0","2021-09-25 16:56:29",NULL,NULL,NULL,"0",NULL,NULL,"0",NULL),
(1008,1,2,"عمار قمحة",NULL,"OP264AAC",NULL,NULL,"0","2021-09-27 12:45:59",NULL,NULL,NULL,"0",NULL,NULL,"0",NULL),
(1009,1,2,"مطبعة ابو ابراهيم",NULL,"VGEC3XAV",NULL,NULL,"0","2021-09-28 09:24:38",NULL,NULL,NULL,"0",NULL,NULL,"0",NULL),
(1010,1,2,"مطبعة الندى ( ابو ابراهيم )",NULL,"TUFOY519",NULL,NULL,"0","2021-09-28 13:23:07",NULL,NULL,NULL,"0",NULL,NULL,"0",NULL),
(1011,11,2,"ابوصالح",NULL,"17X0ZGSU",NULL,NULL,"0","2021-09-28 14:04:29",NULL,NULL,NULL,"0",NULL,NULL,"0",NULL),
(1012,1,2,"ابو فهد كركتلي",NULL,"ILEXLM2Y",NULL,NULL,"0","2021-09-30 10:26:53",NULL,NULL,NULL,"0",NULL,NULL,"0",NULL),
(1013,1,2,"مطبعة الفاكهاني",NULL,"AZO4I2RU",NULL,NULL,"0","2021-09-30 14:56:47",NULL,NULL,NULL,"0",NULL,NULL,"0",NULL),
(1014,1,2,"لؤي الفوال",NULL,"5PY7FPVE",NULL,NULL,"0","2021-10-05 11:13:29",NULL,NULL,NULL,"0",NULL,NULL,"0",NULL),
(1015,1,2,"عصام سليمان",NULL,"TE14RMYL",NULL,NULL,"0","2021-10-05 14:29:31",NULL,NULL,NULL,"0",NULL,NULL,"0",NULL),
(1016,10,2,"العاب اليوسف",NULL,"17YQ3R35",NULL,NULL,"0","2021-10-06 13:49:01",NULL,"Damascus",NULL,"0",NULL,NULL,"0",NULL),
(1017,1,2,"ايمن صيداوي",NULL,"QEKVC0HR",NULL,NULL,"0","2021-10-06 13:56:08",NULL,NULL,NULL,"0",NULL,NULL,"0",NULL),
(1018,10,2,"مطبعة العامر","0951331427","HIUA2HCC",NULL,NULL,"0","2021-10-06 16:26:30",NULL,"Damascus",NULL,"0",NULL,NULL,"0",NULL),
(1019,1,2,"مطبعة العمري",NULL,"P93LUYYI",NULL,NULL,"0","2021-10-07 10:56:28",NULL,NULL,NULL,"0",NULL,NULL,"0",NULL),
(1020,1,2,"العلبي",NULL,"IMZ99F4T",NULL,NULL,"0","2021-10-07 11:13:50",NULL,NULL,NULL,"0",NULL,NULL,"0",NULL),
(1021,1,2,"الغسق",NULL,"UQVR494Q",NULL,NULL,"0","2021-10-09 16:08:13",NULL,NULL,NULL,"0",NULL,NULL,"0",NULL),
(1022,1,2,"القصير",NULL,"8YD2JIE6",NULL,NULL,"0","2021-10-09 16:09:25",NULL,NULL,NULL,"0",NULL,NULL,"0",NULL),
(1023,10,2,"ابوحيدر",NULL,"65TXPZM9",NULL,NULL,"0","2021-10-10 11:36:48",NULL,"Damascus",NULL,"0",NULL,NULL,"0",NULL),
(1024,1,2,"مايا حمامي",NULL,"HR9OAIR1",NULL,NULL,"0","2021-10-13 14:37:35",NULL,NULL,NULL,"0",NULL,NULL,"0",NULL),
(1025,1,2,"نادر مدراتي",NULL,"01ZB6EP5",NULL,NULL,"0","2021-10-13 16:14:58",NULL,NULL,NULL,"0",NULL,NULL,"0",NULL),
(1026,1,2,"عبد الرحمن فلاح",NULL,"1EEZV9I2",NULL,NULL,"0","2021-10-18 19:41:19",NULL,NULL,NULL,"0",NULL,NULL,"0",NULL),
(1027,10,2,"حيدر اذر بيك",NULL,"IY93F05D",NULL,NULL,"0","2021-10-21 11:15:28",NULL,"Damascus",NULL,"0",NULL,NULL,"0",NULL),
(1028,1,2,"بشار مراياتي",NULL,"JD26904P",NULL,NULL,"0","2021-10-23 10:29:41",NULL,NULL,NULL,"0",NULL,NULL,"0",NULL),
(1029,1,2,"مطبعة زكريا",NULL,"701TFS69",NULL,NULL,"0","2021-10-25 13:36:20",NULL,NULL,NULL,"0",NULL,NULL,"0",NULL),
(1030,10,2,"مصطفى النوري","0991290722","THA1K8OC",NULL,NULL,"0","2021-10-26 16:51:56",NULL,"Damascus",NULL,"0",NULL,NULL,"0",NULL),
(1031,10,2,"مجد تللو","0946946000","6P2C5C7A",NULL,NULL,"0","2021-10-27 14:48:41",NULL,"Damascus",NULL,"0",NULL,NULL,"0",NULL),
(1032,1,2,"محمود جاسر",NULL,"60R2EOHY",NULL,NULL,"0","2021-10-28 10:44:20",NULL,NULL,NULL,"0",NULL,NULL,"0",NULL),
(1033,10,2,"مطبعة الكواكب","0933525640","ET16LGDM",NULL,NULL,"0","2021-10-28 11:42:13",NULL,"Damascus",NULL,"0",NULL,NULL,"0",NULL),
(1034,1,2,"محمود عباس",NULL,"9OG5PQF2",NULL,NULL,"0","2021-10-30 11:37:05",NULL,NULL,NULL,"0",NULL,NULL,"0",NULL),
(1035,10,2,"نزار بسطاطي","0944875413","TARFX62D",NULL,NULL,"0","2021-11-01 13:51:43",NULL,"Damascus",NULL,"0",NULL,NULL,"0",NULL),
(1036,1,2,"مطبعة الحسام",NULL,"SFX163KE",NULL,NULL,"0","2021-11-02 09:13:35",NULL,NULL,NULL,"0",NULL,NULL,"0",NULL),
(1037,4,2,"مطبعة الافراح",NULL,"D8U82L4B",NULL,NULL,"0","2021-11-07 09:59:31",NULL,NULL,NULL,"0",NULL,NULL,"0",NULL),
(1039,4,2,"احمد الجوجو",NULL,"F665K9YU",NULL,NULL,"0","2021-11-11 12:34:24",NULL,NULL,NULL,"0",NULL,NULL,"0",NULL),
(1040,10,2,"حسام السعدي","0933353390","TA0YQ9AM",NULL,NULL,1,"2021-11-30 14:22:36",NULL,"Damascus",NULL,"0",NULL,NULL,"0",NULL),
(1041,10,2,"رضوان موصللي","0933224419","Z6I79Q05",NULL,NULL,1,"2021-12-04 11:46:30",NULL,"Damascus",NULL,"0",NULL,NULL,"0",NULL),
(1042,10,2,"رضوان موصلي",NULL,"TCPH6SF9",NULL,NULL,1,"2021-12-04 11:46:30",NULL,"Damascus",NULL,"0",NULL,NULL,"0",NULL),
(1043,1,2,"عدنان ديماس",NULL,"Q2UAD47Q",NULL,NULL,1,"2021-12-07 11:31:02",NULL,NULL,NULL,"0",NULL,NULL,"0",NULL),
(1044,16,2,"ماهر عابدين",NULL,"AU7AQSAG",NULL,NULL,1,"2021-12-11 11:52:29",NULL,NULL,NULL,"0",NULL,NULL,"0",NULL),
(1045,12,2,"زياد سمرا",NULL,"6XEG4JLB",NULL,NULL,1,"2021-12-16 11:30:14",NULL,NULL,NULL,"0",NULL,NULL,"0",NULL),
(1046,9,2,"عامر فتال",NULL,"1YP2LD46",NULL,NULL,1,"2021-12-16 14:27:03",NULL,NULL,NULL,"0",NULL,NULL,"0",NULL),
(1047,4,2,"مطبعة دار القمر",NULL,"ZH0L8ZT9",NULL,NULL,1,"2021-12-21 15:10:23",NULL,NULL,NULL,"0",NULL,NULL,"0",NULL),
(1050,4,2,"دار القمر",NULL,"3H2ILZQC",NULL,NULL,1,"2021-12-21 15:12:16",NULL,NULL,NULL,"0",NULL,NULL,"0",NULL),
(1051,4,2,"مطبعة الاصيل",NULL,"19682VDG",NULL,NULL,1,"2021-12-22 11:17:04",NULL,NULL,NULL,"0",NULL,NULL,"0",NULL),
(1062,10,2,"محمد حبوب","0932936464","6IA6Q6GL",NULL,NULL,1,"2021-12-25 14:36:49",NULL,"Damascus",NULL,"0",NULL,NULL,"0",NULL),
(1069,10,2,"ابو اغيد",NULL,"1KC8VZ68",NULL,NULL,1,"2021-12-26 13:45:40",NULL,"Damascus",NULL,"0",NULL,NULL,"0",NULL),
(1070,10,2,"ابو اغيد دار القمر","0936224401","LPGGBO7I",NULL,NULL,1,"2021-12-26 13:55:19",NULL,"Damascus",NULL,"0",NULL,NULL,"0",NULL),
(1071,16,2,"حمدي ناصيف",NULL,"CXIJ6910",NULL,NULL,1,"2021-12-27 12:51:11",NULL,NULL,NULL,"0",NULL,NULL,"0",NULL),
(1072,4,2,"مستودع الصفوري",NULL,"BKD5D9AB",NULL,NULL,1,"2021-12-27 14:53:51",NULL,NULL,NULL,"0",NULL,NULL,"0",NULL),
(1073,9,2,"محمد ناصيف",NULL,"LSKR08QC",NULL,NULL,1,"2021-12-28 10:21:01",NULL,NULL,NULL,"0",NULL,NULL,"0",NULL),
(1074,4,2,"مطبعة سوار الشام",NULL,"U5FMLGU7",NULL,NULL,1,"2021-12-30 12:08:21",NULL,NULL,NULL,"0",NULL,NULL,"0",NULL),
(1075,16,2,"حبيب جقي",NULL,"FTX8X1UU",NULL,NULL,1,"2022-01-01 13:52:22",NULL,NULL,NULL,"0",NULL,NULL,"0",NULL),
(1076,4,2,"معتز التيناوي",NULL,"3PTFYPUE",NULL,NULL,1,"2022-01-01 15:30:59",NULL,NULL,NULL,"0",NULL,NULL,"0",NULL),
(1077,4,2,"مطبعة ابوزيد",NULL,"K1DYHZT4",NULL,NULL,1,"2022-01-06 10:56:46",NULL,NULL,NULL,"0",NULL,NULL,"0",NULL),
(1078,10,2,"عبد القادر النابلسي","0934573146","QLEPHPKG",NULL,NULL,1,"2022-01-10 13:28:53",NULL,"Damascus",NULL,"0",NULL,NULL,"0",NULL),
(1085,4,2,"حازم رشواني",NULL,"USTF5CFC",NULL,NULL,1,"2022-01-11 12:45:18",NULL,NULL,NULL,"0",NULL,NULL,"0",NULL),
(1086,4,2,"حسام اليبرودي",NULL,"C3IBK9P3",NULL,NULL,1,"2022-01-12 15:03:51",NULL,NULL,NULL,"0",NULL,NULL,"0",NULL),
(1087,4,2,"فراس غزال",NULL,"3YBLMFQV",NULL,NULL,1,"2022-01-17 13:35:28",NULL,NULL,NULL,"0",NULL,NULL,"0",NULL),
(1088,4,2,"محمد الصيداوي",NULL,"14FIT92B",NULL,NULL,1,"2022-02-12 13:53:06",NULL,NULL,NULL,"0",NULL,NULL,"0",NULL),
(1089,10,2,"صالح شنواني ( مطبعة الشنواني )","0944504008","7SX1VORY",NULL,NULL,1,"2022-02-13 15:19:43",NULL,"Damascus",NULL,"0",NULL,NULL,"0",NULL),
(1090,4,2,"احمد العقاد",NULL,"7E2ZU1S2",NULL,NULL,1,"2022-02-15 14:34:11",NULL,NULL,NULL,"0",NULL,NULL,"0",NULL),
(1091,4,2,"عبد الباسط مدراتي",NULL,"8BUJHG78",NULL,NULL,1,"2022-02-16 08:53:44",NULL,NULL,NULL,"0",NULL,NULL,"0",NULL),
(1092,4,2,"مطبعة الثراء",NULL,"XB96LH5C",NULL,NULL,1,"2022-02-16 15:20:06",NULL,NULL,NULL,"0",NULL,NULL,"0",NULL),
(1093,4,2,"مطبعة العلي",NULL,"JDT2BI3E",NULL,NULL,1,"2022-02-20 08:06:33",NULL,NULL,NULL,"0",NULL,NULL,"0",NULL),
(1094,16,2,"باسل عبد الرؤوف",NULL,"D5G094C4",NULL,NULL,1,"2022-02-24 16:27:01",NULL,NULL,NULL,"0",NULL,NULL,"0",NULL),
(1095,4,2,"احمد نجيب",NULL,"LJ6Q89KT",NULL,NULL,1,"2022-03-01 15:30:04",NULL,NULL,NULL,"0",NULL,NULL,"0",NULL),
(1096,4,2,"مطصفى قضماني",NULL,"EXDJ4RS1",NULL,NULL,1,"2022-03-10 10:43:04",NULL,NULL,NULL,"0",NULL,NULL,"0",NULL),
(1097,1,2,"test user",NULL,"6G064BYY",NULL,NULL,1,"2022-03-10 18:12:41",NULL,NULL,NULL,"0",NULL,NULL,"0",NULL),
(1098,1,2,"test 2dd",NULL,"6G064BYY",NULL,NULL,1,"2022-03-10 18:12:41",NULL,NULL,NULL,"0",NULL,NULL,"0",NULL),
(1099,1,2,"test s",NULL,"6G064BYY",NULL,NULL,1,"2022-03-10 18:12:41",NULL,NULL,NULL,"0",NULL,NULL,"0",NULL),
(1100,1,2,"ولاء انس الجوجو",NULL,"5FHRXKYB",NULL,NULL,1,"2022-03-14 12:33:28",NULL,NULL,NULL,"0",NULL,NULL,"0",NULL),
(1101,1,2,"رياض الحمصي",NULL,"F54DYDDG",NULL,NULL,1,"2022-03-15 12:45:11",NULL,NULL,NULL,"0",NULL,NULL,"0",NULL),
(1102,10,2,"مطبعة الشيباني","0933544236","QDG4R3H7",NULL,NULL,1,"2022-03-15 13:58:37",NULL,"Damascus",NULL,"0",NULL,NULL,"0",NULL),
(1103,1,2,"مطبعة الحمر",NULL,"MFJIVV3I",NULL,NULL,1,"2022-03-16 11:24:07",NULL,NULL,NULL,"0",NULL,NULL,"0",NULL),
(1104,10,2,"أنس غنام","0932546065","V9SHPDQJ",NULL,NULL,1,"2022-03-21 12:55:19",NULL,"Damascus",NULL,"0",NULL,NULL,"0",NULL),
(1105,10,2,"ايوحيدر",NULL,"1IIP558O",NULL,NULL,1,"2022-03-24 11:33:17",NULL,"Damascus",NULL,"0",NULL,NULL,"0",NULL),
(1106,16,2,"ابو مصطفى مشغل خياطة",NULL,"2BQF7EFF",NULL,NULL,1,"2022-03-28 10:27:23",NULL,NULL,NULL,"0",NULL,NULL,"0",NULL),
(1107,10,2,"مطبعة بروفا","0988307788","M3LGRMRH",NULL,NULL,1,"2022-04-14 14:21:17",NULL,"Damascus",NULL,"0",NULL,NULL,"0",NULL),
(1108,11,2,"رافي الاسد",NULL,"RHMV7S62",NULL,NULL,1,"2022-04-26 12:07:49",NULL,NULL,NULL,"0",NULL,NULL,"0",NULL),
(1109,10,2,"ابو وائل البابيدي","0933339957","7V9F29MV",NULL,NULL,1,"2022-05-12 10:24:47",NULL,"Damascus",NULL,"0",NULL,NULL,"0",NULL),
(1110,11,2,"فيصل الدايه",NULL,"PQOS2MLS",NULL,NULL,1,"2022-05-14 22:53:19",NULL,NULL,NULL,"0",NULL,NULL,"0",NULL),
(1111,16,2,"حسن الحلاق",NULL,"MO0AA66A",NULL,NULL,1,"2022-05-15 13:36:26",NULL,NULL,NULL,"0",NULL,NULL,"0",NULL),
(1112,4,2,"امجد طوالبه",NULL,"HR3HA8M9",NULL,NULL,1,"2022-05-18 10:16:38",NULL,NULL,NULL,"0",NULL,NULL,"0",NULL),
(1113,11,2,"شباط زبون",NULL,"TAKM7HYP",NULL,NULL,1,"2022-05-19 12:56:06",NULL,NULL,NULL,"0",NULL,NULL,"0",NULL),
(1114,1,2,"احمد فلاح",NULL,"259OPTT5",NULL,NULL,1,"2022-05-21 14:45:22",NULL,NULL,NULL,"0",NULL,NULL,"0",NULL),
(1115,4,2,"ابو محمد شباط",NULL,"Q06E2SK6",NULL,NULL,1,"2022-05-22 09:36:33",NULL,NULL,NULL,"0",NULL,NULL,"0",NULL),
(1120,10,2,"نعيم شنار","0945566230","8KF4RK3M",NULL,NULL,1,"2022-05-22 11:50:18",NULL,"Damascus",NULL,"0",NULL,NULL,"0",NULL),
(1121,4,2,"سامر دباس",NULL,"PZC416XO",NULL,NULL,1,"2022-05-29 15:36:16",NULL,NULL,NULL,"0",NULL,NULL,"0",NULL),
(1124,11,2,"يزن الصفوري",NULL,"IFK1JV41",NULL,NULL,1,"2022-06-08 08:53:19",NULL,NULL,NULL,"0",NULL,NULL,"0",NULL),
(1125,16,2,"مسلم قطرميز",NULL,"RFEHDDL9",NULL,NULL,1,"2022-06-12 11:00:27",NULL,NULL,NULL,"0",NULL,NULL,"0",NULL),
(1126,1,2,"المهندس مازن الدخيل",NULL,"81S8XRUH",NULL,NULL,1,"2022-06-13 15:55:07",NULL,NULL,NULL,"0",NULL,NULL,"0",NULL),
(1127,10,2,"ابو علي تلّو",NULL,"XL5747LH",NULL,NULL,1,"2022-06-14 13:07:43",NULL,"Damascus",NULL,"0",NULL,NULL,"0",NULL),
(1128,10,2,"ابو علي تللو","0933371553","QD9VH2LP",NULL,NULL,1,"2022-06-14 13:52:57",NULL,"Damascus",NULL,"0",NULL,NULL,"0",NULL),
(1130,16,2,"علي شهيد",NULL,"VSEDOSZ2",NULL,NULL,1,"2022-06-20 22:23:35",NULL,NULL,NULL,"0",NULL,NULL,"0",NULL),
(1131,10,2,"محمد دعبول","0933255749","EP553KBY",NULL,NULL,1,"2022-06-21 09:25:32",NULL,"Damascus",NULL,"0",NULL,NULL,"0",NULL),
(1132,4,2,"معاذ الدهام",NULL,"J1J5OOA4",NULL,NULL,1,"2022-06-22 15:05:45",NULL,NULL,NULL,"0",NULL,NULL,"0",NULL),
(1133,16,2,"حسن قطان",NULL,"UVAOS1DR",NULL,NULL,1,"2022-06-27 20:41:39",NULL,NULL,NULL,"0",NULL,NULL,"0",NULL),
(1134,16,2,"اكرم مدخنة",NULL,"XP1J2KBG",NULL,NULL,1,"2022-06-28 12:00:10",NULL,NULL,NULL,"0",NULL,NULL,"0",NULL),
(1135,10,2,"ابوعامر تللو","09333315123","TVC0Y7S4",NULL,NULL,1,"2022-06-30 15:05:44",NULL,"Damascus",NULL,"0",NULL,NULL,"0",NULL),
(1136,10,2,"ابو عامر تللو",NULL,"HF6DHA3F",NULL,NULL,1,"2022-07-03 13:55:32",NULL,"Damascus",NULL,"0",NULL,NULL,"0",NULL),
(1137,16,2,"ابو يزن الصفوري",NULL,"7EST4D01",NULL,NULL,1,"2022-07-27 15:26:01",NULL,NULL,NULL,"0",NULL,NULL,"0",NULL),
(1138,4,2,"ايمن دعبول",NULL,"9198J02O",NULL,NULL,1,"2022-07-31 09:24:06",NULL,NULL,NULL,"0",NULL,NULL,"0",NULL),
(1139,4,2,"بسام القاعد",NULL,"5UX0JSO7",NULL,NULL,1,"2022-08-06 10:32:12",NULL,NULL,NULL,"0",NULL,NULL,"0",NULL),
(1140,10,2,"مطبعة البدر","0998912289","C34JB92X",NULL,NULL,1,"2022-08-07 15:51:16",NULL,"Damascus",NULL,"0",NULL,NULL,"0",NULL),
(1141,4,2,"مصطفى قضماني",NULL,"329QYT9A",NULL,NULL,1,"2022-08-15 12:26:01",NULL,NULL,NULL,"0",NULL,NULL,"0",NULL),
(1142,10,2,"محمد علي دعبول",NULL,"ITBGRSDE",NULL,NULL,1,"2022-09-06 14:02:14",NULL,"Damascus",NULL,"0",NULL,NULL,"0",NULL),
(1143,4,2,"شركة شاهين",NULL,"7K1MAT8J",NULL,NULL,1,"2022-09-15 12:47:25",NULL,NULL,NULL,"0",NULL,NULL,"0",NULL),
(1144,10,2,"ابووائل لبابيدي",NULL,"5PFJ81AC",NULL,NULL,1,"2022-10-01 13:19:54",NULL,"Damascus",NULL,"0",NULL,NULL,"0",NULL),
(1145,10,2,"مطبعة الحجي","0933559880","8UDB1R4Z",NULL,NULL,1,"2022-10-11 13:03:08",NULL,"Damascus",NULL,"0",NULL,NULL,"0",NULL),
(1146,10,2,"مطبعة المدينة","0992699588","DPPRYDYX",NULL,NULL,1,"2022-10-19 14:31:42",NULL,"Damascus",NULL,"0",NULL,NULL,"0",NULL),
(1147,4,2,"حسام تقي الدين",NULL,"V64M9GMQ",NULL,NULL,1,"2022-11-05 14:18:27",NULL,NULL,NULL,"0",NULL,NULL,"0",NULL),
(1148,1,2,"انس غنام",NULL,"MAZLGYB1",NULL,NULL,1,"2022-11-07 09:39:28",NULL,NULL,NULL,"0",NULL,NULL,"0",NULL),
(1149,4,2,"مطبعة الزهراء",NULL,"PQ1OVF8E",NULL,NULL,1,"2022-11-08 10:27:27",NULL,NULL,NULL,"0",NULL,NULL,"0",NULL);


DROP TABLE IF EXISTS `customers_balances`;

CREATE ALGORITHM=UNDEFINED DEFINER=`root`@`localhost` SQL SECURITY DEFINER VIEW `customers_balances` AS select `customers`.`iD` AS `iD`,coalesce(sum(`equality_credits`.`value`),0) AS `totalCredits`,coalesce(sum(`equality_debits`.`value`),0) AS `totalDebits`,coalesce(sum(coalesce(`extended_order_refund`.`extendedPrice`,0) - (coalesce(`extended_order_refund`.`extendedRefundPrice`,0) + coalesce(`extended_order_refund`.`extendedDiscount`,0))),0) AS `totalOrders`,coalesce(sum(coalesce(`extended_purchases_refund`.`extendedPrice`,0) - coalesce(`extended_purchases_refund`.`extendedRefundPrice`,0)),0) AS `totalPurchases`,coalesce(sum(`equality_credits`.`value`),0) + coalesce(sum(coalesce(`extended_purchases_refund`.`extendedPrice`,0) - coalesce(`extended_purchases_refund`.`extendedRefundPrice`,0)),0) - (coalesce(sum(`equality_debits`.`value`),0) + coalesce(sum(coalesce(`extended_order_refund`.`extendedPrice`,0) - (coalesce(`extended_order_refund`.`extendedRefundPrice`,0) + coalesce(`extended_order_refund`.`extendedDiscount`,0))),0)) AS `balance` from ((((`customers` left join `extended_order_refund` on(`customers`.`iD` = `extended_order_refund`.`CustomerID`)) left join `equality_credits` on(`customers`.`iD` = `equality_credits`.`CustomerID`)) left join `equality_debits` on(`customers`.`iD` = `equality_debits`.`CustomerID`)) left join `extended_purchases_refund` on(`customers`.`iD` = `extended_purchases_refund`.`CustomerID`)) group by `customers`.`iD`;

INSERT INTO `customers_balances` VALUES (1,"0.000","0.000","0.0000","0.000","0.0000"),
(29,"0.000","61159.000","0.0000","0.000","-61159.0000"),
(926,"0.000","0.000","0.0000","0.000","0.0000"),
(928,"1000.000","0.000","0.0000","0.000","1000.0000"),
(929,"280.000","0.000","0.0000","0.000","280.0000"),
(930,"118468.000","0.000","64744.0000","0.000","53724.0000"),
(931,"470006.817","35650.000","572480.1000","0.000","-138123.2830"),
(932,"6445491055.557","4029785528.722","3969488082.4831","36668223503.782","35114440948.1333"),
(933,"2103.164","0.000","2553.7500","0.000","-450.5860"),
(934,"9400.000","0.000","3204.5000","0.000","6195.5000"),
(936,"9329.928","0.000","0.0000","0.000","9329.9280"),
(937,"258155.272","0.000","287001.1000","513161.600","484315.7720"),
(938,"34770.000","0.000","49298.5000","0.000","-14528.5000"),
(939,"38851.720","0.000","71733.0600","0.000","-32881.3400"),
(941,"6669529.530","94050.000","3569938.3500","0.000","3005541.1800"),
(942,"28098.462","300.000","40536.5000","0.000","-12738.0380"),
(943,"854489.740","0.000","1735005.7000","0.000","-880515.9600"),
(944,"199507.000","0.000","364320.0000","0.000","-164813.0000"),
(945,"8802.068","0.000","6182.0500","0.000","2620.0180"),
(946,"60018.204","0.000","138212.1000","0.000","-78193.8960"),
(947,"670.000","0.000","0.0000","0.000","670.0000"),
(948,"2297.060","700.000","0.0000","0.000","1597.0600"),
(949,"89860.650","45006.300","176913.0000","0.000","-132058.6500"),
(950,"45864.204","0.000","98241.5200","0.000","-52377.3160"),
(951,"1735.812","0.000","2409.7000","0.000","-673.8880"),
(952,"1209.315","900.000","2574.0000","0.000","-2264.6850"),
(953,"28750.000","0.000","0.0000","0.000","28750.0000"),
(954,"346526.661","427700.000","122764.1800","0.000","-203937.5190"),
(955,"1583.954","0.000","368.0000","0.000","1215.9540"),
(956,"15175.889","0.000","52374.4000","0.000","-37198.5110"),
(957,"968175.609","0.000","699650.8000","0.000","268524.8090"),
(958,"11219.280","0.000","30069.0000","0.000","-18849.7200"),
(959,"1737824.000","67990.208","1439847.3000","139876.000","369862.4920"),
(960,"1164576.466","0.000","1682257.5000","0.000","-517681.0340"),
(961,"100.000","0.000","0.0000","0.000","100.0000"),
(962,"1528383.385","34000.000","319685.0000","292614.200","1467312.5850"),
(963,"120.482","0.000","0.0000","0.000","120.4820"),
(964,"28724.941","32.000","0.0000","0.000","28692.9410"),
(966,"3101137.875","10857000.000","1822602.6000","1802493.000","-7775971.7250"),
(967,"0.000","0.000","17555.1750","0.000","-17555.1750"),
(968,"154384.510","2537.556","189788.6800","0.000","-37941.7260"),
(969,"59645.826","2052.000","124501.5000","0.000","-66907.6740"),
(970,"91456.170","23000.000","0.0000","0.000","68456.1700"),
(972,"471708.556","47300.000","948003.8000","0.000","-523595.2440"),
(974,"82072.216","4488.000","113792.9000","0.000","-36208.6840"),
(975,"2605.287","0.000","12750.0000","0.000","-10144.7130"),
(977,"626977.364","1560.000","474870.0000","0.000","150547.3640"),
(978,"108894.213","0.000","447980.7500","0.000","-339086.5370"),
(979,"77270.289","0.000","0.0000","0.000","77270.2890"),
(980,"4532008.464","2285136.000","5649282.4500","0.000","-3402409.9860"),
(981,"30372.321","0.000","46253.0000","0.000","-15880.6790"),
(982,"2779.971","0.000","0.0000","0.000","2779.9710"),
(983,"1730.318","16.666","2810.6000","0.000","-1096.9480"),
(984,"15679.797","0.000","17727.3000","0.000","-2047.5030"),
(985,"12395.012","0.000","0.0000","0.000","12395.0120"),
(986,"98718.068","0.000","11040.0000","0.000","87678.0680"),
(987,"13646.003","0.000","42462.2400","0.000","-28816.2370"),
(988,"1356.140","0.000","0.0000","0.000","1356.1400"),
(989,"133668.575","1050.000","90895.5000","0.000","41723.0750"),
(991,"1000.000","0.000","0.0000","0.000","1000.0000"),
(992,"17927.100","38880.000","33251.7600","0.000","-54204.6600"),
(994,"1431575.838","0.000","3163296.0000","0.000","-1731720.1620"),
(995,"0.000","1000.000","2157.3000","0.000","-3157.3000"),
(996,"60343.129","0.000","96844.8000","0.000","-36501.6710"),
(997,"0.000","727.143","0.0000","0.000","-727.1430"),
(998,"0.000","0.000","29274.0010","0.000","-29274.0010"),
(999,"0.000","217.716","196351.1500","4079.760","-192489.1060"),
(1000,"101.266","0.000","0.0000","0.000","101.2660"),
(1001,"64066.905","1456.000","77137.4500","0.000","-14526.5450"),
(1002,"20000.000","2000.000","0.0000","0.000","18000.0000"),
(1003,"585.714","0.000","2272.6000","0.000","-1686.8860"),
(1004,"80398.776","0.000","187079.7500","0.000","-106680.9740"),
(1005,"400.000","0.000","0.0000","0.000","400.0000"),
(1006,"345210.000","0.000","595718.2000","0.000","-250508.2000"),
(1007,"321300.000","11807.873","366005.6400","0.000","-56513.5130"),
(1008,"30919.840","0.000","54789.6000","0.000","-23869.7600"),
(1009,"0.000","0.000","0.0000","0.000","0.0000"),
(1010,"2292.174","0.000","4870.5000","0.000","-2578.3260"),
(1011,"131104.035","0.000","294375.1200","0.000","-163271.0850"),
(1012,"312.500","0.000","314.6750","0.000","-2.1750"),
(1013,"9874.620","0.000","23731.4000","0.000","-13856.7800"),
(1014,"1330.000","0.000","2641.8000","0.000","-1311.8000"),
(1015,"30.000","0.000","0.0000","0.000","30.0000"),
(1016,"9306.075","0.000","17424.4700","0.000","-8118.3950"),
(1017,"1617960.000","2270100.000","679035.3750","648000.000","-683175.3750"),
(1018,"62550.000","0.000","50824.8000","0.000","11725.2000"),
(1019,"35074.161","0.000","40430.6500","0.000","-5356.4890"),
(1020,"375.227","0.000","1155.0000","0.000","-779.7730"),
(1021,"1000.000","0.000","0.0000","0.000","1000.0000"),
(1022,"1017.000","0.000","0.0000","0.000","1017.0000"),
(1023,"7119.584","0.000","4547.6000","0.000","2571.9840"),
(1024,"8388.572","0.000","18000.0000","0.000","-9611.4280"),
(1025,"9740.000","0.000","7100.9000","0.000","2639.1000"),
(1026,"11933.000","0.000","35842.8000","0.000","-23909.8000"),
(1027,"390.000","26.000","0.0000","0.000","364.0000"),
(1028,"8247.312","0.000","26131.0000","0.000","-17883.6880"),
(1029,"52800.000","30021.000","7721.4000","0.000","15057.6000"),
(1030,"11100.336","429.408","14491.6000","0.000","-3820.6720"),
(1031,"0.000","0.000","0.0000","0.000","0.0000"),
(1032,"23500.000","0.000","25518.9000","0.000","-2018.9000"),
(1033,"3145.714","0.000","3090.8000","0.000","54.9140"),
(1034,"2200.000","16.000","1092.6000","0.000","1091.4000"),
(1035,"95344.209","2175.444","155741.4000","0.000","-62572.6350"),
(1036,"212057.833","0.000","266181.0000","0.000","-54123.1670"),
(1037,"28.000","0.000","28.2000","0.000","-0.2000"),
(1039,"9626.540","0.000","10082.6000","0.000","-456.0600"),
(1040,"6946.287","0.000","9217.6000","0.000","-2271.3130"),
(1041,"0.000","0.000","1595.1000","0.000","-1595.1000"),
(1042,"12103.586","0.000","24711.7500","0.000","-12608.1640"),
(1043,"8.571","0.000","0.0000","0.000","8.5710"),
(1044,"271686.434","0.000","236046.0000","0.000","35640.4340"),
(1045,"74.857","0.000","0.0000","0.000","74.8570"),
(1046,"517642.576","0.000","697712.0000","0.000","-180069.4240"),
(1047,"0.000","0.000","0.0000","0.000","0.0000"),
(1050,"0.000","0.000","0.0000","0.000","0.0000"),
(1051,"27420.000","0.000","18808.4000","0.000","8611.6000"),
(1062,"8160.834","0.000","25844.0000","0.000","-17683.1660"),
(1069,"36592.584","0.000","85030.4000","0.000","-48437.8160"),
(1070,"0.000","0.000","0.0000","0.000","0.0000"),
(1071,"19600.000","0.000","18569.2000","0.000","1030.8000"),
(1072,"0.000","0.000","0.0000","0.000","0.0000"),
(1073,"0.000","0.000","0.0000","0.000","0.0000"),
(1074,"0.000","0.000","0.0000","0.000","0.0000"),
(1075,"358.000","0.000","0.0000","0.000","358.0000"),
(1076,"220.000","0.000","257.4000","0.000","-37.4000"),
(1077,"1063.611","0.000","1986.4000","0.000","-922.7890"),
(1078,"42298.450","0.000","104323.5000","0.000","-62025.0500"),
(1085,"43097.890","0.000","57083.4000","0.000","-13985.5100"),
(1086,"0.000","0.000","0.0000","0.000","0.0000"),
(1087,"96553.890","81750.000","143431.8000","0.000","-128627.9100"),
(1088,"238298.700","0.000","253000.0000","0.000","-14701.3000"),
(1089,"18351.162","0.000","18516.0000","0.000","-164.8380"),
(1090,"116526.000","0.000","120067.6000","0.000","-3541.6000"),
(1091,"32792.000","0.000","61295.2000","0.000","-28503.2000"),
(1092,"0.000","0.000","175.5000","0.000","-175.5000"),
(1093,"10759.860","0.000","15536.4000","0.000","-4776.5400"),
(1094,"1394.871","0.000","2400.0000","0.000","-1005.1290"),
(1095,"0.000","0.000","534.3000","0.000","-534.3000"),
(1096,"0.000","0.000","10120.0000","0.000","-10120.0000"),
(1097,"0.000","0.000","0.0000","0.000","0.0000"),
(1098,"0.000","0.000","0.0000","0.000","0.0000"),
(1099,"0.000","0.000","0.0000","0.000","0.0000"),
(1100,"41100.000","0.000","193907.2800","0.000","-152807.2800"),
(1101,"47081.772","0.000","53851.2000","0.000","-6769.4280"),
(1102,"86587.912","0.000","88439.0000","0.000","-1851.0880"),
(1103,"8452.518","0.000","0.0000","0.000","8452.5180"),
(1104,"44729.330","604.400","76717.5000","0.000","-32592.5700"),
(1105,"0.000","0.000","612.3000","0.000","-612.3000"),
(1106,"144.304","0.000","0.0000","0.000","144.3040"),
(1107,"1266.901","0.000","1147.6000","0.000","119.3010"),
(1108,"632.911","0.000","0.0000","0.000","632.9110"),
(1109,"171571.260","0.000","391294.4000","0.000","-219723.1400"),
(1110,"1750.000","0.000","696.8000","0.000","1053.2000"),
(1111,"1618.392","0.000","0.0000","0.000","1618.3920"),
(1112,"5100.000","0.000","4145.7000","0.000","954.3000"),
(1113,"303.797","0.000","0.0000","0.000","303.7970"),
(1114,"28000.000","0.000","0.0000","0.000","28000.0000"),
(1115,"506.432","0.000","552.0000","0.000","-45.5680"),
(1120,"856.423","0.000","0.0000","0.000","856.4230"),
(1121,"82.250","0.000","65.0000","0.000","17.2500"),
(1124,"64100.000","0.000","0.0000","0.000","64100.0000"),
(1125,"0.000","0.000","0.0000","0.000","0.0000"),
(1126,"0.000","1125.000","0.0000","0.000","-1125.0000"),
(1127,"168.000","0.000","3135.7000","0.000","-2967.7000"),
(1128,"163911.760","0.000","167614.5000","0.000","-3702.7400"),
(1130,"3060.000","0.000","5223.4000","0.000","-2163.4000"),
(1131,"400.000","0.000","368.0000","0.000","32.0000"),
(1132,"10132.000","0.000","8637.2000","0.000","1494.8000"),
(1133,"27007.240","47600.000","58809.8000","0.000","-79402.5600"),
(1134,"125.000","0.000","0.0000","0.000","125.0000"),
(1135,"1500.000","0.000","0.0000","0.000","1500.0000"),
(1136,"2369.514","0.000","7932.0000","0.000","-5562.4860"),
(1137,"385.185","0.000","0.0000","0.000","385.1850"),
(1138,"45.933","0.000","46.0000","0.000","-0.0670"),
(1139,"158.824","0.000","130.0000","0.000","28.8240"),
(1140,"29775.090","0.000","47426.4000","0.000","-17651.3100"),
(1141,"1892.000","0.000","2024.0000","0.000","-132.0000"),
(1142,"543.820","0.000","0.0000","0.000","543.8200"),
(1143,"21986.150","0.000","19582.3500","0.000","2403.8000"),
(1144,"520.833","0.000","653.9000","0.000","-133.0670"),
(1145,"800.000","7.959","828.0000","0.000","-35.9590"),
(1146,"0.000","0.000","0.0000","0.000","0.0000"),
(1147,"0.000","0.000","0.0000","0.000","0.0000"),
(1148,"0.000","0.000","0.0000","0.000","0.0000"),
(1149,"0.000","0.000","0.0000","0.000","0.0000");


DROP TABLE IF EXISTS `customers_contacts`;

CREATE TABLE `customers_contacts` (
  `iD` int(11) NOT NULL AUTO_INCREMENT,
  `CustomerID` int(11) NOT NULL,
  `name` varchar(50) DEFAULT NULL,
  `phone` varchar(20) DEFAULT NULL,
  PRIMARY KEY (`iD`),
  KEY `customer_contact_fk` (`CustomerID`),
  CONSTRAINT `customer_contact_fk` FOREIGN KEY (`CustomerID`) REFERENCES `customers` (`iD`)
) ENGINE=InnoDB DEFAULT CHARSET=utf8 COLLATE=utf8_general_ci;



DROP TABLE IF EXISTS `customers_request_sizes`;

CREATE TABLE `customers_request_sizes` (
  `iD` int(11) NOT NULL AUTO_INCREMENT,
  `CustomerID` int(11) NOT NULL,
  `EmployeeID` int(11) NOT NULL,
  `date` datetime NOT NULL DEFAULT current_timestamp(),
  `comments` text DEFAULT NULL,
  PRIMARY KEY (`iD`),
  KEY `emp_si_fk` (`EmployeeID`),
  KEY `customer__fk` (`CustomerID`),
  CONSTRAINT `customer__fk` FOREIGN KEY (`CustomerID`) REFERENCES `customers` (`iD`),
  CONSTRAINT `emp_si_fk` FOREIGN KEY (`EmployeeID`) REFERENCES `employees` (`iD`)
) ENGINE=InnoDB AUTO_INCREMENT=11 DEFAULT CHARSET=utf8 COLLATE=utf8_general_ci;

INSERT INTO `customers_request_sizes` VALUES (10,1099,1,"2022-03-10 18:52:31","rvdd");


DROP TABLE IF EXISTS `customers_request_sizes_details`;

CREATE TABLE `customers_request_sizes_details` (
  `iD` int(11) NOT NULL AUTO_INCREMENT,
  `CustomerReqID` int(11) NOT NULL,
  `SizeID` int(11) NOT NULL,
  `date` datetime NOT NULL DEFAULT current_timestamp(),
  PRIMARY KEY (`iD`),
  KEY `cust_req_fk` (`CustomerReqID`),
  KEY `sizes_req_fk` (`SizeID`),
  CONSTRAINT `cust_req_fk` FOREIGN KEY (`CustomerReqID`) REFERENCES `customers_request_sizes` (`iD`) ON DELETE CASCADE ON UPDATE CASCADE,
  CONSTRAINT `sizes_req_fk` FOREIGN KEY (`SizeID`) REFERENCES `sizes` (`iD`)
) ENGINE=InnoDB AUTO_INCREMENT=14 DEFAULT CHARSET=utf8 COLLATE=utf8_general_ci;

INSERT INTO `customers_request_sizes_details` VALUES (13,10,1255,"2022-03-10 00:00:00");


DROP TABLE IF EXISTS `customs_declarations`;

CREATE TABLE `customs_declarations` (
  `iD` int(11) NOT NULL AUTO_INCREMENT,
  `EmployeeID` int(11) NOT NULL,
  `number` varchar(200) NOT NULL,
  `date` datetime NOT NULL DEFAULT current_timestamp(),
  `fromCountry` varchar(50) DEFAULT NULL,
  `fromName` varchar(50) DEFAULT NULL,
  `comments` text DEFAULT NULL,
  PRIMARY KEY (`iD`),
  UNIQUE KEY `number` (`number`),
  KEY `customs_declarations_ibfk_1` (`EmployeeID`),
  CONSTRAINT `customs_declarations_ibfk_1` FOREIGN KEY (`EmployeeID`) REFERENCES `employees` (`iD`)
) ENGINE=InnoDB AUTO_INCREMENT=30 DEFAULT CHARSET=utf8 COLLATE=utf8_general_ci;

INSERT INTO `customs_declarations` VALUES (19,1,20212821,"2021-07-07 07:22:09",NULL,NULL,"سابي وجهين مطلي"),
(20,1,2021246,"2021-08-08 11:56:41","Belgium","sappi","بيان سابي 8-8-2021"),
(22,1,20217008,"2021-08-19 10:32:43",NULL,NULL,"بيان لبناني"),
(24,1,2021266,"2021-08-21 09:58:35",NULL,NULL,"بيان برشلوني"),
(25,1,2021584,"2021-08-28 13:22:45",NULL,NULL,"C2S BOARD"),
(26,1,2018199,"2021-09-27 10:15:28",NULL,NULL,NULL),
(27,1,3232563232332,"2023-01-26 15:30:34",NULL,NULL,NULL),
(28,1,34211231231235456465,"2023-01-26 15:52:53",NULL,NULL,NULL),
(29,1,121235324,"2023-01-26 15:58:04",NULL,NULL,NULL);


DROP TABLE IF EXISTS `customs_declarations_images`;

CREATE TABLE `customs_declarations_images` (
  `iD` int(11) NOT NULL AUTO_INCREMENT,
  `CustomsDeclarationID` int(11) NOT NULL,
  `image` text NOT NULL,
  `comments` text DEFAULT NULL,
  PRIMARY KEY (`iD`),
  KEY `customs_declarations_images_ibfk_1` (`CustomsDeclarationID`),
  CONSTRAINT `customs_declarations_images_ibfk_1` FOREIGN KEY (`CustomsDeclarationID`) REFERENCES `customs_declarations` (`iD`) ON DELETE CASCADE ON UPDATE CASCADE
) ENGINE=InnoDB AUTO_INCREMENT=31 DEFAULT CHARSET=utf8 COLLATE=utf8_general_ci;

INSERT INTO `customs_declarations_images` VALUES (16,19,"saffoury.com/SaffouryPaper2/Images/4d2e38c11806ac4de1dd41f73b908da4.jpg",NULL),
(17,19,"saffoury.com/SaffouryPaper2/Images/55577ed250176feb307b78b56a3191d1.jpg",NULL),
(18,20,"/home/saffoury/public_html/SaffouryPaper2/Images/6b78f95cb78673c2e40ce43a1154e45b.jpg",NULL),
(19,20,"/home/saffoury/public_html/SaffouryPaper2/Images/14074c77be456445820cc3107301ceb8.jpg",NULL),
(20,20,"/home/saffoury/public_html/SaffouryPaper2/Images/40e090d6a382555bfa221db462764e16.jpg",NULL),
(22,22,"/home1/saffoury/public_html/SaffouryPaper2/Images/1b902222e2326dea64ea569b777ceda3.jpg",NULL),
(23,22,"/home1/saffoury/public_html/SaffouryPaper2/Images/4fead9e745140f5b408529b9547f6b54.jpg",NULL),
(24,24,"saffoury.com/SaffouryPaper2/Images/a3a1dddf0272852aea933570b9444d7e.jpg",NULL),
(25,24,"saffoury.com/SaffouryPaper2/Images/c25b8da5fdf2fd34299ff8ab37aaf890.jpg",NULL),
(26,25,"saffoury.com/SaffouryPaper2/Images/b8a72315ad592e0d41e8b6dda4677cea.jpg",NULL),
(27,25,"/home1/saffoury/public_html/SaffouryPaper2/Images/838d6835aabce6c0d7570620c9a793c9.jpg",NULL),
(28,26,"/home1/saffoury/public_html/SaffouryPaper2/Images/b3e2507d087abc6bebb3328b0a624ba0.jpg",NULL),
(29,26,"/home1/saffoury/public_html/SaffouryPaper2/Images/df90c30e59d875c3609c2203d5c3398b.jpg",NULL),
(30,26,"/home1/saffoury/public_html/SaffouryPaper2/Images/f783342ebfda9a6e20c52566fd2695f8.jpg",NULL);


DROP TABLE IF EXISTS `cut_request_results`;

CREATE TABLE `cut_request_results` (
  `iD` int(11) NOT NULL AUTO_INCREMENT,
  `CutRequestID` int(11) NOT NULL,
  `ProductInputID` int(11) NOT NULL,
  `ProductOutputID` int(11) NOT NULL,
  PRIMARY KEY (`iD`),
  KEY `cut_request_results_ibfk_1` (`CutRequestID`),
  KEY `cut_request_results_ibfk_2` (`ProductInputID`),
  KEY `cut_request_results_ibfk_3` (`ProductOutputID`),
  CONSTRAINT `cut_request_results_ibfk_1` FOREIGN KEY (`CutRequestID`) REFERENCES `cut_requests` (`iD`),
  CONSTRAINT `cut_request_results_ibfk_2` FOREIGN KEY (`ProductInputID`) REFERENCES `products_inputs` (`iD`) ON DELETE CASCADE ON UPDATE CASCADE,
  CONSTRAINT `cut_request_results_ibfk_3` FOREIGN KEY (`ProductOutputID`) REFERENCES `products_outputs` (`iD`) ON DELETE CASCADE ON UPDATE CASCADE
) ENGINE=InnoDB AUTO_INCREMENT=373 DEFAULT CHARSET=utf8 COLLATE=utf8_general_ci;

INSERT INTO `cut_request_results` VALUES (2,3,23,2),
(3,8,24,3),
(4,9,25,4),
(5,10,26,5),
(6,12,27,6),
(7,11,29,11),
(8,13,30,12),
(9,15,31,13),
(10,14,32,14),
(11,16,33,16),
(12,17,34,18),
(13,20,35,19),
(14,19,36,20),
(15,18,37,21),
(16,22,38,22),
(17,21,39,23),
(18,24,40,24),
(19,23,41,25),
(20,29,42,26),
(21,26,43,27),
(22,28,44,28),
(23,32,45,29),
(24,33,46,30),
(25,30,47,31),
(26,30,48,32),
(35,25,57,41),
(38,36,60,44),
(39,35,61,45),
(40,34,62,46),
(41,27,63,47),
(42,38,65,57),
(44,42,67,59),
(45,43,68,60),
(47,41,70,62),
(48,44,71,63),
(50,55,74,65),
(51,54,75,66),
(53,48,77,68),
(54,46,78,69),
(55,50,79,70),
(56,52,80,71),
(57,53,81,72),
(58,47,82,73),
(59,59,83,74),
(60,66,84,75),
(61,67,85,76),
(62,60,86,77),
(70,64,94,85),
(71,69,95,86),
(72,65,96,87),
(73,45,97,88),
(74,72,98,89),
(75,49,99,90),
(76,62,100,91),
(77,63,101,93),
(78,74,102,94),
(79,70,103,95),
(80,73,104,96),
(81,77,107,100),
(82,76,108,101),
(83,79,109,102),
(84,80,110,103),
(85,81,111,104),
(86,82,112,105),
(87,83,113,106),
(88,84,114,107),
(89,85,115,108),
(91,86,117,110),
(92,90,118,111),
(93,89,119,112),
(94,88,120,113),
(95,99,122,115),
(96,93,123,116),
(97,92,124,117),
(98,102,125,118),
(99,91,126,119),
(100,100,127,120),
(101,95,128,121),
(102,94,129,122),
(103,98,130,123),
(104,97,131,124),
(105,96,132,125),
(106,101,133,126),
(109,110,136,129),
(110,106,137,130),
(112,121,139,132),
(113,122,140,133),
(115,103,142,135),
(116,109,143,136),
(117,108,144,137),
(118,123,145,138),
(120,120,147,140),
(121,111,148,141),
(122,116,149,142),
(123,114,150,143),
(124,119,151,144),
(125,107,152,145),
(127,117,154,147),
(128,124,155,148),
(129,125,156,149),
(130,112,157,150),
(131,104,158,151),
(132,130,162,154),
(133,128,163,155),
(134,129,164,156),
(135,136,165,157),
(136,134,166,158),
(137,135,167,159),
(138,133,168,160),
(139,143,169,161),
(140,138,170,162),
(141,140,171,163),
(142,141,172,164),
(143,139,173,165),
(144,142,174,166),
(145,145,175,167),
(147,144,177,169),
(148,147,178,170),
(149,148,179,171),
(150,150,180,172),
(151,149,181,173),
(152,146,182,174),
(153,151,183,175),
(154,153,184,176),
(155,154,185,177),
(156,158,186,178),
(157,159,187,179),
(159,152,189,181),
(160,157,190,182),
(161,156,191,183),
(162,155,192,184),
(163,161,193,185),
(165,160,195,187),
(166,165,196,188),
(167,163,197,189),
(168,162,198,190),
(170,166,200,192),
(171,167,201,193),
(172,164,202,194),
(175,168,205,197),
(176,169,206,198),
(177,170,207,199),
(178,172,208,200),
(179,173,209,201),
(180,176,210,202),
(181,175,211,203),
(183,177,213,206),
(184,181,214,207),
(185,182,215,208),
(186,183,216,209),
(187,184,217,210),
(188,185,218,211),
(189,186,219,212),
(190,187,220,213),
(192,188,222,215),
(193,189,223,216),
(194,191,224,217),
(195,180,225,218),
(196,190,226,219),
(197,192,227,221),
(198,193,228,222),
(199,195,229,223),
(200,196,230,224),
(201,194,231,225),
(202,197,232,226),
(203,199,233,227),
(204,200,234,228),
(205,201,235,229),
(206,202,236,230),
(207,203,237,231),
(208,213,238,232),
(209,207,239,233),
(210,205,240,234),
(211,206,241,235),
(212,198,242,236),
(213,210,243,237),
(214,204,244,238),
(215,209,245,239),
(216,208,246,240),
(217,217,247,241),
(218,216,248,242),
(219,214,249,243),
(220,221,250,244),
(221,218,251,245),
(222,215,252,246),
(223,220,253,247),
(224,224,254,248),
(225,222,255,249),
(226,226,256,250),
(227,225,257,251),
(228,231,258,252),
(229,230,259,253),
(230,229,260,254),
(231,228,261,255),
(232,227,262,256),
(234,233,264,258),
(235,232,265,259),
(236,235,266,260),
(237,234,267,261),
(238,236,268,262),
(239,237,269,263),
(240,241,270,264),
(241,239,271,265),
(242,238,272,266),
(243,243,273,267),
(244,242,274,268),
(245,245,275,269),
(246,247,276,270),
(247,246,277,271),
(248,244,278,272),
(249,248,279,273),
(252,251,282,276),
(253,250,283,277),
(254,254,284,278),
(255,249,285,279),
(256,256,286,280),
(257,253,287,281),
(258,252,288,282),
(259,258,289,283),
(260,259,290,284),
(261,259,291,285),
(262,257,292,286),
(263,255,293,287),
(264,261,294,288),
(265,260,295,289),
(266,263,296,290),
(267,262,297,291),
(268,264,298,292),
(270,266,300,294),
(271,277,301,295),
(272,276,302,296),
(273,269,303,297),
(274,268,304,298),
(275,278,305,299),
(276,267,306,300),
(277,274,307,301),
(278,273,308,302),
(279,272,309,303),
(280,271,310,304),
(281,270,311,305),
(282,275,312,306),
(283,281,313,307),
(284,280,314,308),
(285,279,315,309),
(286,265,316,310),
(287,283,317,311),
(288,282,318,312),
(289,284,319,313),
(292,285,322,316),
(293,287,323,317),
(294,288,324,318),
(295,286,325,319),
(296,289,326,320),
(297,290,328,322),
(298,294,329,323),
(299,292,329,324),
(301,293,332,326),
(302,297,333,327),
(303,298,334,328),
(304,295,335,329),
(305,296,336,330),
(306,299,337,331),
(307,300,338,332),
(308,302,339,333),
(309,301,340,334),
(310,303,341,335),
(311,304,342,336),
(312,307,343,337),
(313,308,344,338),
(314,306,345,339),
(315,305,346,340),
(316,309,347,341),
(317,310,348,342),
(318,312,349,343),
(319,311,350,344),
(320,313,351,345),
(321,314,352,346),
(323,316,354,348),
(324,317,355,349),
(325,318,356,350),
(326,319,357,351),
(327,320,358,352),
(328,325,359,353),
(329,324,360,354),
(330,323,361,355),
(331,322,362,356),
(332,321,363,357),
(333,330,364,358),
(334,329,365,359),
(335,328,366,360),
(336,327,367,361),
(337,326,368,362),
(338,331,369,363),
(339,332,370,364),
(340,333,371,365),
(343,337,374,368),
(344,334,375,369),
(345,335,376,370),
(346,315,377,371),
(347,344,378,372),
(348,343,379,373),
(349,342,380,374),
(351,339,382,376),
(352,338,383,377),
(353,340,384,378),
(354,341,385,379),
(355,345,386,380),
(356,346,387,381),
(357,347,388,382),
(358,348,389,383),
(359,349,390,384),
(360,350,391,385),
(361,351,392,386),
(362,352,393,387),
(363,353,394,388),
(364,354,395,389),
(365,360,396,390),
(366,359,397,391),
(369,357,400,394),
(370,356,401,395),
(371,358,402,396),
(372,355,403,397);


DROP TABLE IF EXISTS `cut_requests`;

CREATE TABLE `cut_requests` (
  `iD` int(11) NOT NULL AUTO_INCREMENT,
  `ProductID` int(11) NOT NULL,
  `EmployeeID` int(11) DEFAULT NULL,
  `CustomerID` int(11) DEFAULT NULL,
  `date` datetime NOT NULL DEFAULT current_timestamp(),
  `comments` text DEFAULT NULL,
  `cut_status` enum('PENDING','PROCESSING','COMPLETED','') NOT NULL DEFAULT 'PENDING',
  `quantity` double NOT NULL,
  PRIMARY KEY (`iD`),
  KEY `cut_requests_ibfk_1` (`EmployeeID`),
  KEY `cut_requests_ibfk_2` (`CustomerID`),
  KEY `cut_requests_ibfk_3` (`ProductID`),
  CONSTRAINT `cut_requests_ibfk_1` FOREIGN KEY (`EmployeeID`) REFERENCES `employees` (`iD`) ON DELETE SET NULL ON UPDATE SET NULL,
  CONSTRAINT `cut_requests_ibfk_2` FOREIGN KEY (`CustomerID`) REFERENCES `customers` (`iD`) ON DELETE SET NULL ON UPDATE SET NULL,
  CONSTRAINT `cut_requests_ibfk_3` FOREIGN KEY (`ProductID`) REFERENCES `products` (`iD`)
) ENGINE=InnoDB AUTO_INCREMENT=361 DEFAULT CHARSET=utf8 COLLATE=utf8_general_ci;

INSERT INTO `cut_requests` VALUES (3,1414,1,NULL,"2021-08-31 01:16:41",NULL,"COMPLETED",512),
(8,1506,1,941,"2021-09-14 10:12:18",NULL,"COMPLETED",452),
(9,1529,1,978,"2021-09-14 10:19:31",NULL,"COMPLETED",370),
(10,1517,1,978,"2021-09-14 10:22:58",NULL,"COMPLETED",543),
(11,1516,1,941,"2021-09-14 12:43:48",NULL,"COMPLETED",2393),
(12,1507,4,966,"2021-09-14 13:14:07",NULL,"COMPLETED",395),
(13,1513,1,966,"2021-09-18 09:18:19",NULL,"COMPLETED",947),
(14,1683,1,954,"2021-09-21 09:32:13",NULL,"COMPLETED",2206),
(15,1687,1,1004,"2021-09-21 14:03:02",NULL,"COMPLETED",2623),
(16,1682,1,943,"2021-09-23 13:43:49",NULL,"COMPLETED",669),
(17,1684,1,977,"2021-09-25 14:30:39",NULL,"COMPLETED",1588),
(18,1530,1,949,"2021-09-26 16:53:13",NULL,"COMPLETED",372),
(19,1505,1,1008,"2021-09-27 12:45:57",NULL,"COMPLETED",336),
(20,1503,1,1008,"2021-09-27 12:48:49",NULL,"COMPLETED",287),
(21,1679,1,1009,"2021-09-28 09:24:35",NULL,"COMPLETED",1213),
(22,1680,1,1009,"2021-09-28 09:27:18",NULL,"COMPLETED",1737),
(23,1683,1,954,"2021-09-28 15:11:10",NULL,"COMPLETED",592),
(24,1681,1,954,"2021-09-28 15:11:42",NULL,"COMPLETED",1667),
(25,1504,1,977,"2021-09-30 10:47:54",NULL,"COMPLETED",654),
(26,1683,1,1013,"2021-09-30 14:56:45",NULL,"COMPLETED",2169),
(27,1514,1,968,"2021-10-02 10:24:32",NULL,"COMPLETED",1556),
(28,1681,1,942,"2021-10-02 13:05:00",NULL,"COMPLETED",4749),
(29,1681,1,978,"2021-10-03 08:13:33",NULL,"COMPLETED",2234),
(30,1540,1,962,"2021-10-03 10:07:54",NULL,"COMPLETED",301),
(32,1681,1,954,"2021-10-03 18:50:34",NULL,"COMPLETED",1600),
(33,1683,1,954,"2021-10-03 18:51:16",NULL,"COMPLETED",1500),
(34,1681,1,934,"2021-10-04 14:30:21",NULL,"COMPLETED",855),
(35,1682,1,1017,"2021-10-06 13:56:04",NULL,"COMPLETED",2491),
(36,1684,1,1017,"2021-10-06 14:41:42",NULL,"COMPLETED",1358),
(38,1684,1,941,"2021-10-14 12:50:03","رول واحد","COMPLETED",753),
(41,1684,4,980,"2021-10-18 13:55:45",NULL,"COMPLETED",2907),
(42,1682,4,980,"2021-10-18 14:52:52",NULL,"COMPLETED",1816),
(43,1512,1,960,"2021-10-20 13:58:45",NULL,"COMPLETED",555),
(44,1825,1,1028,"2021-10-23 10:29:33","عدد 2 رول بكميه 1 طن","COMPLETED",971),
(45,1825,1,977,"2021-10-24 23:12:29","حوالي 20 الف طبق","COMPLETED",3027),
(46,1828,1,977,"2021-10-24 23:14:49","2 رول حوالي  1 طن","COMPLETED",1117),
(47,1828,1,977,"2021-10-24 23:15:48","2 رول حوالي 1 طن","COMPLETED",1118),
(48,1830,1,977,"2021-10-24 01:57:19","حوالي 10 الاف طبق","COMPLETED",3246),
(49,1824,1,942,"2021-10-24 15:58:19","التحميل من المعمل","COMPLETED",2801),
(50,1827,10,932,"2021-10-24 23:28:24",NULL,"COMPLETED",7631),
(52,1825,10,980,"2021-10-24 23:33:22",NULL,"COMPLETED",2097),
(53,1684,10,980,"2021-10-24 23:35:33",NULL,"COMPLETED",2365),
(54,1830,1,1029,"2021-10-25 13:36:18","رول واحد فقط","COMPLETED",785),
(55,1827,10,978,"2021-10-26 07:48:55",NULL,"COMPLETED",872),
(57,1510,1,966,"2021-10-26 15:27:23",NULL,"PENDING",1500),
(59,1687,1,1004,"2021-10-27 12:12:55",NULL,"COMPLETED",1693),
(60,1825,1,1030,"2021-10-27 12:15:55",NULL,"COMPLETED",509),
(62,1819,1,1032,"2021-10-28 10:44:18","بكميه 5 طن تقريبا","COMPLETED",4717),
(63,1828,1,1032,"2021-10-28 10:46:56","كامل رصيد الكمية","COMPLETED",7068),
(64,1830,1,1032,"2021-10-28 10:47:34","كامل رصيد الكمية","COMPLETED",2552),
(65,1824,4,978,"2021-10-30 10:46:02","1 رول","COMPLETED",7326),
(66,1825,1,1028,"2021-10-30 11:30:18","عدد 1 رول","COMPLETED",518),
(67,1825,1,1034,"2021-10-30 11:37:04","اصغر رول عدد واحد","COMPLETED",528),
(69,1824,1,941,"2021-10-30 12:47:01","عدد 1 رول","COMPLETED",725),
(70,1824,1,942,"2021-10-31 09:46:50","عدد 2 رول","COMPLETED",3670),
(72,1683,4,1034,"2021-11-02 14:32:29",NULL,"COMPLETED",625),
(73,1824,4,978,"2021-11-04 14:14:31","٢ رول","COMPLETED",5760),
(74,1819,4,932,"2021-11-07 10:49:58",NULL,"COMPLETED",2450),
(76,1502,1,960,"2021-11-16 21:08:11",NULL,"COMPLETED",721),
(77,1824,1,932,"2021-11-17 13:55:35",NULL,"COMPLETED",2571),
(79,1826,1,1036,"2021-11-18 11:58:41",NULL,"COMPLETED",617),
(80,1826,1,NULL,"2021-11-23 11:36:53",NULL,"COMPLETED",725),
(81,1539,4,959,"2021-12-08 11:10:24",NULL,"COMPLETED",236),
(82,1542,4,959,"2021-12-08 11:11:19",NULL,"COMPLETED",300),
(83,1826,4,1039,"2021-12-20 14:57:08",NULL,"COMPLETED",504),
(84,1826,4,941,"2021-12-20 14:58:36",NULL,"COMPLETED",612),
(85,1826,4,1042,"2021-12-20 14:59:38",NULL,"COMPLETED",2560),
(86,1536,4,960,"2021-12-21 12:16:38",NULL,"COMPLETED",269),
(88,1912,4,1011,"2021-12-21 13:47:31",NULL,"COMPLETED",3526),
(89,1919,4,1011,"2021-12-21 13:49:24",NULL,"COMPLETED",2212),
(90,1918,4,1011,"2021-12-21 13:50:36",NULL,"COMPLETED",809),
(91,1927,4,1007,"2021-12-21 14:01:30",NULL,"COMPLETED",2947),
(92,1922,4,1007,"2021-12-21 14:05:41",NULL,"COMPLETED",2910),
(93,1926,4,1007,"2021-12-21 14:06:47",NULL,"COMPLETED",3104),
(94,1924,4,1007,"2021-12-21 14:11:04",NULL,"COMPLETED",554),
(95,1919,4,1047,"2021-12-21 15:10:22",NULL,"COMPLETED",721),
(96,1918,4,1047,"2021-12-21 15:12:15",NULL,"COMPLETED",826),
(97,1918,4,1047,"2021-12-21 15:15:53",NULL,"COMPLETED",1888),
(98,1918,4,1047,"2021-12-21 15:17:12",NULL,"COMPLETED",594),
(99,1916,4,1047,"2021-12-21 15:20:30",NULL,"COMPLETED",629),
(100,1909,4,1008,"2021-12-22 13:50:41",NULL,"COMPLETED",510),
(101,1913,4,1008,"2021-12-22 13:51:46","رول واحد","COMPLETED",801),
(102,1918,4,1016,"2021-12-22 15:21:25",NULL,"COMPLETED",802),
(103,1915,4,1036,"2021-12-23 12:19:35",NULL,"COMPLETED",1495),
(104,1919,10,936,"2021-12-23 13:51:19","رصيد الكمية","COMPLETED",2077),
(106,1909,10,936,"2021-12-23 15:21:34",NULL,"COMPLETED",1933),
(107,1924,4,1011,"2021-12-23 15:34:52",NULL,"COMPLETED",572),
(108,1916,4,1040,"2021-12-25 11:55:51",NULL,"COMPLETED",606),
(109,1920,4,1011,"2021-12-25 13:02:24",NULL,"COMPLETED",1911),
(110,1921,4,1011,"2021-12-25 13:16:01",NULL,"COMPLETED",1611),
(111,1920,4,1011,"2021-12-25 13:32:43",NULL,"COMPLETED",943),
(112,1910,4,1062,"2021-12-25 14:36:48",NULL,"COMPLETED",560),
(114,1910,4,941,"2021-12-25 14:48:00",NULL,"COMPLETED",1697),
(116,1920,4,994,"2021-12-25 15:32:17",NULL,"COMPLETED",949),
(117,1532,4,1016,"2021-12-26 10:45:29",NULL,"COMPLETED",426),
(119,1912,4,1069,"2021-12-26 15:36:53",NULL,"COMPLETED",2926),
(120,1924,4,1007,"2021-12-26 15:45:12",NULL,"COMPLETED",536),
(121,1915,4,936,"2021-12-27 13:58:35",NULL,"COMPLETED",1398),
(122,1913,4,1072,"2021-12-27 14:53:48",NULL,"COMPLETED",6326),
(123,1915,4,1008,"2021-12-27 15:09:07",NULL,"COMPLETED",504),
(124,1920,4,1011,"2021-12-28 09:10:12",NULL,"COMPLETED",981),
(125,1923,4,1062,"2021-12-29 11:59:45",NULL,"COMPLETED",1081),
(128,1920,4,994,"2021-12-30 12:02:41",NULL,"COMPLETED",1043),
(129,1916,4,994,"2021-12-30 12:03:40",NULL,"COMPLETED",540),
(130,1916,4,930,"2021-12-30 12:08:20",NULL,"COMPLETED",647),
(132,1924,4,1007,"2021-12-30 12:53:09",NULL,"PENDING",1125),
(133,1921,4,1007,"2021-12-30 12:54:24",NULL,"COMPLETED",1712),
(134,1916,4,1069,"2021-12-30 12:58:17",NULL,"COMPLETED",612),
(135,1915,4,1069,"2021-12-30 13:16:35",NULL,"COMPLETED",1489),
(136,1923,4,983,"2022-01-01 10:50:27",NULL,"COMPLETED",1651),
(138,1825,4,1030,"2022-01-02 11:25:22",NULL,"COMPLETED",519),
(139,1911,4,946,"2022-01-02 13:43:36",NULL,"COMPLETED",743),
(140,1920,4,1040,"2022-01-03 08:37:12",NULL,"COMPLETED",976),
(141,1920,4,994,"2022-01-03 13:07:01",NULL,"COMPLETED",927),
(142,1920,4,994,"2022-01-03 13:08:35",NULL,"COMPLETED",913),
(143,1542,4,941,"2022-01-03 15:23:51",NULL,"COMPLETED",285),
(144,1824,4,962,"2022-01-04 12:43:42",NULL,"COMPLETED",1927),
(145,1511,4,960,"2022-01-05 11:12:30",NULL,"COMPLETED",718),
(146,1917,4,981,"2022-01-05 14:17:54",NULL,"COMPLETED",1341),
(147,1917,4,1072,"2022-01-06 10:50:13",NULL,"COMPLETED",4112),
(148,1925,4,1077,"2022-01-06 10:56:43",NULL,"COMPLETED",806),
(149,1926,4,1051,"2022-01-06 12:40:41",NULL,"COMPLETED",511),
(150,1911,4,1051,"2022-01-06 12:42:00",NULL,"COMPLETED",560),
(151,1914,4,1072,"2022-01-09 14:03:20",NULL,"COMPLETED",2734),
(152,1911,4,930,"2022-01-10 11:27:55",NULL,"COMPLETED",730),
(153,1911,4,994,"2022-01-10 11:40:53",NULL,"COMPLETED",622),
(154,1911,4,994,"2022-01-10 11:41:30",NULL,"COMPLETED",732),
(155,1925,4,1078,"2022-01-10 13:42:55",NULL,"COMPLETED",782),
(156,1925,4,1078,"2022-01-10 13:44:18",NULL,"COMPLETED",1507),
(157,1925,4,1078,"2022-01-10 13:44:57",NULL,"COMPLETED",807),
(158,1825,4,1033,"2022-01-10 14:49:05",NULL,"COMPLETED",1045),
(159,1914,4,994,"2022-01-10 15:41:18",NULL,"COMPLETED",844),
(160,1542,4,959,"2022-01-11 11:08:21",NULL,"COMPLETED",588),
(161,1914,4,989,"2022-01-11 12:09:19",NULL,"COMPLETED",4593),
(162,1916,4,930,"2022-01-18 14:05:41",NULL,"COMPLETED",640),
(163,1925,4,1087,"2022-01-19 13:55:12",NULL,"COMPLETED",1598),
(164,1924,4,1087,"2022-01-19 13:56:05",NULL,"COMPLETED",1672),
(165,1921,4,1087,"2022-01-19 13:56:53",NULL,"COMPLETED",2466),
(166,1922,4,958,"2022-01-23 11:08:30",NULL,"COMPLETED",1943),
(167,1924,4,1087,"2022-01-24 14:19:00",NULL,"COMPLETED",568),
(168,2065,4,1044,"2022-01-24 15:11:05",NULL,"COMPLETED",1963),
(169,2065,4,932,"2022-01-29 11:47:00",NULL,"COMPLETED",3926),
(170,1921,4,1072,"2022-02-03 13:08:01",NULL,"COMPLETED",781),
(172,2085,4,932,"2022-02-08 13:32:20",NULL,"COMPLETED",1018),
(173,2084,4,968,"2022-02-08 13:33:37",NULL,"COMPLETED",1070),
(175,2085,4,992,"2022-02-12 08:32:52",NULL,"COMPLETED",1016),
(176,2084,4,977,"2022-02-13 12:00:40",NULL,"COMPLETED",1086),
(177,2084,4,977,"2022-02-20 13:33:12",NULL,"COMPLETED",2116),
(180,2121,4,941,"2022-03-01 09:59:37","١٠ رول","COMPLETED",13567),
(181,2119,4,941,"2022-03-01 10:22:02",NULL,"COMPLETED",2634),
(182,2120,4,932,"2022-03-01 10:35:20","٢ رول","COMPLETED",2647),
(183,2119,4,937,"2022-03-01 10:39:24",NULL,"COMPLETED",2849),
(184,2122,4,1001,"2022-03-02 08:31:46",NULL,"COMPLETED",1259),
(185,2121,4,937,"2022-03-02 08:33:25","٢ رول","COMPLETED",2849),
(186,2122,4,994,"2022-03-02 08:38:25",NULL,"COMPLETED",1317),
(187,2119,4,1028,"2022-03-05 08:39:05",NULL,"COMPLETED",1454),
(188,2122,4,943,"2022-03-12 09:01:29","٣ رول","COMPLETED",3675),
(189,2123,4,943,"2022-03-12 09:08:13","٢ رول","COMPLETED",2541),
(190,2121,4,941,"2022-03-12 12:43:47",NULL,"COMPLETED",10864),
(191,2121,4,932,"2022-03-12 13:08:44",NULL,"COMPLETED",1355),
(192,2122,4,939,"2022-03-14 09:03:41",NULL,"COMPLETED",1344),
(193,2085,4,930,"2022-03-15 09:55:30",NULL,"COMPLETED",1016),
(194,2122,4,994,"2022-03-21 12:11:57",NULL,"COMPLETED",1307),
(195,2121,4,932,"2022-03-23 12:25:36",NULL,"COMPLETED",2737),
(196,2085,4,930,"2022-03-24 13:28:24",NULL,"COMPLETED",1016),
(197,2257,4,957,"2022-03-26 13:37:48",NULL,"COMPLETED",1450),
(198,2120,4,966,"2022-03-26 13:44:32",NULL,"COMPLETED",2578),
(199,2269,4,1087,"2022-03-26 14:01:10",NULL,"COMPLETED",1450),
(200,2263,4,1087,"2022-03-26 14:03:08",NULL,"COMPLETED",1450),
(201,2267,4,1087,"2022-03-26 14:07:46",NULL,"COMPLETED",1477),
(202,2243,4,1104,"2022-03-26 14:15:41","وزن رول ١٧١٥","COMPLETED",1658),
(203,2264,4,1087,"2022-03-27 09:20:08",NULL,"COMPLETED",1450),
(204,2246,4,957,"2022-03-27 09:29:55",NULL,"COMPLETED",1086),
(205,2249,4,957,"2022-03-27 09:30:36",NULL,"COMPLETED",1000),
(206,2251,4,957,"2022-03-27 09:31:45",NULL,"COMPLETED",1333),
(207,2278,4,957,"2022-03-27 09:33:08",NULL,"COMPLETED",1510),
(208,2250,4,957,"2022-03-27 09:33:44",NULL,"COMPLETED",765),
(209,2224,4,957,"2022-03-27 09:34:30",NULL,"COMPLETED",414),
(210,2252,4,957,"2022-03-27 09:35:02",NULL,"COMPLETED",1265),
(213,2228,4,1001,"2022-03-28 08:58:12",NULL,"COMPLETED",1630),
(214,2085,4,966,"2022-03-29 08:41:47",NULL,"COMPLETED",1062),
(215,2229,4,1078,"2022-03-29 08:49:44",NULL,"COMPLETED",1607),
(216,2216,4,941,"2022-03-30 08:40:25",NULL,"COMPLETED",432),
(217,2232,4,941,"2022-03-30 08:40:59",NULL,"COMPLETED",1495),
(218,2223,4,957,"2022-04-02 08:43:09",NULL,"COMPLETED",583),
(220,2260,4,957,"2022-04-02 12:17:00",NULL,"COMPLETED",1445),
(221,2270,4,957,"2022-04-02 12:47:22",NULL,"COMPLETED",1453),
(222,2255,4,957,"2022-04-05 13:47:15",NULL,"COMPLETED",1440),
(224,2256,4,957,"2022-04-07 12:47:05",NULL,"COMPLETED",1445),
(225,2233,4,957,"2022-04-09 11:38:12",NULL,"COMPLETED",1),
(226,2253,4,957,"2022-04-09 11:39:02",NULL,"COMPLETED",1),
(227,2242,4,977,"2022-04-10 11:14:10",NULL,"COMPLETED",1535),
(228,1911,4,994,"2022-04-12 09:21:55",NULL,"COMPLETED",665),
(229,1913,4,932,"2022-04-12 09:22:29",NULL,"COMPLETED",834),
(230,1913,4,1036,"2022-04-12 09:23:58",NULL,"COMPLETED",785),
(231,2248,4,957,"2022-04-12 10:27:47",NULL,"COMPLETED",1782),
(232,1912,4,1101,"2022-04-13 10:45:23",NULL,"COMPLETED",690),
(233,2388,4,974,"2022-04-16 09:33:17",NULL,"COMPLETED",810),
(234,2272,4,1107,"2022-04-16 09:46:03",NULL,"COMPLETED",2290),
(235,1911,4,966,"2022-04-17 12:09:05",NULL,"COMPLETED",2463),
(236,2261,4,957,"2022-04-17 14:08:53",NULL,"COMPLETED",1448),
(237,2262,4,957,"2022-04-17 14:09:26",NULL,"COMPLETED",1450),
(238,2265,4,957,"2022-04-24 11:56:25",NULL,"COMPLETED",1452),
(239,2266,4,957,"2022-04-24 11:57:15",NULL,"COMPLETED",1460),
(241,2271,4,957,"2022-04-24 14:28:12",NULL,"COMPLETED",1452),
(242,2241,4,957,"2022-04-27 10:37:07",NULL,"COMPLETED",2029),
(243,2364,4,974,"2022-04-27 10:48:23",NULL,"COMPLETED",807),
(244,2230,4,1001,"2022-05-09 08:13:05",NULL,"COMPLETED",1627),
(245,2240,4,977,"2022-05-10 08:21:21",NULL,"COMPLETED",1205),
(246,1913,4,994,"2022-05-10 08:35:30",NULL,"COMPLETED",923),
(247,1911,4,994,"2022-05-10 08:36:44",NULL,"COMPLETED",634),
(248,1911,4,994,"2022-05-10 11:04:45",NULL,"COMPLETED",659),
(249,2357,4,931,"2022-05-11 14:08:30",NULL,"COMPLETED",1084),
(250,1910,4,1109,"2022-05-14 10:51:23",NULL,"COMPLETED",2665),
(251,1910,4,932,"2022-05-14 10:52:07",NULL,"COMPLETED",547),
(252,1910,4,1109,"2022-05-14 10:53:06",NULL,"COMPLETED",1721),
(253,1910,4,1109,"2022-05-14 10:53:34",NULL,"COMPLETED",517),
(254,1910,4,930,"2022-05-14 10:54:37",NULL,"COMPLETED",610),
(255,2376,4,960,"2022-05-14 12:50:10",NULL,"COMPLETED",2126),
(256,1910,4,960,"2022-05-15 09:48:18",NULL,"COMPLETED",547),
(257,2391,4,1035,"2022-05-15 10:20:37",NULL,"COMPLETED",1304),
(258,1913,4,977,"2022-05-17 10:08:53",NULL,"COMPLETED",3721),
(259,1910,4,930,"2022-05-17 12:53:07",NULL,"COMPLETED",538),
(260,2259,4,957,"2022-05-21 11:36:52",NULL,"COMPLETED",834),
(261,2273,4,957,"2022-05-21 11:37:20",NULL,"COMPLETED",1520),
(262,2387,4,966,"2022-05-26 09:14:55",NULL,"COMPLETED",2117),
(263,2384,4,966,"2022-05-26 09:15:30",NULL,"COMPLETED",1522),
(264,2380,4,966,"2022-05-26 09:15:58",NULL,"COMPLETED",2334),
(265,2352,4,966,"2022-05-26 09:16:27",NULL,"COMPLETED",2626),
(266,2191,4,966,"2022-05-30 14:31:52",NULL,"COMPLETED",1664),
(267,2234,4,980,"2022-05-31 14:37:00",NULL,"COMPLETED",643),
(268,2213,4,980,"2022-05-31 14:38:14",NULL,"COMPLETED",1005),
(269,2215,4,980,"2022-05-31 14:38:40",NULL,"COMPLETED",1517),
(270,2214,4,980,"2022-06-04 10:39:08",NULL,"COMPLETED",1176),
(271,2208,4,980,"2022-06-04 10:39:54",NULL,"COMPLETED",459),
(272,2368,4,943,"2022-06-04 10:40:30",NULL,"COMPLETED",2594),
(273,2209,4,989,"2022-06-04 12:30:48",NULL,"COMPLETED",780),
(274,2219,4,989,"2022-06-04 12:34:27",NULL,"COMPLETED",913),
(275,2221,4,989,"2022-06-04 12:35:01",NULL,"COMPLETED",684),
(276,1911,4,994,"2022-06-04 13:07:22",NULL,"COMPLETED",1236),
(277,1913,4,1109,"2022-06-04 15:26:25",NULL,"COMPLETED",793),
(278,2254,4,980,"2022-06-05 10:51:20",NULL,"COMPLETED",1451),
(279,1911,4,994,"2022-06-08 10:40:40",NULL,"COMPLETED",611),
(280,1911,4,994,"2022-06-08 10:41:28",NULL,"COMPLETED",613),
(281,1912,4,1036,"2022-06-08 10:41:59",NULL,"COMPLETED",703),
(282,1912,4,1127,"2022-06-14 13:07:41",NULL,"COMPLETED",1444),
(283,1913,4,1001,"2022-06-14 13:09:24",NULL,"COMPLETED",754),
(284,2371,4,969,"2022-06-14 13:17:09",NULL,"COMPLETED",1773),
(285,2207,4,974,"2022-06-16 08:49:11",NULL,"COMPLETED",800),
(286,1913,4,980,"2022-06-16 14:59:51",NULL,"COMPLETED",3111),
(287,1911,4,980,"2022-06-16 15:00:45",NULL,"COMPLETED",1211),
(288,1912,4,980,"2022-06-16 15:01:56",NULL,"COMPLETED",1352),
(289,1912,4,1036,"2022-06-16 15:15:46",NULL,"COMPLETED",2164),
(290,1910,4,980,"2022-06-18 15:16:40",NULL,"COMPLETED",1144),
(292,2205,4,974,"2022-06-19 09:42:27",NULL,"COMPLETED",860),
(293,2222,4,974,"2022-06-19 09:46:31",NULL,"COMPLETED",412),
(294,1912,4,1041,"2022-06-19 14:31:30",NULL,"COMPLETED",712),
(295,2217,4,974,"2022-06-20 13:48:14",NULL,"COMPLETED",585),
(296,1912,4,1128,"2022-06-22 11:24:41",NULL,"COMPLETED",708),
(297,1912,4,934,"2022-06-22 11:25:58",NULL,"COMPLETED",737),
(298,1911,4,934,"2022-06-22 11:26:36",NULL,"COMPLETED",1287),
(299,2350,4,969,"2022-06-27 09:31:25",NULL,"COMPLETED",1422),
(300,2204,4,974,"2022-06-28 13:26:20",NULL,"COMPLETED",2010),
(301,2378,4,1133,"2022-07-03 08:51:29",NULL,"COMPLETED",2002),
(302,2520,4,1136,"2022-07-03 13:55:31",NULL,"COMPLETED",2090),
(303,2520,4,932,"2022-07-07 09:02:49",NULL,"COMPLETED",2090),
(304,1912,4,1128,"2022-07-17 09:03:14",NULL,"COMPLETED",2826),
(305,2355,4,1035,"2022-07-18 14:36:42",NULL,"COMPLETED",2346),
(306,2076,4,1035,"2022-07-18 14:38:11",NULL,"COMPLETED",2816),
(307,2181,4,1046,"2022-07-20 15:33:37",NULL,"COMPLETED",994),
(308,1912,4,981,"2022-07-23 14:55:20",NULL,"COMPLETED",686),
(309,2520,4,932,"2022-07-30 10:13:39",NULL,"COMPLETED",2070),
(310,1912,4,1128,"2022-08-01 14:20:05",NULL,"COMPLETED",2912),
(311,2520,4,932,"2022-08-04 09:55:31",NULL,"COMPLETED",2070),
(312,2373,4,1133,"2022-08-04 09:57:11",NULL,"COMPLETED",1469),
(313,2377,4,972,"2022-08-06 14:38:28",NULL,"COMPLETED",2551),
(314,2393,4,932,"2022-08-11 11:47:07",NULL,"COMPLETED",2246),
(315,2386,4,932,"2022-08-13 15:04:24",NULL,"COMPLETED",2555),
(316,2365,4,1140,"2022-08-20 12:54:18",NULL,"COMPLETED",3194),
(317,2372,4,1133,"2022-08-25 09:33:01",NULL,"COMPLETED",1998),
(318,2520,4,932,"2022-09-03 14:08:05",NULL,"COMPLETED",2090),
(319,1911,4,994,"2022-09-04 12:56:35",NULL,"COMPLETED",626),
(320,1913,4,994,"2022-09-04 12:58:03",NULL,"COMPLETED",876),
(321,2723,4,931,"2022-09-05 08:43:41",NULL,"COMPLETED",2211),
(322,2582,4,1127,"2022-09-06 10:44:28",NULL,"COMPLETED",643),
(323,2604,4,1127,"2022-09-06 10:46:08",NULL,"COMPLETED",668),
(324,2566,4,1127,"2022-09-06 10:46:47",NULL,"COMPLETED",636),
(325,2575,4,1127,"2022-09-06 10:47:16",NULL,"COMPLETED",650),
(326,2519,4,1104,"2022-09-10 12:06:26",NULL,"COMPLETED",2070),
(327,2733,4,1036,"2022-09-10 15:04:04",NULL,"COMPLETED",1360),
(328,2714,4,984,"2022-09-11 12:12:22",NULL,"COMPLETED",1039),
(329,1913,4,1036,"2022-09-11 12:21:36",NULL,"COMPLETED",2415),
(330,1913,4,932,"2022-09-11 12:23:15",NULL,"COMPLETED",2980),
(331,2173,4,1143,"2022-09-15 12:47:23",NULL,"COMPLETED",1173),
(332,1910,4,1109,"2022-09-15 12:49:01",NULL,"COMPLETED",1037),
(333,1910,4,1109,"2022-09-15 12:50:16",NULL,"COMPLETED",530),
(334,2720,4,932,"2022-09-18 13:48:51",NULL,"COMPLETED",2217),
(335,2710,4,932,"2022-09-22 09:05:02",NULL,"COMPLETED",890),
(337,2688,4,1131,"2022-09-22 10:48:52",NULL,"COMPLETED",925),
(338,2174,4,1143,"2022-09-24 12:56:30",NULL,"COMPLETED",1173),
(339,2200,4,1143,"2022-09-24 12:57:24",NULL,"COMPLETED",1205),
(340,2201,4,1143,"2022-09-24 12:57:46",NULL,"COMPLETED",1209),
(341,2202,4,1143,"2022-09-24 12:58:39",NULL,"COMPLETED",1725),
(342,2187,4,1143,"2022-09-24 12:59:21",NULL,"COMPLETED",775),
(343,2196,4,1143,"2022-09-24 12:59:51",NULL,"COMPLETED",951),
(344,2601,4,994,"2022-09-26 12:22:58",NULL,"COMPLETED",643),
(345,1910,4,1109,"2022-09-29 11:55:46",NULL,"COMPLETED",1597),
(346,1911,4,1109,"2022-10-05 10:20:40",NULL,"COMPLETED",1896),
(347,2390,4,931,"2022-10-08 11:18:44",NULL,"COMPLETED",2987),
(348,2358,4,978,"2022-10-10 15:40:36",NULL,"COMPLETED",2677),
(349,2236,4,1017,"2022-10-11 13:08:53",NULL,"COMPLETED",1500),
(350,1910,4,994,"2022-10-16 13:24:51",NULL,"COMPLETED",600),
(351,2600,4,932,"2022-10-25 12:52:01",NULL,"COMPLETED",649),
(352,2382,4,977,"2022-10-25 12:53:08",NULL,"COMPLETED",1420),
(353,2699,4,1072,"2022-11-03 13:25:09",NULL,"COMPLETED",640),
(354,2363,4,960,"2022-10-31 13:38:12",NULL,"COMPLETED",1421),
(355,2206,4,1147,"2022-11-05 14:18:26",NULL,"COMPLETED",1516),
(356,2244,4,1104,"2022-11-05 14:19:55",NULL,"COMPLETED",1745),
(357,2247,4,1104,"2022-11-05 14:24:26",NULL,"COMPLETED",1306),
(358,2739,4,966,"2022-11-06 13:55:32",NULL,"COMPLETED",1810),
(359,2677,4,943,"2022-11-06 13:58:10",NULL,"COMPLETED",758),
(360,2678,4,943,"2022-11-06 13:59:10",NULL,"COMPLETED",751);


DROP TABLE IF EXISTS `dealers`;

CREATE TABLE `dealers` (
  `iD` int(11) NOT NULL AUTO_INCREMENT,
  `name` varchar(50) DEFAULT NULL,
  `nameAr` varchar(50) DEFAULT NULL,
  `commNum` varchar(10) DEFAULT NULL,
  `address` varchar(200) DEFAULT NULL,
  `addressAr` varchar(200) DEFAULT NULL,
  PRIMARY KEY (`iD`)
) ENGINE=InnoDB AUTO_INCREMENT=2 DEFAULT CHARSET=utf8 COLLATE=utf8_general_ci;

INSERT INTO `dealers` VALUES (1,"SaffouryPaper","شركة الصفوري",1405,"Damascus-Syria","سورية-دمشق");


DROP TABLE IF EXISTS `dealers_emails`;

CREATE TABLE `dealers_emails` (
  `iD` int(11) NOT NULL AUTO_INCREMENT,
  `DealerID` int(11) NOT NULL,
  `title` text NOT NULL,
  `email` varchar(30) NOT NULL,
  PRIMARY KEY (`iD`),
  KEY `de_em` (`DealerID`),
  CONSTRAINT `de_em` FOREIGN KEY (`DealerID`) REFERENCES `dealers` (`iD`) ON DELETE CASCADE ON UPDATE CASCADE
) ENGINE=InnoDB AUTO_INCREMENT=3 DEFAULT CHARSET=utf8 COLLATE=utf8_general_ci;

INSERT INTO `dealers_emails` VALUES (1,1,"ٍInfo","paper@saffoury.com"),
(2,1,"CEO\r\nQussai Al-Saffoury","qussai@saffoury.com");


DROP TABLE IF EXISTS `dealers_phones`;

CREATE TABLE `dealers_phones` (
  `iD` int(11) NOT NULL AUTO_INCREMENT,
  `DealerID` int(11) NOT NULL,
  `title` text NOT NULL,
  `phone` varchar(13) NOT NULL,
  `type` varchar(30) NOT NULL,
  PRIMARY KEY (`iD`),
  KEY `de_ph` (`DealerID`),
  CONSTRAINT `de_ph` FOREIGN KEY (`DealerID`) REFERENCES `dealers` (`iD`) ON DELETE CASCADE ON UPDATE CASCADE
) ENGINE=InnoDB AUTO_INCREMENT=4 DEFAULT CHARSET=utf8 COLLATE=utf8_general_ci;

INSERT INTO `dealers_phones` VALUES (1,1,"Inquaries","+963989944381","COMPANY"),
(2,1,"General Manager","+963989944380","COMPANY"),
(3,1,"Sales Manager","+963989944384","COMPANY");


DROP TABLE IF EXISTS `dealers_social`;

CREATE TABLE `dealers_social` (
  `iD` int(11) NOT NULL AUTO_INCREMENT,
  `DealerID` int(11) NOT NULL,
  `title` text NOT NULL,
  `url` text NOT NULL,
  `type` varchar(30) NOT NULL,
  PRIMARY KEY (`iD`),
  KEY `DealerID` (`DealerID`),
  CONSTRAINT `dealers_social_ibfk_1` FOREIGN KEY (`DealerID`) REFERENCES `dealers` (`iD`) ON DELETE CASCADE ON UPDATE CASCADE
) ENGINE=InnoDB DEFAULT CHARSET=utf8 COLLATE=utf8_general_ci;



DROP TABLE IF EXISTS `debits`;

CREATE TABLE `debits` (
  `iD` int(11) NOT NULL AUTO_INCREMENT,
  `CashBoxID` int(11) NOT NULL,
  `EmployeeID` int(11) NOT NULL,
  `CustomerID` int(11) NOT NULL,
  `EqualitiesID` int(11) NOT NULL,
  `isDirect` int(11) DEFAULT NULL,
  `date` datetime NOT NULL DEFAULT current_timestamp(),
  `value` decimal(11,2) NOT NULL,
  `fromBox` tinyint(1) NOT NULL DEFAULT 0,
  `comments` text DEFAULT NULL,
  PRIMARY KEY (`iD`),
  KEY `debits_ibfk_1` (`CustomerID`),
  KEY `debits_ibfk_2` (`EqualitiesID`),
  KEY `debits_ibfk_3` (`EmployeeID`),
  KEY `debits_ibfk_4` (`isDirect`),
  KEY `debits_ibfk_5` (`CashBoxID`),
  CONSTRAINT `debits_ibfk_1` FOREIGN KEY (`CustomerID`) REFERENCES `customers` (`iD`),
  CONSTRAINT `debits_ibfk_2` FOREIGN KEY (`EqualitiesID`) REFERENCES `equalities` (`iD`),
  CONSTRAINT `debits_ibfk_3` FOREIGN KEY (`EmployeeID`) REFERENCES `employees` (`iD`),
  CONSTRAINT `debits_ibfk_4` FOREIGN KEY (`isDirect`) REFERENCES `journal_voucher` (`iD`) ON DELETE SET NULL,
  CONSTRAINT `debits_ibfk_5` FOREIGN KEY (`CashBoxID`) REFERENCES `warehouse` (`iD`)
) ENGINE=InnoDB AUTO_INCREMENT=390 DEFAULT CHARSET=utf8 COLLATE=utf8_general_ci;

INSERT INTO `debits` VALUES (24,1,1,932,1,NULL,"2021-07-31 02:37:00","1000.00","0","بيد نور"),
(25,1,1,932,161,71,"2021-07-31 04:01:32","4000.00","0",NULL),
(26,1,1,932,165,72,"2021-08-01 11:42:33","2080.00","0",NULL),
(27,1,1,932,171,NULL,"2021-08-01 04:20:59","5060000.00","0","بيد قصي "),
(28,1,1,932,1,NULL,"2021-08-01 04:27:29","7400.00","0",NULL),
(29,1,1,932,1,NULL,"2021-08-01 04:28:48","1342.00","0","١١٠٠ يورو"),
(30,1,1,962,173,73,"2021-08-01 05:09:01","100.00","0",NULL),
(31,1,1,932,175,NULL,"2021-08-02 02:35:59","5300000.00","0",NULL),
(32,1,1,932,1,NULL,"2021-08-02 07:43:20","200.00","0","بيد امجد لقصي"),
(33,1,1,932,177,NULL,"2021-08-02 07:44:01","2600000.00","0","بيد امجد لقصي"),
(34,1,1,932,197,NULL,"2021-08-10 01:09:13","4766000.00","0","دفعه ثمن حشوات كرتون لابو يزن "),
(35,1,1,932,210,NULL,"2021-08-11 04:07:46","9135000.00","0",NULL),
(36,1,1,932,1,NULL,"2021-08-11 04:08:15","2745.00","0",NULL),
(37,1,1,932,213,NULL,"2021-08-18 12:47:51","200000.00","0","دفعه إلى شباط"),
(38,1,1,932,1,NULL,"2021-08-18 16:06:18","10200.00","0","بيد نور"),
(39,1,1,932,214,NULL,"2021-08-18 16:06:55","7000000.00","0","بيد نور الصفوري"),
(40,1,1,932,219,NULL,"2021-08-19 00:45:42","99150000.00","0","بيد نور الصفوري"),
(41,1,1,932,222,NULL,"2021-08-19 00:48:43","7140000.00","0","دفعه مع نور دين قوصيني إلى شركه الصفوري"),
(42,1,1,932,228,NULL,"2021-08-21 16:58:35","7690000.00","0","بيد نور الصفوري"),
(44,1,1,932,1,NULL,"2021-08-23 14:18:01","1560.00","0","بيد نور الصفوري"),
(45,1,1,932,1,NULL,"2021-08-23 15:46:00","1050.00","0","بيد نور الصفوري"),
(46,1,1,932,233,NULL,"2021-08-23 16:02:04","2529000.00","0","بيد نور الصفوري"),
(47,1,1,932,1,NULL,"2021-08-23 16:42:12","620.00","0","٥٠٠ بيد ابو وائل\n١٠٠ يورو تعادل ١٢٠"),
(48,1,1,968,234,NULL,"2021-08-23 23:53:15","55500.00","0",NULL),
(49,1,1,932,235,78,"2021-08-24 09:51:07","39000000.00","0",NULL),
(50,1,1,932,1,NULL,"2021-08-24 17:33:46","3300.00","0","بيد نور الصفوري"),
(51,1,1,932,261,NULL,"2021-08-24 17:34:02","3950000.00","0",NULL),
(52,1,1,932,243,NULL,"2021-08-24 17:34:29","1500000.00","0","بيد شباط"),
(53,1,1,932,1,NULL,"2021-08-24 17:39:07","4500.00","0","بيد ابو وائل"),
(54,1,1,966,1,NULL,"2021-08-26 14:31:46","2000.00","0","إلى فراس بيد فراس"),
(55,1,1,932,1,NULL,"2021-08-26 15:44:31","6290.00","0",NULL),
(56,1,1,932,1,NULL,"2021-08-28 14:23:33","4730.00","0","بيد نور الصفوري"),
(57,1,1,932,1,NULL,"2021-08-28 16:13:55","5000.00","0","بيد ابو وائل"),
(59,1,1,932,260,NULL,"2021-08-28 16:28:10","2295000.00","0",NULL),
(60,1,1,932,1,NULL,"2021-08-28 19:28:59","19800.00","0","بيد قصي"),
(61,1,1,932,1,NULL,"2021-08-28 20:08:15","8850.00","0","بيد نور قوصيني"),
(62,1,1,932,262,81,"2021-08-28 22:40:14","6000.00","0",NULL),
(63,1,1,932,1,NULL,"2021-08-29 15:43:46","5000.00","0",NULL),
(64,1,1,932,264,NULL,"2021-08-29 15:44:09","14000000.00","0","بيد كوكي صفوري"),
(65,1,1,932,269,NULL,"2021-08-30 14:51:16","375000.00","0","السيد شريف بعلم ابو يزن"),
(66,1,1,932,1,NULL,"2021-08-30 16:50:32","4750.00","0",NULL),
(67,1,1,932,272,NULL,"2021-08-31 13:46:36","10500000.00","0",NULL),
(68,1,1,932,1,NULL,"2021-09-01 09:07:44","800.00","0","بيد نور لحمودي"),
(69,1,1,932,1,NULL,"2021-09-01 16:17:35","10100.00","0",NULL),
(70,1,1,959,281,NULL,"2021-09-02 13:50:17","96500.00","0","رصيد"),
(71,1,1,932,1,NULL,"2021-09-02 15:56:04","2700.00","0",NULL),
(72,1,1,932,1,NULL,"2021-09-02 15:56:35","100.00","0","١٠٠ يورو ليس دولار"),
(73,1,1,932,288,84,"2021-09-02 18:37:22","12160.00","0",NULL),
(74,1,1,932,289,84,"2021-09-02 18:38:53","3000.00","0",NULL),
(75,1,1,968,299,NULL,"2021-09-04 15:26:03","17500.00","0","ترصيد"),
(76,1,1,932,1,NULL,"2021-09-04 15:27:00","8350.00","0","بيد نور الصفوري"),
(77,1,1,932,1,NULL,"2021-09-04 15:28:42","200.00","0","٢٠٠ يورو مع نور الصفوري"),
(78,1,1,932,301,87,"2021-09-04 20:55:32","12336.00","0",NULL),
(79,1,1,932,304,NULL,"2021-09-05 14:51:03","2000000.00","0","دفعه إلى شباط"),
(80,1,1,932,1,NULL,"2021-09-05 16:49:11","5960.00","0",NULL),
(81,1,1,932,1,NULL,"2021-09-05 16:49:48","200.00","0","٢٠٠ يويو"),
(82,1,1,932,1,NULL,"2021-09-06 16:31:58","3400.00","0","بيد قصي"),
(83,1,1,932,1,NULL,"2021-09-06 16:32:18","200.00","0","بيد نور الصفوري وفي معو ٨ مليون"),
(84,1,1,932,312,NULL,"2021-09-06 00:33:23","8000000.00","0",NULL),
(85,1,1,932,1,NULL,"2021-09-07 13:34:42","540.00","0","بيد نور قوصيني للشركة"),
(86,1,1,932,317,NULL,"2021-09-07 15:17:11","100000.00","0","بيد شباط"),
(87,1,1,932,1,NULL,"2021-09-07 17:05:18","5900.00","0","يوجد ١٠٠ مرتجع من القديم هنن بالاساس  ٦٠٠٠"),
(89,1,1,932,321,NULL,"2021-09-08 14:15:16","7000000.00","0",NULL),
(90,1,1,932,1,NULL,"2021-09-08 14:15:33","1000.00","0",NULL),
(91,1,1,932,324,NULL,"2021-09-08 15:21:51","3769000.00","0",NULL),
(92,1,1,932,1,NULL,"2021-09-08 15:24:49","7780.00","0","في مية ملرقه لازم يكون 7880"),
(93,1,11,932,1,NULL,"2021-09-09 14:12:46","6500.00","0","بيد نور الصفوري"),
(97,1,9,932,330,NULL,"2021-09-09 15:40:32","1700000.00","0",NULL),
(98,1,1,932,331,NULL,"2021-09-09 16:15:59","10350000.00","0",NULL),
(100,1,1,932,334,NULL,"2021-09-09 17:24:22","10000.00","0",NULL),
(101,1,1,932,1,NULL,"2021-09-09 22:38:12","420.00","0","مع ابو وائل إلى نور الصفوري"),
(102,1,1,966,1,NULL,"2021-09-09 22:38:32","5000.00","0","من قصي الى بسام شيباني"),
(117,1,1,932,1,NULL,"2021-09-11 15:19:27","8300.00","0",NULL),
(118,1,1,932,1,108,"2021-09-11 20:48:13","5000.00","0",NULL),
(119,1,1,932,1,NULL,"2021-09-12 21:48:31","4800.00","0",NULL),
(120,1,1,932,1,NULL,"2021-09-12 23:20:28","1000.00","0",NULL),
(121,1,1,932,1,NULL,"2021-09-13 14:48:03","3500.00","0","بيد نور الصفوري"),
(122,1,1,932,356,NULL,"2021-09-13 14:48:22","6000000.00","0","بيد نور الصفوري"),
(123,1,1,932,1,NULL,"2021-09-13 08:47:30","1000.00","0","بيد قصي"),
(124,1,1,995,1,NULL,"2021-09-14 14:21:14","1000.00","0",NULL),
(125,1,9,997,373,NULL,"2021-09-16 15:35:48","2545000.00","0",NULL),
(126,1,9,932,374,NULL,"2021-09-16 15:40:27","300000.00","0","بيد قصي"),
(127,1,11,932,1,NULL,"2021-09-16 17:30:25","300.00","0",NULL),
(128,1,11,932,376,NULL,"2021-09-16 17:32:22","4800000.00","0",NULL),
(129,1,1,932,1,NULL,"2021-09-18 13:46:41","1800.00","0",NULL),
(130,1,1,999,385,NULL,"2021-09-19 14:39:18","127000.00","0","ثمن ستوكات تسكير باسل  و رفاعي"),
(131,1,1,932,1,NULL,"2021-09-19 23:53:16","4500.00","0",NULL),
(132,1,1,932,392,NULL,"2021-09-19 00:52:54","69500000.00","0","بيد نور الصفوري"),
(133,1,1,964,396,NULL,"2021-09-20 12:52:08","7000.00","0",NULL),
(134,1,1,932,1,NULL,"2021-09-20 10:56:23","15280.00","0","بيد نور الصفوري"),
(135,1,1,932,402,NULL,"2021-09-20 12:10:02","11000000.00","0",NULL),
(136,1,1,932,1,NULL,"2021-09-20 12:13:52","1300.00","0","بيد قصي"),
(137,1,1,932,407,NULL,"2021-09-21 14:24:57","3000000.00","0","بيد شباط"),
(138,1,1,932,1,NULL,"2021-09-21 14:42:16","4350.00","0","بيد نور الصفوري"),
(139,1,1,932,409,NULL,"2021-09-21 14:42:35","3000000.00","0","بيد نور الصفوري"),
(140,1,1,932,1,NULL,"2021-09-23 13:08:55","5000.00","0","بيد سامر بهلول إلى نور الصفوري"),
(141,1,1,932,1,NULL,"2021-09-23 16:20:49","6100.00","0","بيد قصي"),
(142,1,1,932,1,NULL,"2021-09-23 16:21:29","5100.00","0","بيد نور الصفوري"),
(144,1,1,932,1,118,"2021-09-24 18:41:40","1000.00","0","بيد قصي"),
(145,1,9,932,428,NULL,"2021-09-23 14:55:23","12700000.00","0","بيد نور الصفوري"),
(146,1,1,932,1,NULL,"2021-09-25 15:57:16","13570.00","0",NULL),
(148,1,1,932,1,122,"2021-09-25 16:56:48","3450.00","0","بيد ابو علي الحريري"),
(149,1,1,932,1,NULL,"2021-09-26 14:39:42","1700.00","0","بيد نور الصفوري"),
(150,1,1,932,434,NULL,"2021-09-26 14:40:09","5250000.00","0","بيد نور الصفوري"),
(152,1,1,932,1,NULL,"2021-09-26 21:10:40","710.00","0","٦٠٠ يو بيد ابو يزن"),
(153,1,1,932,1,NULL,"2021-09-27 15:58:44","7500.00","0",NULL),
(154,1,1,948,1,NULL,"2021-09-28 14:46:26","100.00","0","مرتجع ابو اياد عمار"),
(155,1,1,932,1,NULL,"2021-09-28 16:42:25","3654.00","0",NULL),
(156,1,1,932,1,123,"2021-09-28 18:28:31","19200.00","0",NULL),
(157,1,1,932,1,NULL,"2021-09-29 10:29:05","200.00","0",NULL),
(158,1,1,932,446,NULL,"2021-09-29 10:29:19","500000.00","0",NULL),
(159,1,1,1007,447,NULL,"2021-09-29 11:14:46","508000.00","0",NULL),
(160,1,1,932,449,NULL,"2021-09-29 13:58:31","3000000.00","0","بيد شباط"),
(161,1,1,932,1,NULL,"2021-09-29 22:12:50","2200.00","0","بيد قصي"),
(162,1,1,932,1,NULL,"2021-10-01 16:32:33","2100.00","0","١٧٥٠ يويو"),
(163,1,1,932,1,NULL,"2021-10-01 16:34:31","27500.00","0",NULL),
(164,1,1,932,464,NULL,"2021-10-01 16:36:43","6500000.00","0",NULL),
(165,1,1,932,469,NULL,"2021-10-02 15:10:59","7700000.00","0",NULL),
(166,1,1,932,1,NULL,"2021-10-02 15:11:17","8450.00","0",NULL),
(167,1,1,949,473,NULL,"2021-10-03 14:40:56","26000.00","0","ترصيد ثمن الناشف بيد نور"),
(168,1,1,932,1,NULL,"2021-10-03 11:46:34","8400.00","0",NULL),
(169,1,1,949,1,NULL,"2021-10-03 11:47:23","826.00","0","٧٠٠ يويو"),
(170,1,1,932,1,NULL,"2021-10-04 16:23:32","5270.00","0",NULL),
(171,1,1,932,1,128,"2021-10-04 16:26:33","1000.00","0","بيد عبد الله في لبنان"),
(172,1,1,932,1,NULL,"2021-10-05 19:55:55","7510.00","0",NULL),
(173,1,9,932,487,NULL,"2021-10-06 15:09:17","1000000.00","0","بيد شباط"),
(174,1,1,932,1,NULL,"2021-10-06 17:16:33","500.00","0",NULL),
(175,1,1,974,502,NULL,"2021-10-07 15:16:15","115500.00","0","رصيد"),
(176,1,1,932,1,NULL,"2021-10-08 19:12:01","3800.00","0",NULL),
(177,1,1,932,503,NULL,"2021-10-08 19:12:14","23520000.00","0",NULL),
(178,1,1,932,1,NULL,"2021-10-09 16:06:30","1292.00","0",NULL),
(179,1,1,932,1,NULL,"2021-10-09 16:06:51","975.00","0","٨٥٠ يويو"),
(180,1,1,932,1,NULL,"2021-10-09 20:37:12","825.00","0","٧٠٠ يويو  تبع ايمن غنام"),
(182,1,1,932,1,NULL,"2021-10-09 20:39:39","4450.00","0","تبع ايمن و الفقيه"),
(183,1,1,932,1,131,"2021-10-09 20:53:43","11000.00","0","بيد ابو علي الحريري"),
(184,1,1,932,1,132,"2021-10-09 22:40:56","2000.00","0","بيد ابو علي الحريري"),
(185,1,1,932,1,134,"2021-10-10 22:44:51","1500.00","0","رصيد"),
(186,1,1,977,516,NULL,"2021-10-10 22:45:20","35000.00","0","رصيد"),
(187,1,9,932,1,NULL,"2021-10-10 14:35:31","600.00","0",NULL),
(188,1,1,932,518,NULL,"2021-10-11 15:30:47","1600000.00","0","إلى شباط"),
(189,1,1,932,519,NULL,"2021-10-11 15:32:20","1388500.00","0","بيد قصي"),
(190,1,1,932,1,NULL,"2021-10-11 15:32:45","10750.00","0",NULL),
(191,1,1,932,1,135,"2021-10-11 16:24:15","10000.00","0","بينهم ٢٢٨٠ يوو"),
(192,1,1,932,1,NULL,"2021-10-12 15:39:38","400.00","0","بيد ابو علي الحريري"),
(193,1,1,932,1,NULL,"2021-10-12 19:19:35","4464.00","0","بينهم ٣٠٠ الف يو"),
(194,1,1,932,1,136,"2021-10-13 15:43:19","3745.00","0","بيد عبد لبنان"),
(195,1,1,932,1,NULL,"2021-10-13 11:01:20","1300.00","0",NULL),
(196,1,12,1007,526,NULL,"2021-10-14 11:29:14","332500.00","0",NULL),
(197,1,1,932,1,NULL,"2021-10-14 15:27:50","7950.00","0",NULL),
(198,1,1,932,1,NULL,"2021-10-14 15:28:11","590.00","0","بدل من سامر ٥٠٠ يو اعطيناه ٥٥٠ باقي ٤٠"),
(199,1,1,932,1,NULL,"2021-10-17 16:57:59","16150.00","0",NULL),
(200,1,1,932,1,137,"2021-10-17 17:59:23","7000.00","0","بيد ابو علي الحريري"),
(201,1,1,932,1,138,"2021-10-18 19:41:39","1000.00","0","بيد ابو رائد"),
(202,1,1,932,1,139,"2021-10-18 19:43:33","2975.00","0",NULL),
(203,1,1,932,1,140,"2021-10-19 15:46:40","3340.00","0","بيد ابو علي الحريري"),
(204,1,12,932,1,NULL,"2021-10-02 11:44:52","1000.00","0","بيد الحريري"),
(205,1,1,959,1,NULL,"2021-10-20 13:10:03","187.00","0",NULL),
(206,1,11,932,1,NULL,"2021-10-20 16:32:37","3963.00","0",NULL),
(207,1,1,1027,556,NULL,"2021-10-21 11:16:02","91000.00","0","رصيد"),
(208,1,1,932,565,NULL,"2021-10-22 17:11:12","24000000.00","0",NULL),
(209,1,1,932,1,NULL,"2021-10-23 10:32:38","5000.00","0","بيد نور"),
(210,1,11,932,1,NULL,"2021-10-21 11:32:16","3000.00","0",NULL),
(211,1,1,932,1,NULL,"2021-10-23 17:16:16","7707.00","0",NULL),
(212,1,1,932,1,NULL,"2021-10-23 17:32:42","660.00","0","٥٥٥ يو"),
(213,1,1,932,1,NULL,"2021-10-24 10:50:15","1720.00","0",NULL),
(214,1,9,932,576,NULL,"2021-10-25 11:06:05","100000.00","0","بيد ابو رامي"),
(215,1,1,932,1,NULL,"2021-10-25 15:58:52","1000.00","0",NULL),
(216,1,1,932,1,NULL,"2021-10-25 00:01:09","4880.00","0",NULL),
(217,1,1,932,1,147,"2021-10-26 10:53:12","1000.00","0",NULL),
(218,1,11,1001,582,NULL,"2021-10-26 12:12:46","56000.00","0",NULL),
(219,1,1,972,1,148,"2021-10-26 13:48:14","50.00","0","مرتجع مضروب"),
(220,1,9,932,583,NULL,"2021-10-26 14:47:13","1312000.00","0","دفعة شباط"),
(221,1,11,932,1,NULL,"2021-10-26 16:28:34","6050.00","0",NULL),
(222,1,11,932,1,NULL,"2021-10-27 16:33:23","1500.00","0",NULL),
(223,1,9,932,589,NULL,"2021-10-27 10:37:01","1650000.00","0",NULL),
(225,1,11,932,1,NULL,"2021-10-30 18:01:06","11780.00","0",NULL),
(226,1,1,932,1,NULL,"2021-10-28 20:55:32","16400.00","0",NULL),
(227,1,11,932,1,NULL,"2021-10-31 15:29:57","2500.00","0",NULL),
(228,1,1,932,1,NULL,"2021-11-01 15:59:02","1995.00","0",NULL),
(230,1,1,932,1,NULL,"2021-11-01 17:54:01","6700.00","0",NULL),
(231,1,1,1029,618,NULL,"2021-11-02 14:29:20","24500.00","0","رصيد"),
(232,1,1,932,1,NULL,"2021-11-02 21:10:41","6450.00","0",NULL),
(233,1,9,1035,649,NULL,"2021-11-03 14:47:26","70500.00","0",NULL),
(234,1,9,1030,631,NULL,"2021-11-03 14:48:07","45000.00","0",NULL),
(235,1,9,932,632,NULL,"2021-11-04 15:07:23","8042500.00","0",NULL),
(236,1,11,932,1,NULL,"2021-11-04 09:21:48","8200.00","0",NULL),
(237,1,12,932,635,NULL,"2021-11-06 14:55:28","5000000.00","0",NULL),
(238,1,1,932,1,NULL,"2021-11-06 15:51:49","2432.00","0","بينهم ٢٠٠ يو"),
(239,1,11,932,1,NULL,"2021-11-07 17:13:46","2200.00","0",NULL),
(240,1,1,932,644,NULL,"2021-11-07 17:18:43","6900000.00","0",NULL),
(241,1,9,932,1,NULL,"2021-11-08 11:27:59","700.00","0",NULL),
(242,1,11,932,1,NULL,"2021-11-08 17:03:18","6220.00","0",NULL),
(243,1,1,932,1,158,"2021-11-08 17:07:09","11250.00","0","رصيد بعلم يزن بيد ابو علي الحريري"),
(244,1,1,932,1,159,"2021-11-08 19:06:34","10000.00","0","بيد ابو علي الحريري"),
(245,1,11,932,1,NULL,"2021-11-09 16:04:39","980.00","0",NULL),
(246,1,9,969,658,NULL,"2021-11-10 13:43:49","66500.00","0","رصيد"),
(247,1,1,970,1,160,"2021-11-10 14:56:25","1000.00","0","مرتجع ميات قديمه"),
(248,1,9,932,659,NULL,"2021-11-10 15:01:57","8500000.00","0",NULL),
(249,1,1,932,1,NULL,"2021-11-10 17:08:46","16292.00","0",NULL),
(250,1,1,932,1,NULL,"2021-11-10 17:09:58","460.00","0","٤٠٠ يويو"),
(252,1,1,931,1,NULL,"2021-11-11 14:25:34","50.00","0","مرتجع"),
(253,1,1,932,1,NULL,"2021-11-11 23:09:42","5000.00","0",NULL),
(254,1,11,932,1,NULL,"2021-11-13 15:46:05","2800.00","0",NULL),
(255,1,9,932,1,NULL,"2021-11-13 09:14:28","4700.00","0","دفعة ايمن غنام والفقيه"),
(256,1,9,932,671,NULL,"2021-11-13 09:15:01","35000.00","0","دفعة ايمن غنام"),
(257,1,11,932,1,NULL,"2021-11-14 09:58:26","2360.00","0",NULL),
(258,1,1,932,675,168,"2021-11-15 11:29:10","1040000.00","0",NULL),
(259,1,1,932,1,NULL,"2021-11-15 20:25:27","1100.00","0",NULL),
(260,1,1,1034,678,NULL,"2021-11-15 20:25:45","28000.00","0","رصيد"),
(261,1,1,932,1,169,"2021-11-16 16:45:15","10000.00","0","بيد ابو علي الحريري"),
(262,1,1,932,1,NULL,"2021-11-17 17:03:17","12350.00","0",NULL),
(263,1,1,932,1,170,"2021-11-17 19:25:40","2500.00","0",NULL),
(264,1,1,932,1,NULL,"2021-11-18 17:25:49","9500.00","0","بيد قصي"),
(265,1,1,932,1,NULL,"2021-11-18 17:26:20","56000.00","0","بيد سامر بهلول"),
(266,1,1,966,1,172,"2021-11-18 20:58:51","40000.00","0",NULL),
(268,1,9,932,1,NULL,"2021-11-22 11:00:36","1000.00","0",NULL),
(269,1,1,932,703,182,"2021-11-22 16:11:34","1750000.00","0","رصيد"),
(270,1,1,932,707,184,"2021-11-24 11:46:26","25000000.00","0","تحويل حساب بنكي إلى غيفارا اللاذقيه  بتعادل ٧١٥٠"),
(271,1,9,932,1,NULL,"2021-11-25 13:10:46","4000.00","0",NULL),
(272,1,9,954,1,NULL,"2021-11-27 13:11:09","4700.00","0",NULL),
(273,1,9,932,1,NULL,"2021-11-27 13:50:30","3290.00","0",NULL),
(275,1,9,932,1,NULL,"2021-11-28 11:48:37","400.00","0","بيد عبودي لبنان"),
(276,1,1,932,1,NULL,"2021-11-28 15:12:41","1200.00","0",NULL),
(277,1,1,932,1,185,"2021-11-28 22:46:32","1750.00","0","رصيد بيد ابو علي الحريري"),
(278,1,9,932,729,NULL,"2021-12-02 12:01:26","1000000.00","0","دفعة لشباط"),
(279,1,9,932,1,NULL,"2021-12-02 13:31:32","11000.00","0",NULL),
(280,1,1,932,1,186,"2021-12-04 19:00:28","80000.00","0","دفعه  بتاريخ اليوم ٣٠ الف\nودفعه بقبل بفتره ٥٠ الف \n\nبيد ابو يزن"),
(281,1,10,932,1,NULL,"2021-12-05 14:04:32","2700.00","0","بيد ابو يزن"),
(282,1,1,932,737,NULL,"2021-12-05 15:30:12","630000.00","0",NULL),
(283,1,9,932,744,NULL,"2021-12-07 13:37:05","6000000.00","0",NULL),
(284,1,9,932,1,NULL,"2021-12-08 11:32:10","400.00","0",NULL),
(286,1,10,932,1,NULL,"2021-12-11 11:37:02","300.00","0",NULL),
(287,1,10,942,755,NULL,"2021-12-11 13:51:18","52500.00","0","رصيد"),
(288,1,12,1029,1,NULL,"2021-12-11 09:28:49","7500.00","0",NULL),
(289,1,9,932,1,NULL,"2021-12-14 11:16:58","1600.00","0","دفعة احمد مجوز"),
(290,1,12,1029,1,NULL,"2021-12-14 12:08:33","2200.00","0",NULL),
(291,1,9,1029,1,NULL,"2021-12-14 15:11:22","300.00","0",NULL),
(292,1,12,932,764,NULL,"2021-12-15 10:21:57","25000000.00","0",NULL),
(293,1,12,932,1,NULL,"2021-12-15 10:22:34","1630.00","0",NULL),
(294,1,9,932,773,NULL,"2021-12-16 11:36:51","15780000.00","0",NULL),
(295,1,10,932,1,NULL,"2021-12-18 12:10:40","500.00","0",NULL),
(296,1,9,932,1,NULL,"2021-12-18 11:17:49","355.00","0",NULL),
(297,1,9,932,784,NULL,"2021-12-20 10:45:29","500000.00","0",NULL),
(298,1,9,932,1,NULL,"2021-12-19 10:48:16","1000.00","0",NULL),
(299,1,10,932,1,188,"2021-12-21 16:10:28","260.00","0","بيد ابو علي"),
(300,2,16,29,1,189,"2021-12-22 12:17:56","2984.00","0","1800 € = 2034$ + 950$"),
(301,1,9,932,798,NULL,"2021-12-22 12:31:26","16310000.00","0",NULL),
(303,1,9,932,1,NULL,"2021-12-25 10:02:58","6584.00","0",NULL),
(304,1,9,932,1,NULL,"2021-12-23 10:03:10","8985.00","0",NULL),
(305,1,9,932,817,NULL,"2021-12-26 12:11:41","4000000.00","0","بيد سامر عيسى"),
(306,1,9,932,819,NULL,"2021-12-26 15:36:01","12000000.00","0","بيد سامر"),
(307,1,12,932,1,NULL,"2021-12-26 09:53:33","6420.00","0",NULL),
(308,1,9,932,1,NULL,"2021-12-27 10:17:35","9300.00","0",NULL),
(309,1,9,952,825,NULL,"2021-12-27 10:21:04","540000.00","0",NULL),
(311,1,9,1030,828,NULL,"2021-12-28 11:34:45","82800.00","0","من ضمنهن ١٥٠٠٠ اجور نقل"),
(312,1,16,932,1,NULL,"2021-12-29 17:02:18","17200.00","0",NULL),
(313,1,16,932,838,NULL,"2021-12-29 17:08:30","27500000.00","0",NULL),
(315,1,12,932,1,NULL,"2021-12-29 10:38:02","2677.00","0",NULL),
(316,1,1,932,1,NULL,"2021-12-30 15:55:04","1200.00","0",NULL),
(317,1,1,932,845,NULL,"2021-12-30 15:55:17","1505000.00","0",NULL),
(318,1,10,932,1,NULL,"2021-12-30 13:53:33","358.00","0","ليد ابو غلي"),
(319,2,16,983,853,NULL,"2022-01-03 22:49:42","30000.00","0","اجار سياره من المستودع الى المطبعة تتضمن ٥ الف جمارك"),
(320,1,9,932,856,NULL,"2022-01-04 15:27:45","3400000.00","0",NULL),
(321,2,16,1017,1,NULL,"2022-01-06 16:59:56","1535.00","0",NULL),
(322,2,16,1017,862,NULL,"2022-01-06 17:00:11","4680000.00","0",NULL),
(323,2,16,932,887,NULL,"2022-01-10 19:09:39","6000000.00","0","بيد نور ابن ابو رائد"),
(324,2,16,932,889,NULL,"2022-01-10 19:12:00","29576000.00","0",NULL),
(325,2,16,932,899,NULL,"2022-01-12 19:11:42","14000000.00","0",NULL),
(326,2,16,1002,1,NULL,"2022-01-15 15:14:06","500.00","0",NULL),
(327,2,16,959,1,NULL,"2022-01-18 13:38:12","100.00","0",NULL),
(328,2,16,959,921,NULL,"2022-01-18 13:38:53","180000.00","0",NULL),
(329,2,16,932,953,NULL,"2022-01-24 21:03:08","5000000.00","0",NULL),
(330,2,16,932,1,NULL,"2022-01-30 12:54:38","26110.00","0",NULL),
(331,1,1,932,1,NULL,"2022-02-13 17:06:27","9000.00","0",NULL),
(332,2,16,932,1,NULL,"2022-02-17 13:58:11","7796.00","0","بيد ابو علي الحريري"),
(333,2,16,932,1,NULL,"2022-02-17 14:27:42","50000.00","0","بيد ابو علي الحريري"),
(334,2,16,932,1,NULL,"2022-02-17 15:03:50","8970.00","0","بيد ابو علي الحريري"),
(335,2,16,932,1,NULL,"2022-02-26 13:43:17","8263.00","0","بيد ابو علي الحريري حلب من قبل احمد عقاد"),
(336,1,1,932,1012,NULL,"2022-02-26 19:30:39","54750000.00","0",NULL),
(337,1,1,932,1,201,"2022-02-27 11:31:17","1500.00","0",NULL),
(338,2,16,932,1,NULL,"2022-02-27 13:01:14","6400.00","0","بيد ابو علي الحريري"),
(339,2,16,932,1,NULL,"2022-02-28 18:02:35","8600.00","0","بيد ابو علي الحريري حلب"),
(340,2,16,1087,1,NULL,"2022-03-01 15:27:24","2725.00","0","بيد مسلم تخليص"),
(341,2,16,1017,1020,NULL,"2022-03-01 19:39:13","130375000.00","0","بيد نور الدين وابو وائل"),
(342,2,16,932,1,NULL,"2022-03-10 16:48:35","2805.00","0",NULL),
(343,1,1,932,1036,NULL,"2022-03-16 15:03:11","16050000.00","0",NULL),
(344,1,10,932,1050,NULL,"2022-03-22 12:05:53","150000.00","0","بيد ابو فادي"),
(345,1,10,932,1058,NULL,"2022-03-22 15:33:20","19416000.00","0","بيد نور الصفوري"),
(346,1,11,932,1110,NULL,"2022-04-04 14:48:14","9500000.00","0",NULL),
(347,1,11,932,1121,NULL,"2022-04-07 17:34:51","3900000.00","0",NULL),
(348,1,11,932,1,NULL,"2022-04-07 17:38:56","200.00","0",NULL),
(349,2,16,932,1,NULL,"2022-04-11 16:56:19","7040.00","0","بيد ابو علي الحريري حلب"),
(350,1,11,932,1136,NULL,"2022-04-12 14:34:05","17600000.00","0",NULL),
(351,1,11,932,1144,NULL,"2022-04-14 15:30:52","5300000.00","0",NULL),
(352,1,11,932,1154,NULL,"2022-04-18 00:57:43","20600000.00","0",NULL),
(353,2,16,932,1,NULL,"2022-04-18 03:56:45","1700.00","0","بيد ابو علي الحريري حلب"),
(354,2,16,932,1,NULL,"2022-04-24 21:25:17","3900.00","0","بيد ابو علي الحريري"),
(355,1,11,932,1176,NULL,"2022-04-25 13:57:37","11750000.00","0",NULL),
(356,1,11,932,1178,NULL,"2022-04-26 12:19:13","2500000.00","0",NULL),
(357,2,16,932,1,NULL,"2022-04-28 22:51:06","2103.00","0","بيد ابو علي الحريري حلب"),
(358,1,11,932,1184,NULL,"2022-05-01 14:04:08","19500000.00","0","سلمت بيد نور ابوجنان عن طريق امجد"),
(359,1,11,932,1,231,"2022-05-22 17:06:00","7568.00","0","بيد ابوعلي الحريري"),
(360,1,11,932,1218,NULL,"2022-05-22 17:07:36","31000000.00","0",NULL),
(361,1,11,932,1,NULL,"2022-05-22 17:08:33","10000.00","0",NULL),
(362,1,11,932,1,NULL,"2022-06-05 13:33:23","800.00","0",NULL),
(363,1,11,932,1245,NULL,"2022-06-05 17:00:44","12000000.00","0","بيد ابو رامي مباشر من البنك"),
(364,1,10,989,1246,NULL,"2022-06-06 12:11:17","84000.00","0",NULL),
(365,1,10,29,1260,NULL,"2022-06-12 11:00:28","5500000.00","0","بيد مسلم قطرميز"),
(366,1,10,29,1,NULL,"2022-06-12 11:03:06","56800.00","0","بيد مسلم قطرميز"),
(368,1,1,1126,1265,NULL,"2022-06-13 15:55:07","4500000.00","0","دفعه مقدمه لمباشره عمل كسوه البيوت\nيوجد دفعه من قبل بقيمه ٢.٥ مليون"),
(369,1,11,932,1,NULL,"2022-06-15 16:35:09","5193.00","0","من ابو علي الحريري"),
(370,2,16,932,1281,NULL,"2022-06-18 13:20:40","9000000.00","0","بيد سامر بهلول + نور"),
(371,2,16,932,1,NULL,"2022-06-20 22:24:18","800.00","0","بيد ابو علي الحريري حلب"),
(372,2,16,932,1,NULL,"2022-06-21 22:49:41","30000.00","0","بيد عبد الله  الى حسين جابر (شركة سيبكو )"),
(373,2,16,932,1,NULL,"2022-06-23 19:05:19","10000.00","0","بيد ابو علي الحريري"),
(374,2,16,932,1,NULL,"2022-06-23 13:49:44","2260.00","0","بيد ابو علي الحريري حلب"),
(375,2,16,932,1,NULL,"2022-06-26 18:41:21","25000.00","0","بيد عبد الله الى حسين جابر ( سيبكو )"),
(376,2,16,932,1,NULL,"2022-06-27 20:42:12","1150.00","0","ييد ابو علي الحريري حلب"),
(377,2,16,1133,1,NULL,"2022-06-28 23:41:31","1700.00","0","بيد ابو علي الحريري"),
(378,2,16,980,1,NULL,"2022-07-02 12:21:16","7825.00","0","بيد ابو علي الحريري حلب"),
(379,2,16,980,1,NULL,"2022-07-02 16:53:31","100.00","0","رصيد دفعه احمد مجوز بيد ابو علي الحريري حلب"),
(380,2,16,980,1,NULL,"2022-07-07 15:35:36","1143.00","0","بيد ابو علي الحريري حلب"),
(381,2,16,932,1,NULL,"2022-08-20 20:13:28","22000.00","0","بيد مسلم علما محمد جاب مصاري لتكمله"),
(382,2,16,932,1,NULL,"2022-08-30 09:50:43","10000.00","0",NULL),
(383,1,10,992,1,NULL,"2022-09-12 12:26:12","1440.00","0",NULL),
(384,1,10,1104,1392,NULL,"2022-09-21 10:26:11","55000.00","0",NULL),
(385,1,10,1145,1419,NULL,"2022-10-11 14:14:07","39000.00","0",NULL),
(386,1,10,941,1425,NULL,"2022-10-13 15:54:52","250000.00","0",NULL);


DROP TABLE IF EXISTS `employees`;

CREATE TABLE `employees` (
  `iD` int(11) NOT NULL AUTO_INCREMENT,
  `ParentID` int(11) DEFAULT NULL,
  `userlevelid` int(11) NOT NULL,
  `name` varchar(100) NOT NULL,
  `phone` varchar(14) DEFAULT NULL,
  `password` varchar(255) DEFAULT NULL,
  `email` varchar(50) DEFAULT NULL,
  `token` text DEFAULT NULL,
  `activated` tinyint(1) NOT NULL DEFAULT 1,
  `date` datetime NOT NULL DEFAULT current_timestamp(),
  `city` varchar(20) DEFAULT NULL,
  `address` varchar(50) DEFAULT NULL,
  `profile` longtext DEFAULT NULL,
  `publish` tinyint(1) NOT NULL DEFAULT 1,
  `comments` text DEFAULT NULL,
  `sellingRatio` int(11) DEFAULT NULL,
  PRIMARY KEY (`iD`),
  UNIQUE KEY `name` (`name`),
  UNIQUE KEY `phone` (`phone`),
  UNIQUE KEY `email` (`email`),
  KEY `employees_ibfk_1` (`ParentID`),
  KEY `employees_ibfk_2` (`userlevelid`),
  CONSTRAINT `employees_ibfk_1` FOREIGN KEY (`ParentID`) REFERENCES `employees` (`iD`) ON DELETE SET NULL ON UPDATE SET NULL,
  CONSTRAINT `employees_ibfk_2` FOREIGN KEY (`userlevelid`) REFERENCES `userlevels` (`iD`)
) ENGINE=InnoDB AUTO_INCREMENT=24 DEFAULT CHARSET=utf8 COLLATE=utf8_general_ci;

INSERT INTO `employees` VALUES (1,NULL,-2,"Qussai Al-Saffoury","0933326882","$2y$10$v5ZYrQqoVSrjSptCp..ihu3Sc3K/ol0M7LaGlucLJgwct5ghf0aEq","geaquzzil@gmail.com","dI7sFHhES6m6QrK4M_0AWv:APA91bFHpw4S6HSPZ82pzlbNrYdJcF2aJWxQtcmfUCTBsreEZuva1id3hfq9JNJ-ZRr55AcwsTrkJG4i62QpzipCmBB-94we_td7mABkM6GwROPl68SlF2rcxlu-621uJRqBD16xxYnP",1,"2019-10-06 00:00:00",NULL,NULL,"a:2:{s:15:\"LoginRetryCount\";i:1;s:20:\"LastBadLoginDateTime\";s:19:\"2019/10/21 19:56:51\";}",1,NULL,NULL),
(4,NULL,-6,"Rima ARM ","0989944381","$2y$10$DH/s5.tJr4jzj7X2vJDjwuH09okVGvfzIywgVpYP4PQr.PbvdeZ36","paper@saffoury.com","fBOHEkrQQ5C-ZO8Yb5OJ03:APA91bFPRnjfOJBotBfJ5idrJ2V-MHjVxSYYd5uLsGHDwK-rJxK1B4V6PEtwo4mi3WA64ItpC0QDZ48wXJxGhYMp4J49KHVQvzydo3sWSDVjn4L0859xyXPIRwcSlnjb1ihv5nMOifns",1,"2021-06-25 01:19:34","Damascus","Al-Qazaz",NULL,1,NULL,NULL),
(9,1,-13,"Accounting Office","0989944388","VCGXQ244","","fAS-_Hk4RVqALVMYH6SGlf:APA91bE9a4bD5Je_RBAudY6ghIGfdtedqKJCqSGZ4mLHUr0vwQS3Qdu2WWVgYV8yD-rD1y6f2PpgUI81GMY3PzUIkkp-6wuk2d2BGkI5oEPkp0WxXNFU7_oFgQkoaTTDHhJsfYS7xT9-",1,"2021-07-03 07:47:58","","",NULL,"0","",NULL),
(10,1,-13,"Nour AlDin","0989944384","8042MDTH",NULL,"eKqCJkTM55Wpn4IyktwKXg:APA91bGBC7iLyXvtERshCvlE0y3uVnRU0F_of7SZowVaWLzi0wVa-_mi3rBUYDJDmd2MkpFe84WKw8HG-Pi3Sy7F4RuZ22u_pKJ8XXPrt8UE0BCSR7RupPB3g0xp8N-1rI2oxs9pd7_3",1,"2021-07-08 09:47:04",NULL,NULL,NULL,1,NULL,10),
(11,1,-13,"سالم محسن","0989944390","YJU7JSZ5",NULL,"erUPy-L1tf289aXHQLaY6k:APA91bHUxSANrZW0VOaUW1bq8uXv1Dc-i3WvYXDaVn5a1QU48wIIsCpGFdp7Mkp08VMFRmJ_W5M68TiOvZouixbyLrhFT7zLK9DPCK2c_zjN1n-EL18fMG82rqt3nypf5mBe3kaAcj5A",1,"2021-08-23 16:43:40",NULL,NULL,NULL,1,NULL,NULL),
(12,1,-13,"Raneem Aaboura","0946189595","9BFJLR2L",NULL,"duDh-956Srefxrq6ytalSt:APA91bFOsb6Z5-YmnitlnMHs7_ZdCRJrn3byptDzzmGhTs3IW97hCfKNgH0NAiWIiLzIZRMqgwdj53NfxM3-8qlEg_ECgTKgCzvBzYoKkDba3HVtYQTei8TvSxo4lmT-PJOpQUkexoIk","0","2021-08-28 13:28:41",NULL,NULL,NULL,"0",NULL,NULL),
(13,1,-8,"Muhammed Ali","0989944392","HA0IUSTX",NULL,"daQqho5NQXyPYA9I2cRpW7:APA91bFDc3kBFQKtPw20HPxO0xcmUHuQ7msAr200qv4jD4Ci0VCkOVclLIry5WLjHsfmsf_VpyDD2bbMXEcScnVKmaa3__76_o53IVW_HpD2SRAkHhMHUGFZH1a42cNvk0qK0FsDQFsU",1,"2021-09-20 11:06:06",NULL,NULL,NULL,1,NULL,NULL),
(15,1,-8,"ابو يزن الصفوري","0933211012","0933211012",NULL,NULL,1,"2021-09-22 20:45:21",NULL,NULL,NULL,1,NULL,NULL),
(16,1,-2,"Yazan Al-Saffoury","0989944377","2EO79GA0",NULL,"cy5rIFHPaR8pTXCN4W733h:APA91bEmAMV5ElteiaC-7IdeD5OCPCDWPqZTPIM2RTg_0azOBg4lLOg5RkSgAc4_RVuMi0zkvpSFpTCzbCENUN-AYVfW17cBfle1hfbEeU7Iuz9ztt-jF-mHrOQBxy6oalYIsKPBK9Fu",1,"2021-09-24 21:24:10",NULL,NULL,NULL,1,NULL,NULL),
(17,1,-12,"Amjad Tawalbeh","0998895953","P5PQ5XH3",NULL,NULL,"0","2021-09-27 11:51:50",NULL,NULL,NULL,1,NULL,NULL),
(19,1,-12,"Ya Tah","0943635909","O6IEB84O",NULL,NULL,1,"2021-11-09 21:45:18",NULL,NULL,NULL,"0",NULL,NULL),
(21,NULL,-2,"Test User","0933326880","0933326880",NULL,"fbhcrVkjZNWbDOtBG9V76Y:APA91bHDRcXHFExhIReEmKe35QhqK95IuEaCwTTLewjfKO9DhUzj98drJ1XfYFfuUjEbSXPI3kqfhU93UvLEs69GwTpd5bS5riyfugnW3DXCaGlvBwMUzNFnyZT6JOEDCDbP4_mApTG_",1,"2019-10-06 00:00:00",NULL,NULL,"a:2:{s:15:\"LoginRetryCount\";i:1;s:20:\"LastBadLoginDateTime\";s:19:\"2019/10/21 19:56:51\";}","0",NULL,NULL),
(22,1,-2,"Test User Tablet","0989944370","IEUKM87G",NULL,"ch602CmbQJKGowmx3NpJnz:APA91bHPT59UETbKzesjaebjhEthOj4a1A10lEtA_m2Bq4rhA5LFdzfWzH019oPBIyi1LDhqmOucryKPKKK-sOohMBE88UM3g7RqUkFxCVjlP7NrCTSVuGd6ck64sY1psoJrMFZEDT_S",1,"2022-04-19 01:32:11",NULL,NULL,NULL,1,NULL,NULL),
(23,21,-5,"Tokka M","0964374426","7Y7MKJGT",NULL,"exWo-dGeQVKBfXuq04tAs-:APA91bGsGS3L7vq2_I_NC9UnuWoc_sowtDzd7kngiWoS9SqzfiEywm7s1EXvOH3omTYMwsdtGFcBlthfELOQ9Xj0AUYVU2Uw2AP0EYWAZ1I-xkf7T3XocF3vw83TWUP3083Z0m9Y-zfa",1,"2022-10-04 12:29:06",NULL,NULL,NULL,1,NULL,NULL);


DROP TABLE IF EXISTS `equalities`;

CREATE TABLE `equalities` (
  `iD` int(11) NOT NULL AUTO_INCREMENT,
  `CurrencyID` int(11) NOT NULL,
  `value` double NOT NULL,
  `date` datetime NOT NULL DEFAULT current_timestamp(),
  PRIMARY KEY (`iD`),
  KEY `equalities_ibfk_1` (`CurrencyID`),
  CONSTRAINT `equalities_ibfk_1` FOREIGN KEY (`CurrencyID`) REFERENCES `currency` (`iD`)
) ENGINE=InnoDB AUTO_INCREMENT=1451 DEFAULT CHARSET=utf8 COLLATE=utf8_general_ci;

INSERT INTO `equalities` VALUES (1,1,1,"2019-05-01 00:00:00"),
(2,2,"0.0021765997275101","2019-10-19 00:00:00"),
(3,2,"0.002127659972757101","2018-03-10 00:00:00"),
(4,2,"0.20000000298023224","2018-03-10 00:00:00"),
(5,2,"0.002141329925507307","2018-03-20 08:25:59"),
(6,2,"0.002127659972757101","2018-03-20 08:57:45"),
(7,2,467,"2018-03-20 09:03:07"),
(8,2,"0.002141329925507307","2018-03-20 09:06:55"),
(9,2,"0.002141329925507307","2018-03-20 09:21:25"),
(10,2,"0.002141329925507307","2018-03-20 09:23:44"),
(11,2,"0.002141329925507307","2018-03-20 09:32:36"),
(12,2,"0.002141329925507307","2018-03-20 09:32:56"),
(13,2,"0.002150540007278323","2018-03-23 03:40:29"),
(14,2,"0.002150540007278323","2018-03-23 03:40:29"),
(15,2,"0.0021231400314718485","2018-03-23 03:51:45"),
(16,2,"0.002150540007278323","2018-03-23 07:53:04"),
(17,2,"0.002267570002004504","2018-04-18 06:30:42"),
(18,2,"0.002267570002004504","2018-04-18 09:53:22"),
(19,2,"0.0024999999441206455","2018-04-19 06:23:56"),
(20,2,"0.0024999999441206455","2018-04-19 06:38:08"),
(21,2,"0.0023255799897015095","2018-04-19 06:40:35"),
(22,2,"0.0022988501004874706","2018-04-19 06:42:04"),
(23,2,"0.002127659972757101","2018-04-19 09:27:14"),
(24,2,"0.0022988501004874706","2018-04-20 04:06:26"),
(25,2,"0.002267570002004504","2018-04-27 11:47:57"),
(26,2,"0.002267570002004504","2018-04-27 12:10:16"),
(27,2,"0.002267570002004504","2018-04-27 09:43:38"),
(28,2,"0.002267570002004504","2018-04-27 09:45:14"),
(29,2,"0.002267570002004504","2018-04-27 09:52:09"),
(30,2,"0.0022831049282103777","2018-05-07 01:36:41"),
(31,2,"0.0022371364757418633","2018-07-03 03:51:33"),
(32,2,"0.0022321429569274187","2018-07-03 05:23:26"),
(33,2,"0.0022321429569274187","2018-07-03 05:30:06"),
(34,2,"0.0022271715570241213","2018-07-04 01:47:14"),
(35,2,"0.002222222276031971","2018-07-04 03:38:12"),
(36,2,"0.0022321429569274187","2018-07-05 02:22:47"),
(37,2,"0.0022371364757418633","2018-07-05 02:05:03"),
(38,2,"0.0022371364757418633","2018-07-09 11:24:33"),
(39,2,"0.0022573363967239857","2018-07-10 03:14:29"),
(40,2,"0.0022675737272948027","2018-07-10 10:30:10"),
(41,2,"0.0022675737272948027","2018-07-11 01:59:26"),
(42,2,"0.0022624435368925333","2018-07-11 02:21:38"),
(43,2,"0.0022675737272948027","2018-07-11 02:22:12"),
(44,2,"0.0022624435368925333","2018-07-11 02:27:57"),
(45,2,"0.0022624435368925333","2018-07-11 02:28:19"),
(46,2,"0.0022624435368925333","2018-07-11 02:31:48"),
(47,2,"0.0022831049282103777","2018-07-11 02:32:32"),
(48,2,"0.002247191034257412","2018-07-12 01:20:50"),
(49,2,"0.0022727272007614374","2018-07-17 01:46:10"),
(50,2,"0.0022421525791287422","2018-07-17 03:51:21"),
(51,2,"0.0022727272007614374","2018-07-21 02:31:15"),
(52,2,"0.0021691974252462387","2018-09-22 11:41:39"),
(53,2,"0.0021551724057644606","2018-09-30 08:17:23"),
(54,2,"0.0021598271559923887","2018-10-01 04:29:41"),
(55,2,"0.0021505376789718866","2018-10-01 04:30:43"),
(56,2,"0.0021786491852253675","2018-10-03 10:55:26"),
(57,2,"0.0021739129442721605","2018-10-03 05:03:16"),
(58,2,"0.0021739129442721605","2018-10-03 05:04:05"),
(59,2,"0.0021551724057644606","2018-10-11 01:51:16"),
(60,2,"0.0021367521367521","2018-10-12 06:34:46"),
(61,2,"0.00213675224222","2018-10-13 02:02:54"),
(62,2,"0.00217391294427","2018-10-14 12:06:30"),
(63,2,"0.00215053767897","2018-10-14 05:30:52"),
(64,2,"0.00215517240576","2018-10-14 05:31:46"),
(65,2,"0.00216450216249","2018-10-16 05:27:39"),
(66,2,"0.0021413275972","2018-10-16 10:46:00"),
(67,2,"0.00207900209352","2018-11-07 08:34:13"),
(68,2,"0.00200000009499","2018-11-19 02:03:10"),
(69,2,"0.00204081623815","2018-11-19 02:50:00"),
(70,2,"0.00202020211145","2018-11-20 07:50:03"),
(71,2,"0.0020080321285141","2019-01-05 09:58:20"),
(72,2,"0.00195694714785","2019-01-25 02:34:20"),
(73,2,"0.00196078442968","2019-01-25 03:01:58"),
(74,1,1,"2020-02-09 11:28:10"),
(75,1,1,"2020-03-18 02:59:39"),
(76,1,1,"2020-03-18 02:59:39"),
(77,1,1,"2020-04-05 12:55:07"),
(78,1,1,"2020-11-14 09:15:54"),
(79,1,1,"2020-11-14 09:23:16"),
(80,2,2500,"2021-02-04 11:02:48"),
(81,2,"0.0005","2021-02-08 09:35:28"),
(82,2,"0.001","2021-02-12 12:15:19"),
(83,1,1,"2021-05-27 11:28:30"),
(84,2,"0.0003125","2021-05-27 11:30:34"),
(85,2,"0.0003125","2021-05-31 08:33:44"),
(86,2,"0.0003125","2021-05-31 08:35:44"),
(87,1,1,"2021-06-11 09:23:17"),
(88,1,1,"2021-06-11 09:23:17"),
(89,1,1,"2021-06-11 09:23:17"),
(90,1,1,"2021-06-11 09:23:17"),
(91,1,1,"2021-06-11 09:23:17"),
(92,1,1,"2021-06-13 11:04:29"),
(93,2,"0.00031249999301508","2021-06-13 11:18:08"),
(94,2,"0.00031249999301508","2021-06-13 11:18:08"),
(95,1,1,"2021-06-13 11:18:08"),
(96,2,"0.00031249999301508","2021-06-14 12:14:02"),
(97,1,1,"2021-06-14 12:14:02"),
(98,2,"0.00031249999301508","2021-06-14 12:14:02"),
(99,1,1,"2021-06-14 12:14:02"),
(100,2,"0.00031249999301508","2021-06-14 12:14:02"),
(101,1,1,"2021-06-14 12:14:02"),
(102,2,"0.00031249999301508","2021-06-14 12:14:02"),
(103,1,1,"2021-06-14 12:14:02"),
(104,2,"0.00031249999301508","2021-06-14 12:14:02"),
(105,1,1,"2021-06-14 12:14:02"),
(106,2,"0.00031249999301508","2021-06-14 12:14:02"),
(107,1,1,"2021-06-14 12:14:02"),
(108,2,"0.00031249999301508","2021-06-14 12:14:02"),
(109,1,1,"2021-06-14 12:14:02"),
(110,2,"0.00031249999301508","2021-06-14 12:14:02"),
(111,1,1,"2021-06-14 12:14:02"),
(112,2,"0.00031249999301508","2021-06-14 12:14:02"),
(113,1,1,"2021-06-14 12:14:02"),
(114,2,"0.00031249999301508","2021-06-14 12:14:02"),
(115,1,1,"2021-06-14 12:14:02"),
(116,2,"0.00031249999301508","2021-06-14 12:14:02"),
(117,1,1,"2021-06-14 12:14:02"),
(118,2,"0.00031249999301508","2021-06-14 12:14:02"),
(119,1,1,"2021-06-14 12:14:02"),
(120,2,"0.00031249999301508","2021-06-14 12:14:02"),
(121,1,1,"2021-06-14 12:14:02"),
(122,2,"0.00031249999301508","2021-06-14 12:14:02"),
(123,1,1,"2021-06-14 12:14:02"),
(124,2,"0.00031249999301508","2021-06-14 12:14:02"),
(125,1,1,"2021-06-14 12:14:02"),
(126,2,"0.00031249999301508","2021-06-14 12:14:02"),
(127,1,1,"2021-06-14 12:14:02"),
(128,2,"0.00031249999301508","2021-06-14 12:14:02"),
(129,1,1,"2021-06-14 12:14:02"),
(130,1,1,"2021-06-14 12:14:02"),
(131,1,1,"2021-06-14 12:14:02"),
(132,2,"0.00031249999301508","2021-06-14 12:14:02"),
(133,1,1,"2021-06-14 12:14:02"),
(134,1,1,"2021-06-14 10:13:01"),
(135,2,"0.00031249999301508","2021-07-03 04:29:41"),
(136,1,1,"2021-07-03 04:29:41"),
(137,2,"0.00031249999301508","2021-07-03 04:33:58"),
(138,1,1,"2021-07-03 04:33:58"),
(139,2,"0.00031249999301508","2021-07-03 08:00:42"),
(140,1,1,"2021-07-03 08:00:42"),
(141,2,"0.00030303030507639","2021-07-03 08:11:04"),
(142,1,1,"2021-07-03 08:11:04"),
(143,2,"0.00031249999301508","2021-07-03 08:15:14"),
(144,1,1,"2021-07-03 08:15:14"),
(145,2,"0.00030303030507639","2021-07-03 08:15:33"),
(146,1,1,"2021-07-03 08:15:33"),
(147,2,"0.0003125","2021-07-05 10:09:58"),
(148,1,1,"2021-07-10 09:10:10"),
(149,1,1,"2021-07-10 04:20:28"),
(150,1,1,"2021-07-10 08:54:07"),
(151,2,"0.00030769230769231","2021-07-11 02:35:27"),
(152,2,"0.0003125","2021-07-21 07:42:34"),
(153,2,"0.0003125","2021-07-21 08:44:16"),
(154,2,"0.0003076923021581","2021-07-31 01:08:55"),
(155,1,1,"2021-07-31 01:08:55"),
(156,2,"0.00031055900621118","2021-07-31 02:52:20"),
(157,2,"0.00031055900035426","2021-07-31 02:54:39"),
(158,1,1,"2021-07-31 02:54:39"),
(159,2,"0.00030487804878049","2021-07-31 03:09:18"),
(160,2,"0.00030487804878049","2021-07-31 03:11:19"),
(161,1,1,"2021-07-31 04:00:53"),
(162,2,"0.00030487804878049","2021-07-31 04:13:24"),
(163,2,"0.00030487804878049","2021-07-31 08:15:36"),
(164,2,"0.00030487804878049","2021-07-31 08:20:02"),
(165,1,1,"2021-08-01 11:42:17"),
(166,2,"0.00030487804878049","2021-08-01 12:59:28"),
(167,2,"0.00030864197530864","2021-08-01 01:02:07"),
(168,2,"0.00030395136778116","2021-08-01 03:09:22"),
(169,2,"0.00030769230769231","2021-08-01 03:28:53"),
(170,2,"0.00030487804878049","2021-08-01 03:34:04"),
(171,2,"0.00030395136778116","2021-08-01 04:20:57"),
(172,2,"0.00030769230769231","2021-08-01 04:24:21"),
(173,1,1,"2021-08-01 05:06:37"),
(174,2,"0.00030864197530864","2021-08-02 02:34:42"),
(175,2,"0.00030864197530864","2021-08-02 02:35:58"),
(176,2,"0.00030769230769231","2021-08-02 03:17:30"),
(177,2,"0.00030769230769231","2021-08-02 07:43:58"),
(178,2,"0.00030769230769231","2021-08-03 10:03:43"),
(179,2,"0.00030769230769231","2021-08-03 12:03:15"),
(180,2,"0.00030581039755352","2021-08-03 12:52:50"),
(181,2,"0.00030769230769231","2021-08-03 04:15:51"),
(182,2,"0.00030769230769231","2021-08-04 12:22:41"),
(183,2,"0.00030581039755352","2021-08-04 12:25:42"),
(184,2,"0.00030581039755352","2021-08-04 03:26:12"),
(185,2,"0.00030487804878049","2021-08-08 01:22:36"),
(186,2,"0.00030581039755352","2021-08-08 02:41:51"),
(187,2,"0.00030534351145038","2021-08-09 12:30:59"),
(188,2,"0.00030534351145038","2021-08-09 12:33:32"),
(189,2,"0.00030487804878049","2021-08-09 01:18:36"),
(190,2,"0.00030487804878049","2021-08-09 03:23:55"),
(191,2,"0.00030303030507639","2021-08-10 01:00:20"),
(192,1,1,"2021-08-10 01:00:20"),
(193,1,1,"2021-08-10 01:03:15"),
(194,2,"0.00030487804906443","2021-08-10 01:06:35"),
(195,1,1,"2021-08-10 01:06:35"),
(196,2,"0.0003030303030303","2021-08-10 01:08:10"),
(197,2,"0.00030487804878049","2021-08-10 01:09:11"),
(198,2,"0.00030487804878049","2021-08-10 02:12:25"),
(199,2,"0.00030487804878049","2021-08-10 02:45:22"),
(200,2,"0.00030627870000899","2021-08-10 02:55:56"),
(201,1,1,"2021-08-10 02:55:56"),
(202,2,"0.00030487804878049","2021-08-10 03:01:47"),
(203,2,"0.0003030303030303","2021-08-11 12:41:11"),
(204,1,1,"2021-08-11 12:46:08"),
(205,2,"0.00030487804878049","2021-08-11 01:08:40"),
(206,2,"0.00030581039755352","2021-08-11 02:46:10"),
(207,2,"0.00030487804878049","2021-08-11 02:50:51"),
(208,2,"0.00030581039755352","2021-08-11 03:10:02"),
(209,2,"0.00030395136778116","2021-08-11 04:07:00"),
(210,2,"0.00030487804878049","2021-08-11 04:07:43"),
(211,2,"0.00030211480362538","2021-08-18 09:35:47"),
(212,2,"0.00030120481927711","2021-08-18 12:42:51"),
(213,2,"0.00030120481927711","2021-08-18 12:47:51"),
(214,2,"0.00030120481927711","2021-08-18 16:06:55"),
(215,2,"0.00030120482551865","2021-08-18 16:18:13"),
(216,1,1,"2021-08-18 16:18:13"),
(217,2,"0.00029806259314456","2021-08-19 00:40:01"),
(218,2,"0.00030120481927711","2021-08-19 00:42:09"),
(219,2,"0.00029806259314456","2021-08-19 00:45:42"),
(220,2,"0.00029673590504451","2021-08-19 00:46:55"),
(221,2,"0.00030120481927711","2021-08-19 00:47:34"),
(222,2,"0.00029806259314456","2021-08-19 00:48:43"),
(223,2,"0.00029850746268657","2021-08-19 12:05:57"),
(224,2,"0.00029673590504451","2021-08-21 16:49:47"),
(225,2,"0.00029673590504451","2021-08-21 16:51:01"),
(226,2,"0.00029673590504451","2021-08-21 16:52:32"),
(227,2,"0.00029673590504451","2021-08-21 16:54:00"),
(228,2,"0.00029673590504451","2021-08-21 16:58:35"),
(229,2,"0.00030959752321981","2021-08-21 20:11:36"),
(230,2,"0.00030120481927711","2021-08-21 20:19:56"),
(231,2,1,"2021-08-23 14:17:37"),
(232,2,"0.00029585798816568","2021-08-23 14:22:08"),
(233,2,"0.00029585798816568","2021-08-23 16:02:04"),
(234,2,"0.00029411764705882","2021-08-23 23:53:15"),
(235,2,"0.0003000300030003","2021-08-24 09:49:37"),
(236,2,"0.0003000300030003","2021-08-24 09:49:37"),
(237,2,"0.00029498525073746","2021-08-24 10:22:54"),
(238,2,1,"2021-08-24 13:23:45"),
(239,2,"0.00072727272727273","2021-08-24 15:34:49"),
(240,2,"0.00029585798620246","2021-08-24 17:33:07"),
(241,1,1,"2021-08-24 17:33:07"),
(242,2,1,"2021-08-24 17:34:02"),
(243,2,"0.00029411764705882","2021-08-24 17:34:29"),
(244,2,1,"2021-08-24 21:11:30"),
(245,2,"0.00029498525073746","2021-08-24 15:34:49"),
(246,2,"0.00029368575624082","2021-08-26 01:04:37"),
(247,2,"0.00029761904761905","2021-08-26 13:59:00"),
(248,2,"0.00029455081001473","2021-08-26 14:20:11"),
(249,2,"0.0002976190589834","2021-08-26 14:38:30"),
(250,1,1,"2021-08-26 14:38:30"),
(251,2,"0.00029455081001473","2021-08-26 15:33:43"),
(252,2,"0.00029455081001473","2021-08-26 15:35:02"),
(253,2,"0.00029411764705882","2021-08-26 17:50:07"),
(254,2,"0.00029325513196481","2021-08-28 09:25:41"),
(255,2,"0.00029498525073746","2021-08-28 09:27:12"),
(256,2,"0.0003125","2021-08-28 10:02:02"),
(257,2,"0.00029325513196481","2021-08-28 15:33:13"),
(258,2,"0.00029411764705882","2021-08-28 16:19:28"),
(259,2,"0.00029411764705882","2021-08-28 16:20:18"),
(260,2,"0.00029411764705882","2021-08-28 16:28:09"),
(261,2,"0.00029411764705882","2021-08-24 17:34:02"),
(262,1,1,"2021-08-28 22:39:51"),
(263,2,"0.00029197080291971","2021-08-29 14:30:45"),
(264,2,"0.0002906976744186","2021-08-29 15:44:09"),
(265,2,"0.00029239766081871","2021-08-29 17:44:41"),
(266,2,"0.0002906976744186","2021-08-30 10:13:41"),
(267,2,"0.00028985507246377","2021-08-30 10:42:55"),
(268,2,"0.00028818443804035","2021-08-30 14:06:02"),
(269,2,"0.00028818443804035","2021-08-30 14:51:16"),
(270,2,"0.00028818443804035","2021-08-30 15:16:28"),
(271,2,"0.00028985507246377","2021-08-31 10:15:52"),
(272,2,"0.00028818443804035","2021-08-31 13:46:36"),
(273,2,"0.00028490028490028","2021-08-31 14:00:06"),
(274,2,"0.00028571428571429","2021-08-31 16:58:32"),
(275,2,"0.00027548209366391","2021-09-01 14:47:34"),
(276,2,"0.00027027027027027","2021-09-01 14:48:07"),
(277,2,"0.00027777777777778","2021-09-01 17:26:16"),
(278,2,"0.00027397260273973","2021-09-02 00:50:46"),
(279,2,"0.00027548209366391","2021-09-02 12:03:59"),
(280,2,"0.00027510316368638","2021-09-02 13:49:47"),
(281,2,"0.00027548209366391","2021-09-02 13:50:16"),
(282,2,"0.0099999997764826","2021-09-02 14:43:39"),
(283,1,1,"2021-09-02 14:43:39"),
(284,2,"0.0049999998882413","2021-09-02 14:44:17"),
(285,1,1,"2021-09-02 14:44:17"),
(286,2,"0.00027510316368638","2021-09-02 15:15:29"),
(287,2,"0.00027510316368638","2021-09-02 15:15:48"),
(288,1,1,"2021-09-02 18:37:07"),
(289,1,1,"2021-09-02 18:37:56"),
(290,2,"0.00028169015422463","2021-09-04 08:13:52"),
(291,1,1,"2021-09-04 08:13:52"),
(292,2,"0.00028490028490028","2021-09-04 12:09:55"),
(293,2,"0.00028490028490028","2021-09-04 13:14:49"),
(294,2,"0.00028776978417266","2021-09-04 13:14:49"),
(295,2,"0.00028490028490028","2021-09-04 13:24:21"),
(296,2,"0.00028571428571429","2021-09-04 13:58:45"),
(297,2,"0.00028490028490028","2021-09-04 14:11:47"),
(298,2,"0.00028490028490028","2021-09-04 14:12:38"),
(299,2,"0.00028571428571429","2021-09-04 15:26:03"),
(300,2,"0.00028571428571429","2021-09-04 18:53:35"),
(301,1,1,"2021-01-01 00:00:00"),
(302,2,"0.00028735632183908","2021-09-05 12:55:12"),
(303,2,"0.00029171528588098","2021-09-05 14:39:21"),
(304,2,"0.00029154518950437","2021-09-05 14:50:45"),
(305,2,"0.00028735632183908","2021-09-05 15:52:13"),
(306,2,"0.00029239766081871","2021-09-05 15:52:13"),
(307,2,"0.00029197080291971","2021-09-05 16:52:50"),
(308,2,"0.00029197080291971","2021-09-06 13:30:34"),
(309,2,"0.00029197080291971","2021-09-06 15:03:39"),
(310,2,"0.00028985505923629","2021-09-06 16:11:16"),
(311,1,1,"2021-09-06 16:11:16"),
(312,2,"0.00029197080291971","2021-09-07 00:33:10"),
(313,2,"0.00029197080291971","2021-09-07 10:42:02"),
(314,2,"0.00028985505923629","2021-09-07 14:05:30"),
(315,1,1,"2021-09-07 14:05:30"),
(316,2,"0.00028985507246377","2021-09-07 14:49:03"),
(317,2,"0.00028985507246377","2021-09-07 15:17:11"),
(318,2,"0.00028985505923629","2021-09-07 16:16:08"),
(319,1,1,"2021-09-07 16:16:08"),
(320,2,"0.00028985507246377","2021-09-08 10:16:08"),
(321,2,"0.00028985507246377","2021-09-08 14:15:15"),
(322,2,"0.00029325513196481","2021-09-08 14:49:23"),
(323,2,"0.00028735632183908","2021-09-08 14:51:43"),
(324,2,"0.00028985507246377","2021-09-08 15:21:50"),
(325,2,"0.00028735632183908","2021-09-09 10:36:11"),
(326,2,"0.00028735632183908","2021-09-09 14:19:22"),
(327,2,"0.00028735632183908","2021-09-09 14:47:37"),
(328,2,"0.00028985507246377","2021-09-09 15:00:28"),
(329,2,"0.00028901734104046","2021-09-09 15:00:50"),
(330,2,"0.00028735632183908","2021-09-09 15:40:32"),
(331,2,"0.00028985507246377","2021-09-09 16:15:06"),
(332,2,"0.00028985507246377","2021-09-09 16:15:06"),
(333,1,1,"2021-09-09 17:22:43"),
(334,1,1,"2021-09-09 17:24:08"),
(335,2,"0.00028985507246377","2021-09-11 11:35:15"),
(336,2,"0.00028985507246377","2021-09-11 13:20:54"),
(337,2,"0.0002906976744186","2021-09-11 15:01:12"),
(338,2,"0.00028985505923629","2021-09-12 12:22:18"),
(339,1,1,"2021-09-12 12:22:18"),
(340,2,"0.00028571428571429","2021-09-12 12:23:05"),
(341,2,"0.00028571428571429","2021-09-12 13:12:00"),
(342,2,"0.00028571428571429","2021-09-12 13:38:44"),
(343,2,"0.00028571428571429","2021-09-12 13:41:40"),
(344,2,"0.00028571428571429","2021-09-12 13:43:03"),
(345,2,"0.00028985505923629","2021-09-12 13:57:50"),
(346,1,1,"2021-09-12 13:57:50"),
(347,2,"0.00028985507246377","2021-09-12 14:25:05"),
(348,2,"0.00028571428571429","2021-09-12 21:49:34"),
(349,2,"0.00028985507246377","2021-09-13 09:09:06"),
(350,2,"0.00028571428571429","2021-09-13 10:37:48"),
(351,2,"0.00028901734104046","2021-09-13 11:49:44"),
(352,2,"0.00028985507246377","2021-09-13 12:08:17"),
(353,2,"0.00028571428571429","2021-09-13 14:07:31"),
(354,2,"0.00028571428571429","2021-09-13 14:08:35"),
(355,2,"0.00028571428571429","2021-09-13 14:41:25"),
(356,2,"0.00028571428571429","2021-09-13 14:48:22"),
(357,2,"0.00028571428571429","2021-09-13 14:48:52"),
(358,2,"0.00028985507246377","2021-09-13 16:41:09"),
(359,2,"0.00028571428571429","2021-09-14 11:37:34"),
(360,2,"0.00028776978417266","2021-09-14 12:53:19"),
(361,2,"0.00028571428571429","2021-09-14 14:11:18"),
(362,2,"0.00028571428265423","2021-09-14 15:04:42"),
(363,1,1,"2021-09-14 15:04:42"),
(364,2,"0.00028785262838937","2021-09-14 15:07:44"),
(365,1,1,"2021-09-14 15:07:44"),
(366,2,"0.00028571428571429","2021-09-15 15:54:01"),
(367,2,"0.00028571428571429","2021-09-15 15:54:47"),
(368,2,"0.00028571428571429","2021-09-15 15:57:49"),
(369,2,"0.00028571428571429","2021-09-15 15:59:16"),
(370,2,"0.00028571428571429","2021-09-16 09:32:07"),
(371,2,"0.00028571428571429","2021-09-16 09:41:11"),
(372,2,"0.00028571428571429","2021-09-16 14:51:19"),
(373,2,"0.00028571428571429","2021-09-16 15:35:48"),
(374,2,"0.00028571428571429","2021-09-16 15:40:27"),
(375,2,"0.00028571428571429","2021-09-16 16:05:40"),
(376,2,"0.00028571428571429","2021-09-16 17:32:22"),
(377,2,"0.00028571428571429","2021-09-18 10:51:56"),
(378,2,"0.00029585798816568","2021-09-18 10:52:47"),
(379,2,"0.00028571428571429","2021-09-18 10:52:47"),
(380,2,"0.00029197080291971","2021-09-18 12:37:14"),
(381,2,"0.00028571428571429","2021-09-18 13:25:56"),
(382,2,"0.0002865329512894","2021-09-18 14:58:52"),
(383,2,"0.00028694404591105","2021-09-18 16:15:38"),
(384,2,"0.00028694404591105","2021-09-19 12:17:12"),
(385,2,"0.00028571428571429","2021-09-19 14:39:18"),
(386,2,"0.00028735632076859","2021-09-19 14:40:19"),
(387,1,1,"2021-09-19 14:40:19"),
(388,2,"0.00028735632076859","2021-09-19 14:40:30"),
(389,1,1,"2021-09-19 14:40:30"),
(390,2,"0.00028571428571429","2021-09-19 14:41:01"),
(391,2,"0.00028776978417266","2021-09-19 21:48:41"),
(392,2,"0.00028776978417266","2021-09-20 00:52:29"),
(393,2,"0.0002865329512894","2021-09-20 11:52:51"),
(394,2,"0.00028694404591105","2021-09-20 12:46:32"),
(395,2,"0.00028735632183908","2021-09-20 12:46:53"),
(396,2,"0.00028571428571429","2021-09-20 12:52:07"),
(397,2,"0.00028571428571429","2021-09-20 12:52:36"),
(398,2,"0.00028571428571429","2021-09-21 12:02:56"),
(399,2,"0.00028571428571429","2021-09-21 12:04:58"),
(400,2,"0.00028653294430114","2021-09-21 12:06:21"),
(401,1,1,"2021-09-21 12:06:21"),
(402,2,"0.00028571428571429","2021-09-21 12:09:47"),
(403,2,"0.0002865329512894","2021-09-21 12:12:21"),
(404,2,"0.00028653294430114","2021-09-21 13:41:07"),
(405,1,1,"2021-09-21 13:41:07"),
(406,2,"0.00028571428571429","2021-09-21 13:41:40"),
(407,2,"0.00028571428571429","2021-09-21 14:24:56"),
(408,2,"0.00028735632183908","2021-09-21 14:25:27"),
(409,2,"0.00028571428571429","2021-09-21 14:42:35"),
(410,2,"0.0002865329512894","2021-09-22 11:13:59"),
(411,2,"0.00028776978417266","2021-09-23 12:17:10"),
(412,2,"0.00028776978417266","2021-09-23 12:27:44"),
(413,2,"0.00028776978417266","2021-09-23 12:27:44"),
(414,2,"0.00028776976978406","2021-09-23 13:08:41"),
(415,1,1,"2021-09-23 13:08:41"),
(416,2,"0.00028776978417266","2021-09-23 13:39:45"),
(417,2,"0.0002906976744186","2021-09-23 14:05:06"),
(418,2,"0.00028985507246377","2021-09-23 14:35:38"),
(419,2,"0.00028776978417266","2021-09-23 19:31:03"),
(420,2,"0.00028735632076859","2021-09-25 00:24:40"),
(421,1,1,"2021-09-25 00:24:40"),
(422,2,"0.00028571428265423","2021-09-25 10:14:50"),
(423,1,1,"2021-09-25 10:14:50"),
(424,2,"0.00028851702250433","2021-09-25 13:43:51"),
(425,2,"0.00029239766081871","2021-09-25 13:47:33"),
(426,2,"0.00028735632183908","2021-09-25 14:07:10"),
(427,2,"0.00028571428571429","2021-09-25 14:52:48"),
(428,2,"0.00028571428571429","2021-09-25 14:55:12"),
(429,2,"0.00028901734104046","2021-09-25 15:09:43"),
(430,2,"0.00028571428571429","2021-09-25 15:17:52"),
(431,2,"0.00028571428571429","2021-09-26 12:42:00"),
(432,2,"0.00028571428571429","2021-09-26 13:47:50"),
(433,2,"0.00028571428571429","2021-09-26 14:16:10"),
(434,2,"0.00028571428571429","2021-09-26 14:40:08"),
(435,2,"0.0002865329512894","2021-09-26 15:15:20"),
(436,2,"0.0002865329512894","2021-09-26 15:44:41"),
(437,2,"0.00028409090909091","2021-09-28 11:37:51"),
(438,2,"0.00028571428571429","2021-09-28 11:43:10"),
(439,2,"0.00028571428571429","2021-09-28 11:52:19"),
(440,2,"0.00028571428571429","2021-09-28 11:54:03"),
(441,2,"0.00028409090909091","2021-09-28 11:55:52"),
(442,2,"0.0002865329512894","2021-09-28 14:06:27"),
(443,2,"0.00028694404591105","2021-09-28 14:44:47"),
(444,2,"0.00028571428571429","2021-09-28 18:34:39"),
(445,2,"0.00028409090909091","2021-09-28 18:34:39"),
(446,2,"0.00028409090909091","2021-09-29 10:29:19"),
(447,2,"0.00028735632183908","2021-09-29 11:14:46"),
(448,2,"0.00028571428571429","2021-09-29 11:16:31"),
(449,2,"0.00028571428571429","2021-09-29 13:58:31"),
(450,2,"0.00028571428265423","2021-09-29 13:59:15"),
(451,1,1,"2021-09-29 13:59:15"),
(452,2,"0.00028409090909091","2021-09-29 14:48:06"),
(453,2,"0.00028653294430114","2021-09-29 22:12:31"),
(454,1,1,"2021-09-29 22:12:31"),
(455,2,"0.00028409090909091","2021-09-30 10:13:32"),
(456,2,"0.00028409090909091","2021-09-30 13:02:48"),
(457,2,"0.00028409090909091","2021-09-30 13:11:09"),
(458,2,"0.00028409090909091","2021-09-30 14:09:26"),
(459,2,"0.00028409090909091","2021-09-30 15:16:52"),
(460,2,"0.00028409090909091","2021-09-30 15:18:52"),
(461,2,"0.00028571428571429","2021-09-30 17:25:05"),
(462,2,"0.00028851702250433","2021-09-30 21:23:56"),
(463,2,"0.00028571428571429","2021-09-30 21:33:05"),
(464,2,"0.00028409090909091","2021-10-01 16:36:43"),
(465,2,"0.00028571428571429","2021-10-02 12:46:43"),
(466,2,"0.00028571428571429","2021-10-02 14:15:23"),
(467,2,"0.00028571428571429","2021-10-02 15:04:33"),
(468,2,"0.00028571428571429","2021-10-02 15:10:29"),
(469,2,"0.00028571428571429","2021-10-02 15:10:59"),
(470,2,"0.0002865329512894","2021-10-02 15:12:24"),
(471,2,"0.00028409090909091","2021-10-03 13:06:58"),
(472,2,"0.0002865329512894","2021-10-03 14:39:24"),
(473,2,"0.0002865329512894","2021-10-03 14:40:56"),
(474,2,"0.00028571428571429","2021-10-04 08:37:29"),
(475,2,"0.00028735632076859","2021-10-04 11:31:37"),
(476,1,1,"2021-10-04 11:31:37"),
(477,2,"0.00028735632183908","2021-10-04 14:32:39"),
(478,2,"0.00028943560057887","2021-10-04 15:02:00"),
(479,2,"0.00028735632076859","2021-10-04 16:19:09"),
(480,1,1,"2021-10-04 16:19:09"),
(481,2,"0.00028694404591105","2021-10-05 14:29:11"),
(482,2,"0.00028571428571429","2021-10-05 14:29:31"),
(483,2,"0.00028571428571429","2021-10-05 15:57:32"),
(484,2,"0.00028694403590634","2021-10-06 11:27:29"),
(485,1,1,"2021-10-06 11:27:29"),
(486,2,"0.00028409090909091","2021-10-06 14:37:05"),
(487,2,"0.00028409090909091","2021-10-06 15:09:17"),
(488,2,"0.00028409090909091","2021-10-06 15:12:52"),
(489,2,"0.00028571428571429","2021-10-06 15:12:52"),
(490,2,"0.00028571428571429","2021-10-07 11:05:27"),
(491,2,"0.00028571428571429","2021-10-07 11:13:50"),
(492,2,"0.00028985507246377","2021-10-07 12:34:48"),
(493,2,"0.00028571428571429","2021-10-07 12:54:37"),
(494,2,"0.00028409090909091","2021-10-07 13:15:02"),
(495,2,"0.00028571428571429","2021-10-07 14:34:04"),
(496,2,"0.00028571428571429","2021-10-07 14:47:00"),
(497,2,"0.00028409090909091","2021-10-07 14:47:58"),
(498,2,"0.00028409090909091","2021-10-07 14:48:24"),
(499,2,"0.00028571428265423","2021-10-07 14:49:24"),
(500,1,1,"2021-10-07 14:49:24"),
(501,2,"0.00028409090909091","2021-10-07 15:08:11"),
(502,2,"0.00028571428571429","2021-10-07 15:16:15"),
(503,2,"0.00028571428571429","2021-10-08 19:12:13"),
(504,2,"0.00028735632183908","2021-10-09 10:05:10"),
(505,2,"0.00028409090909091","2021-10-09 11:26:55"),
(506,2,"0.00028571428571429","2021-10-09 11:26:55"),
(507,2,"0.00028571428571429","2021-10-09 14:06:52"),
(508,2,"0.00028571428571429","2021-10-09 14:59:31"),
(509,2,"0.00028571428571429","2021-10-09 20:37:37"),
(510,2,"0.00028409090909091","2021-10-10 10:47:10"),
(511,2,"0.00028409090909091","2021-10-10 10:48:17"),
(512,2,"0.00028776978417266","2021-10-10 12:05:49"),
(513,2,"0.00028571428571429","2021-10-10 12:05:49"),
(514,2,"0.00028490027762018","2021-10-10 15:47:44"),
(515,1,1,"2021-10-10 15:47:44"),
(516,2,"0.00028571428571429","2021-10-10 22:45:20"),
(517,2,"0.00028571428571429","2021-10-11 12:31:43"),
(518,2,"0.00028571428571429","2021-10-11 15:30:46"),
(519,2,"0.00028571428571429","2021-10-11 15:32:20"),
(520,2,"0.00028409090909091","2021-10-11 15:33:09"),
(521,2,"0.00028571428571429","2021-10-11 16:02:51"),
(522,2,"0.00028409090909091","2021-10-12 13:31:18"),
(523,2,"0.00028571428571429","2021-10-13 10:19:50"),
(524,2,"0.00028409090909091","2021-10-14 09:48:36"),
(525,2,"0.00028409090909091","2021-10-14 11:13:42"),
(526,2,"0.00028571428571429","2021-10-14 11:29:13"),
(527,2,"0.00028409090909091","2021-10-14 13:29:34"),
(528,2,"0.00028409090909091","2021-10-14 13:32:18"),
(529,2,"0.00028409090909091","2021-10-17 11:45:13"),
(530,2,"0.00028409090909091","2021-10-17 11:46:32"),
(531,2,"0.00028571428571429","2021-10-18 11:09:44"),
(532,2,"0.00028571428571429","2021-10-18 14:29:38"),
(533,2,"0.00028571428571429","2021-10-18 14:30:25"),
(534,2,"0.00028409090909091","2021-10-18 14:31:02"),
(535,2,"0.00028409090909091","2021-10-18 14:32:27"),
(536,2,"0.00028409090909091","2021-10-18 15:20:04"),
(537,2,"0.00028409090909091","2021-10-18 15:20:47"),
(538,2,"0.00028409090909091","2021-10-18 15:21:58"),
(539,2,"0.00028409090909091","2021-10-19 14:17:39"),
(540,2,"0.00028409090909091","2021-10-20 09:35:16"),
(541,2,"0.00028409090909091","2021-10-20 09:35:16"),
(542,2,"0.00028409090909091","2021-10-20 09:35:16"),
(543,2,"0.00028409090909091","2021-10-20 09:35:16"),
(544,2,"0.00028409090909091","2021-10-20 09:35:16"),
(545,2,"0.00028571428571429","2021-10-20 11:22:17"),
(546,2,"0.00028409090909091","2021-10-20 12:02:08"),
(547,2,"0.00028571428571429","2021-10-20 12:51:04"),
(548,2,"0.00028571428571429","2021-10-20 14:48:15"),
(549,2,"0.00028409090909091","2021-10-20 14:59:10"),
(550,2,"0.00028571428265423","2021-10-20 17:53:45"),
(551,1,1,"2021-10-20 17:53:45"),
(552,2,"0.00028571428265423","2021-10-20 17:53:51"),
(553,1,1,"2021-10-20 17:53:51"),
(554,2,"0.00028571428571429","2021-10-21 09:12:40"),
(555,2,"0.00028409090909091","2021-10-21 11:02:23"),
(556,2,"0.00028571428571429","2021-10-21 11:16:02"),
(557,2,"0.00028571428265423","2021-10-21 14:08:11"),
(558,1,1,"2021-10-21 14:08:11"),
(559,2,"0.00028571428265423","2021-10-21 14:08:48"),
(560,1,1,"2021-10-21 14:08:48"),
(561,2,"0.00028409090909091","2021-10-21 14:25:15"),
(562,2,"0.00028409090909091","2021-10-21 14:25:54"),
(563,2,"0.00028409090909091","2021-10-21 15:01:54"),
(564,2,"0.00028735632183908","2021-10-21 15:49:12"),
(565,2,"0.00028735632183908","2021-10-22 17:11:12"),
(566,2,"0.00028409090909091","2021-10-23 12:54:02"),
(567,2,"0.00028409090909091","2021-10-23 12:57:18"),
(568,2,"0.00028409090909091","2021-10-23 13:56:41"),
(569,2,"0.00028735632183908","2021-10-23 14:37:59"),
(570,2,"0.00028735632183908","2021-10-23 15:33:25"),
(571,2,"0.00028735632076859","2021-10-23 17:31:43"),
(572,1,1,"2021-10-23 17:31:43"),
(573,2,"0.00028571428571429","2021-10-24 11:57:17"),
(574,2,"0.00028409090909091","2021-10-24 11:58:10"),
(575,2,"0.00028735632183908","2021-10-24 13:00:20"),
(576,2,"0.00028409090909091","2021-10-25 11:06:04"),
(577,2,"0.00028571428571429","2021-10-25 13:40:04"),
(578,2,"0.00028571428571429","2021-10-25 15:05:14"),
(579,2,"0.00028735632076859","2021-10-25 15:59:29"),
(580,1,1,"2021-10-25 15:59:29"),
(581,2,"0.00028571428571429","2021-10-26 11:44:12"),
(582,2,"0.00028571428571429","2021-10-26 12:12:46"),
(583,2,"0.00028409090909091","2021-10-26 14:47:13"),
(584,2,"0.00028620491502807","2021-10-26 17:02:41"),
(585,1,1,"2021-10-26 17:02:41"),
(586,2,"0.00028571428571429","2021-10-27 09:25:52"),
(587,2,"0.00028571428571429","2021-10-27 12:49:11"),
(588,2,"0.00028409090909091","2021-10-27 14:28:39"),
(589,2,"0.00028409090909091","2021-10-28 10:36:56"),
(590,2,"0.00028409090909091","2021-10-28 11:13:53"),
(591,2,"0.00028571428571429","2021-10-28 11:42:13"),
(592,2,"0.00028571428571429","2021-10-28 12:13:49"),
(593,2,"0.00028409090909091","2021-10-28 12:36:26"),
(594,2,"0.00028409090909091","2021-10-28 12:42:55"),
(595,2,"0.00028571428571429","2021-10-28 13:08:35"),
(596,2,"0.00028571428265423","2021-10-28 13:15:52"),
(597,1,1,"2021-10-28 13:15:52"),
(598,2,"0.00028409090909091","2021-10-28 16:05:05"),
(599,2,"0.00028571428571429","2021-10-30 08:53:31"),
(600,2,"0.00028571428571429","2021-10-30 11:48:44"),
(601,2,"0.00028818444116041","2021-10-30 12:43:12"),
(602,1,1,"2021-10-30 12:43:12"),
(603,2,"0.00028409090909091","2021-10-30 13:14:02"),
(604,2,"0.00028409090909091","2021-10-30 13:43:50"),
(605,2,"0.00028409090909091","2021-10-30 13:56:05"),
(606,2,"0.00028818443804035","2021-10-30 14:06:24"),
(607,2,"0.00028818444116041","2021-10-30 14:10:55"),
(608,1,1,"2021-10-30 14:10:55"),
(609,2,"0.00028409090909091","2021-10-30 14:22:21"),
(610,2,"0.00028571428571429","2021-10-31 12:32:00"),
(611,2,"0.00028571428571429","2021-10-31 12:32:00"),
(612,2,"0.00028985507246377","2021-10-31 13:50:42"),
(613,2,"0.00028571428571429","2021-11-01 13:51:43"),
(614,2,"0.00028571428571429","2021-11-02 12:23:55"),
(615,2,"0.00028409090909091","2021-11-02 13:25:16"),
(616,2,"0.00028571428571429","2021-11-02 13:58:33"),
(617,2,"0.00028409090909091","2021-11-02 14:24:57"),
(618,2,"0.00028571428571429","2021-11-02 14:29:19"),
(619,2,"0.00028409090909091","2021-11-02 14:29:59"),
(620,2,"0.00028571428265423","2021-11-02 16:09:26"),
(621,1,1,"2021-11-02 16:09:26"),
(622,2,"0.00028571428571429","2021-11-03 11:08:06"),
(623,2,"0.00028571428571429","2021-11-03 17:24:01"),
(624,2,"0.00028409090909091","2021-11-03 17:33:54"),
(625,2,"0.00028571428265423","2021-11-04 10:34:45"),
(626,1,1,"2021-11-04 10:34:45"),
(627,2,"0.00028735632183908","2021-11-04 13:54:02"),
(628,2,"0.00028571428571429","2021-11-04 14:30:11"),
(629,2,"0.00028409090909091","2021-11-04 14:45:11"),
(630,2,"0.00028409090909091","2021-11-04 14:47:23"),
(631,2,"0.00028409090909091","2021-11-04 14:47:52"),
(632,2,"0.00028409090909091","2021-11-04 15:07:23"),
(633,2,"0.00028409090909091","2021-11-04 15:08:50"),
(634,2,"0.00028571428571429","2021-11-06 14:12:19"),
(635,2,"0.00028571428571429","2021-11-06 14:55:28"),
(636,2,"0.00028571428571429","2021-11-06 17:32:23"),
(637,2,"0.00028571428571429","2021-11-07 10:13:52"),
(638,2,"0.00028571428571429","2021-11-07 14:39:11"),
(639,2,"0.00028571428571429","2021-11-07 14:39:38"),
(640,2,"0.00028571428571429","2021-11-07 14:42:26"),
(641,2,"0.00028571428571429","2021-11-07 15:10:24"),
(642,2,"0.00028571428571429","2021-11-07 15:11:01"),
(643,2,"0.00028571428571429","2021-11-07 17:03:06"),
(644,2,"0.00028571428571429","2021-11-07 17:18:43"),
(645,2,"0.00028571428571429","2021-11-07 17:54:36"),
(646,2,"0.00028571428265423","2021-11-07 17:58:21"),
(647,1,1,"2021-11-07 17:58:21"),
(648,2,"0.00028885037550549","2021-11-08 10:59:35"),
(649,2,"0.00028571428571429","2021-11-04 14:47:23"),
(650,2,"0.00028571428571429","2021-11-08 11:06:57"),
(651,2,"0.00028571428571429","2021-11-08 15:26:36"),
(652,2,"0.00028571428571429","2021-11-09 11:34:10"),
(653,2,"0.00028571428571429","2021-11-09 11:34:10"),
(654,2,"0.00028571428571429","2021-11-09 11:36:48"),
(655,2,"0.00028571428571429","2021-11-09 14:43:18"),
(656,2,"0.00028571428571429","2021-11-09 15:04:50"),
(657,2,"0.0002865329512894","2021-11-10 10:04:21"),
(658,2,"0.00028571428571429","2021-11-10 13:43:49"),
(659,2,"0.00028571428571429","2021-11-10 15:01:57"),
(660,2,"0.00028571428571429","2021-11-11 13:50:48"),
(661,2,"0.00028571428571429","2021-11-11 14:08:26"),
(662,2,"0.00028571428571429","2021-11-11 14:54:12"),
(663,2,"0.00028571428571429","2021-11-11 22:16:50"),
(664,2,"0.00028571428265423","2021-11-13 12:35:22"),
(665,2,"0.00028571428265423","2021-11-13 12:35:30"),
(666,2,"0.00028571428265423","2021-11-13 12:35:56"),
(667,2,"0.00028571428265423","2021-11-13 12:36:27"),
(668,2,"0.00028571428265423","2021-11-13 12:36:33"),
(669,2,"0.00028571428265423","2021-11-13 12:36:35"),
(670,1,1,"2021-11-13 12:36:35"),
(671,2,"0.00028571428571429","2021-11-14 09:14:58"),
(672,2,"0.00028571428571429","2021-11-14 13:45:21"),
(673,2,"0.00028571428571429","2021-11-14 13:46:12"),
(674,2,"0.00028571428571429","2021-11-15 09:30:27"),
(675,2,"0.00028571428571429","2021-11-15 11:28:37"),
(676,2,"0.00028571428571429","2021-11-15 11:28:37"),
(677,2,"0.00028735632183908","2021-11-15 13:17:02"),
(678,2,"0.00028571428571429","2021-11-15 20:25:45"),
(679,2,"0.00028571428571429","2021-11-16 10:34:32"),
(680,2,"0.00028571428571429","2021-11-16 10:36:19"),
(681,2,"0.00028571428571429","2021-11-16 12:13:22"),
(682,2,"0.00028409090909091","2021-11-18 10:30:06"),
(683,2,"0.00028710882179439","2021-11-18 15:42:48"),
(684,1,1,"2021-11-18 15:42:48"),
(685,2,"0.00028571428571429","2021-11-20 12:59:19"),
(686,2,"0.00028571428571429","2021-11-20 13:00:09"),
(687,2,"0.00028571428571429","2021-11-20 14:42:45"),
(688,2,"0.00028985505923629","2021-11-21 11:43:59"),
(689,2,"0.00028985505923629","2021-11-21 11:44:12"),
(690,2,"0.00028985507246377","2021-11-21 11:44:46"),
(691,2,"0.00028571428571429","2021-11-21 11:45:30"),
(692,2,"0.00028571428265423","2021-11-22 10:18:21"),
(693,2,"0.00028571428265423","2021-11-22 10:18:44"),
(694,2,"0.00028571428265423","2021-11-22 10:22:17"),
(695,2,"0.00028571428265423","2021-11-22 10:22:22"),
(696,2,"0.00028571428265423","2021-11-22 10:24:49"),
(697,2,"0.00028571428265423","2021-11-22 10:27:04"),
(698,1,1,"2021-11-22 10:27:04"),
(699,2,"0.00028985505923629","2021-11-22 10:27:27"),
(700,1,1,"2021-11-22 10:27:27"),
(701,2,"0.00028571428571429","2021-11-22 10:56:58"),
(702,2,"0.00028571428571429","2021-11-22 10:57:48"),
(703,2,"0.00028571428571429","2021-11-22 16:11:33"),
(704,2,"0.00028571428265423","2021-11-23 11:02:01"),
(705,1,1,"2021-11-23 11:02:01"),
(706,2,"0.00028571428571429","2021-11-24 10:37:10"),
(707,2,"0.00028604118993135","2021-11-24 11:46:13"),
(708,2,"0.00028604118993135","2021-11-24 11:46:13"),
(709,2,"0.00028571428571429","2021-11-24 13:35:52"),
(710,2,"0.00028571428571429","2021-11-25 12:12:54"),
(711,2,"0.00028571428571429","2021-11-25 13:09:19"),
(712,2,"0.00028571428571429","2021-11-25 13:09:45"),
(713,2,"0.00028571428571429","2021-11-25 13:11:10"),
(714,2,"0.00028571428571429","2021-11-25 13:11:43"),
(715,2,"0.00028571428571429","2021-11-27 13:24:47"),
(716,2,"0.00028571428571429","2021-11-27 13:51:55"),
(717,2,"0.00028571428571429","2021-11-27 14:14:40"),
(718,2,"0.00028571428571429","2021-11-28 11:34:55"),
(719,2,"0.00028571428571429","2021-11-28 11:55:43"),
(720,2,"0.00028571428571429","2021-11-28 13:09:12"),
(721,2,"0.00028571428571429","2021-11-28 14:57:10"),
(722,2,"0.00028571428571429","2021-11-29 13:17:40"),
(723,2,"0.00028571428571429","2021-11-30 13:52:56"),
(724,2,"0.00028571428571429","2021-11-30 14:50:12"),
(725,2,"0.00028571428571429","2021-12-01 09:16:30"),
(726,2,"0.00028571428571429","2021-12-01 12:30:01"),
(727,2,"0.00028571428571429","2021-12-02 10:54:52"),
(728,2,"0.00028571428571429","2021-12-02 11:47:23"),
(729,2,"0.00028571428571429","2021-12-02 12:01:26"),
(730,2,"0.00028571428571429","2021-12-02 13:16:40"),
(731,2,"0.00028571428571429","2021-12-02 13:20:15"),
(732,2,"0.00028571428571429","2021-12-04 13:03:29"),
(733,2,"0.00028571428571429","2021-12-05 11:42:16"),
(734,2,"0.00028571428571429","2021-12-05 14:28:29"),
(735,2,"0.00028571428571429","2021-12-05 14:29:20"),
(736,2,"0.00028571428571429","2021-12-05 15:00:23"),
(737,2,"0.00028571428571429","2021-12-05 15:30:12"),
(738,2,"0.00028571428571429","2021-12-06 12:15:56"),
(739,2,"0.00028571428571429","2021-12-06 13:01:24"),
(740,2,"0.00028571428571429","2021-12-07 11:31:02"),
(741,2,"0.00028571428571429","2021-12-07 14:04:30"),
(742,2,"0.00028571428571429","2021-12-08 11:57:14"),
(743,2,"0.00028571428571429","2021-12-08 12:25:41"),
(744,2,"0.00028571428571429","2021-12-08 13:35:54"),
(745,2,"0.00028571428571429","2021-12-09 11:35:57"),
(746,2,"0.00028571428265423","2021-12-09 11:37:04"),
(747,1,1,"2021-12-09 11:37:04"),
(748,2,"0.00028571428571429","2021-12-09 12:39:28"),
(749,2,"0.00028571428571429","2021-12-09 13:07:12"),
(750,2,"0.00028571428571429","2021-12-09 14:20:42"),
(751,2,"0.00028571428571429","2021-12-09 14:21:00"),
(752,2,"0.00028571428571429","2021-12-09 14:33:01"),
(753,2,"0.00028571428571429","2021-12-11 11:43:47"),
(754,2,"0.00028571428571429","2021-12-11 11:44:25"),
(755,2,"0.00028571428571429","2021-12-11 13:51:18"),
(756,2,"0.00028571428571429","2021-12-13 11:01:43"),
(757,2,"0.00028571428571429","2021-12-13 11:02:24"),
(758,2,"0.00028571428571429","2021-12-14 11:15:11"),
(759,2,"0.00028571428571429","2021-12-14 12:01:27"),
(760,2,"0.00028571428571429","2021-12-14 14:01:49"),
(761,2,"0.00028571428571429","2021-12-14 15:11:00"),
(762,2,"0.00028571428571429","2021-12-15 12:38:23"),
(763,2,"0.00028571428571429","2021-12-15 13:37:18"),
(764,2,"0.00028571428571429","2021-12-16 10:21:46"),
(765,2,"0.00028571428571429","2021-12-16 10:55:27"),
(766,2,"0.00028571428571429","2021-12-16 10:56:03"),
(767,2,"0.00028571428571429","2021-12-16 10:57:22"),
(768,2,"0.00028571428571429","2021-12-16 11:30:14"),
(769,2,"0.00028571428571429","2021-12-16 13:59:27"),
(770,2,"0.00028169014084507","2021-12-16 13:59:27"),
(771,2,"0.00028368794326241","2021-12-16 14:27:03"),
(772,2,"0.00028571428571429","2021-12-16 14:39:52"),
(773,2,"0.00028571428571429","2021-12-18 11:36:42"),
(774,2,"0.00028571428571429","2021-12-18 11:43:32"),
(775,2,"0.00028571428571429","2021-12-18 11:54:30"),
(776,2,"0.00028571428571429","2021-12-18 12:03:41"),
(777,2,"0.00028169014084507","2021-12-18 12:39:27"),
(778,2,"0.00028571428571429","2021-12-18 14:17:35"),
(779,2,"0.00028571428571429","2021-12-19 14:17:06"),
(780,2,"0.00028571428571429","2021-12-20 08:35:42"),
(781,2,"0.00028571428571429","2021-12-20 10:30:55"),
(782,2,"0.00028571428571429","2021-12-20 10:31:26"),
(783,2,"0.00028571428571429","2021-12-20 10:44:53"),
(784,2,"0.00028571428571429","2021-12-20 10:45:29"),
(785,2,"0.00028571428571429","2021-12-20 10:52:52"),
(786,2,"0.00028571428571429","2019-05-01 00:00:00"),
(787,2,"0.00028571428571429","2021-12-21 08:51:38"),
(788,2,"0.00027972027972028","2021-12-21 10:59:42"),
(789,2,"0.00027777777777778","2021-12-21 10:59:42"),
(790,2,"0.00028571428571429","2021-12-21 12:33:01"),
(791,2,"0.00027777777777778","2021-12-21 16:29:34"),
(792,2,"0.00027777777777778","2021-12-22 13:04:24"),
(793,2,"0.00027777777777778","2021-12-22 15:50:40"),
(794,2,"0.00027777777777778","2021-12-22 16:34:39"),
(795,2,"0.00027777777777778","2021-12-22 16:35:27"),
(796,2,"0.00027777777777778","2021-12-23 08:40:20"),
(797,2,"0.00027777777777778","2021-12-23 12:21:11"),
(798,2,"0.00027777777777778","2021-12-23 12:31:12"),
(799,2,"0.00027777777777778","2021-12-23 12:37:19"),
(800,2,"0.00027777777777778","2021-12-23 13:04:07"),
(801,2,"0.00027816410874948","2021-12-23 13:40:08"),
(802,1,1,"2021-12-23 13:40:08"),
(803,2,"0.00027777777777778","2021-12-23 13:47:15"),
(804,2,"0.00027777777777778","2021-12-25 10:08:38"),
(805,2,"0.00027777777777778","2021-12-25 11:33:38"),
(806,2,"0.00027777777777778","2021-12-25 12:53:00"),
(807,2,"0.00027777777777778","2021-12-25 13:19:51"),
(808,2,"0.00027777777777778","2021-12-25 13:45:00"),
(809,2,"0.00027777777777778","2021-12-25 14:51:36"),
(810,2,"0.00027777777777778","2021-12-25 15:26:48"),
(811,2,"0.00027777777777778","2021-12-26 09:45:59"),
(812,2,"0.00027777777777778","2021-12-26 10:00:24"),
(813,2,"0.00027777777777778","2021-12-26 10:01:36"),
(814,2,"0.000277777784504","2021-12-26 10:06:09"),
(815,1,1,"2021-12-26 10:06:09"),
(816,2,"0.00027777777777778","2021-12-26 12:10:51"),
(817,2,"0.00027777777777778","2021-12-26 12:11:41"),
(818,2,"0.00027777777777778","2021-12-26 13:56:04"),
(819,2,"0.00027777777777778","2021-12-26 15:36:01"),
(820,2,"0.00027777777777778","2021-12-27 11:39:08"),
(821,2,"0.00027777777777778","2021-12-27 12:29:43"),
(822,2,"0.00027777777777778","2021-12-27 14:18:48"),
(823,2,"0.00027777777777778","2021-12-27 15:51:20"),
(824,2,"0.00027777777777778","2021-12-28 08:19:39"),
(825,2,"0.00027777777777778","2021-12-28 10:21:01"),
(826,2,"0.000277777784504","2021-12-28 11:29:04"),
(827,1,1,"2021-12-28 11:29:04"),
(828,2,"0.00027777777777778","2021-12-28 11:34:45"),
(829,2,"0.00027777777777778","2021-12-28 15:01:58"),
(830,2,"0.00027777777777778","2021-12-29 10:22:37"),
(831,2,"0.00027777777777778","2021-12-29 13:16:35"),
(832,2,"0.00027777777777778","2021-12-29 15:00:38"),
(833,2,"0.00027777777777778","2021-12-29 15:01:17"),
(834,2,"0.00027777777777778","2021-12-29 15:01:59"),
(835,2,"0.00027777777777778","2021-12-29 15:18:30"),
(836,2,"0.000277777784504","2021-12-29 17:01:32"),
(837,1,1,"2021-12-29 17:01:32"),
(838,2,"0.00027777777777778","2021-12-29 17:08:30"),
(839,2,"0.00027777777777778","2021-12-30 10:56:12"),
(840,2,"0.00027777777777778","2021-12-30 11:44:50"),
(841,2,"0.00027777777777778","2021-12-30 12:21:42"),
(842,2,"0.00027777777777778","2021-12-30 13:23:54"),
(843,2,"0.00027777777777778","2021-12-30 14:33:47"),
(844,2,"0.00027777777777778","2021-12-30 14:34:30"),
(845,2,"0.00027777777777778","2021-12-30 15:55:17"),
(846,2,"0.00027777777777778","2021-12-30 17:52:14"),
(847,2,"0.00027777777777778","2022-01-02 11:38:53"),
(848,2,"0.00027777777777778","2022-01-02 12:27:30"),
(849,2,"0.00027777777777778","2022-01-02 12:27:30"),
(850,2,"0.000277777784504","2022-01-02 14:33:32"),
(851,1,1,"2022-01-02 14:33:32"),
(852,2,"0.00027777777777778","2022-01-03 15:45:50"),
(853,2,"0.00027777777777778","2022-01-03 22:49:42"),
(854,2,"0.00027777777777778","2022-01-04 11:12:39"),
(855,2,"0.00027777777777778","2022-01-04 14:44:42"),
(856,2,"0.00027777777777778","2022-01-04 15:27:45"),
(857,2,"0.00027777777777778","2022-01-05 12:38:12"),
(858,2,"0.00027777777777778","2022-01-05 12:39:38"),
(859,2,"0.00027777777777778","2022-01-05 15:48:05"),
(860,2,"0.00027777777777778","2022-01-05 15:49:11"),
(861,2,"0.00027777777777778","2022-01-06 14:47:14"),
(862,2,"0.00027777777777778","2022-01-06 17:00:11"),
(863,2,"0.00027777777777778","2022-01-06 17:01:11"),
(864,2,"0.00027777777777778","2022-01-06 17:01:57"),
(865,2,"0.00027777777777778","2022-01-06 17:03:01"),
(866,2,"0.00027777777777778","2022-01-06 17:03:38"),
(867,2,"0.00027777777777778","2022-01-06 17:04:19"),
(868,2,"0.00027777777777778","2022-01-06 17:05:51"),
(869,2,"0.00027777777777778","2022-01-08 10:34:18"),
(870,2,"0.00027777777777778","2022-01-08 10:45:18"),
(871,2,"0.00027777777777778","2022-01-08 13:39:22"),
(872,2,"0.00027777777777778","2022-01-08 15:25:32"),
(873,2,"0.00027777777777778","2022-01-08 15:26:08"),
(874,2,"0.00027777777777778","2022-01-09 10:52:03"),
(875,2,"0.00027777777777778","2022-01-09 12:51:48"),
(876,2,"0.00027777777777778","2022-01-09 14:58:08"),
(877,2,"0.00027777777777778","2022-01-09 14:59:17"),
(878,2,"0.00027777777777778","2022-01-09 15:00:05"),
(879,2,"0.00027777777777778","2022-01-09 15:00:57"),
(880,2,"0.00027777777777778","2022-01-09 15:01:39"),
(881,2,"0.00027777777777778","2022-01-09 15:16:59"),
(882,2,"0.00027777777777778","2022-01-10 11:13:27"),
(883,2,"0.00027777777777778","2022-01-10 11:30:27"),
(884,2,"0.00027777777777778","2022-01-10 12:12:35"),
(885,2,"0.00027777777777778","2022-01-10 13:28:53"),
(886,2,"0.00027777777777778","2022-01-10 15:41:02"),
(887,2,"0.00027777777777778","2022-01-10 19:09:39"),
(888,2,"0.00027777777777778","2022-01-10 19:10:40"),
(889,2,"0.00027777777777778","2022-01-10 19:12:00"),
(890,2,"0.00027855153203343","2022-01-11 09:20:41"),
(891,2,"0.00027777777777778","2022-01-11 10:48:23"),
(892,2,"0.00027777777777778","2022-01-11 13:07:52"),
(893,2,"0.00027777777777778","2022-01-11 13:34:54"),
(894,2,"0.00027777777777778","2022-01-11 13:46:04"),
(895,2,"0.00027777777777778","2022-01-11 15:56:14"),
(896,2,"0.00027777777777778","2022-01-12 12:49:23"),
(897,2,"0.00027777777777778","2022-01-12 19:09:35"),
(898,2,"0.00027777777777778","2022-01-12 19:10:21"),
(899,2,"0.00027777777777778","2022-01-12 19:11:42"),
(900,2,"0.00027777777777778","2022-01-13 11:40:56"),
(901,2,"0.00027777777777778","2022-01-14 01:02:36"),
(902,2,"0.00027777777777778","2022-01-14 01:03:36"),
(903,2,"0.00027777777777778","2022-01-14 01:04:11"),
(904,2,"0.00027777777777778","2022-01-14 01:04:45"),
(905,2,"0.00027777777777778","2022-01-14 01:05:29"),
(906,2,"0.00027777777777778","2022-01-14 01:06:03"),
(907,2,"0.00027777777777778","2022-01-14 01:07:41"),
(908,2,"0.00027777777777778","2022-01-14 01:08:23"),
(909,2,"0.00027777777777778","2022-01-14 13:39:11"),
(910,2,"0.000279720290564","2022-01-15 00:09:05"),
(911,2,"0.00027777777777778","2022-01-15 15:02:21"),
(912,2,"0.00027777777777778","2022-01-15 15:12:13"),
(913,2,"0.00027777777777778","2022-01-16 12:18:43"),
(914,2,"0.00027777777777778","2022-01-17 11:07:46"),
(915,2,"0.00027777777777778","2022-01-17 11:23:42"),
(916,2,"0.00027777777777778","2022-01-17 11:24:50"),
(917,2,"0.00027777777777778","2022-01-17 12:50:39"),
(918,2,"0.00027777777777778","2022-01-18 13:31:28"),
(919,2,"0.00027777777777778","2022-01-18 13:32:16"),
(920,2,"0.00027777777777778","2022-01-18 13:36:37"),
(921,2,"0.00027777777777778","2022-01-18 13:38:52"),
(922,2,"0.00027777777777778","2022-01-18 15:25:43"),
(923,2,"0.00027777777777778","2022-01-18 21:13:23"),
(924,2,"0.00027777777777778","2022-01-18 21:14:06"),
(925,2,"0.00027777777777778","2022-01-18 21:16:31"),
(926,2,"0.00027777777777778","2022-01-19 15:12:19"),
(927,2,"0.00027777777777778","2022-01-19 15:36:08"),
(928,2,"0.00027777777777778","2022-01-19 15:38:47"),
(929,2,"0.00027777777777778","2022-01-20 13:40:34"),
(930,2,"0.00027777777777778","2022-01-22 10:34:09"),
(931,2,"0.00027777777777778","2022-01-22 10:34:47"),
(932,2,"0.00027777777777778","2022-01-22 10:35:06"),
(933,2,"0.00027777777777778","2022-01-22 10:35:52"),
(934,2,"0.00027777777777778","2022-01-22 11:06:35"),
(935,2,"0.00027777777777778","2022-01-22 12:47:46"),
(936,2,"0.00027777777777778","2022-01-23 12:43:08"),
(937,2,"0.00027777777777778","2022-01-23 13:47:36"),
(938,2,"0.00027777777777778","2022-01-23 14:36:45"),
(939,2,"0.00027777777777778","2022-01-24 00:45:41"),
(940,2,"0.00027777777777778","2022-01-24 00:46:55"),
(941,2,"0.00027777777777778","2022-01-24 00:48:26"),
(942,2,"0.00027777777777778","2022-01-24 00:49:13"),
(943,2,"0.00027777777777778","2022-01-24 00:49:56"),
(944,2,"0.00027777777777778","2022-01-24 00:50:42"),
(945,2,"0.00027777777777778","2022-01-24 00:51:55"),
(946,2,"0.00027777777777778","2022-01-24 13:58:24"),
(947,2,"0.00027777777777778","2022-01-24 14:41:50"),
(948,2,"0.00027777777777778","2022-01-24 14:53:15"),
(949,2,"0.00027777777777778","2022-01-24 20:57:08"),
(950,2,"0.00027777777777778","2022-01-24 20:57:53"),
(951,2,"0.00027932960074395","2022-01-24 21:02:31"),
(952,1,1,"2022-01-24 21:02:31"),
(953,2,"0.00027777777777778","2022-01-24 21:03:08"),
(954,2,"0.00027777777777778","2022-01-25 14:24:42"),
(955,2,"0.00027777777777778","2022-01-25 17:58:54"),
(956,2,"0.00027777777777778","2022-01-25 18:00:20"),
(957,2,"0.00027777777777778","2022-01-26 11:23:41"),
(958,2,"0.00027777777777778","2022-01-26 14:40:01"),
(959,2,"0.00027777777777778","2022-01-27 11:25:48"),
(960,2,"0.00027777777777778","2022-01-27 11:38:33"),
(961,2,"0.00027777777777778","2022-01-27 11:39:14"),
(962,2,"0.00027777777777778","2022-01-27 11:40:09"),
(963,2,"0.00027777777777778","2022-01-27 11:41:03"),
(964,2,"0.00027777777777778","2022-01-27 11:42:08"),
(965,2,"0.000277777784504","2022-01-27 11:45:55"),
(966,1,1,"2022-01-27 11:45:55"),
(967,2,"0.00027777777777778","2022-01-27 13:03:54"),
(968,2,"0.00027932960893855","2022-01-27 20:47:22"),
(969,2,"0.00027777777777778","2022-01-28 23:13:44"),
(970,2,"0.00027777777777778","2022-01-28 23:14:16"),
(971,2,"0.00027777777777778","2022-01-28 23:15:09"),
(972,2,"0.00027777777777778","2022-01-28 23:15:30"),
(973,2,"0.00027777777777778","2022-01-28 23:16:44"),
(974,2,"0.000277777784504","2022-01-28 23:17:53"),
(975,1,1,"2022-01-28 23:17:53"),
(976,2,"0.00027932960074395","2022-01-28 23:18:16"),
(977,1,1,"2022-01-28 23:18:16"),
(978,2,"0.00027777777777778","2022-01-29 12:01:41"),
(979,2,"0.00027777777777778","2022-01-30 12:52:56"),
(980,2,"0.00027777777777778","2022-01-30 13:50:54"),
(981,2,"0.00027777777777778","2022-01-30 15:11:43"),
(982,2,"0.00027777777777778","2022-01-31 09:06:41"),
(983,2,"0.00027777777777778","2022-02-03 13:41:09"),
(984,2,"0.00027777777777778","2022-02-05 13:20:08"),
(985,2,"0.00027777777777778","2022-02-05 14:34:24"),
(986,2,"0.00027777777777778","2022-02-06 14:10:34"),
(987,2,"0.00027777777777778","2022-02-07 15:40:30"),
(988,2,"0.00027777777777778","2022-02-09 09:12:42"),
(989,2,"0.00027777777777778","2022-02-10 12:18:30"),
(990,2,"0.00027777777777778","2022-02-13 12:06:29"),
(991,2,"0.00027777777777778","2022-02-13 13:01:12"),
(992,2,"0.00027777777777778","2022-02-13 13:11:09"),
(993,2,"0.00027777777777778","2022-02-13 14:41:04"),
(994,2,"0.00027777777777778","2022-02-13 14:55:12"),
(995,2,"0.00027777777777778","2022-02-13 15:35:33"),
(996,2,"0.00027777777777778","2022-02-17 14:56:07"),
(997,2,"0.00027586206896552","2022-02-17 16:28:07"),
(998,2,"0.00027777777777778","2022-02-19 14:11:07"),
(999,2,"0.00027777777777778","2022-02-20 11:12:40"),
(1000,2,"0.00027777777777778","2022-02-23 09:55:43");
INSERT INTO `equalities` VALUES (1001,2,"0.00027548209366391","2022-02-23 13:02:44"),
(1002,2,"0.00027397260273973","2022-02-24 13:45:02"),
(1003,2,"0.00027397260273973","2022-02-24 14:20:02"),
(1004,2,"0.00027397260273973","2022-02-24 16:26:27"),
(1005,2,"0.00027397260273973","2022-02-24 16:27:01"),
(1006,2,"0.00027322404371585","2022-02-26 10:24:36"),
(1007,2,"0.00027322404371585","2022-02-26 13:19:14"),
(1008,2,"0.00027777777777778","2022-02-26 14:32:05"),
(1009,2,"0.00027322405367158","2022-02-26 14:35:57"),
(1010,1,1,"2022-02-26 14:35:57"),
(1011,2,"0.00027397260273973","2022-02-26 19:30:02"),
(1012,2,"0.00027397260273973","2022-02-26 19:30:37"),
(1013,2,"0.00027173913043478","2022-02-27 11:51:00"),
(1014,2,"0.0002724795640327","2022-02-27 11:31:03"),
(1015,2,"0.0002724795640327","2022-02-27 14:41:01"),
(1016,2,"0.0002724795640327","2022-02-28 16:24:55"),
(1017,2,"0.0002724795640327","2022-03-01 11:38:32"),
(1018,2,"0.0002724795640327","2022-03-01 12:39:56"),
(1019,2,"0.00027027027027027","2022-03-01 14:04:29"),
(1020,2,"0.00026845637583893","2022-03-01 19:39:13"),
(1021,2,"0.00026315789473684","2022-03-03 12:33:31"),
(1022,2,"0.00026315789473684","2022-03-03 13:04:05"),
(1023,2,"0.00026246719160105","2022-03-05 13:45:42"),
(1024,2,"0.00026246719160105","2022-03-05 14:35:43"),
(1025,2,"0.00026666666666667","2022-03-06 20:36:34"),
(1026,2,"0.00026490066225166","2022-03-09 13:29:10"),
(1027,2,"0.00025974025974026","2022-03-09 14:10:05"),
(1028,2,"0.00025641025641026","2022-03-10 14:16:25"),
(1029,2,"0.00025477707006369","2022-03-12 15:28:11"),
(1030,2,"0.00025316455696203","2022-03-15 13:59:48"),
(1031,2,"0.00025477707006369","2022-03-15 14:28:04"),
(1032,2,"0.0002724795640327","2022-03-15 15:10:28"),
(1033,2,"0.00025316455696203","2022-03-16 11:24:07"),
(1034,2,"0.00025641025641026","2022-03-16 13:18:17"),
(1035,2,"0.00025316455696203","2022-03-16 14:53:21"),
(1036,2,"0.00025316455696203","2022-03-16 15:03:09"),
(1037,2,"0.00025157232704403","2022-03-17 11:00:07"),
(1038,2,"0.00025316455696203","2022-03-19 12:04:36"),
(1039,2,"0.00025316455696203","2022-03-19 12:26:54"),
(1040,2,"0.00025906735751295","2022-03-19 15:19:35"),
(1041,2,"0.00026315788272768","2022-03-19 15:20:53"),
(1042,1,1,"2022-03-19 15:20:53"),
(1043,2,"0.00026143790849673","2022-03-20 14:52:28"),
(1044,2,"0.00026315789473684","2022-03-20 15:33:28"),
(1045,2,"0.00025974025974026","2022-03-21 11:24:27"),
(1046,2,"0.00026143790849673","2022-03-21 12:14:53"),
(1047,2,"0.00025974025974026","2022-03-21 12:35:38"),
(1048,2,"0.00025974025974026","2022-03-21 12:55:19"),
(1049,2,"0.00025974025974026","2022-03-21 16:04:15"),
(1050,2,"0.00025316455696203","2022-03-22 12:05:53"),
(1051,2,"0.00025906736846082","2022-03-22 12:07:15"),
(1052,1,1,"2022-03-22 12:07:15"),
(1053,2,"0.00025974024902098","2022-03-22 12:37:50"),
(1054,1,1,"2022-03-22 12:37:50"),
(1055,2,"0.00025974025974026","2022-03-22 13:34:01"),
(1056,2,"0.00025974024902098","2022-03-22 14:20:47"),
(1057,1,1,"2022-03-22 14:20:47"),
(1058,2,"0.00025316455696203","2022-03-22 15:33:20"),
(1059,2,"0.00025316455696203","2022-03-22 15:35:01"),
(1060,2,"0.00025316455696203","2022-03-22 15:35:59"),
(1061,2,"0.00025316455696203","2022-03-22 15:36:49"),
(1062,2,"0.00025974025974026","2022-03-22 17:03:34"),
(1063,2,"0.00025542784163474","2022-03-23 12:48:13"),
(1064,2,"0.00025542784163474","2022-03-23 14:47:56"),
(1065,2,"0.00025542784715071","2022-03-23 14:49:45"),
(1066,1,1,"2022-03-23 14:49:45"),
(1067,2,"0.00025575447570332","2022-03-24 11:16:03"),
(1068,2,"0.00025477707006369","2022-03-24 11:31:57"),
(1069,2,"0.00025","2022-03-24 12:55:50"),
(1070,2,"0.00025316455696203","2022-03-24 13:56:01"),
(1071,2,"0.00025575447943993","2022-03-24 14:17:33"),
(1072,1,1,"2022-03-24 14:17:33"),
(1073,2,"0.00025575447943993","2022-03-24 14:26:46"),
(1074,1,1,"2022-03-24 14:26:46"),
(1075,2,"0.00025316455696203","2022-03-24 15:31:18"),
(1076,2,"0.00025316455696203","2022-03-24 15:50:46"),
(1077,2,"0.00025316455696203","2022-03-24 17:03:21"),
(1078,2,"0.00025575447943993","2022-03-24 18:20:06"),
(1079,1,1,"2022-03-24 18:20:06"),
(1080,2,"0.00026385224191472","2022-03-26 11:15:49"),
(1081,1,1,"2022-03-26 11:15:49"),
(1082,2,"0.00025316455696203","2022-03-26 14:59:47"),
(1083,2,"0.00025641025641026","2022-03-27 09:53:43"),
(1084,2,"0.00025316455696203","2022-03-28 10:27:23"),
(1085,2,"0.00025316455696203","2022-03-28 13:32:06"),
(1086,2,"0.00025641024694778","2022-03-28 15:37:51"),
(1087,1,1,"2022-03-28 15:37:51"),
(1088,2,"0.00025316455867141","2022-03-29 09:39:31"),
(1089,1,1,"2022-03-29 09:39:31"),
(1090,2,"0.00025477707006369","2022-03-29 14:05:30"),
(1091,2,"0.00025477707006369","2022-03-29 14:59:57"),
(1092,2,"0.00025477707006369","2022-03-31 11:11:52"),
(1093,2,"0.00025510202976875","2022-03-31 12:46:14"),
(1094,1,1,"2022-03-31 12:46:14"),
(1095,2,"0.00025477707006369","2022-03-31 14:00:18"),
(1096,2,"0.00025641024694778","2022-03-31 14:08:25"),
(1097,1,1,"2022-03-31 14:08:25"),
(1098,2,"0.00025477707006369","2022-03-31 15:41:33"),
(1099,2,"0.00025316455696203","2022-04-02 14:20:54"),
(1100,2,"0.00025906735751295","2022-04-03 13:38:17"),
(1101,2,"0.00025641024694778","2022-04-03 13:43:37"),
(1102,1,1,"2022-04-03 13:43:37"),
(1103,2,"0.00026143790849673","2022-04-03 14:45:22"),
(1104,2,"0.00025974025974026","2022-04-03 14:57:14"),
(1105,2,"0.00025316455696203","2022-04-03 15:06:52"),
(1106,2,"0.00026109660574413","2022-04-04 12:03:43"),
(1107,2,"0.00026109660574413","2022-04-04 12:53:35"),
(1108,2,"0.00026315788272768","2022-04-04 13:44:58"),
(1109,1,1,"2022-04-04 13:44:58"),
(1110,2,"0.00025316455696203","2022-04-04 14:48:13"),
(1111,2,"0.00025316455696203","2022-04-05 11:35:44"),
(1112,2,"0.00025316455696203","2022-04-05 11:36:57"),
(1113,2,"0.00025839793281654","2022-04-05 14:12:25"),
(1114,2,"0.00025316455696203","2022-04-05 14:37:41"),
(1115,2,"0.00025641024694778","2022-04-05 15:49:05"),
(1116,1,1,"2022-04-05 15:49:05"),
(1117,2,"0.00025477707006369","2022-04-06 12:28:09"),
(1118,2,"0.00025477707006369","2022-04-06 14:06:15"),
(1119,2,"0.00025316455696203","2022-04-07 15:23:55"),
(1120,2,"0.00025477707006369","2022-04-07 15:23:55"),
(1121,2,"0.00025641025641026","2022-04-07 17:34:50"),
(1122,2,"0.00025316455696203","2022-04-09 09:38:11"),
(1123,2,"0.00025641025641026","2022-04-09 10:57:45"),
(1124,2,"0.00025316455696203","2022-04-09 11:03:45"),
(1125,2,"0.00025316455696203","2022-04-09 13:24:56"),
(1126,2,"0.00025641025641026","2022-04-09 14:39:16"),
(1127,2,"0.00025641025641026","2022-04-09 21:03:08"),
(1128,2,"0.00025641024694778","2022-04-10 11:37:10"),
(1129,1,1,"2022-04-10 11:37:10"),
(1130,2,"0.00025477707006369","2022-04-11 11:13:31"),
(1131,2,"0.00025641025641026","2022-04-11 15:18:45"),
(1132,2,"0.00025575447570332","2022-04-11 15:51:32"),
(1133,2,"0.00025575447943993","2022-04-11 15:55:00"),
(1134,1,1,"2022-04-11 15:55:00"),
(1135,2,"0.00025510204081633","2022-04-12 12:27:33"),
(1136,2,"0.00025316455696203","2022-04-12 14:34:04"),
(1137,2,"0.00025510204081633","2022-04-12 15:39:52"),
(1138,2,"0.00025510204081633","2022-04-13 12:02:39"),
(1139,2,"0.00025510204081633","2022-04-13 12:20:27"),
(1140,2,"0.00025510204081633","2022-04-13 13:12:22"),
(1141,2,"0.00025510204081633","2022-04-14 13:09:29"),
(1142,2,"0.00025445292620865","2022-04-14 14:21:17"),
(1143,2,"0.00025445292620865","2022-04-14 14:48:04"),
(1144,2,"0.00025316455696203","2022-04-14 15:30:51"),
(1145,2,"0.00025445292620865","2022-04-16 11:02:22"),
(1146,2,"0.00025477707006369","2022-04-16 13:35:14"),
(1147,2,"0.00025316455696203","2022-04-17 11:24:58"),
(1148,2,"0.00025316455696203","2022-04-17 11:55:29"),
(1149,2,"0.00025316455696203","2022-04-17 13:14:15"),
(1150,2,"0.00025316455696203","2022-04-17 14:13:38"),
(1151,2,"0.00025316455696203","2022-04-17 14:17:11"),
(1152,2,"0.00025316455696203","2022-04-17 16:17:39"),
(1153,2,"0.00025641025641026","2022-04-18 00:56:12"),
(1154,2,"0.00025641025641026","2022-04-18 00:57:43"),
(1155,2,"0.00025477707006369","2022-04-18 12:32:24"),
(1156,2,"0.00025477705639787","2022-04-18 13:15:05"),
(1157,1,1,"2022-04-18 13:15:05"),
(1158,2,"0.00025316455696203","2022-04-19 12:58:17"),
(1159,2,"0.00025316455867141","2022-04-19 13:13:21"),
(1160,1,1,"2022-04-19 13:13:21"),
(1161,2,"0.00025380710659898","2022-04-19 14:31:46"),
(1162,2,"0.00025477705639787","2022-04-21 14:10:38"),
(1163,1,1,"2022-04-21 14:10:38"),
(1164,2,"0.00025316455867141","2022-04-21 14:11:26"),
(1165,1,1,"2022-04-21 14:11:26"),
(1166,2,"0.00025806450867094","2022-04-21 14:12:06"),
(1167,1,1,"2022-04-21 14:12:06"),
(1168,2,"0.00025316455696203","2022-04-21 14:35:52"),
(1169,2,"0.00025316455696203","2022-04-21 14:35:52"),
(1170,2,"0.00025806450867094","2022-04-21 15:30:28"),
(1171,1,1,"2022-04-21 15:30:28"),
(1172,2,"0.00025773195876289","2022-04-24 13:56:19"),
(1173,2,"0.00025974025974026","2022-04-25 13:30:39"),
(1174,2,"0.00025974024902098","2022-04-25 13:44:46"),
(1175,1,1,"2022-04-25 13:44:46"),
(1176,2,"0.00025316455696203","2022-04-25 13:57:36"),
(1177,2,"0.00025316455696203","2022-04-26 12:07:49"),
(1178,2,"0.00025316455696203","2022-04-26 12:19:13"),
(1179,2,"0.00025316455696203","2022-04-26 15:13:34"),
(1180,2,"0.00025974025974026","2022-04-26 22:46:53"),
(1181,2,"0.00025316455696203","2022-04-27 10:47:00"),
(1182,2,"0.00025773195876289","2022-04-28 11:33:15"),
(1183,2,"0.00025641025641026","2022-05-01 14:01:46"),
(1184,2,"0.00025641025641026","2022-05-01 14:04:08"),
(1185,2,"0.00025575447570332","2022-05-07 14:53:40"),
(1186,2,"0.00025641025641026","2022-05-07 16:00:56"),
(1187,2,"0.00025445292620865","2022-05-08 14:42:37"),
(1188,2,"0.00025477705639787","2022-05-09 13:14:49"),
(1189,1,1,"2022-05-09 13:14:49"),
(1190,2,"0.00025316455696203","2022-05-10 13:23:55"),
(1191,2,"0.00025316455696203","2022-05-10 13:27:34"),
(1192,2,"0.00025316455696203","2022-05-12 13:39:55"),
(1193,2,"0.00025316455867141","2022-05-12 13:45:31"),
(1194,1,1,"2022-05-12 13:45:31"),
(1195,2,"0.00025316455867141","2022-05-12 20:11:20"),
(1196,1,1,"2022-05-12 20:11:20"),
(1197,2,"0.00025316455696203","2022-05-13 08:33:54"),
(1198,2,"0.00025316455696203","2022-05-13 13:31:06"),
(1199,2,"0.00025188916876574","2022-05-14 12:31:18"),
(1200,2,"0.00025188916876574","2022-05-14 15:09:18"),
(1201,2,"0.00025510202976875","2022-05-14 22:56:53"),
(1202,1,1,"2022-05-14 22:56:53"),
(1203,2,"0.00025188916876574","2022-05-15 09:30:58"),
(1204,2,"0.00025125628140704","2022-05-15 15:30:10"),
(1205,2,"0.00025062656641604","2022-05-16 10:02:23"),
(1206,2,"0.00025062656641604","2022-05-17 11:15:43"),
(1207,2,"0.00025125628140704","2022-05-17 15:41:18"),
(1208,2,"0.00025188916876574","2022-05-19 11:04:59"),
(1209,2,"0.00025316455696203","2022-05-19 12:56:06"),
(1210,2,"0.00025316455696203","2022-05-19 13:00:25"),
(1211,2,"0.00025316455696203","2022-05-19 13:03:39"),
(1212,2,"0.00025188916876574","2022-05-21 13:34:48"),
(1213,2,"0.00025316455696203","2022-05-21 13:50:31"),
(1214,2,"0.00025316455696203","2022-05-21 13:34:48"),
(1215,2,"0.00025316455696203","2022-05-21 15:30:36"),
(1216,2,"0.00025316455696203","2022-05-22 09:43:36"),
(1217,2,"0.00025188916876574","2022-05-22 11:50:18"),
(1218,2,"0.00025316455696203","2022-05-22 17:07:35"),
(1219,2,"0.00025316455696203","2022-05-22 22:14:07"),
(1220,2,"0.000025","2022-05-23 11:37:20"),
(1221,2,"0.00025","2022-05-23 11:37:20"),
(1222,2,"0.00025031289111389","2022-05-23 13:25:59"),
(1223,2,"0.00025","2022-05-23 14:37:12"),
(1224,2,"0.00025","2022-05-24 11:35:36"),
(1225,2,"0.00025","2022-05-26 12:06:52"),
(1226,2,"0.00025","2022-05-26 14:22:17"),
(1227,2,"0.00025316455867141","2022-05-26 15:31:19"),
(1228,1,1,"2022-05-26 15:31:19"),
(1229,2,"0.00025000001187436","2022-05-27 23:27:56"),
(1230,1,1,"2022-05-27 23:27:56"),
(1231,2,"0.00025000001187436","2022-05-29 11:59:50"),
(1232,1,1,"2022-05-29 11:59:50"),
(1233,2,"0.00025","2022-05-29 12:33:29"),
(1234,2,"0.00025","2022-05-29 15:43:07"),
(1235,2,"0.00025","2022-05-29 15:45:47"),
(1236,2,"0.00025062655913644","2022-05-29 16:47:51"),
(1237,1,1,"2022-05-29 16:47:51"),
(1238,2,"0.00025062656641604","2022-06-01 13:46:29"),
(1239,2,"0.00025062656641604","2022-06-01 13:54:17"),
(1240,2,"0.00025062656641604","2022-06-01 14:05:55"),
(1241,2,"0.00025062656641604","2022-06-04 09:49:07"),
(1242,2,"0.00025","2022-06-04 14:50:47"),
(1243,2,"0.00025","2022-06-05 14:59:43"),
(1244,2,"0.00025","2022-06-05 16:58:28"),
(1245,2,"0.00025","2022-06-05 17:00:43"),
(1246,2,"0.00025","2022-06-06 12:11:17"),
(1247,2,"0.00025062656641604","2022-06-06 13:13:13"),
(1248,2,"0.00025","2022-06-06 15:43:11"),
(1249,2,"0.00025094102602452","2022-06-07 14:39:36"),
(1250,1,1,"2022-06-07 14:39:36"),
(1251,2,"0.00025","2022-06-08 09:41:27"),
(1252,2,"0.00025","2022-06-08 11:05:14"),
(1253,2,"0.00025","2022-06-08 15:25:45"),
(1254,2,"0.00025","2022-06-09 11:13:55"),
(1255,2,"0.00025","2022-06-09 15:13:19"),
(1256,2,"0.00025000001187436","2022-06-09 16:18:01"),
(1257,1,1,"2022-06-09 16:18:01"),
(1258,2,"0.00025","2022-06-09 20:07:15"),
(1259,2,"0.00025","2022-06-12 10:43:36"),
(1260,2,"0.00025","2022-06-12 11:00:27"),
(1261,2,"0.00025125628140704","2022-06-12 13:40:00"),
(1262,2,"0.00025","2022-06-12 13:45:20"),
(1263,2,"0.00025125628140704","2022-06-12 13:51:55"),
(1264,2,"0.00025","2022-06-13 15:50:40"),
(1265,2,"0.00025","2022-06-13 15:55:07"),
(1266,2,"0.00025","2022-06-14 11:53:13"),
(1267,2,"0.00025","2022-06-14 13:56:58"),
(1268,2,"0.00025","2022-06-14 15:40:31"),
(1269,2,"0.00025","2022-06-15 13:03:03"),
(1270,2,"0.00025","2022-06-16 12:16:46"),
(1271,2,"0.00025","2022-06-16 12:59:33"),
(1272,2,"0.00025","2022-06-16 13:33:33"),
(1273,2,"0.00025","2022-06-16 14:43:05"),
(1274,2,"0.00025","2022-06-16 15:32:33"),
(1275,2,"0.00025","2022-06-16 15:40:16"),
(1276,2,"0.00025","2022-06-18 15:40:44"),
(1277,2,"0.00025","2022-06-19 12:31:26"),
(1278,2,"0.00025","2022-06-19 12:35:54"),
(1279,2,"0.00025","2022-06-19 12:36:19"),
(1280,2,"0.00025","2022-06-19 13:16:51"),
(1281,2,"0.00025316455696203","2022-06-19 13:20:25"),
(1282,2,"0.00025","2022-06-20 14:29:02"),
(1283,2,"0.00025","2022-06-20 14:44:16"),
(1284,2,"0.00025","2022-06-20 14:47:07"),
(1285,2,"0.00025641025641026","2022-06-20 14:44:16"),
(1286,2,"0.00025","2022-06-20 15:31:41"),
(1287,2,"0.00025000001187436","2022-06-21 11:52:30"),
(1288,1,1,"2022-06-21 11:52:30"),
(1289,2,"0.00025","2022-06-21 13:30:14"),
(1290,2,"0.00025","2022-06-21 13:33:42"),
(1291,2,"0.00025","2022-06-21 13:40:47"),
(1292,2,"0.00025000001187436","2022-06-22 11:30:10"),
(1293,1,1,"2022-06-22 11:30:10"),
(1294,2,"0.00025316455696203","2022-06-22 13:04:52"),
(1295,2,"0.00025","2022-06-23 14:46:00"),
(1296,2,"0.00025","2022-06-23 15:52:34"),
(1297,2,"0.00025","2022-06-23 15:54:13"),
(1298,2,"0.00025","2022-06-24 11:43:31"),
(1299,2,"0.00025","2022-06-25 15:44:20"),
(1300,2,"0.00025","2022-06-25 16:29:08"),
(1301,2,"0.00025","2022-06-25 16:45:43"),
(1302,2,"0.00025","2022-06-26 11:00:34"),
(1303,2,"0.00025","2022-06-26 12:09:10"),
(1304,2,"0.00025000001187436","2022-06-26 16:49:21"),
(1305,1,1,"2022-06-26 16:49:21"),
(1306,2,"0.00025","2022-06-26 23:03:42"),
(1307,2,"0.00025","2022-06-27 13:35:37"),
(1308,2,"0.00025641025641026","2022-06-27 15:39:18"),
(1309,2,"0.00025","2022-06-28 09:47:37"),
(1310,2,"0.00025","2022-06-28 10:58:34"),
(1311,2,"0.00025","2022-06-28 11:27:42"),
(1312,2,"0.00025","2022-06-28 12:01:21"),
(1313,2,"0.00025","2022-06-29 12:17:52"),
(1314,2,"0.00024875621890547","2022-07-04 11:34:49"),
(1315,2,"0.00025","2022-07-04 14:25:55"),
(1316,2,"0.00024875621890547","2022-07-04 17:26:55"),
(1317,2,"0.00025","2022-07-07 13:25:13"),
(1318,2,"0.00025","2022-07-16 15:29:55"),
(1319,2,"0.00025","2022-07-17 14:55:05"),
(1320,2,"0.00025","2022-07-17 14:56:26"),
(1321,2,"0.00025","2022-07-18 12:57:51"),
(1322,2,"0.00025","2022-07-18 14:53:38"),
(1323,2,"0.00025","2022-07-18 15:17:26"),
(1324,2,"0.00025","2022-07-19 13:31:57"),
(1325,2,"0.00025","2022-07-19 15:37:30"),
(1326,2,"0.00025","2022-07-20 15:32:14"),
(1327,2,"0.001","2022-07-21 19:11:14"),
(1328,2,"0.00024813895781638","2022-07-23 20:15:07"),
(1329,2,"0.00024813895781638","2022-07-21 19:11:14"),
(1330,2,"0.00025094102885822","2022-07-24 14:23:28"),
(1331,2,"0.00024691358024691","2022-07-24 14:27:26"),
(1332,2,"0.00025","2022-07-24 14:36:11"),
(1333,2,"0.00024691358024691","2022-07-24 14:58:16"),
(1334,2,"0.00024691358024691","2022-07-24 14:36:11"),
(1335,2,"0.00025","2022-07-26 12:58:35"),
(1336,2,"0.00024390243902439","2022-07-26 12:58:35"),
(1337,2,"0.00024813896743581","2022-07-27 13:14:44"),
(1338,1,1,"2022-07-27 13:14:44"),
(1339,2,"0.00024691358024691","2022-07-27 13:42:53"),
(1340,2,"0.00024096385542169","2022-07-27 13:55:07"),
(1341,2,"0.00024691358024691","2022-07-27 15:26:01"),
(1342,2,"0.00023923444976077","2022-07-30 12:12:25"),
(1343,2,"0.00023923444976077","2022-07-31 10:01:39"),
(1344,2,"0.00024096385542169","2022-08-01 13:52:08"),
(1345,2,"0.00024096385542169","2022-08-01 17:30:21"),
(1346,2,"0.00023809523809524","2022-08-02 12:34:48"),
(1347,2,"0.00024096385542169","2022-08-02 15:21:13"),
(1348,2,"0.00023584905660377","2022-08-04 13:27:05"),
(1349,2,"0.00023809523809524","2022-08-06 14:21:30"),
(1350,2,"0.00023529411764706","2022-08-07 13:28:26"),
(1351,2,"0.00023529411764706","2022-08-07 15:51:16"),
(1352,2,"0.00023529411764706","2022-08-08 13:55:09"),
(1353,2,"0.00023529411764706","2022-08-11 12:21:21"),
(1354,2,"0.00023337222870478","2022-08-11 13:56:28"),
(1355,2,"0.00023529411764706","2022-08-11 14:50:33"),
(1356,2,"0.00023809523809524","2022-08-13 12:26:30"),
(1357,2,"0.00023255813953488","2022-08-13 13:32:28"),
(1358,2,"0.00023094688221709","2022-08-14 15:06:06"),
(1359,2,"0.00023529411764706","2022-08-15 10:43:34"),
(1360,2,"0.00022598870056497","2022-08-15 11:15:45"),
(1361,2,"0.00022779043280182","2022-08-15 13:32:25"),
(1362,2,"0.00022598870056497","2022-08-15 18:25:46"),
(1363,2,"0.00022573363431151","2022-08-16 13:25:14"),
(1364,2,"0.00022346368715084","2022-08-18 11:18:09"),
(1365,2,"0.00022222222222222","2022-08-18 13:22:11"),
(1366,2,"0.00022222222222222","2022-08-18 14:07:34"),
(1367,2,"0.00022222222222222","2022-08-18 14:28:00"),
(1368,2,"0.00021978021978022","2022-08-20 15:05:04"),
(1369,2,"0.00022346368715084","2022-08-23 15:42:11"),
(1370,2,"0.00022246941045606","2022-08-23 16:14:09"),
(1371,2,"0.00022346368715084","2022-08-25 13:25:35"),
(1372,2,"0.0002247191011236","2022-08-27 14:02:32"),
(1373,2,"0.00022391401701747","2022-08-28 13:11:48"),
(1374,2,"0.00022371364653244","2022-08-31 15:35:33"),
(1375,2,"0.0002247191011236","2022-09-01 09:49:48"),
(1376,2,"0.0002247191011236","2022-09-05 14:03:21"),
(1377,2,"0.0002247191011236","2022-09-06 10:22:58"),
(1378,2,"0.0002247191011236","2022-09-06 10:22:58"),
(1379,2,"0.0002247191011236","2022-09-06 14:02:14"),
(1380,2,"0.0002262443438914","2022-09-07 10:24:25"),
(1381,2,"0.0002247191011236","2022-09-10 10:22:34"),
(1382,2,"0.00022396416573348","2022-09-12 12:22:46"),
(1383,2,"0.0002247191011236","2022-09-12 12:24:12"),
(1384,2,"0.00022371364653244","2022-09-12 15:11:18"),
(1385,2,"0.00021978021978022","2022-09-15 14:05:20"),
(1386,2,"0.00021978021978022","2022-09-15 18:16:31"),
(1387,2,"0.00021978021978022","2022-09-17 12:28:04"),
(1388,2,"0.00021978021978022","2022-09-17 12:27:44"),
(1389,2,"0.00021978021978022","2022-09-17 15:36:06"),
(1390,2,"0.00021978021978022","2022-09-20 10:15:27"),
(1391,2,"0.00021978021978022","2022-09-20 17:52:25"),
(1392,2,"0.00021978021978022","2022-09-21 10:26:10"),
(1393,2,"0.00021978021978022","2022-09-21 11:35:47"),
(1394,2,"0.00021978021978022","2022-09-22 11:30:17"),
(1395,2,"0.00022148394241417","2022-09-22 11:30:17"),
(1396,2,"0.00021978021978022","2022-09-22 14:30:12"),
(1397,2,"0.00021978021978022","2022-09-22 15:33:26"),
(1398,2,"0.00021739130434783","2022-09-24 15:18:31"),
(1399,2,"0.00021367521367521","2022-09-26 14:35:26"),
(1400,2,"0.00021276595744681","2022-09-27 15:33:24"),
(1401,2,"0.00021276595744681","2022-09-27 15:39:11"),
(1402,2,"0.00020833333333333","2022-09-28 15:24:41"),
(1403,2,"0.00020833333333333","2022-09-29 13:56:54"),
(1404,2,"0.00020833333333333","2022-09-29 14:39:08"),
(1405,2,"0.00020833333333333","2022-10-01 12:36:48"),
(1406,2,"0.00020833333333333","2022-10-01 13:19:54"),
(1407,2,"0.00020833333333333","2022-10-02 13:14:38"),
(1408,2,"0.00021008403361345","2022-10-04 12:24:35"),
(1409,2,"0.00020833333333333","2022-10-06 09:47:50"),
(1410,2,"0.00020618556701031","2022-10-08 10:42:27"),
(1411,2,"0.00020618556701031","2022-10-08 10:52:31"),
(1412,2,"0.00020618556701031","2022-10-08 14:04:22"),
(1413,2,"0.00020618556701031","2022-10-08 14:27:44"),
(1414,2,"0.00020408163265306","2022-10-09 12:20:58"),
(1415,2,"0.00020618556701031","2022-10-10 09:55:39"),
(1416,2,"0.00020408163265306","2022-10-10 15:51:36"),
(1417,2,"0.00020441537203598","2022-10-11 10:09:59"),
(1418,2,"0.00020408163265306","2022-10-11 10:09:59"),
(1419,2,"0.00020408163265306","2022-10-11 14:14:07"),
(1420,2,"0.0002020202020202","2022-10-11 15:39:48"),
(1421,2,"0.0002","2022-10-12 10:03:21"),
(1422,2,"0.00020441537203598","2022-10-13 11:45:35"),
(1423,2,"0.00019607843137255","2022-10-13 11:47:43"),
(1424,2,"0.00019704433497537","2022-10-13 15:20:56"),
(1425,2,"0.0002","2022-10-13 15:54:52"),
(1426,2,"0.0071428571428571","2022-10-15 16:44:33"),
(1427,2,"0.00071428571428571","2022-10-15 16:46:24"),
(1428,2,"0.00020618556701031","2022-10-18 11:37:46");


DROP TABLE IF EXISTS `equality_credits`;

CREATE ALGORITHM=UNDEFINED DEFINER=`root`@`localhost` SQL SECURITY DEFINER VIEW `equality_credits` AS select `credits`.`CustomerID` AS `CustomerID`,`credits`.`date` AS `date`,round(`credits`.`value` * `equalities`.`value`,3) AS `value` from (`credits` join `equalities` on(`equalities`.`iD` = `credits`.`EqualitiesID`));

INSERT INTO `equality_credits` VALUES (928,"2021-07-31 12:00:52","1000.000"),
(929,"2021-07-31 02:05:59","100.000"),
(930,"2021-07-31 02:15:18","3200.000"),
(931,"2021-07-31 02:21:24","400.000"),
(933,"2021-07-31 02:52:22","155.280"),
(934,"2021-07-31 04:01:32","4000.000"),
(936,"2021-08-01 11:42:33","2080.000"),
(937,"2021-08-01 01:02:12","1000.000"),
(938,"2021-08-01 03:05:39","500.000"),
(939,"2021-08-01 03:09:25","303.951"),
(962,"2021-08-01 03:28:55","57.846"),
(962,"2021-08-01 03:32:01","100.000"),
(962,"2021-08-01 03:32:43","1342.000"),
(941,"2021-08-01 03:44:58","3000.000"),
(942,"2021-08-01 04:24:22","1249.231"),
(932,"2021-08-01 05:09:01","100.000"),
(943,"2021-08-02 02:34:45","709.877"),
(944,"2021-08-02 03:17:32","800.000"),
(944,"2021-08-02 03:19:31","200.000"),
(945,"2021-08-03 10:03:45","2000.000"),
(945,"2021-08-03 10:15:27","1000.000"),
(946,"2021-08-03 12:03:17","384.615"),
(947,"2021-08-03 12:48:51","670.000"),
(948,"2021-08-03 12:52:52","428.135"),
(949,"2021-08-03 01:39:50","750.000"),
(941,"2021-08-03 04:13:29","2000.000"),
(943,"2021-08-03 04:14:10","3000.000"),
(937,"2021-08-03 04:15:34","400.000"),
(937,"2021-08-03 04:15:54","246.154"),
(950,"2021-08-04 12:22:45","1000.000"),
(951,"2021-08-04 12:25:46","88.685"),
(952,"2021-08-04 03:27:17","275.229"),
(937,"2021-08-08 12:07:49","1200.000"),
(952,"2021-08-08 01:22:36","218.902"),
(944,"2021-08-08 02:41:51","1000.000"),
(953,"2021-08-09 12:09:31","15000.000"),
(943,"2021-08-09 12:31:07","2474.809"),
(953,"2021-08-09 12:33:37","2000.000"),
(954,"2021-08-09 09:51:09","1000.000"),
(956,"2021-08-09 10:46:32","2586.000"),
(957,"2021-08-09 01:16:59","400.000"),
(957,"2021-08-09 01:18:40","100.000"),
(950,"2021-08-09 03:23:55","2000.000"),
(949,"2021-08-10 01:03:15","650.000"),
(958,"2021-08-10 01:06:50","100.000"),
(958,"2021-08-10 01:08:15","200.000"),
(943,"2021-08-10 02:12:25","1341.463"),
(937,"2021-08-10 02:44:47","1000.000"),
(948,"2021-08-10 02:47:26","306.707"),
(951,"2021-08-11 17:41:11","176.364"),
(937,"2021-08-11 12:46:08","1000.000"),
(949,"2021-08-11 02:46:18","382.263"),
(959,"2021-08-11 02:52:32","1745.000"),
(937,"2021-08-11 03:10:04","2000.000"),
(960,"2021-08-11 04:07:01","496.960"),
(941,"2021-08-12 02:03:51","2500.000"),
(937,"2021-08-12 02:04:08","1500.000"),
(943,"2021-08-12 03:20:43","1000.000"),
(961,"2021-08-18 12:41:37","100.000"),
(938,"2021-08-18 13:27:53","2000.000"),
(953,"2021-08-18 16:17:00","3000.000"),
(959,"2021-08-18 16:17:17","5000.000"),
(962,"2021-08-19 00:40:01","30000.000"),
(962,"2021-08-19 00:41:45","2000.000"),
(950,"2021-08-19 00:46:55","2000.000"),
(963,"2021-08-19 00:47:34","120.482"),
(964,"2021-08-19 09:25:46","430.000"),
(937,"2021-08-19 12:05:39","1990.000"),
(937,"2021-08-19 12:05:57","10.000"),
(966,"2021-08-19 13:40:59","2000.000"),
(950,"2021-08-21 16:49:47","1985.163"),
(948,"2021-08-21 16:51:01","296.736"),
(931,"2021-08-21 16:51:53","380.000"),
(949,"2021-08-23 12:46:57","360.000"),
(949,"2021-08-23 12:48:16","120.000"),
(939,"2021-08-23 13:52:03","700.000"),
(960,"2021-08-23 13:52:23","500.000"),
(968,"2021-08-23 14:15:13","1150.000"),
(944,"2021-08-23 14:22:08","800.000"),
(959,"2021-08-23 15:16:37","3400.000"),
(969,"2021-08-23 15:17:26","500.000"),
(970,"2021-08-24 09:51:07","11701.170"),
(937,"2021-08-24 09:52:05","2500.000"),
(950,"2021-08-24 10:22:55","2100.000"),
(962,"2021-08-24 11:34:49","800.000"),
(943,"2021-08-24 15:34:50","1374.926"),
(972,"2021-08-26 13:56:38","390.000"),
(1019,"2021-08-26 13:57:38","100.000"),
(937,"2021-08-26 13:59:01","1711.310"),
(959,"2021-08-26 14:34:51","4500.000"),
(943,"2021-08-26 15:49:28","300.000"),
(974,"2021-08-26 17:29:04","400.000"),
(975,"2021-08-26 17:48:45","767.000"),
(975,"2021-08-26 17:50:07","42.353"),
(977,"2021-08-27 16:18:46","2340.000"),
(954,"2021-08-28 09:06:33","1200.000"),
(958,"2021-08-28 09:25:06","150.000"),
(958,"2021-08-28 09:25:41","1.760"),
(978,"2021-08-28 09:27:12","412.979"),
(974,"2021-08-28 10:02:02","10.000"),
(964,"2021-08-28 11:20:56","3000.000"),
(972,"2021-08-28 14:22:52","380.000"),
(970,"2021-08-28 16:13:26","5000.000"),
(944,"2021-08-28 16:20:18","675.000"),
(953,"2021-08-28 18:28:34","1850.000"),
(979,"2021-08-28 19:28:27","20000.000"),
(970,"2021-08-28 19:48:30","7000.000"),
(980,"2021-08-28 22:40:14","6000.000"),
(966,"2021-08-29 14:30:18","5000.000"),
(949,"2021-08-29 14:30:45","1500.146"),
(950,"2021-08-29 17:44:41","2923.977"),
(950,"2021-08-30 10:13:41","1744.186"),
(981,"2021-08-30 10:42:55","1000.000"),
(968,"2021-08-30 12:46:42","1000.000"),
(982,"2021-08-30 15:16:06","2750.000"),
(982,"2021-08-30 15:16:29","29.971"),
(969,"2021-08-30 15:44:17","1000.000"),
(981,"2021-08-31 10:15:52","137.971"),
(983,"2021-08-31 16:58:32","271.429"),
(968,"2021-08-31 17:30:16","800.000"),
(964,"2021-09-01 10:20:11","3000.000"),
(939,"2021-09-01 12:57:50","1050.000"),
(969,"2021-09-01 14:28:49","350.000"),
(960,"2021-09-01 14:47:19","200.000"),
(960,"2021-09-01 14:47:34","300.275"),
(959,"2021-09-01 15:56:57","2000.000"),
(966,"2021-09-01 15:57:28","1500.000"),
(941,"2021-09-01 16:03:35","2000.000"),
(978,"2021-09-01 17:26:16","277.778"),
(948,"2021-09-02 12:03:59","275.482"),
(959,"2021-09-02 13:49:21","2700.000"),
(933,"2021-09-02 16:25:16","500.000"),
(980,"2021-09-02 18:37:22","12160.000"),
(934,"2021-09-02 18:38:53","3000.000"),
(984,"2021-09-04 11:05:06","300.000"),
(974,"2021-09-04 13:14:13","500.000"),
(974,"2021-09-04 13:14:50","265.899"),
(964,"2021-09-04 13:25:46","1700.000"),
(943,"2021-09-04 13:57:33","2400.000"),
(943,"2021-09-04 13:58:46","150.000"),
(970,"2021-09-04 14:32:15","1800.000"),
(968,"2021-09-04 15:09:11","1150.000"),
(953,"2021-09-04 18:53:08","1840.000"),
(953,"2021-09-04 18:55:09","60.000"),
(985,"2021-09-04 20:55:32","12336.000"),
(937,"2021-09-05 10:17:51","300.000"),
(937,"2021-09-05 13:05:26","1500.000"),
(931,"2021-09-05 13:59:03","320.000"),
(986,"2021-09-05 14:39:22","700.117"),
(943,"2021-09-05 14:49:01","2000.000"),
(937,"2021-09-05 15:52:14","164.035"),
(969,"2021-09-05 16:52:51","291.971"),
(939,"2021-09-06 13:20:45","1000.000"),
(945,"2021-09-06 13:30:34","1985.401"),
(969,"2021-09-06 14:41:52","200.000"),
(978,"2021-09-06 15:03:40","160.584"),
(987,"2021-09-06 16:04:53","3000.000"),
(970,"2021-09-06 21:54:41","340.000"),
(960,"2021-09-07 10:40:10","500.000"),
(943,"2021-09-07 10:41:25","900.000"),
(943,"2021-09-07 10:42:02","299.854"),
(970,"2021-09-07 13:34:17","200.000"),
(944,"2021-09-07 14:49:04","1926.000"),
(988,"2021-09-07 16:13:53","500.000"),
(950,"2021-09-08 10:16:08","1500.000"),
(989,"2021-09-08 14:38:32","5000.000"),
(964,"2021-09-08 14:48:51","2880.000"),
(964,"2021-09-08 14:49:23","1119.941"),
(966,"2021-09-09 13:23:53","3000.000"),
(930,"2021-09-09 14:02:35","2000.000"),
(989,"2021-09-09 14:39:19","5000.000"),
(984,"2021-09-09 14:50:31","420.000"),
(943,"2021-09-09 14:58:18","1000.000"),
(943,"2021-09-09 15:00:28","470.000"),
(949,"2021-09-07 15:01:22","1502.312"),
(953,"2021-09-09 15:08:03","500.000"),
(941,"2021-09-09 16:15:59","3000.000"),
(980,"2021-09-09 17:24:22","10000.000"),
(991,"2021-09-11 10:04:09","1000.000"),
(948,"2021-09-11 10:49:28","300.000"),
(939,"2021-09-11 11:34:54","400.000"),
(939,"2021-09-11 11:35:15","400.000"),
(943,"2021-09-11 12:12:24","1000.000"),
(992,"2021-09-11 13:20:54","1159.420"),
(937,"2021-09-11 15:00:47","600.000"),
(937,"2021-09-11 15:01:12","398.256"),
(979,"2021-09-11 20:48:13","5000.000"),
(943,"2021-09-12 13:38:51","2000.000"),
(938,"2021-09-12 13:39:56","500.000"),
(953,"2021-09-12 14:18:59","1000.000"),
(977,"2021-09-12 14:24:51","1300.000"),
(977,"2021-09-12 14:25:06","68.116"),
(989,"2021-09-12 15:25:16","3500.000"),
(978,"2021-09-13 09:09:07","260.870"),
(943,"2021-09-13 11:49:44","1200.000"),
(992,"2021-09-13 12:08:17","338.841"),
(937,"2021-09-13 14:04:14","1000.000"),
(968,"2021-09-13 16:39:59","600.000"),
(968,"2021-09-13 16:41:10","13.043"),
(987,"2021-09-14 09:37:57","1851.000"),
(949,"2021-09-14 11:41:01","600.000"),
(949,"2021-09-14 11:41:14","177.000"),
(955,"2021-09-14 12:53:20","449.928"),
(969,"2021-09-14 13:48:22","400.000"),
(943,"2021-09-14 15:18:30","1000.000"),
(941,"2021-09-15 15:53:38","2000.000"),
(941,"2021-09-15 15:54:01","1000.000"),
(943,"2021-09-15 15:54:47","842.857"),
(960,"2021-09-15 15:57:49","285.714"),
(994,"2021-09-16 12:45:39","500.000"),
(953,"2021-09-16 14:27:19","1500.000"),
(943,"2021-09-16 14:50:07","1000.000"),
(989,"2021-09-16 16:05:40","1371.429"),
(969,"2021-09-16 16:42:31","300.000"),
(989,"2021-09-18 10:52:47","222.286"),
(933,"2021-09-18 12:36:48","400.000"),
(933,"2021-09-18 12:37:14","165.839"),
(992,"2021-09-18 13:25:56","500.000"),
(937,"2021-09-18 14:36:07","1000.000"),
(949,"2021-09-18 14:58:53","1404.011"),
(968,"2021-09-18 16:15:38","1000.000"),
(943,"2021-09-19 11:58:06","1000.000"),
(950,"2021-09-19 12:17:13","1147.776"),
(939,"2021-09-19 13:45:03","500.000"),
(970,"2021-09-19 21:48:41","20000.000"),
(941,"2021-09-20 11:52:51","1000.000"),
(955,"2021-09-20 12:46:32","1000.000"),
(964,"2021-09-20 12:46:53","1300.000"),
(1001,"2021-09-20 12:47:21","1000.000"),
(987,"2021-09-20 12:48:02","1500.000"),
(979,"2021-09-20 12:48:14","6000.000"),
(964,"2021-09-20 12:51:42","6780.000"),
(1002,"2021-09-20 14:29:00","1000.000"),
(954,"2021-09-21 09:37:04","1000.000"),
(943,"2021-09-21 11:32:33","2000.000"),
(941,"2021-09-21 12:12:22","1000.000"),
(1003,"2021-09-21 13:41:41","20.000"),
(943,"2021-09-21 14:24:29","750.000"),
(957,"2021-09-21 14:25:27","1149.425"),
(943,"2021-09-22 11:13:59","750.000"),
(978,"2021-09-23 09:23:19","100.000"),
(934,"2021-09-23 11:25:14","1000.000"),
(943,"2021-09-23 12:17:11","5499.856"),
(992,"2021-09-23 12:27:44","360.000"),
(1005,"2021-09-23 12:59:57","200.000"),
(953,"2021-09-23 13:07:54","2000.000"),
(936,"2021-09-23 13:39:46","2249.928"),
(985,"2021-09-23 14:05:06","59.012"),
(937,"2021-09-23 14:32:52","800.000"),
(937,"2021-09-23 14:35:38","200.000"),
(1002,"2021-09-23 15:01:42","5000.000"),
(989,"2021-09-23 15:37:37","1100.000"),
(1006,"2021-09-24 18:41:40","1000.000"),
(1006,"2021-09-25 11:49:07","1800.000"),
(987,"2021-09-25 13:43:38","2180.000"),
(987,"2021-09-25 13:43:51","15.003"),
(979,"2021-09-25 13:45:13","8000.000"),
(988,"2021-09-25 13:46:35","800.000"),
(988,"2021-09-25 13:47:33","56.140"),
(957,"2021-09-25 14:07:10","350.000"),
(960,"2021-09-23 14:47:47","1000.000"),
(994,"2021-09-25 15:08:53","200.000"),
(994,"2021-09-25 15:09:43","100.000"),
(948,"2021-09-25 15:13:14","590.000"),
(1007,"2021-09-25 16:56:48","3450.000"),
(930,"2021-09-26 13:09:17","1200.000"),
(960,"2021-09-26 13:38:43","500.000"),
(941,"2021-09-26 13:47:50","1500.000"),
(949,"2021-09-26 14:40:40","710.000"),
(950,"2021-09-26 15:15:21","1000.000"),
(954,"2021-09-27 09:33:40","5000.000"),
(941,"2021-09-27 12:39:40","1500.000"),
(960,"2021-09-27 13:14:26","1000.000"),
(941,"2021-09-28 11:28:11","1000.000"),
(1011,"2021-09-28 14:04:30","1004.000"),
(943,"2021-09-28 14:06:27","1000.000"),
(1004,"2021-09-28 14:44:29","1650.000"),
(1004,"2021-09-28 14:44:48","439.024"),
(1006,"2021-09-28 18:28:31","19200.000"),
(933,"2021-09-28 18:34:19","200.000"),
(933,"2021-09-28 18:34:39","142.045"),
(943,"2021-09-29 11:16:31","428.571"),
(939,"2021-09-29 11:25:11","200.000"),
(962,"2021-09-30 10:13:33","284.091"),
(1012,"2021-09-30 14:09:26","312.500"),
(960,"2021-09-30 14:33:46","1500.000"),
(968,"2021-09-30 17:25:05","300.000"),
(968,"2021-09-30 17:25:45","250.000"),
(979,"2021-09-30 21:23:30","26000.000"),
(979,"2021-09-30 21:23:57","1500.289"),
(1013,"2021-09-30 21:33:05","371.429"),
(970,"2021-09-30 22:04:22","5000.000"),
(962,"2021-10-01 16:31:58","2100.000"),
(978,"2021-10-02 08:53:23","200.000"),
(939,"2021-10-02 12:46:43","600.000"),
(950,"2021-10-02 14:15:24","1000.000"),
(1008,"2021-10-02 14:22:49","3000.000"),
(1013,"2021-10-02 15:10:30","1200.000"),
(942,"2021-10-02 15:12:25","1500.000"),
(978,"2021-10-03 07:52:09","400.000"),
(962,"2021-10-03 09:49:54","6000.000"),
(943,"2021-10-03 13:04:07","1000.000"),
(941,"2021-10-03 14:30:13","1000.000"),
(949,"2021-10-03 14:33:53","826.000"),
(943,"2021-10-03 14:39:24","573.066"),
(978,"2021-10-04 08:37:30","400.000"),
(960,"2021-10-04 14:15:06","500.000"),
(996,"2021-10-04 14:15:19","470.000"),
(943,"2021-10-04 14:32:20","600.000"),
(943,"2021-10-04 14:32:39","50.000"),
(974,"2021-10-04 14:58:13","1600.000"),
(974,"2021-10-04 15:02:01","24.891"),
(937,"2021-10-04 16:26:33","1000.000"),
(950,"2021-10-05 14:29:12","1000.000"),
(1015,"2021-10-05 14:29:32","30.000"),
(1002,"2021-10-05 15:36:52","5000.000"),
(959,"2021-10-05 15:56:41","1010.000"),
(959,"2021-10-05 15:57:32","5.000"),
(1014,"2021-10-05 19:53:58","500.000"),
(945,"2021-10-05 19:54:15","1000.000"),
(938,"2021-10-06 14:03:10","500.000"),
(941,"2021-10-06 15:12:52","1714.286"),
(1019,"2021-10-07 11:05:28","1308.571"),
(1020,"2021-10-07 11:13:50","142.857"),
(1010,"2021-10-07 12:34:35","2200.000"),
(1010,"2021-10-07 12:34:49","92.174"),
(1020,"2021-10-07 12:54:37","147.143"),
(1016,"2021-10-07 13:48:27","900.000"),
(937,"2021-10-07 14:34:04","800.000"),
(960,"2021-10-07 14:47:00","800.000"),
(960,"2021-10-07 14:47:24","200.000"),
(970,"2021-10-09 10:04:10","4150.000"),
(970,"2021-10-09 10:04:50","825.000"),
(970,"2021-10-09 10:05:10","25.000"),
(1008,"2021-10-09 11:26:07","250.000"),
(1008,"2021-10-09 11:26:55","98.000"),
(994,"2021-10-09 14:06:53","371.429"),
(978,"2021-10-09 15:26:12","300.000"),
(1021,"2021-10-09 16:08:13","975.000"),
(1021,"2021-10-09 16:08:33","25.000"),
(1022,"2021-10-09 16:09:25","1017.000"),
(980,"2021-10-09 20:53:43","11000.000"),
(1007,"2021-10-09 22:40:56","2000.000"),
(1020,"2021-10-03 11:39:49","85.227"),
(981,"2021-10-10 12:05:50","238.000"),
(1023,"2021-10-10 15:03:31","400.000"),
(1016,"2021-10-10 18:31:53","50.000"),
(977,"2021-10-10 22:44:51","1500.000"),
(942,"2021-10-11 10:17:38","1000.000"),
(1002,"2021-10-11 12:24:08","9000.000"),
(950,"2021-10-11 12:31:43","1000.000"),
(969,"2021-10-11 14:39:03","700.000"),
(1013,"2021-10-11 16:02:51","111.000"),
(962,"2021-10-11 16:24:15","10000.000"),
(968,"2021-10-11 16:39:51","500.000"),
(979,"2021-10-12 11:14:48","770.000"),
(987,"2021-10-12 11:16:13","2000.000"),
(949,"2021-10-12 12:07:17","754.000"),
(1001,"2021-10-12 14:29:49","440.000"),
(934,"2021-10-12 14:30:05","400.000"),
(960,"2021-10-13 10:16:27","1300.000"),
(996,"2021-10-13 10:19:50","300.000"),
(937,"2021-10-13 15:43:19","3745.000"),
(968,"2021-10-13 17:27:24","500.000"),
(962,"2021-10-14 10:08:57","5000.000"),
(941,"2021-10-14 12:54:18","3000.000"),
(970,"2021-10-15 22:37:48","5000.000"),
(978,"2021-10-17 08:57:10","300.000"),
(954,"2021-10-17 10:01:56","9000.000"),
(969,"2021-10-17 14:21:26","300.000"),
(987,"2021-10-17 14:41:03","1550.000"),
(980,"2021-10-17 17:59:23","7000.000"),
(950,"2021-10-18 11:09:44","1000.000"),
(1026,"2021-10-18 19:41:39","1000.000"),
(980,"2021-10-18 19:43:33","2975.000"),
(1025,"2021-10-19 15:46:40","3340.000"),
(1019,"2021-10-20 11:21:45","350.000"),
(1019,"2021-10-20 11:22:17","8.571"),
(934,"2021-10-02 11:44:10","1000.000"),
(939,"2021-10-20 12:20:42","500.000"),
(960,"2021-10-20 12:50:17","1000.000"),
(960,"2021-10-20 12:51:05","1000.000"),
(969,"2021-10-20 13:51:19","700.000"),
(1004,"2021-10-20 14:48:03","1600.000"),
(1004,"2021-10-20 14:48:16","28.571"),
(978,"2021-10-21 09:12:41","300.000"),
(1017,"2021-10-21 10:27:26","1500.000"),
(1027,"2021-10-21 11:15:29","390.000"),
(938,"2021-10-21 14:02:24","500.000"),
(941,"2021-10-21 15:49:12","7000.000"),
(970,"2021-10-21 20:12:24","5000.000"),
(962,"2021-10-23 11:40:50","4000.000"),
(1004,"2021-10-23 13:06:08","1000.000"),
(960,"2021-10-23 14:05:31","1000.000"),
(996,"2021-10-23 14:05:57","300.000"),
(943,"2021-10-23 14:37:32","1000.000"),
(943,"2021-10-23 14:38:00","1000.000"),
(968,"2021-10-23 16:51:07","200.000"),
(1008,"2021-10-24 10:54:11","420.000"),
(994,"2021-10-24 11:57:17","400.000"),
(1028,"2021-10-24 11:58:11","397.727"),
(942,"2021-10-24 12:45:16","1300.000"),
(939,"2021-10-24 13:00:20","125.000"),
(1008,"2021-10-25 13:40:04","4.857"),
(972,"2021-10-25 15:04:44","500.000"),
(972,"2021-10-25 15:05:14","25.714"),
(969,"2021-10-25 17:34:45","300.000"),
(977,"2021-10-25 22:50:07","4880.000"),
(1024,"2021-10-26 10:53:12","1000.000"),
(950,"2021-10-26 11:44:13","1000.000"),
(964,"2021-10-26 12:03:21","3000.000"),
(987,"2021-10-26 12:05:21","1550.000"),
(1001,"2021-10-26 12:07:56","300.000"),
(952,"2021-10-26 13:41:59","200.000"),
(932,"2021-10-26 13:48:14","50.000"),
(978,"2021-10-27 09:25:53","300.000"),
(937,"2021-10-27 11:19:27","1500.000"),
(943,"2021-10-27 12:49:11","1275.000"),
(941,"2021-10-28 11:24:18","10000.000"),
(1033,"2021-10-28 11:42:13","202.857"),
(992,"2021-10-28 12:13:50","550.571"),
(1028,"2021-10-28 12:36:26","413.636"),
(955,"2021-10-28 13:08:36","45.714"),
(996,"2021-10-28 13:11:22","300.000"),
(960,"2021-10-28 13:13:33","700.000"),
(970,"2021-10-28 22:16:11","5000.000"),
(978,"2021-10-30 08:53:32","300.000"),
(1013,"2021-10-30 11:48:19","1380.000"),
(1013,"2021-10-30 11:48:44","48.000"),
(931,"2021-10-30 12:34:04","300.000"),
(1028,"2021-10-30 13:14:03","284.091"),
(1004,"2021-10-28 14:09:07","1400.000"),
(1006,"2021-10-30 14:35:33","5000.000"),
(932,"2021-10-31 12:32:07","285.714"),
(966,"2021-10-31 13:48:16","2500.000"),
(966,"2021-10-31 13:50:42","1000.000"),
(994,"2021-11-01 11:43:37","1220.000"),
(1019,"2021-11-01 13:01:41","550.000"),
(969,"2021-11-01 13:31:27","225.000"),
(1035,"2021-11-01 13:51:43","336.000"),
(978,"2021-11-01 16:23:58","300.000"),
(977,"2021-11-01 17:44:16","6700.000"),
(1036,"2021-11-02 09:13:36","3000.000"),
(1030,"2021-11-02 09:51:51","500.000"),
(960,"2021-11-02 12:23:56","300.000"),
(1029,"2021-11-02 14:28:40","650.000"),
(996,"2021-11-02 14:44:50","500.000"),
(978,"2021-11-03 08:07:25","700.000"),
(1011,"2021-11-03 11:08:06","400.000"),
(950,"2021-11-03 17:24:02","531.000"),
(1028,"2021-11-03 17:33:55","170.455"),
(941,"2021-11-04 10:29:02","7000.000"),
(978,"2021-11-04 13:37:40","400.000"),
(992,"2021-11-04 13:54:02","238.506"),
(1004,"2021-11-04 14:30:12","1317.143"),
(978,"2021-11-06 09:09:40","300.000"),
(969,"2021-11-06 14:05:34","200.000"),
(949,"2021-11-06 14:10:20","932.000"),
(949,"2021-11-06 14:12:20","28.571"),
(931,"2021-11-06 14:51:06","1000.000"),
(1013,"2021-11-06 17:32:24","20.000"),
(1037,"2021-11-07 10:13:52","28.000"),
(986,"2021-11-07 11:10:42","6000.000"),
(937,"2021-11-07 15:09:47","220.000"),
(937,"2021-11-07 15:10:24","1.143"),
(964,"2021-11-07 15:11:01","213.000"),
(942,"2021-11-07 17:02:10","1000.000"),
(942,"2021-11-07 17:03:06","2000.000"),
(964,"2021-11-07 17:59:20","1200.000"),
(978,"2021-11-08 09:48:17","700.000"),
(1004,"2021-10-28 11:00:15","1313.114"),
(1004,"2021-11-08 15:26:36","1000.000"),
(980,"2021-11-08 17:07:09","11250.000"),
(1032,"2021-11-08 19:06:34","10000.000"),
(972,"2021-11-09 11:45:00","50.000"),
(1014,"2021-11-09 13:19:55","830.000"),
(960,"2021-11-09 14:41:29","100.000"),
(960,"2021-11-09 14:43:19","400.000"),
(943,"2021-11-10 10:03:30","2000.000"),
(943,"2021-11-10 10:04:21","1000.000"),
(1017,"2021-11-10 11:14:30","5015.000"),
(979,"2021-11-10 11:14:55","7000.000"),
(978,"2021-11-09 12:23:14","300.000"),
(1039,"2021-11-10 13:41:58","1000.000"),
(931,"2021-11-10 14:50:58","1000.000"),
(932,"2021-11-10 14:56:25","1000.000"),
(964,"2021-11-10 15:02:48","487.000"),
(941,"2021-11-11 12:19:36","5000.000"),
(941,"2021-11-11 13:50:48","142.857"),
(964,"2021-11-11 14:54:12","100.000"),
(970,"2021-11-11 22:16:19","3600.000"),
(970,"2021-11-11 22:16:50","10.000"),
(978,"2021-11-13 09:23:21","1100.000"),
(942,"2021-11-13 12:25:43","2700.000"),
(996,"2021-11-14 10:17:23","500.000"),
(960,"2021-11-14 10:17:42","700.000"),
(938,"2021-11-14 12:57:02","1160.000"),
(1024,"2021-11-15 11:29:10","297.143"),
(943,"2021-11-15 13:17:02","1125.000"),
(1034,"2021-11-15 20:25:02","1100.000"),
(1007,"2021-11-16 16:45:15","10000.000"),
(978,"2021-11-17 09:40:28","300.000"),
(948,"2021-11-17 13:00:02","100.000"),
(960,"2021-11-17 13:48:32","400.000"),
(931,"2021-11-17 14:39:37","1550.000"),
(1029,"2021-11-17 15:35:26","10000.000"),
(945,"2021-11-17 19:25:40","2500.000"),
(978,"2021-11-18 09:50:51","300.000"),
(994,"2021-11-18 10:30:07","276.705"),
(994,"2021-11-18 10:30:54","200.000"),
(979,"2021-11-18 10:34:23","3000.000"),
(1003,"2021-11-18 12:50:34","500.000"),
(1026,"2021-11-18 13:48:19","1500.000"),
(930,"2021-11-18 15:41:13","2000.000"),
(941,"2021-11-18 15:41:38","15000.000"),
(966,"2021-11-18 16:27:53","40000.000"),
(977,"2021-11-18 20:50:41","2700.000"),
(932,"2021-11-18 20:58:51","40000.000"),
(943,"2021-11-20 14:42:46","2000.000"),
(978,"2021-11-22 10:27:13","300.000"),
(1024,"2021-11-22 16:11:34","500.000"),
(942,"2021-11-23 12:35:20","2000.000"),
(1003,"2021-11-23 13:51:00","60.000"),
(960,"2021-11-24 10:36:42","900.000"),
(960,"2021-11-24 10:37:10","100.000"),
(941,"2021-11-24 11:46:26","7151.030"),
(951,"2021-11-24 13:35:52","322.857"),
(941,"2021-11-25 10:59:42","7000.000"),
(1019,"2021-11-25 11:11:35","100.000"),
(972,"2021-11-25 12:12:30","530.000"),
(972,"2021-11-25 12:12:55","10.000"),
(931,"2021-11-27 13:20:49","1100.000"),
(1003,"2021-11-25 13:24:56","5.714"),
(1004,"2021-11-27 14:14:40","720.000"),
(942,"2021-11-28 15:11:55","1200.000"),
(1032,"2021-11-28 22:46:32","1750.000"),
(1039,"2021-11-29 13:17:41","378.857"),
(1040,"2021-11-30 14:50:12","255.429"),
(978,"2021-12-01 09:16:31","300.000"),
(960,"2021-12-02 11:47:23","100.000"),
(960,"2021-12-02 11:47:52","500.000"),
(941,"2021-12-02 13:03:20","10000.000"),
(1042,"2021-12-04 13:03:29","652.571"),
(1006,"2021-12-04 19:00:28","80000.000"),
(960,"2021-12-05 13:30:23","777.000"),
(972,"2021-12-05 14:27:27","400.000"),
(972,"2021-12-05 14:28:29","41.000"),
(972,"2021-12-05 14:28:58","1500.000"),
(972,"2021-12-05 14:29:20","1000.000"),
(929,"2021-12-05 15:00:24","180.000"),
(996,"2021-12-05 10:16:21","23.000"),
(978,"2021-12-06 12:15:56","300.000"),
(1043,"2021-12-07 11:31:02","8.571"),
(1035,"2021-12-07 14:04:30","674.857"),
(951,"2021-12-08 11:57:15","280.000"),
(957,"2021-12-08 12:25:11","400.000"),
(957,"2021-12-08 12:25:41","49.714"),
(1001,"2021-12-08 11:35:39","100.000"),
(1001,"2021-12-08 11:36:05","53.714"),
(959,"2021-12-09 12:39:13","970.000"),
(959,"2021-12-09 12:39:29","1.000"),
(986,"2021-12-09 13:06:53","500.000"),
(986,"2021-12-09 13:07:12","36.000"),
(996,"2021-12-09 14:11:32","430.000"),
(1024,"2021-12-11 11:36:35","300.000"),
(1044,"2021-12-11 11:52:30","5000.000"),
(942,"2021-12-11 13:51:55","100.000"),
(978,"2021-12-12 08:22:13","300.000"),
(972,"2021-12-14 11:14:52","1500.000"),
(972,"2021-12-14 11:15:11","500.000"),
(980,"2021-12-14 11:16:04","1600.000"),
(1019,"2021-12-14 12:01:08","30.000"),
(1019,"2021-12-14 12:01:28","20.000"),
(943,"2021-12-14 14:01:49","2000.000"),
(1044,"2021-12-14 15:10:37","1900.000"),
(1044,"2021-12-14 15:11:00","100.000"),
(943,"2021-12-15 13:37:18","3000.000"),
(1045,"2021-12-16 11:30:15","74.857"),
(1046,"2021-12-16 14:27:03","3971.631"),
(938,"2021-12-16 15:49:28","500.000"),
(1046,"2021-12-16 11:55:00","678.000"),
(959,"2021-12-18 12:03:42","355.000"),
(1044,"2021-12-16 12:39:36","1000.000"),
(1044,"2021-12-19 14:17:06","1014.286"),
(1007,"2021-12-19 10:44:21","1000.000"),
(962,"2021-12-20 10:44:53","142.857"),
(943,"2021-12-20 12:23:36","1714.286"),
(978,"2021-12-21 08:51:38","300.000"),
(972,"2021-12-21 10:59:42","500.000"),
(980,"2021-12-21 16:10:28","260.000"),
(1051,"2021-12-22 12:17:56","2984.000"),
(943,"2021-12-22 13:04:24","1225.000"),
(1039,"2021-12-22 15:50:40","527.778"),
(943,"2021-12-22 16:34:39","1800.000"),
(1044,"2021-12-22 08:40:27","1000.000"),
(1004,"2021-12-23 13:04:07","15.000"),
(1004,"2021-12-23 13:04:38","2485.000"),
(936,"2021-12-23 19:04:12","5000.000"),
(1042,"2021-12-25 11:32:54","3400.000"),
(1042,"2021-12-25 11:33:38","34.722"),
(943,"2021-12-25 12:53:00","1100.000"),
(1008,"2021-12-25 13:19:51","1111.111"),
(1016,"2021-12-25 13:36:05","1040.000"),
(994,"2021-12-25 15:26:48","527.778"),
(962,"2021-12-26 12:10:51","1111.111"),
(994,"2021-12-26 13:48:17","400.000"),
(1069,"2021-12-26 13:55:20","6020.000"),
(1069,"2021-12-26 13:56:04","8.750"),
(994,"2021-12-27 12:49:49","1000.000"),
(1071,"2021-12-27 12:51:11","7600.000"),
(943,"2021-12-27 14:18:48","1000.000"),
(1008,"2021-12-27 15:30:32","700.000"),
(977,"2021-12-27 15:51:20","1620.000"),
(978,"2021-12-28 08:19:39","300.000"),
(1030,"2021-12-28 11:34:25","677.000"),
(994,"2021-12-28 15:01:58","250.000"),
(1062,"2021-12-29 08:34:18","2000.000"),
(962,"2021-12-29 11:48:42","12000.000"),
(1040,"2021-12-29 13:16:03","700.000"),
(1040,"2021-12-29 13:16:35","60.000"),
(956,"2021-12-29 15:18:30","8263.889"),
(956,"2021-12-29 15:19:04","2500.000"),
(1069,"2021-12-30 10:55:38","3421.000"),
(1069,"2021-12-30 10:56:12","3.889"),
(994,"2021-12-30 11:44:50","250.000"),
(994,"2021-12-30 12:01:26","100.000"),
(1004,"2021-12-30 14:33:47","431.944"),
(946,"2021-12-30 14:34:08","1200.000"),
(943,"2022-01-01 12:01:07","1600.000"),
(1075,"2021-12-30 13:52:28","358.000"),
(983,"2022-01-02 11:38:53","1458.889"),
(1016,"2022-01-02 12:21:14","480.000"),
(994,"2022-01-02 12:26:00","300.000"),
(994,"2022-01-02 12:27:30","300.000"),
(946,"2022-01-02 14:25:25","500.000"),
(972,"2022-01-02 14:46:20","1250.000"),
(962,"2022-01-03 11:43:18","2500.000"),
(960,"2022-01-03 12:44:24","300.000"),
(994,"2022-01-03 13:06:08","800.000"),
(946,"2022-01-03 15:26:38","700.000"),
(994,"2022-01-04 11:12:39","200.000"),
(994,"2022-01-04 11:15:30","300.000"),
(962,"2022-01-04 12:42:29","700.000"),
(1008,"2022-01-04 14:27:49","600.000"),
(1044,"2022-01-04 14:57:34","600.000"),
(938,"2022-01-05 12:34:23","3000.000"),
(938,"2022-01-05 12:38:12","930.000"),
(962,"2022-01-06 12:28:34","1767.000"),
(994,"2022-01-06 14:47:14","700.000"),
(978,"2022-01-08 10:45:19","277.778"),
(981,"2022-01-08 13:39:22","1000.000"),
(1017,"2022-01-08 15:48:01","10000.000"),
(994,"2022-01-10 11:13:27","527.778"),
(981,"2022-01-10 12:12:35","652.778"),
(1078,"2022-01-10 13:28:53","194.444"),
(959,"2022-01-10 14:01:51","600.000"),
(994,"2022-01-10 15:41:02","500.000"),
(1046,"2022-01-10 19:10:40","8215.556"),
(1062,"2022-01-11 09:20:42","1949.861"),
(989,"2022-01-11 13:01:55","6000.000"),
(1078,"2022-01-11 13:07:52","694.444"),
(986,"2022-01-11 13:34:36","2500.000"),
(1077,"2022-01-11 13:34:54","13.611"),
(1077,"2022-01-11 13:37:07","1050.000"),
(1069,"2022-01-11 13:45:48","2550.000"),
(1069,"2022-01-11 13:46:05","43.889"),
(943,"2022-01-11 13:48:33","600.000"),
(938,"2022-01-11 15:06:03","2000.000"),
(1044,"2022-01-11 15:28:36","585.000"),
(994,"2022-01-12 12:49:23","700.000"),
(1069,"2022-01-12 16:11:15","150.000"),
(1040,"2022-01-13 08:37:51","1300.000"),
(1033,"2022-01-13 11:03:48","1370.000"),
(994,"2022-01-13 11:40:57","800.000"),
(959,"2022-01-13 14:14:59","110.000"),
(946,"2022-01-13 14:44:29","1300.000"),
(930,"2022-01-13 15:22:12","2424.000"),
(1044,"2022-01-15 12:50:04","500.000"),
(933,"2022-01-15 13:12:39","100.000"),
(931,"2022-01-15 14:46:41","1200.000"),
(980,"2022-01-15 15:11:24","4730.000"),
(956,"2022-01-15 15:37:31","1826.000"),
(943,"2022-01-16 12:15:00","950.000"),
(943,"2022-01-16 12:18:43","750.000"),
(978,"2022-01-16 17:49:10","300.000"),
(1030,"2022-01-17 11:07:18","400.000"),
(1030,"2022-01-17 11:07:46","273.056"),
(994,"2022-01-17 12:50:39","1400.000"),
(946,"2022-01-18 11:13:33","1000.000"),
(994,"2022-01-18 15:21:45","300.000"),
(994,"2022-01-18 15:25:43","500.000"),
(1078,"2022-01-20 13:40:34","662.778"),
(1051,"2022-01-22 11:04:07","2500.000"),
(986,"2022-01-22 11:06:04","2120.000"),
(986,"2022-01-22 11:06:35","2.917"),
(943,"2022-01-22 11:55:39","1200.000"),
(1046,"2022-01-22 16:53:12","4510.000"),
(958,"2022-01-23 11:16:07","1000.000"),
(1078,"2022-01-23 12:43:08","833.333"),
(946,"2022-01-23 13:46:22","500.000"),
(946,"2022-01-23 13:47:36","31.667"),
(994,"2022-01-23 14:35:46","900.000"),
(994,"2022-01-23 14:36:45","1111.111"),
(960,"2022-01-23 14:49:52","400.000"),
(1076,"2022-01-23 15:36:47","220.000"),
(946,"2022-01-24 13:51:12","800.000"),
(931,"2022-01-24 13:58:09","80.000"),
(931,"2022-01-24 13:58:25","5.556"),
(1044,"2022-01-24 14:41:50","1000.000"),
(1078,"2022-01-24 14:53:15","300.000"),
(1017,"2022-01-25 11:35:36","6600.000"),
(943,"2022-01-25 14:24:42","1400.000"),
(943,"2022-01-25 14:25:48","300.000"),
(943,"2022-01-25 14:27:35","300.000"),
(1017,"2022-01-26 09:26:13","20000.000"),
(978,"2022-01-26 10:40:47","210.000"),
(949,"2022-01-26 14:40:02","408.472"),
(994,"2022-01-27 11:24:59","300.000"),
(994,"2022-01-27 11:25:48","800.000"),
(1078,"2022-01-27 13:03:54","1180.556"),
(970,"2022-01-27 20:47:23","3000.000"),
(970,"2022-01-27 20:49:01","1000.000"),
(1029,"2022-01-28 23:12:11","2550.000"),
(994,"2022-01-29 12:01:41","300.000"),
(994,"2022-01-29 12:02:48","200.000"),
(943,"2022-01-29 14:00:32","1550.000"),
(1013,"2022-01-30 12:52:56","161.111"),
(972,"2022-01-30 13:25:45","950.000"),
(1087,"2022-01-30 13:50:55","2777.778"),
(994,"2022-01-30 15:11:43","350.000"),
(994,"2022-01-30 15:13:08","800.000"),
(958,"2022-01-31 09:06:20","1600.000"),
(958,"2022-01-31 09:06:41","30.000"),
(1017,"2022-02-01 10:14:40","24900.000"),
(1017,"2022-02-01 16:33:51","100.000"),
(930,"2022-02-02 13:12:48","800.000"),
(994,"2022-02-03 13:20:39","1000.000"),
(994,"2022-02-03 13:41:09","78.889"),
(946,"2022-02-05 13:19:55","1500.000"),
(1078,"2022-02-05 13:20:08","55.556"),
(943,"2022-02-05 14:34:24","875.000"),
(943,"2022-02-05 14:52:02","700.000"),
(943,"2022-02-06 14:10:34","1200.000"),
(1017,"2022-02-06 14:27:44","10000.000"),
(994,"2022-02-07 15:40:30","400.000"),
(994,"2022-02-07 15:41:21","100.000"),
(943,"2022-02-08 15:15:32","600.000"),
(978,"2022-02-09 09:12:42","150.000"),
(943,"2022-02-10 12:18:30","1000.000"),
(944,"2022-02-13 11:37:33","7000.000"),
(946,"2022-02-13 11:37:58","1100.000"),
(1078,"2022-02-13 12:06:29","944.444"),
(960,"2022-02-13 13:01:13","550.000"),
(960,"2022-02-13 13:03:09","100.000"),
(996,"2022-02-13 13:03:20","500.000"),
(945,"2022-02-13 14:54:51","300.000"),
(945,"2022-02-13 14:55:13","16.667"),
(1089,"2022-02-13 15:35:33","1847.222"),
(943,"2022-02-17 14:56:07","2250.000"),
(1091,"2022-02-17 13:57:13","7796.000"),
(1090,"2022-02-17 14:27:10","50000.000"),
(980,"2022-02-17 15:03:16","8970.000"),
(992,"2022-02-17 16:28:08","848.000"),
(994,"2022-02-19 14:11:08","833.333"),
(944,"2022-02-20 09:39:35","6800.000"),
(960,"2022-02-20 11:12:41","1000.000"),
(1062,"2022-02-23 09:55:09","75.000"),
(1062,"2022-02-23 09:55:44","55.556"),
(943,"2022-02-23 13:02:44","1800.000"),
(943,"2022-02-24 13:45:03","850.000"),
(960,"2022-02-24 14:20:02","850.000"),
(1078,"2022-02-24 16:26:27","328.767"),
(1094,"2022-02-24 16:27:01","958.904"),
(994,"2022-02-26 10:20:07","200.000"),
(994,"2022-02-26 10:24:36","273.224"),
(1093,"2022-02-26 13:19:14","567.896"),
(1090,"2022-02-26 13:41:53","8263.000"),
(1046,"2022-02-26 19:30:04","15000.000"),
(1017,"2022-02-27 11:11:29","10000.000"),
(937,"2022-02-27 11:31:17","1500.000"),
(1028,"2022-02-27 11:51:01","380.435"),
(996,"2022-02-27 12:01:27","500.000"),
(1025,"2022-02-27 13:00:37","6400.000"),
(960,"2022-02-27 15:17:31","272.480"),
(944,"2022-02-27 15:20:51","4280.000"),
(978,"2022-02-28 15:54:18","210.000"),
(1094,"2022-02-28 16:24:55","435.967"),
(1091,"2022-02-28 18:01:39","8600.000"),
(968,"2022-03-01 11:38:33","1035.422"),
(1028,"2022-03-01 12:39:56","269.755"),
(943,"2022-03-01 14:04:05","1000.000"),
(943,"2022-03-01 14:04:35","351.351"),
(1087,"2022-03-01 15:26:46","2725.000"),
(996,"2022-03-02 15:52:16","500.000"),
(1011,"2022-03-03 12:33:32","1000.000"),
(964,"2022-03-03 13:04:06","600.000"),
(994,"2022-03-05 13:45:03","500.000"),
(994,"2022-03-05 13:45:42","524.934"),
(960,"2022-03-05 14:35:43","524.934"),
(996,"2022-03-05 14:36:23","400.000"),
(1017,"2022-03-06 20:36:34","15000.000"),
(1028,"2022-03-09 13:29:10","267.815"),
(1088,"2022-03-09 13:34:35","4100.000"),
(1078,"2022-03-09 14:10:06","117.922"),
(944,"2022-03-09 15:53:13","5020.000"),
(960,"2022-03-10 11:07:17","1000.000"),
(939,"2022-03-10 13:12:44","810.000"),
(1011,"2022-03-10 14:16:26","1410.256"),
(1087,"2022-03-10 16:48:00","2805.000"),
(1088,"2022-03-12 12:48:06","6000.000"),
(994,"2022-03-12 15:28:11","382.166"),
(1088,"2022-03-13 13:38:40","10000.000"),
(1017,"2022-03-14 10:55:46","15000.000"),
(1088,"2022-03-15 12:40:50","3500.000"),
(1101,"2022-03-15 12:45:14","1300.000"),
(1017,"2022-03-15 13:06:08","9810.000"),
(1102,"2022-03-15 13:58:37","500.000"),
(1102,"2022-03-15 13:59:48","30.000"),
(1085,"2022-03-15 14:28:05","400.000"),
(957,"2022-03-16 11:24:10","2025.316"),
(972,"2022-03-16 13:02:35","450.000"),
(972,"2022-03-16 13:18:43","398.205"),
(968,"2022-03-16 14:07:51","2000.000"),
(959,"2022-03-16 14:52:23","10000.000"),
(1101,"2022-03-16 15:01:44","1700.000"),
(939,"2022-03-17 10:59:13","200.000"),
(939,"2022-03-17 11:00:07","29.937"),
(994,"2022-03-17 12:15:17","1000.000"),
(937,"2022-03-17 12:43:46","1000.000"),
(1100,"2022-03-17 14:46:56","8000.000"),
(960,"2022-03-17 14:48:01","500.000"),
(1101,"2022-03-17 15:11:34","1000.000"),
(954,"2022-03-19 09:19:23","8000.000"),
(994,"2022-03-19 12:04:39","600.000"),
(994,"2022-03-19 12:05:15","449.367"),
(959,"2022-03-19 12:33:09","5000.000"),
(1100,"2022-03-19 14:59:28","5000.000"),
(996,"2022-03-19 15:19:35","500.000"),
(994,"2022-03-20 14:03:16","500.000"),
(981,"2022-03-20 14:52:30","653.595"),
(943,"2022-03-20 15:17:56","800.000"),
(943,"2022-03-20 15:33:35","300.000"),
(1102,"2022-03-21 10:18:52","815.000"),
(960,"2022-03-21 11:24:28","500.000"),
(981,"2022-03-21 12:14:54","108.497"),
(1036,"2022-03-21 12:35:38","2000.000"),
(1104,"2022-03-21 12:55:19","1818.182"),
(1104,"2022-03-21 12:57:06","700.000"),
(994,"2022-03-21 14:44:16","1000.000"),
(1001,"2022-03-21 19:37:15","500.000"),
(957,"2022-03-22 12:12:41","10000.000"),
(1088,"2022-03-22 13:34:02","229.870"),
(946,"2022-03-22 14:07:12","800.000"),
(959,"2022-03-22 14:25:51","1400.000"),
(1101,"2022-03-22 15:12:55","1250.000"),
(955,"2022-03-22 17:03:34","88.312"),
(939,"2022-03-23 12:47:49","1100.000"),
(939,"2022-03-23 12:48:14","500.128"),
(937,"2022-03-23 14:47:56","996.169"),
(1100,"2022-03-23 15:35:26","700.000"),
(939,"2022-03-24 11:16:04","374.169"),
(972,"2022-03-24 11:31:58","1222.930"),
(972,"2022-03-24 12:55:50","25.000"),
(1104,"2022-03-24 14:21:01","1040.000"),
(1028,"2022-03-24 17:03:21","253.165"),
(984,"2022-03-26 15:03:19","84.810"),
(957,"2022-03-27 09:51:57","2500.000"),
(957,"2022-03-27 09:53:43","1400.000"),
(994,"2022-03-27 11:43:56","1700.000"),
(957,"2022-03-27 13:14:02","3700.000"),
(930,"2022-03-27 15:33:37","3500.000"),
(1106,"2022-03-28 10:27:24","144.304"),
(959,"2022-03-28 12:21:24","700.000"),
(937,"2022-03-28 13:32:07","987.342"),
(943,"2022-03-29 12:34:59","1000.000"),
(994,"2022-03-29 14:05:31","900.637"),
(994,"2022-03-29 14:08:59","100.000"),
(939,"2022-03-29 14:59:57","919.745"),
(994,"2022-03-30 10:55:46","1000.000"),
(1101,"2022-03-30 14:07:27","900.000"),
(972,"2022-03-31 11:11:53","400.000"),
(1085,"2022-03-31 11:24:02","2000.000"),
(941,"2022-03-31 11:50:37","5000.000"),
(960,"2022-03-31 13:57:20","800.000"),
(996,"2022-03-31 13:58:41","250.000"),
(996,"2022-03-31 14:00:18","12.739"),
(1093,"2022-03-31 15:39:37","1500.000"),
(1093,"2022-03-31 15:41:33","84.076"),
(1036,"2022-04-02 12:10:26","900.000"),
(1028,"2022-04-02 14:17:24","310.000"),
(1028,"2022-04-02 14:20:54","2.025"),
(952,"2022-04-03 13:38:19","129.534"),
(1011,"2022-04-03 14:43:08","700.000"),
(1011,"2022-04-03 14:45:23","1326.013"),
(1001,"2022-04-03 14:57:14","1298.701"),
(1007,"2022-04-03 19:26:21","4000.000"),
(1023,"2022-04-04 12:03:45","1379.896"),
(952,"2022-04-04 12:53:36","130.548"),
(1078,"2022-04-05 14:12:25","1000.000"),
(972,"2022-04-06 12:27:47","550.000"),
(972,"2022-04-06 12:28:09","449.936"),
(994,"2022-04-06 14:06:15","322.293"),
(994,"2022-04-06 14:11:05","500.000"),
(1101,"2022-04-07 12:26:14","600.000"),
(946,"2022-04-07 15:23:56","186.752"),
(1001,"2022-04-07 17:21:54","600.000"),
(1087,"2022-04-07 21:31:51","5000.000"),
(954,"2022-04-09 10:57:47","1455.897"),
(1016,"2022-04-09 13:24:32","230.000"),
(1016,"2022-04-09 13:24:56","2.025"),
(1011,"2022-04-09 14:39:17","1900.000"),
(941,"2022-04-09 15:19:03","5000.000"),
(1078,"2022-04-09 21:03:10","1089.744"),
(1016,"2022-04-10 10:54:37","400.000"),
(931,"2022-04-10 14:57:19","1400.000"),
(1039,"2022-04-11 06:57:26","500.000"),
(933,"2022-04-11 11:13:08","420.000"),
(933,"2022-04-11 11:13:31","20.000"),
(1001,"2022-04-11 12:46:52","1740.000"),
(1036,"2022-04-11 14:31:20","1200.000"),
(931,"2022-04-11 15:14:18","350.000"),
(931,"2022-04-11 15:18:46","4.872"),
(957,"2022-04-11 15:51:33","3069.054"),
(980,"2022-04-11 16:54:41","7040.000"),
(994,"2022-04-12 12:27:34","510.204"),
(1044,"2022-04-12 15:39:52","1472.449"),
(957,"2022-04-13 10:19:41","6400.000"),
(994,"2022-04-13 12:02:40","255.102"),
(1085,"2022-04-13 12:20:28","25.510"),
(1044,"2022-04-13 13:12:23","127.551"),
(952,"2022-04-14 13:09:38","255.102"),
(1107,"2022-04-14 14:21:17","508.906"),
(974,"2022-04-14 14:48:04","814.249"),
(974,"2022-04-14 14:48:37","100.000"),
(974,"2022-04-16 11:02:23","407.125"),
(972,"2022-04-16 13:35:14","682.803"),
(957,"2022-04-17 11:24:59","1518.987"),
(994,"2022-04-17 11:54:25","500.000"),
(994,"2022-04-17 11:55:30","187.342"),
(1101,"2022-04-17 13:12:50","1080.000"),
(1101,"2022-04-17 13:14:16","16.962"),
(957,"2022-04-17 14:13:39","2278.481"),
(977,"2022-04-18 00:56:13","5282.051"),
(1007,"2022-04-18 03:56:16","1700.000"),
(994,"2022-04-18 12:31:34","100.000"),
(994,"2022-04-18 12:32:24","42.803"),
(1036,"2022-04-19 10:38:13","1250.000"),
(1000,"2022-04-19 12:58:17","101.266"),
(1107,"2022-04-19 14:31:46","757.995"),
(1006,"2022-04-20 12:10:12","6500.000"),
(962,"2022-04-23 14:27:14","5000.000"),
(994,"2022-04-24 13:56:20","985.567"),
(1087,"2022-04-24 21:24:44","3900.000"),
(957,"2022-04-25 13:30:40","4000.000"),
(1108,"2022-04-26 12:07:50","632.911"),
(1078,"2022-04-26 22:46:54","779.221"),
(974,"2022-04-28 11:33:16","193.299"),
(1087,"2022-04-28 22:50:34","2103.000"),
(1085,"2022-05-01 13:59:36","1000.000"),
(957,"2022-05-01 14:01:47","5000.000"),
(943,"2022-05-07 14:53:40","1424.808"),
(974,"2022-05-07 16:00:56","1102.564"),
(1085,"2022-05-08 14:42:39","800.254"),
(1006,"2022-05-08 21:40:19","1570.000"),
(994,"2022-05-10 13:23:55","1000.000"),
(931,"2022-05-11 14:38:41","1000.000"),
(1001,"2022-05-12 09:55:47","620.000"),
(1109,"2022-05-12 10:24:48","2500.000"),
(960,"2022-05-12 13:39:56","324.810"),
(1078,"2022-05-13 13:26:02","200.000"),
(1078,"2022-05-13 13:31:07","78.481"),
(1109,"2022-05-14 12:31:19","1259.446"),
(960,"2022-05-14 15:09:19","667.506"),
(1110,"2022-05-14 22:53:20","875.000"),
(1103,"2022-05-15 09:30:59","4030.227"),
(931,"2022-05-15 12:53:18","720.000"),
(1111,"2022-05-15 13:36:27","200.000"),
(1035,"2022-05-15 15:30:11","1005.025"),
(1109,"2022-05-16 10:02:24","814.536"),
(966,"2022-05-16 11:30:24","1500.000"),
(1109,"2022-05-17 11:15:44","751.880"),
(1026,"2022-05-17 13:42:54","1500.000"),
(1111,"2022-05-17 15:41:18","678.392"),
(977,"2022-05-17 21:59:11","8400.000"),
(1112,"2022-05-18 10:42:51","5100.000"),
(943,"2022-05-18 14:07:30","450.000"),
(962,"2022-05-18 14:19:42","5000.000"),
(1035,"2022-05-19 11:04:59","1032.746"),
(1113,"2022-05-19 12:56:07","303.797"),
(1085,"2022-05-19 14:24:58","500.000"),
(1103,"2022-05-21 13:34:48","3045.570"),
(994,"2022-05-21 13:50:32","900.000"),
(994,"2022-05-21 13:52:31","800.000"),
(931,"2022-05-21 14:04:08","1300.000"),
(1114,"2022-05-21 14:45:25","28000.000"),
(1046,"2022-05-21 15:30:36","21425.316"),
(1046,"2022-05-21 15:31:04","10000.000"),
(977,"2022-05-21 20:53:19","6730.000"),
(1115,"2022-05-22 09:43:36","100.000"),
(1120,"2022-05-22 11:50:19","856.423");
INSERT INTO `equality_credits` VALUES (966,"2022-05-22 12:03:49","10000.000"),
(980,"2022-05-22 17:06:00","7568.000"),
(977,"2022-05-22 22:14:08","6708.861"),
(1109,"2022-05-23 11:37:21","500.000"),
(1103,"2022-05-23 13:25:59","1376.721"),
(994,"2022-05-23 14:37:12","187.500"),
(994,"2022-05-23 14:38:08","550.000"),
(960,"2022-05-23 14:40:00","1000.000"),
(1109,"2022-05-24 11:35:37","150.000"),
(930,"2022-05-24 13:38:41","1800.000"),
(1011,"2022-05-25 14:36:43","1000.000"),
(966,"2022-05-26 11:20:18","5000.000"),
(1018,"2022-05-26 12:03:41","2000.000"),
(1018,"2022-05-26 12:06:53","1000.000"),
(1071,"2022-05-26 12:09:40","2200.000"),
(1085,"2022-05-26 14:22:18","1000.000"),
(931,"2022-05-26 14:30:15","270.000"),
(966,"2022-05-29 11:57:20","5000.000"),
(970,"2022-05-29 12:32:39","1000.000"),
(970,"2022-05-29 12:33:29","1525.000"),
(970,"2022-05-29 14:11:00","4500.000"),
(957,"2022-05-29 15:11:48","1500.000"),
(984,"2022-05-29 15:43:07","184.500"),
(1121,"2022-05-29 15:45:48","82.250"),
(941,"2022-05-30 12:41:04","2500.000"),
(960,"2022-05-30 13:56:11","500.000"),
(1109,"2022-06-01 13:46:30","1253.133"),
(1109,"2022-06-01 13:54:18","17.544"),
(957,"2022-06-01 14:05:56","1453.634"),
(966,"2022-06-02 12:21:40","5000.000"),
(1102,"2022-06-04 09:48:48","1500.000"),
(1102,"2022-06-04 09:49:07","275.689"),
(970,"2022-06-04 12:13:39","4980.000"),
(994,"2022-06-04 14:46:14","400.000"),
(994,"2022-06-04 14:50:48","100.000"),
(931,"2022-06-04 15:05:25","900.000"),
(1001,"2022-06-05 11:52:22","1000.000"),
(1085,"2022-06-05 12:16:15","1700.000"),
(1018,"2022-06-05 12:45:13","2000.000"),
(1007,"2022-06-05 13:32:13","800.000"),
(1026,"2022-06-05 13:47:40","1000.000"),
(1111,"2022-06-05 14:58:56","660.000"),
(1111,"2022-06-05 14:59:44","80.000"),
(941,"2022-06-05 16:58:29","3000.000"),
(989,"2022-06-06 12:09:55","3200.000"),
(943,"2022-06-06 13:13:13","2000.000"),
(931,"2022-06-06 14:18:27","2520.000"),
(966,"2022-06-06 14:25:37","1600.000"),
(957,"2022-06-06 14:37:05","1500.000"),
(994,"2022-06-06 15:43:11","1400.000"),
(1124,"2022-06-08 08:54:38","11000.000"),
(970,"2022-06-08 09:41:28","800.000"),
(989,"2022-06-08 11:04:47","1300.000"),
(989,"2022-06-08 11:05:14","40.000"),
(994,"2022-06-08 15:23:59","1300.000"),
(994,"2022-06-08 15:25:46","617.000"),
(1109,"2022-06-09 11:13:55","125.000"),
(943,"2022-06-09 15:13:19","843.250"),
(969,"2022-06-09 20:07:15","2500.000"),
(1109,"2022-06-12 10:43:36","375.000"),
(1036,"2022-06-12 13:44:27","1000.000"),
(1036,"2022-06-12 13:45:21","100.000"),
(1102,"2022-06-12 13:51:56","1760.050"),
(960,"2022-06-13 13:19:43","1000.000"),
(957,"2022-06-13 15:50:41","1374.000"),
(941,"2022-06-13 16:10:18","3000.000"),
(984,"2022-06-14 11:53:13","160.000"),
(966,"2022-06-14 11:54:11","3000.000"),
(1128,"2022-06-14 13:52:58","1250.000"),
(1128,"2022-06-14 13:56:59","350.000"),
(980,"2022-06-14 15:39:34","3100.000"),
(1036,"2022-06-14 15:40:32","195.000"),
(1026,"2022-06-15 11:02:17","2000.000"),
(980,"2022-06-15 11:54:14","3000.000"),
(981,"2022-06-15 13:02:07","200.000"),
(981,"2022-06-15 13:03:04","53.000"),
(980,"2022-06-15 16:33:29","5193.000"),
(969,"2022-06-16 12:16:01","320.000"),
(969,"2022-06-16 12:16:46","10.000"),
(931,"2022-06-16 12:59:33","50.000"),
(974,"2022-06-16 13:33:33","1250.000"),
(957,"2022-06-16 14:42:01","770.000"),
(957,"2022-06-16 14:43:05","18.000"),
(964,"2022-06-16 15:31:59","1900.000"),
(964,"2022-06-16 15:32:33","1015.000"),
(966,"2022-06-16 15:40:16","486.375"),
(974,"2022-06-18 15:40:44","625.000"),
(1102,"2022-06-19 11:27:31","1500.000"),
(1001,"2022-06-19 12:30:08","1000.000"),
(1001,"2022-06-19 12:31:26","500.000"),
(1102,"2022-06-19 12:35:55","228.000"),
(972,"2022-06-19 12:36:19","335.000"),
(972,"2022-06-19 12:36:47","565.000"),
(931,"2022-06-19 13:16:52","875.000"),
(968,"2022-06-20 14:28:27","200.000"),
(968,"2022-06-20 14:29:02","179.000"),
(966,"2022-06-20 14:43:04","2000.000"),
(966,"2022-06-20 14:44:16","1000.000"),
(974,"2022-06-20 14:47:08","1000.000"),
(1042,"2022-06-20 15:31:41","1750.000"),
(1089,"2022-06-20 16:21:54","2020.000"),
(1130,"2022-06-20 22:23:35","800.000"),
(1131,"2022-06-21 09:25:32","100.000"),
(966,"2022-06-21 11:08:27","2000.000"),
(960,"2022-06-21 13:33:43","1000.000"),
(1042,"2022-06-21 13:40:48","214.500"),
(1132,"2022-06-22 16:13:59","3500.000"),
(1026,"2022-06-23 10:59:35","1000.000"),
(1132,"2022-06-23 11:59:53","1566.000"),
(1036,"2022-06-23 13:20:07","1500.000"),
(974,"2022-06-23 14:46:00","250.000"),
(966,"2022-06-23 15:52:35","986.625"),
(966,"2022-06-23 15:54:14","0.875"),
(980,"2022-06-23 19:04:38","10000.000"),
(1128,"2022-06-24 11:43:32","1500.125"),
(1130,"2022-06-23 13:50:01","2260.000"),
(931,"2022-06-25 15:44:21","276.000"),
(969,"2022-06-25 16:29:08","750.000"),
(968,"2022-06-25 16:45:44","150.000"),
(974,"2022-06-26 11:00:35","1375.000"),
(1018,"2022-06-26 12:08:05","4600.000"),
(1018,"2022-06-26 12:09:10","375.000"),
(1128,"2022-06-26 23:01:51","100.000"),
(1127,"2022-06-26 23:03:43","84.000"),
(969,"2022-06-27 13:35:38","894.000"),
(966,"2022-06-27 15:39:18","1400.000"),
(1133,"2022-06-27 20:41:39","1150.000"),
(1102,"2022-06-28 09:46:10","4210.000"),
(1102,"2022-06-28 09:47:37","4.750"),
(1131,"2022-06-28 10:58:34","100.000"),
(974,"2022-06-28 11:27:42","341.000"),
(1134,"2022-06-27 12:00:41","100.000"),
(1134,"2022-06-28 12:01:21","25.000"),
(1036,"2022-06-28 14:13:28","910.000"),
(1133,"2022-06-28 23:39:11","1700.000"),
(931,"2022-06-29 12:17:52","230.000"),
(1109,"2022-06-30 10:06:22","300.000"),
(1135,"2022-06-30 15:05:45","500.000"),
(958,"2022-07-02 10:26:58","540.000"),
(980,"2022-07-02 12:16:47","7825.000"),
(980,"2022-07-02 16:53:03","100.000"),
(1036,"2022-07-03 10:38:31","1000.000"),
(1109,"2022-07-04 11:34:50","248.756"),
(958,"2022-07-04 14:25:39","100.000"),
(958,"2022-07-04 14:25:55","18.000"),
(980,"2022-07-04 17:26:56","4975.124"),
(1135,"2022-07-07 13:25:14","1000.000"),
(980,"2022-07-07 15:34:57","1143.000"),
(1128,"2022-07-16 15:29:55","2378.875"),
(1109,"2022-07-17 14:55:06","175.000"),
(972,"2022-07-17 14:56:26","500.000"),
(972,"2022-07-17 14:57:14","500.000"),
(1018,"2022-07-18 12:57:52","450.000"),
(1128,"2022-07-18 14:53:38","1750.000"),
(931,"2022-07-18 15:17:26","130.000"),
(1035,"2022-07-19 13:31:57","1125.000"),
(949,"2022-07-19 15:34:48","3560.000"),
(949,"2022-07-19 15:37:30","312.000"),
(1128,"2022-07-20 15:32:14","245.000"),
(972,"2022-07-21 19:11:14","976.551"),
(1124,"2022-07-23 02:03:33","9900.000"),
(960,"2022-07-23 20:15:07","372.208"),
(960,"2022-07-24 13:27:01","500.000"),
(941,"2022-07-24 14:23:28","1631.117"),
(981,"2022-07-24 14:27:27","295.062"),
(1136,"2022-07-24 14:36:11","493.827"),
(1035,"2022-07-24 14:58:17","495.802"),
(931,"2022-07-26 12:57:46","350.000"),
(1019,"2022-07-26 12:58:36","50.000"),
(960,"2022-07-27 13:12:16","300.000"),
(1115,"2022-07-27 13:42:53","219.259"),
(992,"2022-07-27 13:55:07","855.422"),
(1137,"2022-07-27 15:26:01","385.185"),
(1109,"2022-07-28 10:52:17","300.000"),
(972,"2022-07-30 12:12:09","100.000"),
(972,"2022-07-30 12:12:26","317.703"),
(1138,"2022-07-31 10:01:39","45.933"),
(992,"2022-08-01 13:52:08","1124.940"),
(1128,"2022-08-01 17:30:21","904.819"),
(972,"2022-08-02 12:34:10","825.000"),
(972,"2022-08-02 12:34:49","238.095"),
(1046,"2022-08-02 15:21:13","904.819"),
(1019,"2022-08-04 13:27:06","75.943"),
(972,"2022-08-06 14:21:31","40.952"),
(972,"2022-08-06 14:23:57","500.000"),
(1035,"2022-08-07 13:28:26","941.176"),
(1140,"2022-08-07 15:51:17","1000.000"),
(1139,"2022-08-06 14:00:54","158.824"),
(1128,"2022-08-10 14:52:52","3000.000"),
(1115,"2022-08-11 12:21:22","11.765"),
(1140,"2022-08-11 13:56:28","105.018"),
(960,"2022-08-11 14:37:44","1500.000"),
(1109,"2022-08-11 14:50:34","122.353"),
(1115,"2022-08-13 12:26:30","33.333"),
(1136,"2022-08-13 13:32:29","590.930"),
(1136,"2022-08-13 13:32:58","100.000"),
(1128,"2022-08-14 15:06:06","640.416"),
(960,"2022-08-15 10:24:35","500.000"),
(1133,"2022-08-11 10:43:48","1050.353"),
(1035,"2022-08-15 11:15:45","1175.141"),
(984,"2022-08-15 13:32:25","330.296"),
(1140,"2022-08-15 18:25:46","800.000"),
(1026,"2022-08-16 12:50:37","3933.000"),
(1128,"2022-08-16 13:24:39","300.000"),
(1128,"2022-08-16 13:25:14","481.941"),
(1089,"2022-08-18 11:18:09","2249.832"),
(1019,"2022-08-18 13:22:11","100.000"),
(972,"2022-08-18 14:06:28","600.000"),
(972,"2022-08-18 14:07:35","222.222"),
(975,"2022-08-18 14:27:07","725.000"),
(975,"2022-08-18 14:28:01","75.000"),
(1140,"2022-08-18 16:20:41","2000.000"),
(1141,"2022-08-19 15:58:36","1892.000"),
(975,"2022-08-20 15:03:24","970.000"),
(975,"2022-08-20 15:05:04","25.934"),
(1140,"2022-08-23 15:41:55","1100.000"),
(1140,"2022-08-23 15:42:11","500.000"),
(1133,"2022-08-23 16:13:27","1500.000"),
(1133,"2022-08-23 16:14:09","311.457"),
(972,"2022-08-25 13:25:35","478.212"),
(931,"2022-08-27 14:02:33","71.910"),
(1035,"2022-08-28 13:11:49","1153.157"),
(1124,"2022-08-29 09:50:10","10000.000"),
(972,"2022-08-31 13:52:20","200.000"),
(1140,"2022-08-31 15:34:41","450.000"),
(972,"2022-08-31 15:35:34","200.000"),
(1133,"2022-09-01 09:49:29","1000.000"),
(1133,"2022-09-01 09:49:49","40.000"),
(984,"2022-09-04 14:56:59","500.000"),
(994,"2022-09-05 14:03:22","853.933"),
(994,"2022-09-05 14:04:57","900.000"),
(1128,"2022-09-05 10:22:49","1450.000"),
(1019,"2022-09-05 10:23:32","602.022"),
(1019,"2022-09-05 10:23:32","602.022"),
(1142,"2022-09-06 14:02:14","543.820"),
(1124,"2022-09-06 16:30:17","200.000"),
(1128,"2022-09-07 10:24:25","500.000"),
(931,"2022-09-08 15:26:49","850.000"),
(1104,"2022-09-10 10:21:30","1500.000"),
(1104,"2022-09-10 10:22:34","40.000"),
(972,"2022-09-10 13:43:50","900.000"),
(1128,"2022-09-11 11:19:02","1540.000"),
(1124,"2022-09-11 13:24:32","30000.000"),
(960,"2022-09-11 14:39:46","1000.000"),
(1104,"2022-09-12 12:22:47","29.787"),
(1104,"2022-09-12 12:23:44","1300.000"),
(984,"2022-09-12 12:24:12","85.393"),
(1017,"2022-09-12 12:24:44","2440.000"),
(1036,"2022-09-12 15:11:19","304.251"),
(960,"2022-09-13 15:42:31","1000.000"),
(1109,"2022-09-15 14:05:20","659.341"),
(1035,"2022-09-15 18:16:32","879.121"),
(1143,"2022-09-17 12:27:44","1798.242"),
(1109,"2022-09-17 15:36:06","329.670"),
(1109,"2022-09-20 10:15:28","329.670"),
(1109,"2022-09-20 17:52:26","274.725"),
(1104,"2022-09-21 10:13:23","1688.000"),
(1036,"2022-09-21 11:19:46","2113.000"),
(1036,"2022-09-21 11:35:48","49.890"),
(984,"2022-09-22 11:30:18","174.972"),
(1035,"2022-09-22 14:30:13","1098.901"),
(1109,"2022-09-22 15:33:27","527.473"),
(1036,"2022-09-21 10:17:17","790.000"),
(1109,"2022-09-24 15:18:31","217.391"),
(1109,"2022-09-26 14:35:26","1068.376"),
(994,"2022-09-27 15:32:01","300.000"),
(994,"2022-09-27 15:33:24","200.213"),
(931,"2022-09-27 15:39:11","314.894"),
(1109,"2022-09-28 15:24:41","625.000"),
(1005,"2022-09-29 13:42:34","200.000"),
(994,"2022-09-29 13:56:54","332.500"),
(1035,"2022-09-29 14:39:08","676.875"),
(1124,"2022-09-30 22:12:58","3000.000"),
(1109,"2022-10-01 12:36:48","208.333"),
(1144,"2022-10-01 13:19:54","520.833"),
(1143,"2022-10-02 13:13:52","9004.000"),
(1143,"2022-10-02 13:14:39","190.833"),
(941,"2022-10-03 15:44:57","570.000"),
(972,"2022-10-04 12:24:16","200.000"),
(972,"2022-10-04 12:24:35","36.975"),
(1109,"2022-10-05 15:58:35","100.000"),
(1115,"2022-10-06 09:47:50","131.250"),
(1017,"2022-10-06 11:17:21","2965.000"),
(1115,"2022-10-08 10:42:27","10.825"),
(1109,"2022-10-08 10:52:31","412.371"),
(1085,"2022-10-08 14:04:22","1193.814"),
(960,"2022-10-08 14:27:45","515.464"),
(1109,"2022-10-09 12:20:58","408.163"),
(1104,"2022-10-10 09:54:10","800.000"),
(1104,"2022-10-10 09:55:40","29.897"),
(960,"2022-10-10 15:51:36","214.898"),
(978,"2022-10-11 10:10:00","643.878"),
(1145,"2022-10-11 13:10:26","800.000"),
(1109,"2022-10-11 15:39:48","244.444"),
(931,"2022-10-12 10:03:22","810.000"),
(978,"2022-10-13 11:47:43","395.490"),
(941,"2022-10-13 13:03:56","700.000"),
(931,"2022-10-13 15:20:57","676.847"),
(941,"2022-10-13 15:54:30","100.000"),
(1017,"2022-10-15 10:56:49","1500.000"),
(994,"2022-10-15 13:45:43","400.000"),
(986,"2022-10-15 16:44:33","37500.000"),
(994,"2022-10-18 11:37:47","309.278");


DROP TABLE IF EXISTS `equality_debits`;

CREATE ALGORITHM=UNDEFINED DEFINER=`root`@`localhost` SQL SECURITY DEFINER VIEW `equality_debits` AS select `debits`.`CustomerID` AS `CustomerID`,`debits`.`date` AS `date`,round(`debits`.`value` * `equalities`.`value`,3) AS `value` from (`debits` join `equalities` on(`equalities`.`iD` = `debits`.`EqualitiesID`));

INSERT INTO `equality_debits` VALUES (932,"2021-07-31 02:37:00","1000.000"),
(932,"2021-07-31 04:01:32","4000.000"),
(932,"2021-08-01 11:42:33","2080.000"),
(932,"2021-08-01 04:20:59","1537.994"),
(932,"2021-08-01 04:27:29","7400.000"),
(932,"2021-08-01 04:28:48","1342.000"),
(962,"2021-08-01 05:09:01","100.000"),
(932,"2021-08-02 02:35:59","1635.802"),
(932,"2021-08-02 07:43:20","200.000"),
(932,"2021-08-02 07:44:01","800.000"),
(932,"2021-08-10 01:09:13","1453.049"),
(932,"2021-08-11 04:07:46","2785.061"),
(932,"2021-08-11 04:08:15","2745.000"),
(932,"2021-08-18 12:47:51","60.241"),
(932,"2021-08-18 16:06:18","10200.000"),
(932,"2021-08-18 16:06:55","2108.434"),
(932,"2021-08-19 00:45:42","29552.906"),
(932,"2021-08-19 00:48:43","2128.167"),
(932,"2021-08-21 16:58:35","2281.899"),
(932,"2021-08-23 14:18:01","1560.000"),
(932,"2021-08-23 15:46:00","1050.000"),
(932,"2021-08-23 16:02:04","748.225"),
(932,"2021-08-23 16:42:12","620.000"),
(968,"2021-08-23 23:53:15","16.324"),
(932,"2021-08-24 09:51:07","11701.170"),
(932,"2021-08-24 17:33:46","3300.000"),
(932,"2021-08-24 17:34:02","1161.765"),
(932,"2021-08-24 17:34:29","441.176"),
(932,"2021-08-24 17:39:07","4500.000"),
(966,"2021-08-26 14:31:46","2000.000"),
(932,"2021-08-26 15:44:31","6290.000"),
(932,"2021-08-28 14:23:33","4730.000"),
(932,"2021-08-28 16:13:55","5000.000"),
(932,"2021-08-28 16:28:10","675.000"),
(932,"2021-08-28 19:28:59","19800.000"),
(932,"2021-08-28 20:08:15","8850.000"),
(932,"2021-08-28 22:40:14","6000.000"),
(932,"2021-08-29 15:43:46","5000.000"),
(932,"2021-08-29 15:44:09","4069.767"),
(932,"2021-08-30 14:51:16","108.069"),
(932,"2021-08-30 16:50:32","4750.000"),
(932,"2021-08-31 13:46:36","3025.937"),
(932,"2021-09-01 09:07:44","800.000"),
(932,"2021-09-01 16:17:35","10100.000"),
(959,"2021-09-02 13:50:17","26.584"),
(932,"2021-09-02 15:56:04","2700.000"),
(932,"2021-09-02 15:56:35","100.000"),
(932,"2021-09-02 18:37:22","12160.000"),
(932,"2021-09-02 18:38:53","3000.000"),
(968,"2021-09-04 15:26:03","5.000"),
(932,"2021-09-04 15:27:00","8350.000"),
(932,"2021-09-04 15:28:42","200.000"),
(932,"2021-09-04 20:55:32","12336.000"),
(932,"2021-09-05 14:51:03","583.090"),
(932,"2021-09-05 16:49:11","5960.000"),
(932,"2021-09-05 16:49:48","200.000"),
(932,"2021-09-06 16:31:58","3400.000"),
(932,"2021-09-06 16:32:18","200.000"),
(932,"2021-09-06 00:33:23","2335.766"),
(932,"2021-09-07 13:34:42","540.000"),
(932,"2021-09-07 15:17:11","28.986"),
(932,"2021-09-07 17:05:18","5900.000"),
(932,"2021-09-08 14:15:16","2028.986"),
(932,"2021-09-08 14:15:33","1000.000"),
(932,"2021-09-08 15:21:51","1092.464"),
(932,"2021-09-08 15:24:49","7780.000"),
(932,"2021-09-09 14:12:46","6500.000"),
(932,"2021-09-09 15:40:32","488.506"),
(932,"2021-09-09 16:15:59","3000.000"),
(932,"2021-09-09 17:24:22","10000.000"),
(932,"2021-09-09 22:38:12","420.000"),
(966,"2021-09-09 22:38:32","5000.000"),
(932,"2021-09-11 15:19:27","8300.000"),
(932,"2021-09-11 20:48:13","5000.000"),
(932,"2021-09-12 21:48:31","4800.000"),
(932,"2021-09-12 23:20:28","1000.000"),
(932,"2021-09-13 14:48:03","3500.000"),
(932,"2021-09-13 14:48:22","1714.286"),
(932,"2021-09-13 08:47:30","1000.000"),
(995,"2021-09-14 14:21:14","1000.000"),
(997,"2021-09-16 15:35:48","727.143"),
(932,"2021-09-16 15:40:27","85.714"),
(932,"2021-09-16 17:30:25","300.000"),
(932,"2021-09-16 17:32:22","1371.429"),
(932,"2021-09-18 13:46:41","1800.000"),
(999,"2021-09-19 14:39:18","36.286"),
(932,"2021-09-19 23:53:16","4500.000"),
(932,"2021-09-19 00:52:54","20000.000"),
(964,"2021-09-20 12:52:08","2.000"),
(932,"2021-09-20 10:56:23","15280.000"),
(932,"2021-09-20 12:10:02","3142.857"),
(932,"2021-09-20 12:13:52","1300.000"),
(932,"2021-09-21 14:24:57","857.143"),
(932,"2021-09-21 14:42:16","4350.000"),
(932,"2021-09-21 14:42:35","857.143"),
(932,"2021-09-23 13:08:55","5000.000"),
(932,"2021-09-23 16:20:49","6100.000"),
(932,"2021-09-23 16:21:29","5100.000"),
(932,"2021-09-24 18:41:40","1000.000"),
(932,"2021-09-23 14:55:23","3628.571"),
(932,"2021-09-25 15:57:16","13570.000"),
(932,"2021-09-25 16:56:48","3450.000"),
(932,"2021-09-26 14:39:42","1700.000"),
(932,"2021-09-26 14:40:09","1500.000"),
(932,"2021-09-26 21:10:40","710.000"),
(932,"2021-09-27 15:58:44","7500.000"),
(948,"2021-09-28 14:46:26","100.000"),
(932,"2021-09-28 16:42:25","3654.000"),
(932,"2021-09-28 18:28:31","19200.000"),
(932,"2021-09-29 10:29:05","200.000"),
(932,"2021-09-29 10:29:19","142.045"),
(1007,"2021-09-29 11:14:46","145.977"),
(932,"2021-09-29 13:58:31","857.143"),
(932,"2021-09-29 22:12:50","2200.000"),
(932,"2021-10-01 16:32:33","2100.000"),
(932,"2021-10-01 16:34:31","27500.000"),
(932,"2021-10-01 16:36:43","1846.591"),
(932,"2021-10-02 15:10:59","2200.000"),
(932,"2021-10-02 15:11:17","8450.000"),
(949,"2021-10-03 14:40:56","7.450"),
(932,"2021-10-03 11:46:34","8400.000"),
(949,"2021-10-03 11:47:23","826.000"),
(932,"2021-10-04 16:23:32","5270.000"),
(932,"2021-10-04 16:26:33","1000.000"),
(932,"2021-10-05 19:55:55","7510.000"),
(932,"2021-10-06 15:09:17","284.091"),
(932,"2021-10-06 17:16:33","500.000"),
(974,"2021-10-07 15:16:15","33.000"),
(932,"2021-10-08 19:12:01","3800.000"),
(932,"2021-10-08 19:12:14","6720.000"),
(932,"2021-10-09 16:06:30","1292.000"),
(932,"2021-10-09 16:06:51","975.000"),
(932,"2021-10-09 20:37:12","825.000"),
(932,"2021-10-09 20:39:39","4450.000"),
(932,"2021-10-09 20:53:43","11000.000"),
(932,"2021-10-09 22:40:56","2000.000"),
(932,"2021-10-10 22:44:51","1500.000"),
(977,"2021-10-10 22:45:20","10.000"),
(932,"2021-10-10 14:35:31","600.000"),
(932,"2021-10-11 15:30:47","457.143"),
(932,"2021-10-11 15:32:20","396.714"),
(932,"2021-10-11 15:32:45","10750.000"),
(932,"2021-10-11 16:24:15","10000.000"),
(932,"2021-10-12 15:39:38","400.000"),
(932,"2021-10-12 19:19:35","4464.000"),
(932,"2021-10-13 15:43:19","3745.000"),
(932,"2021-10-13 11:01:20","1300.000"),
(1007,"2021-10-14 11:29:14","95.000"),
(932,"2021-10-14 15:27:50","7950.000"),
(932,"2021-10-14 15:28:11","590.000"),
(932,"2021-10-17 16:57:59","16150.000"),
(932,"2021-10-17 17:59:23","7000.000"),
(932,"2021-10-18 19:41:39","1000.000"),
(932,"2021-10-18 19:43:33","2975.000"),
(932,"2021-10-19 15:46:40","3340.000"),
(932,"2021-10-02 11:44:52","1000.000"),
(959,"2021-10-20 13:10:03","187.000"),
(932,"2021-10-20 16:32:37","3963.000"),
(1027,"2021-10-21 11:16:02","26.000"),
(932,"2021-10-22 17:11:12","6896.552"),
(932,"2021-10-23 10:32:38","5000.000"),
(932,"2021-10-21 11:32:16","3000.000"),
(932,"2021-10-23 17:16:16","7707.000"),
(932,"2021-10-23 17:32:42","660.000"),
(932,"2021-10-24 10:50:15","1720.000"),
(932,"2021-10-25 11:06:05","28.409"),
(932,"2021-10-25 15:58:52","1000.000"),
(932,"2021-10-25 00:01:09","4880.000"),
(932,"2021-10-26 10:53:12","1000.000"),
(1001,"2021-10-26 12:12:46","16.000"),
(972,"2021-10-26 13:48:14","50.000"),
(932,"2021-10-26 14:47:13","372.727"),
(932,"2021-10-26 16:28:34","6050.000"),
(932,"2021-10-27 16:33:23","1500.000"),
(932,"2021-10-27 10:37:01","468.750"),
(932,"2021-10-30 18:01:06","11780.000"),
(932,"2021-10-28 20:55:32","16400.000"),
(932,"2021-10-31 15:29:57","2500.000"),
(932,"2021-11-01 15:59:02","1995.000"),
(932,"2021-11-01 17:54:01","6700.000"),
(1029,"2021-11-02 14:29:20","7.000"),
(932,"2021-11-02 21:10:41","6450.000"),
(1035,"2021-11-03 14:47:26","20.143"),
(1030,"2021-11-03 14:48:07","12.784"),
(932,"2021-11-04 15:07:23","2284.801"),
(932,"2021-11-04 09:21:48","8200.000"),
(932,"2021-11-06 14:55:28","1428.571"),
(932,"2021-11-06 15:51:49","2432.000"),
(932,"2021-11-07 17:13:46","2200.000"),
(932,"2021-11-07 17:18:43","1971.429"),
(932,"2021-11-08 11:27:59","700.000"),
(932,"2021-11-08 17:03:18","6220.000"),
(932,"2021-11-08 17:07:09","11250.000"),
(932,"2021-11-08 19:06:34","10000.000"),
(932,"2021-11-09 16:04:39","980.000"),
(969,"2021-11-10 13:43:49","19.000"),
(970,"2021-11-10 14:56:25","1000.000"),
(932,"2021-11-10 15:01:57","2428.571"),
(932,"2021-11-10 17:08:46","16292.000"),
(932,"2021-11-10 17:09:58","460.000"),
(931,"2021-11-11 14:25:34","50.000"),
(932,"2021-11-11 23:09:42","5000.000"),
(932,"2021-11-13 15:46:05","2800.000"),
(932,"2021-11-13 09:14:28","4700.000"),
(932,"2021-11-13 09:15:01","10.000"),
(932,"2021-11-14 09:58:26","2360.000"),
(932,"2021-11-15 11:29:10","297.143"),
(932,"2021-11-15 20:25:27","1100.000"),
(1034,"2021-11-15 20:25:45","8.000"),
(932,"2021-11-16 16:45:15","10000.000"),
(932,"2021-11-17 17:03:17","12350.000"),
(932,"2021-11-17 19:25:40","2500.000"),
(932,"2021-11-18 17:25:49","9500.000"),
(932,"2021-11-18 17:26:20","56000.000"),
(966,"2021-11-18 20:58:51","40000.000"),
(932,"2021-11-22 11:00:36","1000.000"),
(932,"2021-11-22 16:11:34","500.000"),
(932,"2021-11-24 11:46:26","7151.030"),
(932,"2021-11-25 13:10:46","4000.000"),
(954,"2021-11-27 13:11:09","4700.000"),
(932,"2021-11-27 13:50:30","3290.000"),
(932,"2021-11-28 11:48:37","400.000"),
(932,"2021-11-28 15:12:41","1200.000"),
(932,"2021-11-28 22:46:32","1750.000"),
(932,"2021-12-02 12:01:26","285.714"),
(932,"2021-12-02 13:31:32","11000.000"),
(932,"2021-12-04 19:00:28","80000.000"),
(932,"2021-12-05 14:04:32","2700.000"),
(932,"2021-12-05 15:30:12","180.000"),
(932,"2021-12-07 13:37:05","1714.286"),
(932,"2021-12-08 11:32:10","400.000"),
(932,"2021-12-11 11:37:02","300.000"),
(942,"2021-12-11 13:51:18","15.000"),
(1029,"2021-12-11 09:28:49","7500.000"),
(932,"2021-12-14 11:16:58","1600.000"),
(1029,"2021-12-14 12:08:33","2200.000"),
(1029,"2021-12-14 15:11:22","300.000"),
(932,"2021-12-15 10:21:57","7142.857"),
(932,"2021-12-15 10:22:34","1630.000"),
(932,"2021-12-16 11:36:51","4508.571"),
(932,"2021-12-18 12:10:40","500.000"),
(932,"2021-12-18 11:17:49","355.000"),
(932,"2021-12-20 10:45:29","142.857"),
(932,"2021-12-19 10:48:16","1000.000"),
(932,"2021-12-21 16:10:28","260.000"),
(29,"2021-12-22 12:17:56","2984.000"),
(932,"2021-12-22 12:31:26","4530.556"),
(932,"2021-12-25 10:02:58","6584.000"),
(932,"2021-12-23 10:03:10","8985.000"),
(932,"2021-12-26 12:11:41","1111.111"),
(932,"2021-12-26 15:36:01","3333.333"),
(932,"2021-12-26 09:53:33","6420.000"),
(932,"2021-12-27 10:17:35","9300.000"),
(952,"2021-12-27 10:21:04","150.000"),
(1030,"2021-12-28 11:34:45","23.000"),
(932,"2021-12-29 17:02:18","17200.000"),
(932,"2021-12-29 17:08:30","7638.889"),
(932,"2021-12-29 10:38:02","2677.000"),
(932,"2021-12-30 15:55:04","1200.000"),
(932,"2021-12-30 15:55:17","418.056"),
(932,"2021-12-30 13:53:33","358.000"),
(983,"2022-01-03 22:49:42","8.333"),
(932,"2022-01-04 15:27:45","944.444"),
(1017,"2022-01-06 16:59:56","1535.000"),
(1017,"2022-01-06 17:00:11","1300.000"),
(932,"2022-01-10 19:09:39","1666.667"),
(932,"2022-01-10 19:12:00","8215.556"),
(932,"2022-01-12 19:11:42","3888.889"),
(1002,"2022-01-15 15:14:06","500.000"),
(959,"2022-01-18 13:38:12","100.000"),
(959,"2022-01-18 13:38:53","50.000"),
(932,"2022-01-24 21:03:08","1388.889"),
(932,"2022-01-30 12:54:38","26110.000"),
(932,"2022-02-13 17:06:27","9000.000"),
(932,"2022-02-17 13:58:11","7796.000"),
(932,"2022-02-17 14:27:42","50000.000"),
(932,"2022-02-17 15:03:50","8970.000"),
(932,"2022-02-26 13:43:17","8263.000"),
(932,"2022-02-26 19:30:39","15000.000"),
(932,"2022-02-27 11:31:17","1500.000"),
(932,"2022-02-27 13:01:14","6400.000"),
(932,"2022-02-28 18:02:35","8600.000"),
(1087,"2022-03-01 15:27:24","2725.000"),
(1017,"2022-03-01 19:39:13","35000.000"),
(932,"2022-03-10 16:48:35","2805.000"),
(932,"2022-03-16 15:03:11","4063.291"),
(932,"2022-03-22 12:05:53","37.975"),
(932,"2022-03-22 15:33:20","4915.443"),
(932,"2022-04-04 14:48:14","2405.063"),
(932,"2022-04-07 17:34:51","1000.000"),
(932,"2022-04-07 17:38:56","200.000"),
(932,"2022-04-11 16:56:19","7040.000"),
(932,"2022-04-12 14:34:05","4455.696"),
(932,"2022-04-14 15:30:52","1341.772"),
(932,"2022-04-18 00:57:43","5282.051"),
(932,"2022-04-18 03:56:45","1700.000"),
(932,"2022-04-24 21:25:17","3900.000"),
(932,"2022-04-25 13:57:37","2974.684"),
(932,"2022-04-26 12:19:13","632.911"),
(932,"2022-04-28 22:51:06","2103.000"),
(932,"2022-05-01 14:04:08","5000.000"),
(932,"2022-05-22 17:06:00","7568.000"),
(932,"2022-05-22 17:07:36","7848.101"),
(932,"2022-05-22 17:08:33","10000.000"),
(932,"2022-06-05 13:33:23","800.000"),
(932,"2022-06-05 17:00:44","3000.000"),
(989,"2022-06-06 12:11:17","21.000"),
(29,"2022-06-12 11:00:28","1375.000"),
(29,"2022-06-12 11:03:06","56800.000"),
(1126,"2022-06-13 15:55:07","1125.000"),
(932,"2022-06-15 16:35:09","5193.000"),
(932,"2022-06-18 13:20:40","2278.481"),
(932,"2022-06-20 22:24:18","800.000"),
(932,"2022-06-21 22:49:41","30000.000"),
(932,"2022-06-23 19:05:19","10000.000"),
(932,"2022-06-23 13:49:44","2260.000"),
(932,"2022-06-26 18:41:21","25000.000"),
(932,"2022-06-27 20:42:12","1150.000"),
(1133,"2022-06-28 23:41:31","1700.000"),
(980,"2022-07-02 12:21:16","7825.000"),
(980,"2022-07-02 16:53:31","100.000"),
(980,"2022-07-07 15:35:36","1143.000"),
(932,"2022-08-20 20:13:28","22000.000"),
(932,"2022-08-30 09:50:43","10000.000"),
(992,"2022-09-12 12:26:12","1440.000"),
(1104,"2022-09-21 10:26:11","12.088"),
(1145,"2022-10-11 14:14:07","7.959"),
(941,"2022-10-13 15:54:52","50.000");


DROP TABLE IF EXISTS `equality_incomes`;

CREATE ALGORITHM=UNDEFINED DEFINER=`root`@`localhost` SQL SECURITY DEFINER VIEW `equality_incomes` AS select `incomes`.`NameID` AS `NameID`,`incomes`.`date` AS `date`,round(`incomes`.`value` * `equalities`.`value`,3) AS `value` from (`incomes` join `equalities` on(`equalities`.`iD` = `incomes`.`EqualitiesID`));

INSERT INTO `equality_incomes` VALUES (16,"2021-07-31 02:54:39","100.000"),
(16,"2021-08-10 01:06:35","1000.000"),
(16,"2021-08-10 02:55:56","1500.000"),
(16,"2021-08-18 16:18:13","100.000"),
(16,"2021-08-24 17:33:07","1000.000"),
(16,"2021-08-26 14:38:30","2000.000"),
(37,"2021-08-26 15:48:57","1000.000"),
(16,"2021-09-02 14:43:39","4170.000"),
(16,"2021-09-02 14:44:17","4170.000"),
(16,"2021-09-04 08:13:52","100.000"),
(30,"2021-09-04 12:09:56","28.490"),
(16,"2021-09-06 16:11:16","600.000"),
(16,"2021-09-07 14:05:30","1000.000"),
(16,"2021-09-07 16:16:08","4000.000"),
(16,"2021-09-12 13:57:50","1000.000"),
(16,"2021-09-14 15:04:42","500.000"),
(16,"2021-09-14 15:07:44","450.000"),
(16,"2021-09-16 15:42:21","1000.000"),
(16,"2021-09-19 14:40:19","2000.000"),
(16,"2021-09-19 14:40:30","1000.000"),
(16,"2021-09-21 12:06:21","300.000"),
(16,"2021-09-21 13:41:07","600.000"),
(16,"2021-09-23 13:08:41","5000.000"),
(16,"2021-09-25 10:14:50","100.000"),
(16,"2021-09-29 13:59:15","1000.000"),
(16,"2021-09-29 22:12:31","1000.000"),
(16,"2021-10-04 11:31:37","2000.000"),
(16,"2021-10-04 16:19:09","100.000"),
(16,"2021-10-06 11:27:29","400.000"),
(16,"2021-10-07 14:49:24","100.000"),
(16,"2021-10-10 15:47:44","200.000"),
(16,"2021-10-20 17:53:45","40.000"),
(16,"2021-10-20 17:53:51","400.000"),
(16,"2021-10-21 14:08:11","600.000"),
(16,"2021-10-21 14:08:48","177.000"),
(16,"2021-10-23 17:31:43","300.000"),
(16,"2021-10-25 15:59:29","500.000"),
(16,"2021-10-26 17:02:41","700.000"),
(16,"2021-10-28 13:15:52","1000.000"),
(16,"2021-10-30 12:43:12","3000.000"),
(16,"2021-10-30 14:10:55","100.000"),
(16,"2021-11-02 16:09:26","1500.000"),
(16,"2021-11-04 10:34:30","500.000"),
(39,"2021-11-05 11:13:44","600.000"),
(16,"2021-11-13 12:36:35","100.000"),
(16,"2021-11-18 15:42:48","300.000"),
(16,"2021-11-22 10:27:04","1000.000"),
(16,"2021-11-22 10:27:27","1000.000"),
(16,"2021-11-23 11:02:01","400.000"),
(16,"2021-12-09 11:37:04","120.000"),
(16,"2021-12-23 13:40:08","1500.000"),
(16,"2021-12-26 10:06:09","100.000"),
(16,"2021-12-28 11:29:04","1500.000"),
(16,"2021-12-29 17:01:32","2000.000"),
(16,"2022-01-02 14:33:32","100.000"),
(16,"2022-01-24 21:02:31","1300.000"),
(16,"2022-01-27 11:45:55","100.000"),
(16,"2022-01-28 23:17:53","2000.000"),
(16,"2022-01-28 23:18:16","850.000"),
(32,"2022-02-13 14:41:04","83.333"),
(16,"2022-02-26 14:35:57","50.000"),
(16,"2022-03-19 15:20:53","200.000"),
(16,"2022-03-22 12:06:49","400.000"),
(16,"2022-03-22 12:37:50","200.000"),
(16,"2022-03-22 14:20:47","200.000"),
(16,"2022-03-23 14:49:45","100.000"),
(16,"2022-03-24 14:17:33","400.000"),
(16,"2022-03-24 14:26:46","500.000"),
(16,"2022-03-24 18:20:06","1000.000"),
(16,"2022-03-26 11:15:49","300.000"),
(16,"2022-03-28 15:37:51","500.000"),
(16,"2022-03-29 09:39:31","100.000"),
(16,"2022-03-31 12:46:14","900.000"),
(16,"2022-03-31 14:08:25","350.000"),
(16,"2022-04-03 13:43:37","100.000"),
(16,"2022-04-04 13:44:58","100.000"),
(16,"2022-04-05 15:49:05","50.000"),
(16,"2022-04-10 11:37:10","100.000"),
(16,"2022-04-11 15:55:00","300.000"),
(16,"2022-04-18 13:15:05","60.000"),
(16,"2022-04-19 13:13:21","100.000"),
(16,"2022-04-21 14:10:38","300.000"),
(16,"2022-04-21 14:11:26","100.000"),
(16,"2022-04-21 14:12:06","500.000"),
(16,"2022-04-21 15:30:28","500.000"),
(16,"2022-04-25 13:44:46","500.000"),
(16,"2022-05-09 13:14:49","100.000"),
(16,"2022-05-12 13:45:31","300.000"),
(16,"2022-05-12 20:11:20","300.000"),
(16,"2022-05-14 22:56:53","25.000"),
(16,"2022-05-26 15:31:19","500.000"),
(16,"2022-05-27 23:27:56","1500.000"),
(16,"2022-05-29 11:59:50","300.000"),
(16,"2022-05-29 16:47:51","500.000"),
(16,"2022-06-07 14:39:36","1000.000"),
(16,"2022-06-09 16:18:01","1000.000"),
(16,"2022-06-20 14:21:42","200.000"),
(16,"2022-06-22 11:30:10","500.000"),
(16,"2022-06-26 16:49:21","1200.000"),
(16,"2022-07-27 13:14:44","100.000");


DROP TABLE IF EXISTS `equality_incomes_spending`;

CREATE ALGORITHM=UNDEFINED DEFINER=`root`@`localhost` SQL SECURITY DEFINER VIEW `equality_incomes_spending` AS select `a`.`DATE` AS `DATE`,sum(case when `a`.`which` = 'a' then `a`.`v` end) AS `sum_spending`,sum(case when `a`.`which` = 'b' then `a`.`v` end) AS `sum_incomes`,coalesce(sum(case when `a`.`which` = 'b' then `a`.`v` end),0) - coalesce(sum(case when `a`.`which` = 'a' then `a`.`v` end),0) AS `total` from (select `equality_spendings`.`date` AS `DATE`,`equality_spendings`.`value` AS `v`,'a' AS `which` from `equality_spendings` union all select `equality_incomes`.`date` AS `DATE`,`equality_incomes`.`value` AS `v`,'b' AS `which` from `equality_incomes`) `a` group by `a`.`DATE`;

INSERT INTO `equality_incomes_spending` VALUES ("2021-07-31 02:54:39","100.000","100.000","0.000"),
("2021-07-31 03:09:19","3.049",NULL,"-3.049"),
("2021-07-31 03:11:23","33.537",NULL,"-33.537"),
("2021-07-31 04:13:26","1.524",NULL,"-1.524"),
("2021-07-31 08:15:39","6.707",NULL,"-6.707"),
("2021-07-31 08:20:05","7.317",NULL,"-7.317"),
("2021-08-01 03:34:06","45.732",NULL,"-45.732"),
("2021-08-01 12:59:30","4.573",NULL,"-4.573"),
("2021-08-10 01:06:35","1000.000","1000.000","0.000"),
("2021-08-10 02:55:56","1500.000","1500.000","0.000"),
("2021-08-10 03:01:52","60.976",NULL,"-60.976"),
("2021-08-11 01:08:43","121.951",NULL,"-121.951"),
("2021-08-18 09:35:47","453.172",NULL,"-453.172"),
("2021-08-18 12:42:51","602.410",NULL,"-602.410"),
("2021-08-18 16:18:13","100.000","100.000","0.000"),
("2021-08-19 00:42:09","301.205",NULL,"-301.205"),
("2021-08-19 00:42:54","2000.000",NULL,"-2000.000"),
("2021-08-21 16:52:33","2.967",NULL,"-2.967"),
("2021-08-21 16:54:01","33.234",NULL,"-33.234"),
("2021-08-24 17:33:07","1000.000","1000.000","0.000"),
("2021-08-26 14:20:12","10.309",NULL,"-10.309"),
("2021-08-26 14:38:30","2000.000","2000.000","0.000"),
("2021-08-26 15:33:43","139.912",NULL,"-139.912"),
("2021-08-26 15:35:02","58.910",NULL,"-58.910"),
("2021-08-26 15:48:57",NULL,"1000.000","1000.000"),
("2021-08-28 15:33:14","4.399",NULL,"-4.399"),
("2021-08-28 20:11:02","200.000",NULL,"-200.000"),
("2021-08-30 14:06:03","144.092",NULL,"-144.092"),
("2021-08-31 14:00:07","10.256",NULL,"-10.256"),
("2021-09-01 14:48:07","4.054",NULL,"-4.054"),
("2021-09-02 00:50:47","132.877",NULL,"-132.877"),
("2021-09-02 13:49:47","119.670",NULL,"-119.670"),
("2021-09-02 14:43:39","4170.000","4170.000","0.000"),
("2021-09-02 14:44:17","4170.000","4170.000","0.000"),
("2021-09-02 15:15:29","13.755",NULL,"-13.755"),
("2021-09-02 15:15:48","13.755",NULL,"-13.755"),
("2021-09-04 08:13:52","100.000","100.000","0.000"),
("2021-09-04 12:09:56",NULL,"28.490","28.490"),
("2021-09-04 13:25:17","5.698",NULL,"-5.698"),
("2021-09-04 14:11:47","0.855",NULL,"-0.855"),
("2021-09-04 14:12:38","0.570",NULL,"-0.570"),
("2021-09-05 12:55:12","2.011",NULL,"-2.011"),
("2021-09-06 16:11:16","600.000","600.000","0.000"),
("2021-09-07 14:05:30","1000.000","1000.000","0.000"),
("2021-09-07 16:16:08","4000.000","4000.000","0.000"),
("2021-09-08 10:36:44","51.724",NULL,"-51.724"),
("2021-09-08 14:51:43","14.368",NULL,"-14.368"),
("2021-09-09 14:47:37","135.057",NULL,"-135.057"),
("2021-09-12 12:23:05","28.571",NULL,"-28.571"),
("2021-09-12 13:12:01","7.143",NULL,"-7.143"),
("2021-09-12 13:38:45","10.857",NULL,"-10.857"),
("2021-09-12 13:41:41","657.143",NULL,"-657.143"),
("2021-09-12 13:43:03","8.286",NULL,"-8.286"),
("2021-09-12 13:57:50","1000.000","1000.000","0.000"),
("2021-09-12 21:49:34","17.143",NULL,"-17.143"),
("2021-09-13 10:37:48","3.143",NULL,"-3.143"),
("2021-09-13 14:07:32","10.571",NULL,"-10.571"),
("2021-09-13 14:08:35","4.286",NULL,"-4.286"),
("2021-09-13 14:41:26","22.857",NULL,"-22.857"),
("2021-09-13 14:48:53","50.000",NULL,"-50.000"),
("2021-09-14 11:37:35","4.286",NULL,"-4.286"),
("2021-09-14 14:11:18","2.857",NULL,"-2.857"),
("2021-09-14 15:04:42","500.000","500.000","0.000"),
("2021-09-14 15:07:44","450.000","450.000","0.000"),
("2021-09-15 09:32:14","271.429",NULL,"-271.429"),
("2021-09-15 15:59:16","5.714",NULL,"-5.714"),
("2021-09-16 09:41:12","6.571",NULL,"-6.571"),
("2021-09-16 14:51:19","164.286",NULL,"-164.286"),
("2021-09-16 15:42:21",NULL,"1000.000","1000.000"),
("2021-09-17 10:52:13","7778.543",NULL,"-7778.543"),
("2021-09-17 10:52:24","58781.000",NULL,"-58781.000"),
("2021-09-19 14:40:19","2000.000","2000.000","0.000"),
("2021-09-19 14:40:30","1000.000","1000.000","0.000"),
("2021-09-19 14:41:01","714.286",NULL,"-714.286"),
("2021-09-20 12:52:36","71.429",NULL,"-71.429"),
("2021-09-21 12:02:57","14.286",NULL,"-14.286"),
("2021-09-21 12:04:58","8.571",NULL,"-8.571"),
("2021-09-21 12:06:21","300.000","300.000","0.000"),
("2021-09-21 13:41:07","600.000","600.000","0.000"),
("2021-09-23 13:08:41","5000.000","5000.000","0.000"),
("2021-09-23 14:54:23","187.143",NULL,"-187.143"),
("2021-09-25 10:14:50","100.000","100.000","0.000"),
("2021-09-25 15:17:52","38.286",NULL,"-38.286"),
("2021-09-28 11:37:52","4.261",NULL,"-4.261"),
("2021-09-28 11:43:10","11.429",NULL,"-11.429"),
("2021-09-28 11:52:20","2.000",NULL,"-2.000"),
("2021-09-28 11:54:03","14.000",NULL,"-14.000"),
("2021-09-28 11:55:52","42.614",NULL,"-42.614"),
("2021-09-29 13:59:15","1000.000","1000.000","0.000"),
("2021-09-29 14:48:06","25.568",NULL,"-25.568"),
("2021-09-29 22:12:31","1000.000","1000.000","0.000"),
("2021-09-30 13:02:49","0.426",NULL,"-0.426"),
("2021-09-30 13:11:09","8.523",NULL,"-8.523"),
("2021-09-30 15:16:53","151.989",NULL,"-151.989"),
("2021-09-30 15:18:53","519.886",NULL,"-519.886"),
("2021-10-01 10:47:17","35.511",NULL,"-35.511"),
("2021-10-03 13:06:58","6.250",NULL,"-6.250"),
("2021-10-04 11:31:37","2000.000","2000.000","0.000"),
("2021-10-04 16:19:09","100.000","100.000","0.000"),
("2021-10-06 11:27:29","400.000","400.000","0.000"),
("2021-10-06 14:37:06","14.205",NULL,"-14.205"),
("2021-10-07 13:15:03","142.045",NULL,"-142.045"),
("2021-10-07 14:47:58","28.409",NULL,"-28.409"),
("2021-10-07 14:48:25","14.205",NULL,"-14.205"),
("2021-10-07 14:49:24","100.000","100.000","0.000"),
("2021-10-07 15:08:11","99.432",NULL,"-99.432"),
("2021-10-09 14:59:31","371.429",NULL,"-371.429"),
("2021-10-10 15:47:44","200.000","200.000","0.000"),
("2021-10-11 11:14:09","15.625",NULL,"-15.625"),
("2021-10-11 15:33:09","255.682",NULL,"-255.682"),
("2021-10-12 13:31:18","28.409",NULL,"-28.409"),
("2021-10-14 09:48:36","14.205",NULL,"-14.205"),
("2021-10-14 13:29:34","5.682",NULL,"-5.682"),
("2021-10-14 13:32:18","156.818",NULL,"-156.818"),
("2021-10-17 11:45:13","28.409",NULL,"-28.409"),
("2021-10-17 11:46:32","44.318",NULL,"-44.318"),
("2021-10-17 12:02:41","1.989",NULL,"-1.989"),
("2021-10-18 14:29:39","40.000",NULL,"-40.000"),
("2021-10-18 14:30:25","400.000",NULL,"-400.000"),
("2021-10-18 14:31:02","5.682",NULL,"-5.682"),
("2021-10-18 14:32:28","6.250",NULL,"-6.250"),
("2021-10-18 15:20:05","3.409",NULL,"-3.409"),
("2021-10-18 15:20:47","56.818",NULL,"-56.818"),
("2021-10-18 15:21:59","8.523",NULL,"-8.523"),
("2021-10-19 14:17:40","22.727",NULL,"-22.727"),
("2021-10-20 14:59:11","56.818",NULL,"-56.818"),
("2021-10-20 17:53:45","40.000","40.000","0.000"),
("2021-10-20 17:53:51","400.000","400.000","0.000"),
("2021-10-21 11:02:23","5.682",NULL,"-5.682"),
("2021-10-21 14:08:11","600.000","600.000","0.000"),
("2021-10-21 14:08:48","177.000","177.000","0.000"),
("2021-10-21 14:25:15","136.364",NULL,"-136.364"),
("2021-10-21 14:25:54","1.420",NULL,"-1.420"),
("2021-10-21 15:01:54","284.091",NULL,"-284.091"),
("2021-10-23 12:54:02","340.909",NULL,"-340.909"),
("2021-10-23 12:57:18","56.818",NULL,"-56.818"),
("2021-10-23 13:56:42","56.818",NULL,"-56.818"),
("2021-10-23 17:31:43","300.000","300.000","0.000"),
("2021-10-25 15:59:29","500.000","500.000","0.000"),
("2021-10-26 17:02:41","700.000","700.000","0.000"),
("2021-10-27 14:28:39","5.682",NULL,"-5.682"),
("2021-10-28 11:13:54","166.193",NULL,"-166.193"),
("2021-10-28 12:42:55","1.705",NULL,"-1.705"),
("2021-10-28 13:15:52","1000.000","1000.000","0.000"),
("2021-10-28 16:05:06","142.045",NULL,"-142.045"),
("2021-10-30 12:43:12","3000.000","3000.000","0.000"),
("2021-10-30 14:10:55","100.000","100.000","0.000"),
("2021-10-30 14:22:21","5.682",NULL,"-5.682"),
("2021-10-31 12:32:07","285.714",NULL,"-285.714"),
("2021-11-02 14:24:58","56.818",NULL,"-56.818"),
("2021-11-02 14:29:59","3.977",NULL,"-3.977"),
("2021-11-02 16:09:26","1500.000","1500.000","0.000"),
("2021-11-04 10:34:30","500.000","500.000","0.000"),
("2021-11-04 14:45:12","7.670",NULL,"-7.670"),
("2021-11-04 15:08:50","14.205",NULL,"-14.205"),
("2021-11-05 11:07:21","300.343",NULL,"-300.343"),
("2021-11-05 11:13:44",NULL,"600.000","600.000"),
("2021-11-06 14:39:21","29.429",NULL,"-29.429"),
("2021-11-07 14:42:26","20.000",NULL,"-20.000"),
("2021-11-07 17:54:37","28.571",NULL,"-28.571"),
("2021-11-09 11:34:10","7.143",NULL,"-7.143"),
("2021-11-09 11:36:48","8.571",NULL,"-8.571"),
("2021-11-09 15:04:50","28.571",NULL,"-28.571"),
("2021-11-11 14:08:26","142.857",NULL,"-142.857"),
("2021-11-13 12:36:35","100.000","100.000","0.000"),
("2021-11-14 13:45:22","14.286",NULL,"-14.286"),
("2021-11-14 13:46:13","57.143",NULL,"-57.143"),
("2021-11-15 09:30:27","14.286",NULL,"-14.286"),
("2021-11-15 10:34:35","57.143",NULL,"-57.143"),
("2021-11-16 10:36:19","100.000",NULL,"-100.000"),
("2021-11-16 12:13:23","28.571",NULL,"-28.571"),
("2021-11-18 12:59:22","183.429",NULL,"-183.429"),
("2021-11-18 13:00:19","17.143",NULL,"-17.143"),
("2021-11-18 15:42:48","300.000","300.000","0.000"),
("2021-11-21 10:57:14","7.143",NULL,"-7.143"),
("2021-11-21 10:57:52","7.429",NULL,"-7.429"),
("2021-11-21 11:45:30","4.000",NULL,"-4.000"),
("2021-11-22 10:27:04","1000.000","1000.000","0.000"),
("2021-11-22 10:27:27","1000.000","1000.000","0.000"),
("2021-11-23 11:02:01","400.000","400.000","0.000"),
("2021-11-24 13:09:23","4.286",NULL,"-4.286"),
("2021-11-24 13:09:59","73.143",NULL,"-73.143"),
("2021-11-25 13:10:32","500.000",NULL,"-500.000"),
("2021-11-25 13:11:10","20.286",NULL,"-20.286"),
("2021-11-25 13:11:43","14.286",NULL,"-14.286"),
("2021-11-28 11:34:55","8.571",NULL,"-8.571"),
("2021-11-28 11:55:43","8.571",NULL,"-8.571"),
("2021-11-28 13:09:12","14.286",NULL,"-14.286"),
("2021-11-28 14:57:10","57.143",NULL,"-57.143"),
("2021-11-30 13:52:57","57.143",NULL,"-57.143"),
("2021-12-01 12:30:01","14.286",NULL,"-14.286"),
("2021-12-02 10:54:52","14.286",NULL,"-14.286"),
("2021-12-02 13:16:40","151.429",NULL,"-151.429"),
("2021-12-02 13:20:15","15.714",NULL,"-15.714"),
("2021-12-04 11:42:32","12.857",NULL,"-12.857"),
("2021-12-06 13:01:24","114.286",NULL,"-114.286"),
("2021-12-09 11:37:04","120.000","120.000","0.000"),
("2021-12-09 11:43:59","114.286",NULL,"-114.286"),
("2021-12-09 14:20:42","125.714",NULL,"-125.714"),
("2021-12-09 14:21:00","28.571",NULL,"-28.571"),
("2021-12-09 14:33:01","11.429",NULL,"-11.429"),
("2021-12-11 11:44:26","15.714",NULL,"-15.714"),
("2021-12-12 11:01:47","7.143",NULL,"-7.143"),
("2021-12-12 11:02:27","4.571",NULL,"-4.571"),
("2021-12-14 12:38:44","28.571",NULL,"-28.571"),
("2021-12-16 10:55:28","22.286",NULL,"-22.286"),
("2021-12-16 10:56:03","14.286",NULL,"-14.286"),
("2021-12-16 10:57:22","25.143",NULL,"-25.143"),
("2021-12-16 11:43:45","174.286",NULL,"-174.286"),
("2021-12-16 14:39:53","75.429",NULL,"-75.429"),
("2021-12-18 14:17:35","25.571",NULL,"-25.571"),
("2021-12-19 08:35:55","114.286",NULL,"-114.286"),
("2021-12-19 10:31:15","5.714",NULL,"-5.714"),
("2021-12-19 10:31:38","13.714",NULL,"-13.714"),
("2021-12-19 10:53:13","285.714",NULL,"-285.714"),
("2021-12-21 12:33:01","14.286",NULL,"-14.286"),
("2021-12-21 16:29:34","290.278",NULL,"-290.278"),
("2021-12-22 12:21:31","22.222",NULL,"-22.222"),
("2021-12-22 12:37:22","38.056",NULL,"-38.056"),
("2021-12-23 13:40:08","1500.000","1500.000","0.000"),
("2021-12-23 13:47:15","276.389",NULL,"-276.389"),
("2021-12-25 10:00:33","2.778",NULL,"-2.778"),
("2021-12-25 10:01:44","16.111",NULL,"-16.111"),
("2021-12-25 10:08:38","197.222",NULL,"-197.222"),
("2021-12-25 13:45:00","11.111",NULL,"-11.111"),
("2021-12-25 14:51:36","55.556",NULL,"-55.556"),
("2021-12-26 10:06:09","100.000","100.000","0.000"),
("2021-12-26 11:39:29","32.222",NULL,"-32.222"),
("2021-12-27 12:29:43","41.667",NULL,"-41.667"),
("2021-12-28 10:22:46","125.000",NULL,"-125.000"),
("2021-12-28 11:29:04","1500.000","1500.000","0.000"),
("2021-12-29 15:00:38","32.222",NULL,"-32.222"),
("2021-12-29 15:01:18","55.556",NULL,"-55.556"),
("2021-12-29 15:02:00","0.417",NULL,"-0.417"),
("2021-12-29 17:01:32","2000.000","2000.000","0.000"),
("2021-12-30 12:21:42","330.556",NULL,"-330.556"),
("2021-12-30 13:23:54","13.889",NULL,"-13.889"),
("2021-12-30 14:34:30","13.889",NULL,"-13.889"),
("2021-12-30 17:52:14","167.222",NULL,"-167.222"),
("2022-01-02 14:33:32","100.000","100.000","0.000"),
("2022-01-03 15:45:50","1.667",NULL,"-1.667"),
("2022-01-04 14:44:42","43.056",NULL,"-43.056"),
("2022-01-05 12:39:39","5.833",NULL,"-5.833"),
("2022-01-05 15:48:05","55.556",NULL,"-55.556"),
("2022-01-05 15:49:12","69.444",NULL,"-69.444"),
("2022-01-06 17:01:11","237.500",NULL,"-237.500"),
("2022-01-06 17:01:57","72.500",NULL,"-72.500"),
("2022-01-06 17:03:01","263.889",NULL,"-263.889"),
("2022-01-06 17:03:38","55.556",NULL,"-55.556"),
("2022-01-06 17:04:19","8.333",NULL,"-8.333"),
("2022-01-06 17:05:51","97.222",NULL,"-97.222"),
("2022-01-08 10:34:18","6.667",NULL,"-6.667"),
("2022-01-08 15:25:32","150.556",NULL,"-150.556"),
("2022-01-08 15:26:08","36.111",NULL,"-36.111"),
("2022-01-09 10:52:03","11.111",NULL,"-11.111"),
("2022-01-09 12:51:48","4.167",NULL,"-4.167"),
("2022-01-09 14:58:09","16.111",NULL,"-16.111"),
("2022-01-09 14:59:17","33.889",NULL,"-33.889"),
("2022-01-09 15:00:05","6.944",NULL,"-6.944"),
("2022-01-09 15:00:57","71.111",NULL,"-71.111"),
("2022-01-09 15:01:39","4.167",NULL,"-4.167"),
("2022-01-09 15:16:59","138.889",NULL,"-138.889"),
("2022-01-10 11:30:27","5.833",NULL,"-5.833"),
("2022-01-11 10:48:23","5.556",NULL,"-5.556"),
("2022-01-11 15:56:14","44.444",NULL,"-44.444"),
("2022-01-12 19:09:35","20.833",NULL,"-20.833"),
("2022-01-12 19:10:21","5.000",NULL,"-5.000"),
("2022-01-14 01:02:37","208.333",NULL,"-208.333"),
("2022-01-14 01:03:36","6.944",NULL,"-6.944"),
("2022-01-14 01:04:11","41.667",NULL,"-41.667"),
("2022-01-14 01:04:45","138.889",NULL,"-138.889"),
("2022-01-14 01:05:29","111.111",NULL,"-111.111"),
("2022-01-14 01:06:04","27.778",NULL,"-27.778"),
("2022-01-14 01:07:41","38.889",NULL,"-38.889"),
("2022-01-14 01:08:23","9.861",NULL,"-9.861"),
("2022-01-14 13:39:11","27.917",NULL,"-27.917"),
("2022-01-15 15:02:21","41.667",NULL,"-41.667"),
("2022-01-15 15:12:13","38.194",NULL,"-38.194"),
("2022-01-17 11:23:42","6.944",NULL,"-6.944"),
("2022-01-17 11:24:50","3.333",NULL,"-3.333"),
("2022-01-18 13:31:28","13.889",NULL,"-13.889"),
("2022-01-18 13:32:16","7.778",NULL,"-7.778"),
("2022-01-18 13:36:37","111.111",NULL,"-111.111"),
("2022-01-18 21:13:23","3.750",NULL,"-3.750"),
("2022-01-18 21:14:06","0.833",NULL,"-0.833"),
("2022-01-18 21:16:31","7.639",NULL,"-7.639"),
("2022-01-19 15:12:19","56.944",NULL,"-56.944"),
("2022-01-19 15:36:09","13.889",NULL,"-13.889"),
("2022-01-19 15:38:48","29.167",NULL,"-29.167"),
("2022-01-22 10:34:09","208.333",NULL,"-208.333"),
("2022-01-22 10:34:47","6.944",NULL,"-6.944"),
("2022-01-22 10:35:06","9.167",NULL,"-9.167"),
("2022-01-22 10:35:52","55.556",NULL,"-55.556"),
("2022-01-22 12:47:46","8.889",NULL,"-8.889"),
("2022-01-24 00:45:41","126.389",NULL,"-126.389"),
("2022-01-24 00:46:55","138.889",NULL,"-138.889"),
("2022-01-24 00:48:26","25.139",NULL,"-25.139"),
("2022-01-24 00:49:13","6.944",NULL,"-6.944"),
("2022-01-24 00:49:56","41.667",NULL,"-41.667"),
("2022-01-24 00:50:42","41.667",NULL,"-41.667"),
("2022-01-24 00:51:55","83.333",NULL,"-83.333"),
("2022-01-24 20:57:08","2.778",NULL,"-2.778"),
("2022-01-24 20:57:53","8.333",NULL,"-8.333"),
("2022-01-24 21:02:31","1300.000","1300.000","0.000"),
("2022-01-25 17:58:55","72.222",NULL,"-72.222"),
("2022-01-25 18:00:20","61.528",NULL,"-61.528"),
("2022-01-27 11:38:33","16.667",NULL,"-16.667"),
("2022-01-27 11:39:15","80.556",NULL,"-80.556"),
("2022-01-27 11:40:10","8.611",NULL,"-8.611"),
("2022-01-27 11:41:03","161.667",NULL,"-161.667"),
("2022-01-27 11:42:08","138.889",NULL,"-138.889"),
("2022-01-27 11:45:55","100.000","100.000","0.000"),
("2022-01-28 23:13:44","170.833",NULL,"-170.833"),
("2022-01-28 23:14:16","152.778",NULL,"-152.778"),
("2022-01-28 23:15:09","69.444",NULL,"-69.444"),
("2022-01-28 23:15:30","6.944",NULL,"-6.944"),
("2022-01-28 23:16:44","7.500",NULL,"-7.500"),
("2022-01-28 23:17:53","2000.000","2000.000","0.000"),
("2022-01-28 23:18:16","850.000","850.000","0.000"),
("2022-02-13 13:11:09","100.000",NULL,"-100.000"),
("2022-02-13 14:41:04",NULL,"83.333","83.333"),
("2022-02-26 14:32:08","72.222",NULL,"-72.222"),
("2022-02-26 14:35:57","50.000","50.000","0.000"),
("2022-03-15 15:10:31","11.717",NULL,"-11.717"),
("2022-03-16 14:53:24","379.747",NULL,"-379.747"),
("2022-03-19 12:27:07","126.582",NULL,"-126.582"),
("2022-03-19 15:20:53","200.000","200.000","0.000"),
("2022-03-21 16:04:16","700.000",NULL,"-700.000"),
("2022-03-22 12:06:49","400.000","400.000","0.000"),
("2022-03-22 12:37:50","200.000","200.000","0.000"),
("2022-03-22 14:20:47","200.000","200.000","0.000"),
("2022-03-22 15:35:01","7.595",NULL,"-7.595"),
("2022-03-22 15:35:59","37.975",NULL,"-37.975"),
("2022-03-22 15:36:50","75.949",NULL,"-75.949"),
("2022-03-23 14:49:45","100.000","100.000","0.000"),
("2022-03-24 13:56:02","9.114",NULL,"-9.114"),
("2022-03-24 14:17:33","400.000","400.000","0.000"),
("2022-03-24 14:26:46","500.000","500.000","0.000"),
("2022-03-24 15:31:19","18.987",NULL,"-18.987"),
("2022-03-24 15:49:57","30000.000",NULL,"-30000.000"),
("2022-03-24 15:50:46","141.772",NULL,"-141.772"),
("2022-03-24 18:20:06","1000.000","1000.000","0.000"),
("2022-03-26 11:15:49","300.000","300.000","0.000"),
("2022-03-28 15:37:51","500.000","500.000","0.000"),
("2022-03-29 09:39:31","100.000","100.000","0.000"),
("2022-03-31 12:46:14","900.000","900.000","0.000"),
("2022-03-31 14:08:25","350.000","350.000","0.000"),
("2022-04-03 13:43:37","100.000","100.000","0.000"),
("2022-04-03 15:06:53","5.063",NULL,"-5.063"),
("2022-04-04 13:44:58","100.000","100.000","0.000"),
("2022-04-05 11:35:45","25.316",NULL,"-25.316"),
("2022-04-05 11:36:57","22.025",NULL,"-22.025"),
("2022-04-05 14:37:42","6.329",NULL,"-6.329"),
("2022-04-05 15:49:05","50.000","50.000","0.000"),
("2022-04-09 09:38:12","14.684",NULL,"-14.684"),
("2022-04-09 11:03:46","15.190",NULL,"-15.190"),
("2022-04-10 11:37:10","100.000","100.000","0.000"),
("2022-04-11 15:55:00","300.000","300.000","0.000"),
("2022-04-17 14:17:12","101.266",NULL,"-101.266"),
("2022-04-17 16:17:40","6.329",NULL,"-6.329"),
("2022-04-18 13:15:05","60.000","60.000","0.000"),
("2022-04-19 13:13:21","100.000","100.000","0.000"),
("2022-04-21 14:10:38","300.000","300.000","0.000"),
("2022-04-21 14:11:26","100.000","100.000","0.000"),
("2022-04-21 14:12:06","500.000","500.000","0.000"),
("2022-04-21 14:35:53","253.165",NULL,"-253.165"),
("2022-04-21 15:30:28","500.000","500.000","0.000"),
("2022-04-25 13:44:46","500.000","500.000","0.000"),
("2022-04-26 15:11:51","125000.000",NULL,"-125000.000"),
("2022-04-26 15:13:34","7.342",NULL,"-7.342"),
("2022-04-27 10:47:01","189.873",NULL,"-189.873"),
("2022-05-04 21:21:35","1720.000",NULL,"-1720.000"),
("2022-05-09 13:14:49","100.000","100.000","0.000"),
("2022-05-10 13:27:35","3.544",NULL,"-3.544"),
("2022-05-12 13:45:31","300.000","300.000","0.000"),
("2022-05-12 20:11:20","300.000","300.000","0.000"),
("2022-05-14 22:56:53","25.000","25.000","0.000"),
("2022-05-19 13:00:26","8.101",NULL,"-8.101"),
("2022-05-19 13:03:39","50.633",NULL,"-50.633"),
("2022-05-26 15:31:19","500.000","500.000","0.000"),
("2022-05-27 23:27:56","1500.000","1500.000","0.000"),
("2022-05-29 11:59:50","300.000","300.000","0.000"),
("2022-05-29 16:47:51","500.000","500.000","0.000"),
("2022-06-07 14:39:36","1000.000","1000.000","0.000"),
("2022-06-09 16:18:01","1000.000","1000.000","0.000"),
("2022-06-20 14:21:42","200.000","200.000","0.000"),
("2022-06-22 11:30:10","500.000","500.000","0.000"),
("2022-06-22 13:04:53","37.975",NULL,"-37.975"),
("2022-06-25 18:39:10","100.000",NULL,"-100.000"),
("2022-06-25 18:42:09","530.000",NULL,"-530.000"),
("2022-06-26 16:49:21","1200.000","1200.000","0.000"),
("2022-07-27 13:14:44","100.000","100.000","0.000"),
("2022-10-15 16:46:24","571.429",NULL,"-571.429");


DROP TABLE IF EXISTS `equality_spendings`;

CREATE ALGORITHM=UNDEFINED DEFINER=`root`@`localhost` SQL SECURITY DEFINER VIEW `equality_spendings` AS select `spendings`.`NameID` AS `NameID`,`spendings`.`date` AS `date`,round(`spendings`.`value` * `equalities`.`value`,3) AS `value` from (`spendings` join `equalities` on(`equalities`.`iD` = `spendings`.`EqualitiesID`));

INSERT INTO `equality_spendings` VALUES (16,"2021-07-31 02:54:39","100.000"),
(27,"2021-07-31 03:09:19","3.049"),
(1,"2021-07-31 03:11:23","33.537"),
(27,"2021-07-31 04:13:26","1.524"),
(28,"2021-07-31 08:15:39","6.707"),
(29,"2021-07-31 08:20:05","7.317"),
(27,"2021-08-01 12:59:30","4.573"),
(29,"2021-08-01 03:34:06","45.732"),
(16,"2021-08-10 01:06:35","1000.000"),
(16,"2021-08-10 02:55:56","1500.000"),
(27,"2021-08-10 03:01:52","60.976"),
(1,"2021-08-11 01:08:43","121.951"),
(32,"2021-08-18 09:35:47","453.172"),
(32,"2021-08-18 12:42:51","602.410"),
(16,"2021-08-18 16:18:13","100.000"),
(30,"2021-08-19 00:42:09","301.205"),
(30,"2021-08-19 00:42:54","2000.000"),
(33,"2021-08-21 16:52:33","2.967"),
(34,"2021-08-21 16:54:01","33.234"),
(16,"2021-08-24 17:33:07","1000.000"),
(35,"2021-08-26 14:20:12","10.309"),
(16,"2021-08-26 14:38:30","2000.000"),
(24,"2021-08-26 15:33:43","139.912"),
(36,"2021-08-26 15:35:02","58.910"),
(27,"2021-08-28 15:33:14","4.399"),
(38,"2021-08-28 20:11:02","200.000"),
(32,"2021-08-30 14:06:03","144.092"),
(29,"2021-08-31 14:00:07","10.256"),
(27,"2021-09-01 14:48:07","4.054"),
(29,"2021-09-02 00:50:47","132.877"),
(24,"2021-09-02 13:49:47","119.670"),
(16,"2021-09-02 14:43:39","4170.000"),
(16,"2021-09-02 14:44:17","4170.000"),
(24,"2021-09-02 15:15:29","13.755"),
(29,"2021-09-02 15:15:48","13.755"),
(16,"2021-09-04 08:13:52","100.000"),
(27,"2021-09-04 13:25:17","5.698"),
(27,"2021-09-04 14:11:47","0.855"),
(27,"2021-09-04 14:12:38","0.570"),
(27,"2021-09-05 12:55:12","2.011"),
(16,"2021-09-06 16:11:16","600.000"),
(16,"2021-09-07 14:05:30","1000.000"),
(16,"2021-09-07 16:16:08","4000.000"),
(27,"2021-09-08 14:51:43","14.368"),
(27,"2021-09-08 10:36:44","51.724"),
(24,"2021-09-09 14:47:37","135.057"),
(33,"2021-09-12 12:23:05","28.571"),
(35,"2021-09-12 13:12:01","7.143"),
(24,"2021-09-12 13:38:45","10.857"),
(1,"2021-09-12 13:41:41","657.143"),
(1,"2021-09-12 13:43:03","8.286"),
(16,"2021-09-12 13:57:50","1000.000"),
(35,"2021-09-12 21:49:34","17.143"),
(35,"2021-09-13 10:37:48","3.143"),
(35,"2021-09-13 14:07:32","10.571"),
(27,"2021-09-13 14:08:35","4.286"),
(1,"2021-09-13 14:41:26","22.857"),
(30,"2021-09-13 14:48:53","50.000"),
(27,"2021-09-14 11:37:35","4.286"),
(27,"2021-09-14 14:11:18","2.857"),
(16,"2021-09-14 15:04:42","500.000"),
(16,"2021-09-14 15:07:44","450.000"),
(29,"2021-09-15 15:59:16","5.714"),
(1,"2021-09-15 09:32:14","271.429"),
(29,"2021-09-16 09:41:12","6.571"),
(24,"2021-09-16 14:51:19","164.286"),
(39,"2021-09-17 10:52:24","58781.000"),
(39,"2021-09-17 10:52:13","7778.543"),
(16,"2021-09-19 14:40:19","2000.000"),
(16,"2021-09-19 14:40:30","1000.000"),
(30,"2021-09-19 14:41:01","714.286"),
(29,"2021-09-20 12:52:36","71.429"),
(35,"2021-09-21 12:02:57","14.286"),
(1,"2021-09-21 12:04:58","8.571"),
(16,"2021-09-21 12:06:21","300.000"),
(16,"2021-09-21 13:41:07","600.000"),
(16,"2021-09-23 13:08:41","5000.000"),
(16,"2021-09-25 10:14:50","100.000"),
(24,"2021-09-23 14:54:23","187.143"),
(43,"2021-09-25 15:17:52","38.286"),
(27,"2021-09-28 11:37:52","4.261"),
(35,"2021-09-28 11:43:10","11.429"),
(1,"2021-09-28 11:52:20","2.000"),
(46,"2021-09-28 11:54:03","14.000"),
(1,"2021-09-28 11:55:52","42.614"),
(16,"2021-09-29 13:59:15","1000.000"),
(43,"2021-09-29 14:48:06","25.568"),
(16,"2021-09-29 22:12:31","1000.000"),
(33,"2021-09-30 13:02:49","0.426"),
(27,"2021-09-30 13:11:09","8.523"),
(24,"2021-09-30 15:16:53","151.989"),
(47,"2021-09-30 15:18:53","519.886"),
(35,"2021-10-03 13:06:58","6.250"),
(16,"2021-10-04 11:31:37","2000.000"),
(16,"2021-10-04 16:19:09","100.000"),
(16,"2021-10-06 11:27:29","400.000"),
(27,"2021-10-06 14:37:06","14.205"),
(24,"2021-10-07 13:15:03","142.045"),
(24,"2021-10-07 14:47:58","28.409"),
(34,"2021-10-07 14:48:25","14.205"),
(16,"2021-10-07 14:49:24","100.000"),
(33,"2021-10-07 15:08:11","99.432"),
(24,"2021-10-09 14:59:31","371.429"),
(27,"2021-10-01 10:47:17","35.511"),
(16,"2021-10-10 15:47:44","200.000"),
(45,"2021-10-11 15:33:09","255.682"),
(35,"2021-10-12 13:31:18","28.409"),
(27,"2021-10-14 09:48:36","14.205"),
(35,"2021-10-11 11:14:09","15.625"),
(27,"2021-10-14 13:29:34","5.682"),
(24,"2021-10-14 13:32:18","156.818"),
(29,"2021-10-17 11:45:13","28.409"),
(43,"2021-10-17 11:46:32","44.318"),
(16,"2021-10-18 14:29:39","40.000"),
(16,"2021-10-18 14:30:25","400.000"),
(27,"2021-10-18 14:31:02","5.682"),
(35,"2021-10-18 14:32:28","6.250"),
(43,"2021-10-18 15:20:05","3.409"),
(24,"2021-10-18 15:20:47","56.818"),
(43,"2021-10-18 15:21:59","8.523"),
(24,"2021-10-19 14:17:40","22.727"),
(27,"2021-10-17 12:02:41","1.989"),
(27,"2021-10-20 14:59:11","56.818"),
(16,"2021-10-20 17:53:45","40.000"),
(16,"2021-10-20 17:53:51","400.000"),
(27,"2021-10-21 11:02:23","5.682"),
(16,"2021-10-21 14:08:11","600.000"),
(16,"2021-10-21 14:08:48","177.000"),
(24,"2021-10-21 14:25:15","136.364"),
(35,"2021-10-21 14:25:54","1.420"),
(32,"2021-10-21 15:01:54","284.091"),
(24,"2021-10-23 12:54:02","340.909"),
(27,"2021-10-23 12:57:18","56.818"),
(29,"2021-10-23 13:56:42","56.818"),
(16,"2021-10-23 17:31:43","300.000"),
(16,"2021-10-25 15:59:29","500.000"),
(16,"2021-10-26 17:02:41","700.000"),
(43,"2021-10-27 14:28:39","5.682"),
(24,"2021-10-28 11:13:54","166.193"),
(35,"2021-10-28 12:42:55","1.705"),
(16,"2021-10-28 13:15:52","1000.000"),
(29,"2021-10-28 16:05:06","142.045"),
(16,"2021-10-30 12:43:12","3000.000"),
(16,"2021-10-30 14:10:55","100.000"),
(35,"2021-10-30 14:22:21","5.682"),
(32,"2021-10-31 12:32:07","285.714"),
(24,"2021-11-02 14:24:58","56.818"),
(29,"2021-11-02 14:29:59","3.977"),
(16,"2021-11-02 16:09:26","1500.000"),
(16,"2021-11-04 10:34:30","500.000"),
(27,"2021-11-04 14:45:12","7.670"),
(24,"2021-11-04 15:08:50","14.205"),
(35,"2021-11-06 14:39:21","29.429"),
(1,"2021-11-07 14:42:26","20.000"),
(49,"2021-11-07 17:54:37","28.571"),
(39,"2021-11-05 11:07:21","300.343"),
(27,"2021-11-09 11:34:10","7.143"),
(29,"2021-11-09 11:36:48","8.571"),
(35,"2021-11-09 15:04:50","28.571"),
(24,"2021-11-11 14:08:26","142.857"),
(16,"2021-11-13 12:36:35","100.000"),
(43,"2021-11-14 13:45:22","14.286"),
(33,"2021-11-14 13:46:13","57.143"),
(35,"2021-11-15 09:30:27","14.286"),
(28,"2021-11-15 10:34:35","57.143"),
(43,"2021-11-16 10:36:19","100.000"),
(1,"2021-11-16 12:13:23","28.571"),
(16,"2021-11-18 15:42:48","300.000"),
(24,"2021-11-18 12:59:22","183.429"),
(24,"2021-11-18 13:00:19","17.143"),
(35,"2021-11-21 11:45:30","4.000"),
(16,"2021-11-22 10:27:04","1000.000"),
(16,"2021-11-22 10:27:27","1000.000"),
(35,"2021-11-21 10:57:14","7.143"),
(29,"2021-11-21 10:57:52","7.429"),
(16,"2021-11-23 11:02:01","400.000"),
(35,"2021-11-24 13:09:23","4.286"),
(30,"2021-11-24 13:09:59","73.143"),
(1,"2021-11-25 13:10:32","500.000"),
(29,"2021-11-25 13:11:10","20.286"),
(27,"2021-11-25 13:11:43","14.286"),
(27,"2021-11-28 11:34:55","8.571"),
(50,"2021-11-28 11:55:43","8.571"),
(27,"2021-11-28 13:09:12","14.286"),
(24,"2021-11-28 14:57:10","57.143"),
(32,"2021-11-30 13:52:57","57.143"),
(27,"2021-12-01 12:30:01","14.286"),
(27,"2021-12-02 10:54:52","14.286"),
(24,"2021-12-02 13:16:40","151.429"),
(30,"2021-12-02 13:20:15","15.714"),
(27,"2021-12-04 11:42:32","12.857"),
(51,"2021-12-06 13:01:24","114.286"),
(16,"2021-12-09 11:37:04","120.000"),
(24,"2021-12-09 14:20:42","125.714"),
(27,"2021-12-09 14:21:00","28.571"),
(29,"2021-12-09 14:33:01","11.429"),
(51,"2021-12-09 11:43:59","114.286"),
(30,"2021-12-11 11:44:26","15.714"),
(51,"2021-12-12 11:01:47","7.143"),
(35,"2021-12-12 11:02:27","4.571"),
(29,"2021-12-14 12:38:44","28.571"),
(29,"2021-12-16 10:55:28","22.286"),
(27,"2021-12-16 10:56:03","14.286"),
(52,"2021-12-16 10:57:22","25.143"),
(51,"2021-12-16 14:39:53","75.429"),
(24,"2021-12-16 11:43:45","174.286"),
(52,"2021-12-18 14:17:35","25.571"),
(51,"2021-12-19 08:35:55","114.286"),
(33,"2021-12-19 10:31:15","5.714"),
(35,"2021-12-19 10:31:38","13.714"),
(35,"2021-12-19 10:53:13","285.714"),
(35,"2021-12-21 12:33:01","14.286"),
(35,"2021-12-21 16:29:34","290.278"),
(29,"2021-12-22 12:21:31","22.222"),
(29,"2021-12-22 12:37:22","38.056"),
(16,"2021-12-23 13:40:08","1500.000"),
(24,"2021-12-23 13:47:15","276.389"),
(29,"2021-12-25 10:08:38","197.222"),
(24,"2021-12-25 13:45:00","11.111"),
(24,"2021-12-25 14:51:36","55.556"),
(43,"2021-12-25 10:00:33","2.778"),
(52,"2021-12-25 10:01:44","16.111"),
(16,"2021-12-26 10:06:09","100.000"),
(52,"2021-12-26 11:39:29","32.222"),
(27,"2021-12-27 12:29:43","41.667"),
(16,"2021-12-28 11:29:04","1500.000"),
(51,"2021-12-28 10:22:46","125.000"),
(52,"2021-12-29 15:00:38","32.222"),
(35,"2021-12-29 15:01:18","55.556"),
(35,"2021-12-29 15:02:00","0.417"),
(16,"2021-12-29 17:01:32","2000.000"),
(24,"2021-12-30 12:21:42","330.556"),
(27,"2021-12-30 13:23:54","13.889"),
(24,"2021-12-30 14:34:30","13.889"),
(30,"2021-12-30 17:52:14","167.222"),
(16,"2022-01-02 14:33:32","100.000"),
(35,"2022-01-03 15:45:50","1.667"),
(52,"2022-01-04 14:44:42","43.056"),
(35,"2022-01-05 12:39:39","5.833"),
(30,"2022-01-05 15:48:05","55.556"),
(35,"2022-01-05 15:49:12","69.444"),
(30,"2022-01-06 17:01:11","237.500"),
(35,"2022-01-06 17:01:57","72.500"),
(24,"2022-01-06 17:03:01","263.889"),
(30,"2022-01-06 17:03:38","55.556"),
(52,"2022-01-06 17:04:19","8.333"),
(27,"2022-01-06 17:05:51","97.222"),
(35,"2022-01-08 10:34:18","6.667"),
(30,"2022-01-08 15:25:32","150.556"),
(30,"2022-01-08 15:26:08","36.111"),
(35,"2022-01-09 10:52:03","11.111"),
(27,"2022-01-09 12:51:48","4.167"),
(52,"2022-01-09 14:58:09","16.111"),
(35,"2022-01-09 14:59:17","33.889"),
(35,"2022-01-09 15:00:05","6.944"),
(35,"2022-01-09 15:00:57","71.111"),
(27,"2022-01-09 15:01:39","4.167"),
(24,"2022-01-09 15:16:59","138.889"),
(35,"2022-01-10 11:30:27","5.833"),
(35,"2022-01-11 10:48:23","5.556"),
(52,"2022-01-11 15:56:14","44.444"),
(27,"2022-01-12 19:09:35","20.833"),
(35,"2022-01-12 19:10:21","5.000"),
(24,"2022-01-14 01:02:37","208.333"),
(27,"2022-01-14 01:03:36","6.944"),
(24,"2022-01-14 01:04:11","41.667"),
(24,"2022-01-14 01:04:45","138.889"),
(30,"2022-01-14 01:05:29","111.111"),
(30,"2022-01-14 01:06:04","27.778"),
(30,"2022-01-14 01:07:41","38.889"),
(35,"2022-01-14 01:08:23","9.861"),
(35,"2022-01-14 13:39:11","27.917"),
(30,"2022-01-15 15:02:21","41.667"),
(35,"2022-01-15 15:12:13","38.194"),
(35,"2022-01-17 11:23:42","6.944"),
(35,"2022-01-17 11:24:50","3.333"),
(35,"2022-01-18 13:31:28","13.889"),
(35,"2022-01-18 13:32:16","7.778"),
(35,"2022-01-18 13:36:37","111.111"),
(35,"2022-01-18 21:13:23","3.750"),
(35,"2022-01-18 21:14:06","0.833"),
(35,"2022-01-18 21:16:31","7.639"),
(35,"2022-01-19 15:12:19","56.944"),
(27,"2022-01-19 15:36:09","13.889"),
(52,"2022-01-19 15:38:48","29.167"),
(24,"2022-01-22 10:34:09","208.333"),
(27,"2022-01-22 10:34:47","6.944"),
(35,"2022-01-22 10:35:06","9.167"),
(30,"2022-01-22 10:35:52","55.556"),
(35,"2022-01-22 12:47:46","8.889"),
(35,"2022-01-24 00:45:41","126.389"),
(24,"2022-01-24 00:46:55","138.889"),
(35,"2022-01-24 00:48:26","25.139"),
(27,"2022-01-24 00:49:13","6.944"),
(52,"2022-01-24 00:49:56","41.667"),
(24,"2022-01-24 00:50:42","41.667"),
(35,"2022-01-24 00:51:55","83.333"),
(35,"2022-01-24 20:57:08","2.778"),
(24,"2022-01-24 20:57:53","8.333"),
(16,"2022-01-24 21:02:31","1300.000"),
(24,"2022-01-25 17:58:55","72.222"),
(35,"2022-01-25 18:00:20","61.528"),
(30,"2022-01-27 11:38:33","16.667"),
(38,"2022-01-27 11:39:15","80.556"),
(35,"2022-01-27 11:40:10","8.611"),
(53,"2022-01-27 11:41:03","161.667"),
(54,"2022-01-27 11:42:08","138.889"),
(16,"2022-01-27 11:45:55","100.000"),
(24,"2022-01-28 23:13:44","170.833"),
(24,"2022-01-28 23:14:16","152.778"),
(38,"2022-01-28 23:15:09","69.444"),
(27,"2022-01-28 23:15:30","6.944"),
(35,"2022-01-28 23:16:44","7.500"),
(16,"2022-01-28 23:17:53","2000.000"),
(16,"2022-01-28 23:18:16","850.000"),
(55,"2022-02-13 13:11:09","100.000"),
(24,"2022-02-26 14:32:08","72.222"),
(16,"2022-02-26 14:35:57","50.000"),
(27,"2022-03-15 15:10:31","11.717"),
(32,"2022-03-16 14:53:24","379.747"),
(56,"2022-03-19 12:27:07","126.582"),
(16,"2022-03-19 15:20:53","200.000"),
(16,"2022-03-21 16:04:16","700.000"),
(16,"2022-03-22 12:06:49","400.000"),
(16,"2022-03-22 12:37:50","200.000"),
(16,"2022-03-22 14:20:47","200.000"),
(29,"2022-03-22 15:35:01","7.595"),
(52,"2022-03-22 15:35:59","37.975"),
(53,"2022-03-22 15:36:50","75.949"),
(16,"2022-03-23 14:49:45","100.000"),
(29,"2022-03-24 13:56:02","9.114"),
(16,"2022-03-24 14:17:33","400.000"),
(16,"2022-03-24 14:26:46","500.000"),
(27,"2022-03-24 15:31:19","18.987"),
(27,"2022-03-24 15:49:57","30000.000"),
(24,"2022-03-24 15:50:46","141.772"),
(16,"2022-03-24 18:20:06","1000.000"),
(16,"2022-03-26 11:15:49","300.000"),
(16,"2022-03-28 15:37:51","500.000"),
(16,"2022-03-29 09:39:31","100.000"),
(16,"2022-03-31 12:46:14","900.000"),
(16,"2022-03-31 14:08:25","350.000"),
(16,"2022-04-03 13:43:37","100.000"),
(57,"2022-04-03 15:06:53","5.063"),
(16,"2022-04-04 13:44:58","100.000"),
(58,"2022-04-05 11:35:45","25.316"),
(29,"2022-04-05 11:36:57","22.025"),
(59,"2022-04-05 14:37:42","6.329"),
(16,"2022-04-05 15:49:05","50.000"),
(29,"2022-04-09 09:38:12","14.684"),
(60,"2022-04-09 11:03:46","15.190"),
(16,"2022-04-10 11:37:10","100.000"),
(16,"2022-04-11 15:55:00","300.000"),
(61,"2022-04-17 14:17:12","101.266"),
(62,"2022-04-17 16:17:40","6.329"),
(16,"2022-04-18 13:15:05","60.000"),
(16,"2022-04-19 13:13:21","100.000"),
(16,"2022-04-21 14:10:38","300.000"),
(16,"2022-04-21 14:11:26","100.000"),
(16,"2022-04-21 14:12:06","500.000"),
(27,"2022-04-21 14:35:53","253.165"),
(16,"2022-04-21 15:30:28","500.000"),
(16,"2022-04-25 13:44:46","500.000"),
(63,"2022-04-26 15:11:51","125000.000"),
(64,"2022-04-26 15:13:34","7.342"),
(27,"2022-04-27 10:47:01","189.873"),
(65,"2022-05-04 21:21:35","1720.000"),
(16,"2022-05-09 13:14:49","100.000"),
(35,"2022-05-10 13:27:35","3.544"),
(16,"2022-05-12 13:45:31","300.000"),
(16,"2022-05-12 20:11:20","300.000"),
(16,"2022-05-14 22:56:53","25.000"),
(35,"2022-05-19 13:00:26","8.101"),
(51,"2022-05-19 13:03:39","50.633"),
(16,"2022-05-26 15:31:19","500.000"),
(16,"2022-05-27 23:27:56","1500.000"),
(16,"2022-05-29 11:59:50","300.000"),
(16,"2022-05-29 16:47:51","500.000"),
(16,"2022-06-07 14:39:36","1000.000"),
(16,"2022-06-09 16:18:01","1000.000"),
(16,"2022-06-20 14:21:42","200.000"),
(16,"2022-06-22 11:30:10","500.000"),
(35,"2022-06-22 13:04:53","37.975"),
(30,"2022-06-25 18:39:10","100.000"),
(30,"2022-06-25 18:42:09","530.000"),
(16,"2022-06-26 16:49:21","1200.000"),
(16,"2022-07-27 13:14:44","100.000"),
(66,"2022-10-15 16:46:24","571.429");


DROP TABLE IF EXISTS `extended_cut_requests`;

CREATE ALGORITHM=UNDEFINED DEFINER=`root`@`localhost` SQL SECURITY DEFINER VIEW `extended_cut_requests` AS select `cut_requests`.`quantity` AS `cutRequestQuantity`,sum(round(`products_inputs_details`.`quantity`,3)) AS `inputQuantity`,sum(round(`products_inputs_details`.`quantity`,3)) - `cut_requests`.`quantity` AS `resultQuantity`,(sum(round(`products_inputs_details`.`quantity`,3)) - `cut_requests`.`quantity`) * max(`products_types`.`purchasePrice`) AS `totalPrice`,`cut_requests`.`iD` AS `CutRequestID`,max(`products_inputs`.`date`) AS `date` from ((((`cut_request_results` join (`products_inputs_details` join `products_inputs` on(`products_inputs`.`iD` = `products_inputs_details`.`ProductInputID`)) on(`products_inputs`.`iD` = `cut_request_results`.`ProductInputID`)) join `cut_requests` on(`cut_requests`.`iD` = `cut_request_results`.`CutRequestID`)) join `products` on(`products`.`iD` = `products_inputs_details`.`ProductID`)) join `products_types` on(`products_types`.`iD` = `products`.`ProductTypeID`)) group by `cut_requests`.`iD`;

INSERT INTO `extended_cut_requests` VALUES (512,"512.000","0","0",3,"2021-08-31 01:22:54"),
(452,"595.000",143,"121.55",8,"2021-09-14 10:14:14"),
(370,"370.000","0","0",9,"2021-09-14 10:20:54"),
(543,"543.000","0","0",10,"2021-09-14 10:23:25"),
(2393,"2393.000","0","0",11,"2021-09-18 09:25:07"),
(395,"517.000",122,"103.7",12,"2021-09-14 13:15:37"),
(947,"947.000","0","0",13,"2021-09-20 13:03:27"),
(2206,"2220.000",14,"12.46",14,"2021-09-22 11:52:45"),
(2623,"2623.000","0","0",15,"2021-09-22 11:49:23"),
(669,"669.000","0","0",16,"2021-09-26 15:32:20"),
(1588,"1809.000",221,"196.69",17,"2021-09-28 10:46:57"),
(372,"372.000","0","0",18,"2021-09-28 12:19:46"),
(336,"336.000","0","0",19,"2021-09-28 12:19:44"),
(287,"287.000","0","0",20,"2021-09-28 12:19:44"),
(1213,"1213.000","0","0",21,"2021-09-28 13:21:01"),
(1737,"1737.000","0","0",22,"2021-09-28 13:09:51"),
(592,"592.000","0","0",23,"2021-09-30 12:22:41"),
(1667,"1667.000","0","0",24,"2021-09-30 12:22:41"),
(654,"654.000","0","0",25,"2021-10-10 11:16:02"),
(2169,"2169.000","0","0",26,"2021-10-04 10:37:33"),
(1556,"1869.000",313,"266.05",27,"2021-10-10 12:59:46"),
(4749,"4769.000",20,"17.8",28,"2021-10-04 11:40:06"),
(2234,"2234.000","0","0",29,"2021-10-04 10:34:58"),
(301,"602.000",301,"255.85",30,"2021-10-04 13:54:44"),
(1600,"1600.000","0","0",32,"2021-10-04 13:39:51"),
(1500,"1673.000",173,"153.97",33,"2021-10-04 13:39:51"),
(855,"855.000","0","0",34,"2021-10-10 12:57:59"),
(2491,"2491.000","0","0",35,"2021-10-10 12:52:06"),
(1358,"1358.000","0","0",36,"2021-10-10 12:52:06"),
(753,"765.000",12,"10.68",38,"2021-10-23 16:03:41"),
(2907,"2907.000","0","0",41,"2021-10-25 11:40:55"),
(1816,"1816.000","0","0",42,"2021-10-25 11:16:26"),
(555,"555.000","0","0",43,"2021-10-25 11:18:17"),
(971,"971.000","0","0",44,"2021-10-26 13:04:10"),
(3027,"3027.000","0","0",45,"2021-11-03 10:16:56"),
(1117,"1117.000","0","0",46,"2021-10-27 13:07:49"),
(1118,"1118.000","0","0",47,"2021-11-01 12:44:32"),
(3246,"3246.000","0","0",48,"2021-10-27 12:54:20"),
(2801,"2801.000","0","0",49,"2021-11-03 13:38:24"),
(7631,"7631.000","0","0",50,"2021-10-27 15:26:25"),
(2097,"2097.000","0","0",52,"2021-11-01 12:37:38"),
(2365,"2365.000","0","0",53,"2021-11-01 12:41:33"),
(785,"785.000","0","0",54,"2021-10-27 11:25:59"),
(872,"872.000","0","0",55,"2021-10-27 11:22:29"),
(1693,"1693.000","0","0",59,"2021-11-01 14:58:09"),
(509,"511.000",2,"1.78",60,"2021-11-01 15:22:12"),
(4717,"6226.000",1509,"1343.01",62,"2021-11-04 09:36:50"),
(7068,"7068.000","0","0",63,"2021-11-07 11:23:58"),
(2552,"2552.000","0","0",64,"2021-11-03 09:38:08"),
(7326,"7490.000",164,"145.96",65,"2021-11-03 10:13:23"),
(518,"518.000","0","0",66,"2021-11-01 15:12:45"),
(528,"528.000","0","0",67,"2021-11-01 15:16:22"),
(725,"725.000","0","0",69,"2021-11-03 09:43:53"),
(3670,"3670.000","0","0",70,"2021-11-07 13:11:19"),
(625,"625.000","0","0",72,"2021-11-03 12:04:36"),
(5760,"9152.000",3392,"3018.88",73,"2021-11-08 09:38:52"),
(2450,"2725.000",275,"244.75",74,"2021-11-07 12:22:53"),
(721,"775.000",54,"45.9",76,"2021-11-18 11:46:45"),
(2571,"2741.000",170,"151.3",77,"2021-11-17 13:57:46"),
(617,"617.000","0","0",79,"2021-11-18 11:59:46"),
(725,"725.000","0","0",80,"2021-11-23 11:37:36"),
(236,"236.000","0","0",81,"2021-12-09 10:06:36"),
(300,"300.000","0","0",82,"2021-12-09 10:11:38"),
(504,"504.000","0","0",83,"2021-12-22 13:28:15"),
(612,"629.000",17,"15.13",84,"2021-12-22 13:30:30"),
(2560,"3272.000",712,"633.6800000000001",85,"2021-12-22 13:36:12"),
(269,"269.000","0","0",86,"2021-12-23 12:47:57"),
(3526,"3536.000",10,"8.9",88,"2021-12-23 13:41:42"),
(2212,"2212.000","0","0",89,"2021-12-23 13:40:40"),
(809,"809.000","0","0",90,"2021-12-23 13:40:06"),
(2947,"2947.000","0","0",91,"2021-12-25 11:13:08"),
(2910,"2910.000","0","0",92,"2021-12-25 09:22:03"),
(3104,"3123.000",19,"16.91",93,"2021-12-23 15:54:00"),
(554,"554.000","0","0",94,"2021-12-25 11:37:21"),
(721,"721.000","0","0",95,"2021-12-25 11:33:52"),
(826,"826.000","0","0",96,"2021-12-25 11:42:38"),
(1888,"1888.000","0","0",97,"2021-12-25 11:42:00"),
(594,"594.000","0","0",98,"2021-12-25 11:41:46"),
(629,"629.000","0","0",99,"2021-12-23 14:51:29"),
(510,"510.000","0","0",100,"2021-12-25 11:17:39"),
(801,"801.000","0","0",101,"2021-12-25 13:51:08"),
(802,"802.000","0","0",102,"2021-12-25 11:05:44"),
(1495,"1495.000","0","0",103,"2021-12-27 15:20:07"),
(2077,"2077.000","0","0",104,"2021-12-29 13:08:24"),
(1933,"1933.000","0","0",106,"2021-12-27 13:56:32"),
(572,"572.000","0","0",107,"2021-12-28 13:06:11"),
(606,"606.000","0","0",108,"2021-12-28 09:04:55"),
(1911,"1911.000","0","0",109,"2021-12-28 08:57:19"),
(1611,"1626.000",15,"13.35",110,"2021-12-27 13:37:46"),
(943,"943.000","0","0",111,"2021-12-28 10:19:53"),
(560,"560.000","0","0",112,"2021-12-29 12:08:11"),
(1697,"1697.000","0","0",114,"2021-12-28 12:28:14"),
(949,"960.000",11,"9.790000000000001",116,"2021-12-28 10:21:56"),
(426,"426.000","0","0",117,"2021-12-29 11:43:48"),
(2926,"3019.000",93,"82.77",119,"2021-12-28 13:03:32"),
(536,"536.000","0","0",120,"2021-12-28 10:17:40"),
(1398,"1398.000","0","0",121,"2021-12-27 14:42:40"),
(6326,"7890.000",1564,"1391.96",122,"2021-12-27 14:56:03"),
(504,"504.000","0","0",123,"2021-12-28 09:18:25"),
(981,"981.000","0","0",124,"2021-12-29 11:57:16"),
(1081,"1081.000","0","0",125,"2021-12-29 12:00:56"),
(1043,"1044.000",1,"0.89",128,"2022-01-02 10:02:08"),
(540,"540.000","0","0",129,"2022-01-02 10:03:30"),
(647,"647.000","0","0",130,"2022-01-02 09:59:15"),
(1712,"1712.000","0","0",133,"2022-01-02 13:27:01"),
(612,"612.000","0","0",134,"2022-01-02 13:23:30"),
(1489,"1489.000","0","0",135,"2022-01-02 13:24:28"),
(1651,"1651.000","0","0",136,"2022-01-02 10:05:30"),
(519,"519.000","0","0",138,"2022-01-04 14:49:53"),
(743,"743.000","0","0",139,"2022-01-04 15:01:17"),
(976,"976.000","0","0",140,"2022-01-04 14:50:58"),
(927,"927.000","0","0",141,"2022-01-04 15:00:21"),
(913,"913.000","0","0",142,"2022-01-04 15:04:17"),
(285,"285.000","0","0",143,"2022-01-04 14:48:42"),
(1927,"1927.000","0","0",144,"2022-01-06 10:45:11"),
(718,"718.000","0","0",145,"2022-01-05 14:37:20"),
(1341,"1341.000","0","0",146,"2022-01-09 11:36:48"),
(4112,"6716.000",2604,"2317.56",147,"2022-01-06 10:53:54"),
(806,"848.000",42,"37.38",148,"2022-01-09 11:31:34"),
(511,"511.000","0","0",149,"2022-01-09 11:32:55"),
(560,"560.000","0","0",150,"2022-01-09 11:32:17"),
(2734,"2734.000","0","0",151,"2022-01-09 14:04:22"),
(730,"730.000","0","0",152,"2022-01-12 09:40:33"),
(622,"622.000","0","0",153,"2022-01-12 09:31:29"),
(732,"732.000","0","0",154,"2022-01-12 09:33:25"),
(782,"782.000","0","0",155,"2022-01-12 10:52:57"),
(1507,"1512.000",5,"4.45",156,"2022-01-12 10:51:59"),
(807,"807.000","0","0",157,"2022-01-12 10:49:36"),
(1045,"1045.000","0","0",158,"2022-01-12 09:34:18"),
(844,"844.000","0","0",159,"2022-01-12 09:35:23"),
(588,"588.000","0","0",160,"2022-01-16 14:36:37"),
(4593,"4730.000",137,"121.93",161,"2022-01-13 13:21:17"),
(640,"640.000","0","0",162,"2022-01-20 15:01:13"),
(1598,"1598.000","0","0",163,"2022-01-20 15:01:13"),
(1672,"1672.000","0","0",164,"2022-01-24 14:27:56"),
(2466,"2466.000","0","0",165,"2022-01-20 15:01:13"),
(1943,"1943.000","0","0",166,"2022-01-24 14:16:02"),
(568,"568.000","0","0",167,"2022-01-24 14:20:51"),
(1963,"1963.000","0","0",168,"2022-01-31 11:10:55"),
(3926,"3926.000","0","0",169,"2022-01-31 11:16:02"),
(781,"801.000",20,"17.8",170,"2022-02-03 13:14:21"),
(1018,"1018.000","0","0",172,"2022-02-08 13:36:31"),
(1070,"1070.000","0","0",173,"2022-02-08 13:36:31"),
(1016,"1016.000","0","0",175,"2022-02-14 09:48:45"),
(1086,"1102.000",16,16,176,"2022-02-13 12:05:10"),
(2116,"2160.000",44,44,177,"2022-03-01 10:18:23"),
(13567,"13640.000",73,"64.97",180,"2022-03-12 13:41:50"),
(2634,"2720.000",86,"76.54",181,"2022-03-01 10:24:18"),
(2647,"2740.000",93,"82.77",182,"2022-03-01 10:36:35"),
(2849,"2849.000","0","0",183,"2022-03-01 10:40:00"),
(1259,"1333.000",74,"65.86",184,"2022-03-02 08:32:28"),
(2849,"2849.000","0","0",185,"2022-03-02 08:34:17"),
(1317,"1346.000",29,"25.81",186,"2022-03-02 08:39:08"),
(1454,"1473.000",19,"16.91",187,"2022-03-05 08:39:50"),
(3675,"3746.000",71,"63.19",188,"2022-03-12 09:03:10"),
(2541,"2562.000",21,"18.69",189,"2022-03-12 09:10:52"),
(10864,"11983.000",1119,"995.91",190,"2022-03-12 13:48:37"),
(1355,"1424.000",69,"61.410000000000004",191,"2022-03-12 13:09:44"),
(1344,"1344.000","0","0",192,"2022-03-23 12:20:35"),
(1016,"1016.000","0","0",193,"2022-03-23 12:20:35"),
(1307,"1307.000","0","0",194,"2022-03-26 11:41:56"),
(2737,"2737.000","0","0",195,"2022-03-23 12:26:13"),
(1016,"1016.000","0","0",196,"2022-03-26 11:41:56"),
(1450,"1450.000","0","0",197,"2022-03-26 13:38:30"),
(2578,"2578.000","0","0",198,"2022-03-28 10:42:22"),
(1450,"1450.000","0","0",199,"2022-03-26 14:02:03"),
(1450,"1450.000","0","0",200,"2022-03-26 14:03:54"),
(1477,"1477.000","0","0",201,"2022-03-26 14:08:13"),
(1658,"1715.000",57,"40.184999999999995",202,"2022-03-26 14:17:41"),
(1450,"1451.000",1,"0.705",203,"2022-03-27 09:21:43"),
(1086,"1086.000","0","0",204,"2022-03-29 08:25:08"),
(1000,"1020.000",20,"14.1",205,"2022-03-28 09:02:22"),
(1333,"1333.000","0","0",206,"2022-03-28 09:02:22"),
(1510,"1572.000",62,"43.71",207,"2022-03-28 09:01:01"),
(765,"765.000","0","0",208,"2022-03-29 08:25:05"),
(414,"414.000","0","0",209,"2022-03-29 08:25:05"),
(1265,"1308.000",43,"30.314999999999998",210,"2022-03-28 10:47:09"),
(1630,"1630.000","0","0",213,"2022-03-28 08:59:38"),
(1062,"1062.000","0","0",214,"2022-03-30 12:06:29"),
(1607,"1607.000","0","0",215,"2022-04-04 12:10:43"),
(432,"432.000","0","0",216,"2022-03-30 12:06:29"),
(1495,"1495.000","0","0",217,"2022-03-30 12:06:29"),
(583,"583.000","0","0",218,"2022-04-04 12:10:03"),
(1445,"1445.000","0","0",220,"2022-04-07 12:41:55"),
(1453,"1692.000",239,"168.495",221,"2022-04-04 12:10:43"),
(1440,"1440.000","0","0",222,"2022-04-07 12:47:35"),
(1445,"1884.000",439,"309.495",224,"2022-04-07 12:47:35"),
(1,"1964.000",1963,"1383.915",225,"2022-04-09 11:39:33"),
(1,"1494.000",1493,"1052.5649999999998",226,"2022-04-09 11:39:33"),
(1535,"1577.000",42,"29.61",227,"2022-04-14 09:58:06"),
(665,"665.000","0","0",228,"2022-04-13 09:16:50"),
(834,"834.000","0","0",229,"2022-04-13 09:16:49"),
(785,"785.000","0","0",230,"2022-04-13 09:16:49"),
(1782,"1819.000",37,"26.084999999999997",231,"2022-04-13 09:16:49"),
(690,"690.000","0","0",232,"2022-04-19 10:41:42"),
(810,"810.000","0","0",233,"2022-04-16 09:33:50"),
(2290,"2290.000","0","0",234,"2022-04-19 13:55:06"),
(2463,"2463.000","0","0",235,"2022-04-19 13:55:06"),
(1448,"1448.000","0","0",236,"2022-04-19 13:55:06"),
(1450,"2119.000",669,"471.645",237,"2022-04-19 14:40:31"),
(1452,"1452.000","0","0",238,"2022-04-26 12:11:17"),
(1460,"1803.000",343,"241.815",239,"2022-04-26 12:11:17"),
(1452,"1452.000","0","0",241,"2022-04-26 12:11:17"),
(2029,"2029.000","0","0",242,"2022-04-28 09:59:08"),
(807,"807.000","0","0",243,"2022-04-28 09:59:08"),
(1627,"1627.000","0","0",244,"2022-05-10 11:02:22"),
(1205,"1205.000","0","0",245,"2022-05-10 08:22:20"),
(923,"923.000","0","0",246,"2022-05-10 11:02:22"),
(634,"634.000","0","0",247,"2022-05-10 11:02:22"),
(659,"659.000","0","0",248,"2022-05-10 11:05:38"),
(1084,"1084.000","0","0",249,"2022-05-15 09:42:00"),
(2665,"2665.000","0","0",250,"2022-05-14 10:55:42"),
(547,"547.000","0","0",251,"2022-05-14 10:55:16"),
(1721,"1721.000","0","0",252,"2022-05-16 10:50:36"),
(517,"517.000","0","0",253,"2022-05-16 10:50:35"),
(610,"610.000","0","0",254,"2022-05-15 09:41:20"),
(2126,"2126.000","0","0",255,"2022-05-18 14:56:41"),
(547,"547.000","0","0",256,"2022-05-15 09:48:58"),
(1304,"1304.000","0","0",257,"2022-05-18 14:54:39"),
(3721,"3721.000","0","0",258,"2022-05-17 10:10:43"),
(538,"1076.000",538,"478.82",259,"2022-05-18 14:54:39"),
(834,"834.000","0","0",260,"2022-05-22 11:46:18"),
(1520,"1520.000","0","0",261,"2022-05-22 11:46:18"),
(2117,"2874.000",757,"900.8299999999999",262,"2022-05-31 15:32:11"),
(1522,"1522.000","0","0",263,"2022-05-31 15:32:10"),
(2334,"2334.000","0","0",264,"2022-06-01 13:47:46"),
(2626,"2713.000",87,"103.53",265,"2022-06-14 13:13:36"),
(1664,"1664.000","0","0",266,"2022-06-04 15:13:47"),
(643,"643.000","0","0",267,"2022-06-06 09:56:30"),
(1005,"1005.000","0","0",268,"2022-06-05 10:48:14"),
(1517,"1612.000",95,"66.975",269,"2022-06-05 10:48:10"),
(1176,"1176.000","0","0",270,"2022-06-08 10:19:56"),
(459,"459.000","0","0",271,"2022-06-08 10:19:55"),
(2594,"2594.000","0","0",272,"2022-06-06 09:59:02"),
(780,"780.000","0","0",273,"2022-06-06 09:57:08"),
(913,"913.000","0","0",274,"2022-06-06 09:57:08"),
(684,"684.000","0","0",275,"2022-06-08 10:37:07"),
(1236,"1236.000","0","0",276,"2022-06-05 10:46:42"),
(793,"793.000","0","0",277,"2022-06-05 10:46:42"),
(1451,"1451.000","0","0",278,"2022-06-05 10:51:55"),
(611,"611.000","0","0",279,"2022-06-08 10:43:25"),
(613,"613.000","0","0",280,"2022-06-08 10:43:25"),
(703,"703.000","0","0",281,"2022-06-08 10:43:25"),
(1444,"1444.000","0","0",282,"2022-06-14 13:14:09"),
(754,"754.000","0","0",283,"2022-06-14 13:14:09"),
(1773,"1815.000",42,"49.98",284,"2022-06-14 13:17:38"),
(800,"800.000","0","0",285,"2022-06-18 08:41:34"),
(3111,"3111.000","0","0",286,"2022-06-18 10:33:59"),
(1211,"1211.000","0","0",287,"2022-06-18 10:20:22"),
(1352,"1398.000",46,"40.94",288,"2022-06-18 10:33:59"),
(2164,"2164.000","0","0",289,"2022-06-18 12:02:48"),
(1144,"1144.000","0","0",290,"2022-06-18 15:17:16"),
(860,"1593.000",733,"652.37",292,"2022-06-20 11:34:27"),
(412,"412.000","0","0",293,"2022-06-20 11:47:14"),
(712,"1593.000",881,"784.09",294,"2022-06-20 11:34:27"),
(585,"585.000","0","0",295,"2022-06-22 13:22:50"),
(708,"708.000","0","0",296,"2022-06-22 13:42:06"),
(737,"750.000",13,"11.57",297,"2022-06-22 13:01:18"),
(1287,"1287.000","0","0",298,"2022-06-22 13:05:25"),
(1422,"1422.000","0","0",299,"2022-06-27 09:34:17"),
(2010,"2010.000","0","0",300,"2022-06-28 13:26:45"),
(2002,"2411.000",409,"486.71",301,"2022-07-06 09:38:28"),
(2090,"2090.000","0","0",302,"2022-07-03 13:56:31"),
(2090,"2090.000","0","0",303,"2022-07-07 09:24:39"),
(2826,"2826.000","0","0",304,"2022-07-17 09:04:37"),
(2346,"2346.000","0","0",305,"2022-07-24 11:10:28"),
(2816,"2816.000","0","0",306,"2022-07-24 11:10:28"),
(994,"994.000","0","0",307,"2022-07-20 15:34:14"),
(686,"686.000","0","0",308,"2022-07-24 11:10:28"),
(2070,"2070.000","0","0",309,"2022-07-30 10:14:43"),
(2912,"3494.000",582,"517.98",310,"2022-08-01 14:21:20"),
(2070,"2070.000","0","0",311,"2022-08-04 09:57:45"),
(1469,"1469.000","0","0",312,"2022-08-04 09:57:45"),
(2551,"2551.000","0","0",313,"2022-08-11 11:12:58"),
(2246,"2246.000","0","0",314,"2022-08-13 15:01:59"),
(2555,"2621.000",66,"78.53999999999999",315,"2022-09-22 11:51:29"),
(3194,"3194.000","0","0",316,"2022-08-20 12:55:14"),
(1998,"2052.000",54,"64.25999999999999",317,"2022-08-28 10:08:37"),
(2090,"2172.000",82,"143.5",318,"2022-09-03 14:08:56"),
(626,"626.000","0","0",319,"2022-09-04 12:59:19"),
(876,"876.000","0","0",320,"2022-09-04 13:01:07"),
(2211,"2211.000","0","0",321,"2022-09-06 10:51:15"),
(643,"643.000","0","0",322,"2022-09-06 10:47:50"),
(668,"668.000","0","0",323,"2022-09-06 10:47:50"),
(636,"636.000","0","0",324,"2022-09-06 10:47:50"),
(650,"650.000","0","0",325,"2022-09-06 10:47:50"),
(2070,"2070.000","0","0",326,"2022-09-12 11:18:13"),
(1360,"1360.000","0","0",327,"2022-09-12 11:12:52"),
(1039,"1039.000","0","0",328,"2022-09-11 14:19:54"),
(2415,"2415.000","0","0",329,"2022-09-11 14:19:54"),
(2980,"3010.000",30,"26.7",330,"2022-09-11 14:19:54"),
(1173,"1173.000","0","0",331,"2022-09-15 12:51:13"),
(1037,"1037.000","0","0",332,"2022-09-15 12:51:13"),
(530,"530.000","0","0",333,"2022-09-15 12:51:13"),
(2217,"2217.000","0","0",334,"2022-09-22 11:40:09"),
(890,"890.000","0","0",335,"2022-09-22 11:40:09"),
(925,"925.000","0","0",337,"2022-09-22 11:23:08"),
(1173,"1173.000","0","0",338,"2022-09-27 09:29:12"),
(1205,"1205.000","0","0",339,"2022-09-27 09:27:42"),
(1209,"1209.000","0","0",340,"2022-09-29 11:40:38"),
(1725,"1725.000","0","0",341,"2022-09-29 11:45:38"),
(775,"775.000","0","0",342,"2022-09-27 09:24:34"),
(951,"951.000","0","0",343,"2022-09-27 09:24:03"),
(643,"643.000","0","0",344,"2022-09-27 09:21:53"),
(1597,"1597.000","0","0",345,"2022-09-29 11:57:02"),
(1896,"1896.000","0","0",346,"2022-10-06 14:05:22"),
(2987,"3127.000",140,"166.6",347,"2022-10-08 13:45:03"),
(2677,"3666.000",989,"1176.9099999999999",348,"2022-10-11 11:29:10"),
(1500,"1500.000","0","0",349,"2022-10-12 14:55:00"),
(600,"600.000","0","0",350,"2022-10-16 13:25:48"),
(649,"649.000","0","0",351,"2022-10-26 11:43:26"),
(1420,"1420.000","0","0",352,"2022-10-30 08:05:45"),
(640,"640.000","0","0",353,"2022-11-03 13:26:11"),
(1421,"1421.000","0","0",354,"2022-11-03 13:40:32"),
(1516,"1516.000","0","0",355,"2022-11-08 14:47:29"),
(1745,"1745.000","0","0",356,"2022-11-06 14:33:36"),
(1306,"1306.000","0","0",357,"2022-11-06 14:32:13"),
(1810,"1810.000","0","0",358,"2022-11-07 10:30:03"),
(758,"758.000","0","0",359,"2022-11-06 14:32:13"),
(751,"751.000","0","0",360,"2022-11-06 14:32:13");


DROP TABLE IF EXISTS `extended_order_refund`;

CREATE ALGORITHM=UNDEFINED DEFINER=`root`@`localhost` SQL SECURITY DEFINER VIEW `extended_order_refund` AS select `orders`.`iD` AS `iD`,`orders`.`EmployeeID` AS `EmployeeID`,`orders`.`CustomerID` AS `CustomerID`,`orders`.`CargoTransID` AS `CargoTransID`,`orders`.`TermsID` AS `TermsID`,`orders`.`date` AS `date`,`orders`.`billNo` AS `billNo`,`orders`.`comments` AS `comments`,`orders`.`status` AS `status`,case when `orders`.`TermsID` = -30 then last_day(`orders`.`date`) when `orders`.`TermsID` = -7 then `orders`.`date` + interval 1 + dayofweek(`orders`.`date`) day else `orders`.`date` + interval `orders`.`TermsID` day end AS `termsDate`,sum(`orders_details`.`quantity`) AS `quantity`,sum(`order_refunds_order_details`.`quantity`) AS `refundQuantity`,sum(`orders_details`.`quantity`) - coalesce(sum(`order_refunds_order_details`.`quantity`),0) AS `extendedNetQuantity`,sum(`orders_details`.`price`) AS `extendedPrice`,sum(round(`orders_details`.`unitPrice` * `order_refunds_order_details`.`quantity`,3)) AS `extendedRefundPrice`,sum(`orders_details`.`discount`) AS `extendedDiscount`,sum(round(coalesce(`orders_details`.`price`,0) - (coalesce(`orders_details`.`discount`,0) + coalesce(`orders_details`.`unitPrice` * `order_refunds_order_details`.`quantity`,0)),3)) AS `extendedNetPrice` from (((`orders` join `orders_details` on(`orders`.`iD` = `orders_details`.`OrderID`)) left join `orders_refunds` on(`orders`.`iD` = `orders_refunds`.`OrderID`)) left join `order_refunds_order_details` on(`orders_refunds`.`iD` = `order_refunds_order_details`.`OrderRefundID` and `orders_details`.`OrderID` = `order_refunds_order_details`.`OrderID` and `orders_details`.`ProductID` = `order_refunds_order_details`.`ProductID` and `orders_details`.`iD` = `order_refunds_order_details`.`OrderDetailsID`)) group by `orders`.`iD`;

INSERT INTO `extended_order_refund` VALUES (122,1,959,NULL,1,"2021-08-23 09:54:32",NULL,NULL,"NONE","2021-08-24 09:54:32",5183,30,5153,"3757.6750","21.750","0.0000","3735.925"),
(123,1,950,NULL,60,"2021-08-30 09:46:21",NULL,NULL,"NONE","2021-10-29 09:46:21",6959,600,6359,"5775.9700","498.000","0.0000","5277.970"),
(125,1,967,NULL,7,"2021-09-10 20:29:19",NULL,NULL,"NONE","2021-09-17 20:29:19",512,NULL,512,"384.0000",NULL,"0.0000","384.000"),
(127,1,978,NULL,7,"2021-09-14 10:28:47",NULL,NULL,"NONE","2021-09-21 10:28:47",833,NULL,833,"756.2000",NULL,"0.0000","756.200"),
(128,1,994,NULL,7,"2021-09-14 11:24:35",NULL,NULL,"NONE","2021-09-21 11:24:35",1036,NULL,1036,"1087.8000",NULL,"0.0000","1087.800"),
(129,1,967,NULL,7,"2021-09-14 09:14:21",NULL,NULL,"NONE","2021-09-21 09:14:21",3443,NULL,3443,"3014.9500",NULL,"0.0000","3014.950"),
(130,1,967,NULL,7,"2021-09-14 09:19:56",NULL,NULL,"NONE","2021-09-21 09:19:56",339,NULL,339,"288.1500",NULL,"0.0000","288.150"),
(131,1,967,NULL,7,"2021-09-14 09:24:20",NULL,NULL,"NONE","2021-09-21 09:24:20",3815,NULL,3815,"3798.1500",NULL,"0.0000","3798.150"),
(132,1,967,NULL,7,"2021-09-14 09:26:11",NULL,NULL,"NONE","2021-09-21 09:26:11",1854,NULL,1854,"1575.9000",NULL,"0.0000","1575.900"),
(133,4,996,NULL,7,"2021-09-16 09:48:24",NULL,NULL,"NONE","2021-09-23 09:48:24",585,NULL,585,"497.2500",NULL,"0.0000","497.250"),
(134,1,967,NULL,7,"2021-09-13 10:01:55",NULL,NULL,"NONE","2021-09-20 10:01:55",9899,NULL,9899,"8414.1500",NULL,"0.0000","8414.150"),
(135,1,967,NULL,7,"2021-09-17 16:20:53",NULL,NULL,"NONE","2021-09-24 16:20:53",80,NULL,80,"79.8750",NULL,"0.0000","79.875"),
(136,1,941,NULL,7,"2021-09-16 09:27:21",NULL,NULL,"NONE","2021-09-23 09:27:21",2245,NULL,2245,"2357.2500",NULL,"0.0000","2357.250"),
(137,1,966,NULL,7,"2021-09-18 09:29:01",NULL,NULL,"NONE","2021-09-25 09:29:01",1560,NULL,1560,"1541.0000",NULL,"0.0000","1541.000"),
(138,1,989,NULL,7,"2021-09-18 09:59:16",NULL,NULL,"NONE","2021-09-25 09:59:16",1057,NULL,1057,"1109.8500",NULL,"0.0000","1109.850"),
(139,1,998,NULL,7,"2021-09-17 10:13:55",NULL,NULL,"NONE","2021-09-24 10:13:55",34440,NULL,34440,"29274.0010",NULL,"0.0000","29274.001"),
(140,1,999,NULL,7,"2021-09-17 13:12:56",NULL,NULL,"NONE","2021-09-24 13:12:56",34397,NULL,34397,"36424.6500",NULL,"0.0000","36424.650"),
(141,1,999,NULL,7,"2021-09-17 13:18:33",NULL,NULL,"NONE","2021-09-24 13:18:33",26055,NULL,26055,"21641.2500",NULL,"0.0000","21641.250"),
(142,1,999,NULL,7,"2021-09-17 13:19:50",NULL,NULL,"NONE","2021-09-24 13:19:50",3474,NULL,3474,"2605.5000",NULL,"0.0000","2605.500"),
(143,1,999,NULL,7,"2021-09-17 20:48:58",NULL,NULL,"NONE","2021-09-24 20:48:58",245,NULL,245,"257.2500",NULL,"0.0000","257.250"),
(144,1,943,NULL,7,"2021-09-21 13:13:50",NULL,NULL,"NONE","2021-09-28 13:13:50",1732,NULL,1732,"1507.6800",NULL,"0.0000","1507.680"),
(145,1,941,NULL,7,"2021-09-21 13:17:30",NULL,NULL,"NONE","2021-09-28 13:17:30",1006,NULL,1006,"1106.6000",NULL,"0.0000","1106.600"),
(147,4,950,NULL,7,"2021-09-22 09:25:35",NULL,NULL,"NONE","2021-09-29 09:25:35",1045,NULL,1045,"862.1250",NULL,"0.0000","862.125"),
(148,1,941,NULL,7,"2021-09-22 14:21:59",NULL,NULL,"NONE","2021-09-29 14:21:59",1936,NULL,1936,"1718.7500",NULL,"0.0000","1718.750"),
(149,1,954,NULL,7,"2021-09-22 14:46:12",NULL,NULL,"NONE","2021-09-29 14:46:12",1604,NULL,1604,"1331.3200",NULL,"0.0000","1331.320"),
(150,4,1004,NULL,7,"2021-09-23 10:41:21",NULL,NULL,"NONE","2021-09-30 10:41:21",2560,27,2533,"2176.0000","22.950","0.0000","2153.050"),
(151,1,954,NULL,60,"2021-09-23 13:13:08",NULL,NULL,"NONE","2021-11-22 13:13:08",1696,NULL,1696,"1407.6800",NULL,"0.0000","1407.680"),
(152,1,943,NULL,60,"2021-09-25 11:36:21",NULL,NULL,"NONE","2021-11-24 11:36:21",3566,NULL,3566,"3599.1000",NULL,"0.0000","3599.100"),
(153,1,960,NULL,7,"2021-09-25 11:58:04",NULL,NULL,"NONE","2021-10-02 11:58:04",725,NULL,725,"750.1000",NULL,"0.0000","750.100"),
(154,4,949,NULL,7,"2021-09-26 12:54:33",NULL,NULL,"NONE","2021-10-03 12:54:33",300,NULL,300,"187.5000",NULL,"0.0000","187.500"),
(155,1,954,NULL,7,"2021-09-26 15:51:19",NULL,NULL,"NONE","2021-10-03 15:51:19",1608,NULL,1608,"1334.6400",NULL,"0.0000","1334.640"),
(156,1,960,NULL,7,"2021-09-27 13:10:00",NULL,NULL,"NONE","2021-10-04 13:10:00",838,NULL,838,"838.0000",NULL,"0.0000","838.000"),
(157,4,960,NULL,7,"2021-09-28 09:46:36",NULL,NULL,"NONE","2021-10-05 09:46:36",1049,NULL,1049,"1153.9000",NULL,"0.0000","1153.900"),
(158,1,933,NULL,7,"2021-09-28 11:06:04",NULL,NULL,"NONE","2021-10-05 11:06:04",227,NULL,227,"283.7500",NULL,"0.0000","283.750"),
(160,1,941,NULL,7,"2021-09-28 12:38:00",NULL,NULL,"NONE","2021-10-05 12:38:00",1185,NULL,1185,"1481.2500",NULL,"0.0000","1481.250"),
(161,1,943,NULL,7,"2021-09-28 12:57:57",NULL,NULL,"NONE","2021-10-05 12:57:57",650,NULL,650,"552.5000",NULL,"0.0000","552.500"),
(162,1,1010,NULL,7,"2021-09-28 13:23:07",NULL,NULL,"NONE","2021-10-05 13:23:07",2865,NULL,2865,"2435.2500",NULL,"0.0000","2435.250"),
(163,4,939,NULL,7,"2021-09-28 15:23:57",NULL,NULL,"NONE","2021-10-05 15:23:57",1433,NULL,1433,"1275.3700",NULL,"0.0000","1275.370"),
(164,1,1007,NULL,7,"2021-09-29 11:40:28",NULL,NULL,"NONE","2021-10-06 11:40:28",5839,NULL,5839,"3649.3600",NULL,"0.0000","3649.360"),
(165,1,1012,NULL,1,"2021-09-30 10:26:53",NULL,NULL,"NONE","2021-10-01 10:26:53",307,NULL,307,"314.6750",NULL,"0.0000","314.675"),
(166,1,949,NULL,7,"2021-09-30 12:38:12",NULL,NULL,"NONE","2021-10-07 12:38:12",1311,NULL,1311,"678.7500",NULL,"0.0000","678.750"),
(167,1,977,NULL,7,"2021-09-30 12:47:48","10243 من المعمل",NULL,"NONE","2021-10-07 12:47:48",1809,NULL,1809,"1537.6500",NULL,"0.0000","1537.650"),
(168,1,954,NULL,7,"2021-09-30 13:57:52",NULL,NULL,"NONE","2021-10-07 13:57:52",1039,NULL,1039,"862.3700",NULL,"0.0000","862.370"),
(169,4,960,NULL,7,"2021-10-02 09:01:24",NULL,NULL,"NONE","2021-10-09 09:01:24",341,NULL,341,"375.1000",NULL,"0.0000","375.100"),
(170,1,954,NULL,7,"2021-10-02 11:47:10",NULL,NULL,"NONE","2021-10-09 11:47:10",1156,NULL,1156,"982.6000",NULL,"0.0000","982.600"),
(171,1,1008,NULL,1,"2021-10-02 11:47:10",NULL,NULL,"NONE","2021-10-03 11:47:10",2298,NULL,2298,"2527.8000",NULL,"0.0000","2527.800"),
(172,1,943,NULL,7,"2021-10-02 12:17:24",NULL,NULL,"NONE","2021-10-09 12:17:24",334,NULL,334,"325.6500",NULL,"0.0000","325.650"),
(173,1,980,NULL,7,"2021-10-02 12:18:21",NULL,NULL,"NONE","2021-10-09 12:18:21",21341,NULL,21341,"23342.6500",NULL,"0.0000","23342.650"),
(174,1,1008,NULL,7,"2021-10-02 12:44:11",NULL,NULL,"NONE","2021-10-09 12:44:11",1050,NULL,1050,"1155.0000",NULL,"0.0000","1155.000"),
(175,1,999,NULL,60,"2021-09-01 13:09:49",NULL,NULL,"NONE","2021-10-31 13:09:49",72469,NULL,72469,"90586.2500",NULL,"0.0000","90586.250"),
(177,1,999,NULL,60,"2021-09-01 13:19:25",NULL,NULL,"NONE","2021-10-31 13:19:25",35869,NULL,35869,"44836.2500",NULL,"0.0000","44836.250"),
(178,4,960,NULL,7,"2021-10-02 15:33:21",NULL,NULL,"NONE","2021-10-09 15:33:21",340,NULL,340,"374.0000",NULL,"0.0000","374.000"),
(179,1,954,NULL,7,"2021-10-03 11:50:52",NULL,NULL,"NONE","2021-10-10 11:50:52",1048,NULL,1048,"848.8800",NULL,"0.0000","848.880"),
(180,4,960,NULL,7,"2021-10-03 12:06:19",NULL,NULL,"NONE","2021-10-10 12:06:19",747,NULL,747,"821.7000",NULL,"0.0000","821.700"),
(181,4,1011,NULL,7,"2021-10-03 12:58:46",NULL,NULL,"NONE","2021-10-10 12:58:46",862,NULL,862,"767.1800",NULL,"0.0000","767.180"),
(182,4,1011,NULL,7,"2021-10-03 14:23:53",NULL,NULL,"NONE","2021-10-10 14:23:53",854,NULL,854,"760.0600",NULL,"0.0000","760.060"),
(183,1,942,NULL,7,"2021-10-04 11:52:48","10247 من المعمل",NULL,"NONE","2021-10-11 11:52:48",3254,NULL,3254,"2765.9000",NULL,"0.0000","2765.900"),
(184,1,942,NULL,7,"2021-10-04 11:53:30","10249 من المعمل",NULL,"NONE","2021-10-11 11:53:30",1515,NULL,1515,"1287.7500",NULL,"0.0000","1287.750"),
(185,1,974,NULL,7,"2021-10-04 11:56:01",NULL,NULL,"NONE","2021-10-11 11:56:01",1246,NULL,1246,"1183.7000",NULL,"0.0000","1183.700"),
(186,1,996,NULL,60,"2021-10-04 13:43:52",NULL,NULL,"NONE","2021-12-03 13:43:52",803,NULL,803,"714.6700",NULL,"0.0000","714.670"),
(187,4,1013,NULL,7,"2021-10-04 15:08:30",NULL,NULL,"NONE","2021-10-11 15:08:30",2027,NULL,2027,"1722.9500",NULL,"0.0000","1722.950"),
(188,4,978,NULL,7,"2021-10-04 16:07:13",NULL,NULL,"NONE","2021-10-11 16:07:13",2115,NULL,2115,"1797.7500",NULL,"0.0000","1797.750"),
(189,4,966,NULL,7,"2021-10-04 16:13:55",NULL,NULL,"NONE","2021-10-11 16:13:55",347,NULL,347,"381.7000",NULL,"0.0000","381.700"),
(190,1,959,NULL,1,"2021-10-05 10:00:38",NULL,NULL,"NONE","2021-10-06 10:00:38",1041,NULL,1041,"1145.1000",NULL,"0.0000","1145.100"),
(191,1,1014,NULL,7,"2021-10-05 11:13:29",NULL,NULL,"NONE","2021-10-12 11:13:29",1258,NULL,1258,"1320.9000",NULL,"0.0000","1320.900"),
(192,4,962,NULL,7,"2021-10-05 13:49:47",NULL,NULL,"NONE","2021-10-12 13:49:47",291,NULL,291,"320.1000",NULL,"0.0000","320.100"),
(193,4,968,NULL,7,"2021-10-06 12:30:46",NULL,NULL,"NONE","2021-10-13 12:30:46",353,NULL,353,"220.6200",NULL,"0.0000","220.620"),
(194,4,974,NULL,7,"2021-10-06 12:32:19",NULL,NULL,"NONE","2021-10-13 12:32:19",417,NULL,417,"417.0000",NULL,"0.0000","417.000"),
(195,4,954,NULL,7,"2021-10-06 15:05:25",NULL,NULL,"NONE","2021-10-13 15:05:25",962,NULL,962,"817.7000",NULL,"0.0000","817.700"),
(196,1,1017,NULL,60,"2021-10-06 16:44:14",NULL,NULL,"NONE","2021-12-05 16:44:14",5065,NULL,5065,"3925.3750",NULL,"0.0000","3925.375"),
(197,4,960,NULL,7,"2021-10-07 09:15:16",NULL,NULL,"NONE","2021-10-14 09:15:16",538,NULL,538,"591.8000",NULL,"0.0000","591.800"),
(198,1,1019,NULL,1,"2021-10-07 10:56:28",NULL,NULL,"NONE","2021-10-08 10:56:28",1541,NULL,1541,"1309.8500",NULL,"0.0000","1309.850"),
(199,4,1020,NULL,7,"2021-10-07 12:41:56",NULL,NULL,"NONE","2021-10-14 12:41:56",350,NULL,350,"385.0000",NULL,"0.0000","385.000"),
(200,4,938,NULL,7,"2021-10-07 12:47:45",NULL,NULL,"NONE","2021-10-14 12:47:45",475,NULL,475,"422.7500",NULL,"0.0000","422.750"),
(201,4,987,NULL,7,"2021-10-07 14:04:58",NULL,NULL,"NONE","2021-10-14 14:04:58",5974,NULL,5974,"5307.7800",NULL,"0.0000","5307.780"),
(202,4,941,NULL,7,"2021-10-07 14:58:49",NULL,NULL,"NONE","2021-10-14 14:58:49",263,NULL,263,"263.0000",NULL,"0.0000","263.000"),
(203,4,960,NULL,7,"2021-10-09 14:44:25",NULL,NULL,"NONE","2021-10-16 14:44:25",560,NULL,560,"616.0000",NULL,"0.0000","616.000"),
(204,1,960,NULL,7,"2021-10-10 10:22:24",NULL,NULL,"NONE","2021-10-17 10:22:24",522,NULL,522,"443.7000",NULL,"0.0000","443.700"),
(205,4,1023,NULL,7,"2021-10-10 11:36:48",NULL,NULL,"NONE","2021-10-17 11:36:48",402,NULL,402,"341.7000",NULL,"0.0000","341.700"),
(206,4,962,NULL,7,"2021-10-10 11:39:42",NULL,NULL,"NONE","2021-10-17 11:39:42",516,NULL,516,"438.6000",NULL,"0.0000","438.600"),
(207,4,981,NULL,7,"2021-10-10 12:08:49",NULL,NULL,"NONE","2021-10-17 12:08:49",228,NULL,228,"250.8000",NULL,"0.0000","250.800"),
(208,4,969,NULL,7,"2021-10-11 08:50:03",NULL,NULL,"NONE","2021-10-18 08:50:03",1047,NULL,1047,"889.9500",NULL,"0.0000","889.950"),
(209,4,1008,NULL,7,"2021-10-11 09:25:05",NULL,NULL,"NONE","2021-10-18 09:25:05",425,NULL,425,"467.5000",NULL,"0.0000","467.500"),
(210,4,954,NULL,7,"2021-10-11 10:01:38",NULL,NULL,"NONE","2021-10-18 10:01:38",1026,NULL,1026,"872.1000",NULL,"0.0000","872.100"),
(211,4,954,NULL,7,"2021-10-12 10:39:59",NULL,NULL,"NONE","2021-10-19 10:39:59",1199,NULL,1199,"1019.1500",NULL,"0.0000","1019.150"),
(212,1,960,NULL,7,"2021-10-12 10:53:21",NULL,NULL,"NONE","2021-10-19 10:53:21",322,NULL,322,"354.2000",NULL,"0.0000","354.200"),
(213,4,945,NULL,7,"2021-10-12 12:20:54",NULL,NULL,"NONE","2021-10-19 12:20:54",1039,NULL,1039,"883.1500",NULL,"0.0000","883.150"),
(214,4,934,NULL,7,"2021-10-12 14:34:19",NULL,NULL,"NONE","2021-10-19 14:34:19",754,NULL,754,"640.9000",NULL,"0.0000","640.900"),
(215,1,968,NULL,7,"2021-10-13 11:40:21",NULL,NULL,"NONE","2021-10-20 11:40:21",413,NULL,413,"454.3000",NULL,"0.0000","454.300"),
(216,1,1003,NULL,7,"2021-10-13 11:41:06",NULL,NULL,"NONE","2021-10-20 11:41:06",649,NULL,649,"568.1500",NULL,"0.0000","568.150"),
(217,4,966,NULL,7,"2021-10-13 13:00:53",NULL,NULL,"NONE","2021-10-20 13:00:53",872,NULL,872,"959.2000",NULL,"0.0000","959.200"),
(218,1,1024,NULL,60,"2021-10-13 14:37:35",NULL,NULL,"NONE","2021-12-12 14:37:35",500,NULL,500,"700.0000",NULL,"0.0000","700.000"),
(219,1,1025,NULL,-1,"2021-10-13 16:14:58",NULL,NULL,"NONE","2021-10-12 16:14:58",4177,NULL,4177,"3550.4500",NULL,"0.0000","3550.450"),
(220,1,962,NULL,60,"2021-10-14 10:16:34",NULL,NULL,"NONE","2021-12-13 10:16:34",1024,NULL,1024,"870.4000",NULL,"0.0000","870.400"),
(221,1,960,NULL,7,"2021-10-14 10:39:12",NULL,NULL,"NONE","2021-10-21 10:39:12",527,NULL,527,"447.9500",NULL,"0.0000","447.950"),
(222,4,962,NULL,7,"2021-10-14 10:48:54",NULL,NULL,"NONE","2021-10-21 10:48:54",1014,NULL,1014,"861.9000",NULL,"0.0000","861.900"),
(223,4,943,NULL,60,"2021-10-14 12:49:08",NULL,NULL,"NONE","2021-12-13 12:49:08",3066,NULL,3066,"2623.2200",NULL,"0.0000","2623.220"),
(224,4,1016,NULL,7,"2021-10-16 10:10:54",NULL,NULL,"NONE","2021-10-23 10:10:54",1089,NULL,1089,"969.2100",NULL,"0.0000","969.210"),
(225,4,960,NULL,7,"2021-10-17 10:37:00",NULL,NULL,"NONE","2021-10-24 10:37:00",498,NULL,498,"423.3000",NULL,"0.0000","423.300"),
(226,4,1023,NULL,7,"2021-10-18 11:04:08",NULL,NULL,"NONE","2021-10-25 11:04:08",346,NULL,346,"311.4000",NULL,"0.0000","311.400"),
(227,4,995,NULL,7,"2021-10-18 11:46:52",NULL,NULL,"NONE","2021-10-25 11:46:52",2538,NULL,2538,"2157.3000",NULL,"0.0000","2157.300"),
(228,4,1004,NULL,7,"2021-10-19 10:57:33",NULL,NULL,"NONE","2021-10-26 10:57:33",2036,NULL,2036,"1730.6000",NULL,"0.0000","1730.600"),
(229,4,937,NULL,7,"2021-10-19 13:22:13",NULL,NULL,"NONE","2021-10-26 13:22:13",354,NULL,354,"477.9000",NULL,"0.0000","477.900"),
(230,4,1019,NULL,7,"2021-10-20 11:21:27",NULL,NULL,"NONE","2021-10-27 11:21:27",342,NULL,342,"376.2000",NULL,"0.0000","376.200"),
(231,4,962,NULL,7,"2021-10-20 11:55:04",NULL,NULL,"NONE","2021-10-27 11:55:04",796,NULL,796,"875.6000",NULL,"0.0000","875.600"),
(232,4,969,NULL,7,"2021-10-20 12:37:43",NULL,NULL,"NONE","2021-10-27 12:37:43",1099,NULL,1099,"1208.9000",NULL,"0.0000","1208.900"),
(233,4,962,NULL,-1,"2021-10-20 12:43:39",NULL,NULL,"NONE","2021-10-19 12:43:39",877,NULL,877,"964.7000",NULL,"0.0000","964.700"),
(234,4,962,NULL,7,"2021-10-20 13:33:55",NULL,NULL,"NONE","2021-10-27 13:33:55",775,NULL,775,"941.7500",NULL,"0.0000","941.750"),
(235,4,960,NULL,7,"2021-10-20 14:04:59",NULL,NULL,"NONE","2021-10-27 14:04:59",1045,NULL,1045,"1149.5000",NULL,"0.0000","1149.500"),
(236,4,962,NULL,7,"2021-10-20 14:14:20",NULL,NULL,"NONE","2021-10-27 14:14:20",1026,NULL,1026,"1385.1000",NULL,"0.0000","1385.100"),
(237,4,960,NULL,7,"2021-10-20 14:20:42",NULL,NULL,"NONE","2021-10-27 14:20:42",1043,NULL,1043,"1147.3000",NULL,"0.0000","1147.300"),
(238,4,960,NULL,7,"2021-10-20 14:35:12",NULL,NULL,"NONE","2021-10-27 14:35:12",1051,NULL,1051,"1156.1000",NULL,"0.0000","1156.100"),
(239,4,1024,NULL,7,"2021-10-21 09:51:51",NULL,NULL,"NONE","2021-10-28 09:51:51",500,NULL,500,"700.0000",NULL,"0.0000","700.000"),
(240,4,1024,NULL,7,"2021-10-21 11:05:37",NULL,NULL,"NONE","2021-10-28 11:05:37",500,NULL,500,"700.0000",NULL,"0.0000","700.000"),
(241,4,977,NULL,7,"2021-10-23 10:24:57",NULL,NULL,"NONE","2021-10-30 10:24:57",3158,NULL,3158,"2684.3000",NULL,"0.0000","2684.300"),
(242,4,941,NULL,7,"2021-10-23 10:31:37",NULL,NULL,"NONE","2021-10-30 10:31:37",2619,NULL,2619,"2226.1500",NULL,"0.0000","2226.150"),
(243,4,941,NULL,7,"2021-10-23 11:44:10",NULL,NULL,"NONE","2021-10-30 11:44:10",2677,NULL,2677,"2275.4500",NULL,"0.0000","2275.450"),
(244,4,941,NULL,7,"2021-10-23 12:07:54",NULL,NULL,"NONE","2021-10-30 12:07:54",2608,NULL,2608,"2216.8000",NULL,"0.0000","2216.800"),
(245,4,941,NULL,7,"2021-10-23 12:26:40",NULL,NULL,"NONE","2021-10-30 12:26:40",2581,NULL,2581,"2193.8500",NULL,"0.0000","2193.850"),
(246,4,962,NULL,7,"2021-10-23 12:39:37",NULL,NULL,"NONE","2021-10-30 12:39:37",1047,NULL,1047,"889.9500",NULL,"0.0000","889.950"),
(247,4,941,NULL,7,"2021-10-23 12:50:52",NULL,NULL,"NONE","2021-10-30 12:50:52",2641,NULL,2641,"2244.8500",NULL,"0.0000","2244.850"),
(248,4,941,NULL,7,"2021-10-23 13:14:26",NULL,NULL,"NONE","2021-10-30 13:14:26",2632,NULL,2632,"2237.2000",NULL,"0.0000","2237.200"),
(249,4,943,NULL,7,"2021-10-23 13:34:46",NULL,NULL,"NONE","2021-10-30 13:34:46",2898,NULL,2898,"2463.3000",NULL,"0.0000","2463.300"),
(250,4,941,NULL,7,"2021-10-23 13:34:46",NULL,NULL,"NONE","2021-10-30 13:34:46",2574,NULL,2574,"2187.9000",NULL,"0.0000","2187.900"),
(251,4,941,NULL,7,"2021-10-23 14:10:17",NULL,NULL,"NONE","2021-10-30 14:10:17",2572,NULL,2572,"2186.2000",NULL,"0.0000","2186.200"),
(252,4,962,NULL,7,"2021-10-23 14:10:17",NULL,NULL,"NONE","2021-10-30 14:10:17",1072,NULL,1072,"911.2000",NULL,"0.0000","911.200"),
(253,4,943,NULL,7,"2021-10-23 14:10:17",NULL,NULL,"NONE","2021-10-30 14:10:17",1535,NULL,1535,"1304.7500",NULL,"0.0000","1304.750"),
(254,4,941,NULL,7,"2021-10-23 14:50:09",NULL,NULL,"NONE","2021-10-30 14:50:09",2653,NULL,2653,"2255.0500",NULL,"0.0000","2255.050"),
(255,4,977,NULL,7,"2021-10-23 14:57:10",NULL,NULL,"NONE","2021-10-30 14:57:10",2656,NULL,2656,"2257.6000",NULL,"0.0000","2257.600"),
(256,1,941,NULL,7,"2021-10-23 15:08:20",NULL,NULL,"NONE","2021-10-30 15:08:20",513,NULL,513,"436.0500",NULL,"0.0000","436.050"),
(257,4,941,NULL,7,"2021-10-23 16:06:31",NULL,NULL,"NONE","2021-10-30 16:06:31",451,NULL,451,"383.3500",NULL,"0.0000","383.350"),
(258,4,972,NULL,7,"2021-10-24 13:25:52",NULL,NULL,"NONE","2021-10-31 13:25:52",554,NULL,554,"470.9000",NULL,"0.0000","470.900"),
(259,4,1001,NULL,7,"2021-10-25 09:25:11",NULL,NULL,"NONE","2021-11-01 09:25:11",516,NULL,516,"438.6000",NULL,"0.0000","438.600"),
(260,4,996,NULL,7,"2021-10-26 11:24:35",NULL,NULL,"NONE","2021-11-02 11:24:35",505,NULL,505,"555.5000",NULL,"0.0000","555.500"),
(261,4,1013,NULL,7,"2021-10-27 12:12:06",NULL,NULL,"NONE","2021-11-03 12:12:06",1745,NULL,1745,"1483.2500",NULL,"0.0000","1483.250"),
(262,4,1029,NULL,7,"2021-10-27 13:22:41",NULL,NULL,"NONE","2021-11-03 13:22:41",757,NULL,757,"643.4500",NULL,"0.0000","643.450"),
(263,4,978,NULL,7,"2021-10-28 08:16:37",NULL,NULL,"NONE","2021-11-04 08:16:37",870,NULL,870,"739.5000",NULL,"0.0000","739.500"),
(264,4,1004,NULL,7,"2021-10-28 12:08:59",NULL,NULL,"NONE","2021-11-04 12:08:59",3195,NULL,3195,"2715.7500",NULL,"0.0000","2715.750"),
(265,4,1028,NULL,7,"2021-10-28 12:27:03",NULL,NULL,"NONE","2021-11-04 12:27:03",960,NULL,960,"816.0000",NULL,"0.0000","816.000"),
(266,4,960,NULL,7,"2021-10-28 13:10:15",NULL,NULL,"NONE","2021-11-04 13:10:15",610,NULL,610,"518.5000",NULL,"0.0000","518.500"),
(267,4,992,NULL,7,"2021-10-28 13:41:48",NULL,NULL,"NONE","2021-11-04 13:41:48",830,NULL,830,"913.0000",NULL,"0.0000","913.000"),
(268,4,980,NULL,7,"2021-10-30 09:04:26",NULL,NULL,"NONE","2021-11-06 09:04:26",8386,NULL,8386,"7128.1000",NULL,"0.0000","7128.100"),
(269,1,1019,NULL,7,"2021-11-01 13:00:02",NULL,NULL,"NONE","2021-11-08 13:00:02",595,NULL,595,"550.0000",NULL,"0.0000","550.000"),
(270,4,1035,NULL,7,"2021-11-01 13:59:06",NULL,NULL,"NONE","2021-11-08 13:59:06",286,NULL,286,"336.0500",NULL,"0.0000","336.050"),
(271,4,1004,NULL,7,"2021-11-01 15:05:10",NULL,NULL,"NONE","2021-11-08 15:05:10",1652,NULL,1652,"1569.4000",NULL,"0.0000","1569.400"),
(272,4,931,NULL,7,"2021-11-01 15:30:40",NULL,NULL,"NONE","2021-11-08 15:30:40",855,NULL,855,"812.2500",NULL,"0.0000","812.250"),
(273,4,1030,NULL,7,"2021-11-02 08:34:33",NULL,NULL,"NONE","2021-11-09 08:34:33",511,NULL,511,"485.4500",NULL,"0.0000","485.450"),
(274,1,941,NULL,7,"2021-11-02 12:08:41",NULL,NULL,"NONE","2021-11-09 12:08:41",224,NULL,224,"212.8000",NULL,"0.0000","212.800"),
(275,4,978,NULL,7,"2021-11-02 14:04:17",NULL,NULL,"NONE","2021-11-09 14:04:17",1877,NULL,1877,"1783.1500",NULL,"0.0000","1783.150"),
(276,4,931,NULL,7,"2021-11-02 14:39:12",NULL,NULL,"NONE","2021-11-09 14:39:12",1716,NULL,1716,"1630.2000",NULL,"0.0000","1630.200"),
(277,4,931,NULL,7,"2021-11-02 15:30:58",NULL,NULL,"NONE","2021-11-09 15:30:58",921,NULL,921,"874.9500",NULL,"0.0000","874.950"),
(278,4,978,NULL,7,"2021-11-02 15:40:12",NULL,NULL,"NONE","2021-11-09 15:40:12",1793,NULL,1793,"1703.3500",NULL,"0.0000","1703.350"),
(279,4,969,NULL,7,"2021-11-03 13:15:16",NULL,NULL,"NONE","2021-11-10 13:15:16",110,NULL,110,"165.0000",NULL,"0.0000","165.000"),
(280,1,1034,NULL,7,"2021-11-03 14:28:30",NULL,NULL,"NONE","2021-11-10 14:28:30",1034,NULL,1034,"930.6000",NULL,"0.0000","930.600"),
(281,1,1034,NULL,7,"2021-11-03 14:32:43",NULL,NULL,"NONE","2021-11-10 14:32:43",180,NULL,180,"162.0000",NULL,"0.0000","162.000"),
(282,4,980,NULL,7,"2021-11-03 15:34:04",NULL,NULL,"NONE","2021-11-10 15:34:04",4696,NULL,4696,"4461.2000",NULL,"0.0000","4461.200"),
(283,4,1011,NULL,7,"2021-11-04 09:51:50",NULL,NULL,"NONE","2021-11-11 09:51:50",1190,NULL,1190,"1130.5000",NULL,"0.0000","1130.500"),
(284,4,1033,NULL,7,"2021-11-06 09:52:33",NULL,NULL,"NONE","2021-11-13 09:52:33",220,NULL,220,"209.0000",NULL,"0.0000","209.000"),
(285,4,994,NULL,7,"2021-11-06 12:39:58",NULL,NULL,"NONE","2021-11-13 12:39:58",228,NULL,228,"205.2000",NULL,"0.0000","205.200"),
(286,4,1028,NULL,7,"2021-11-07 09:42:58",NULL,NULL,"NONE","2021-11-14 09:42:58",500,NULL,500,"475.0000",NULL,"0.0000","475.000"),
(287,4,1037,NULL,-1,"2021-11-07 09:59:31",NULL,NULL,"NONE","2021-11-06 09:59:31","23.5",NULL,"23.5","28.2000",NULL,"0.0000","28.200"),
(289,4,1011,NULL,-1,"2021-11-07 12:24:01",NULL,NULL,"NONE","2021-11-06 12:24:01",1881,NULL,1881,"1786.9500",NULL,"0.0000","1786.950"),
(290,4,962,NULL,-1,"2021-11-08 10:13:44",NULL,NULL,"NONE","2021-11-07 10:13:44",815,NULL,815,"774.2500",NULL,"0.0000","774.250"),
(291,4,931,NULL,-1,"2021-11-08 10:52:35",NULL,NULL,"NONE","2021-11-07 10:52:35",904,NULL,904,"858.8000",NULL,"0.0000","858.800"),
(292,1,978,NULL,-1,"2021-11-08 13:55:44",NULL,NULL,"NONE","2021-11-07 13:55:44",1821,NULL,1821,"1729.9500",NULL,"0.0000","1729.950"),
(293,4,1032,NULL,-1,"2021-11-08 15:12:20",NULL,NULL,"NONE","2021-11-07 15:12:20",6901,NULL,6901,"6555.9500",NULL,"0.0000","6555.950"),
(294,4,1011,NULL,-1,"2021-11-08 16:04:35",NULL,NULL,"NONE","2021-11-07 16:04:35",704,NULL,704,"668.8000",NULL,"0.0000","668.800"),
(295,4,978,NULL,-1,"2021-11-09 14:51:34",NULL,NULL,"NONE","2021-11-08 14:51:34",939,NULL,939,"892.0500",NULL,"0.0000","892.050"),
(296,4,1039,NULL,-1,"2021-11-11 12:34:24",NULL,NULL,"NONE","2021-11-10 12:34:24",471,NULL,471,"447.4500",NULL,"0.0000","447.450"),
(297,4,962,NULL,-1,"2021-11-11 12:56:48",NULL,"اختبار","NONE","2021-11-10 12:56:48","956.5",NULL,"956.5","986.5500",NULL,"0.0000","986.550"),
(298,4,1039,NULL,-1,"2021-11-17 14:10:54",NULL,NULL,"NONE","2021-11-16 14:10:54",1000,NULL,1000,"950.0000",NULL,"0.0000","950.000"),
(299,4,960,NULL,-1,"2021-11-17 14:56:56",NULL,NULL,"NONE","2021-11-16 14:56:56",271,NULL,271,"257.4500",NULL,"0.0000","257.450"),
(300,4,941,NULL,-1,"2021-11-17 15:04:40",NULL,NULL,"NONE","2021-11-16 15:04:40",1300,NULL,1300,"1235.0000",NULL,"0.0000","1235.000"),
(301,4,1036,NULL,-1,"2021-11-18 12:14:17",NULL,NULL,"NONE","2021-11-17 12:14:17",328,NULL,328,"311.6000",NULL,"0.0000","311.600"),
(302,4,996,NULL,-1,"2021-11-18 14:39:12",NULL,NULL,"NONE","2021-11-17 14:39:12",520,NULL,520,"624.0000",NULL,"0.0000","624.000"),
(303,4,996,NULL,-1,"2021-11-18 14:43:22",NULL,NULL,"NONE","2021-11-17 14:43:22",147,NULL,147,"176.4000",NULL,"0.0000","176.400"),
(304,4,960,NULL,-1,"2021-11-18 14:43:22",NULL,NULL,"NONE","2021-11-17 14:43:22",170,NULL,170,"161.5000",NULL,"0.0000","161.500"),
(305,4,978,NULL,-1,"2021-11-18 14:49:16",NULL,NULL,"NONE","2021-11-17 14:49:16",800,NULL,800,"760.0000",NULL,"0.0000","760.000"),
(306,4,1032,NULL,-1,"2021-11-20 16:04:19",NULL,NULL,"NONE","2021-11-19 16:04:19",6530,NULL,6530,"6203.5000",NULL,"0.0000","6203.500"),
(307,4,957,NULL,-1,"2021-11-23 12:07:55",NULL,NULL,"NONE","2021-11-22 12:07:55",409,NULL,409,"490.8000",NULL,"0.0000","490.800"),
(308,4,951,NULL,-1,"2021-11-24 11:27:05",NULL,NULL,"NONE","2021-11-23 11:27:05",268,NULL,268,"321.6000",NULL,"0.0000","321.600"),
(309,4,972,NULL,-1,"2021-11-27 11:42:37",NULL,NULL,"NONE","2021-11-26 11:42:37",552,NULL,552,"524.4000",NULL,"0.0000","524.400"),
(310,4,1004,NULL,-1,"2021-11-27 12:08:32",NULL,NULL,"NONE","2021-11-26 12:08:32",3205,NULL,3205,"3044.7500",NULL,"0.0000","3044.750"),
(312,1,1040,NULL,-1,"2021-11-30 14:32:07",NULL,NULL,"NONE","2021-11-29 14:32:07",213,NULL,213,"255.6000",NULL,"0.0000","255.600"),
(313,4,1024,NULL,-1,"2021-12-01 13:40:47",NULL,NULL,"NONE","2021-11-30 13:40:47",1500,NULL,1500,"2400.0000",NULL,"0.0000","2400.000"),
(314,4,972,NULL,-1,"2021-12-04 11:40:18",NULL,NULL,"NONE","2021-12-03 11:40:18",441,NULL,441,"529.2000",NULL,"0.0000","529.200"),
(315,4,1042,NULL,-1,"2021-12-04 11:46:30",NULL,NULL,"NONE","2021-12-03 11:46:30",725,NULL,725,"688.7500",NULL,"0.0000","688.750"),
(316,4,1035,NULL,-1,"2021-12-08 09:08:47",NULL,NULL,"NONE","2021-12-07 09:08:47",563,NULL,563,"675.6000",NULL,"0.0000","675.600"),
(317,4,951,NULL,-1,"2021-12-08 12:04:52",NULL,NULL,"NONE","2021-12-07 12:04:52",239,NULL,239,"280.8250",NULL,"0.0000","280.825"),
(318,4,959,NULL,-1,"2021-12-09 10:17:35",NULL,NULL,"NONE","2021-12-08 10:17:35",883,NULL,883,"1059.6000",NULL,"0.0000","1059.600"),
(319,4,972,NULL,-1,"2021-12-11 12:05:05",NULL,NULL,"NONE","2021-12-10 12:05:05",942,NULL,942,"1130.4000",NULL,"0.0000","1130.400"),
(320,4,962,NULL,-1,"2021-12-12 13:30:41",NULL,NULL,"NONE","2021-12-11 13:30:41",1051,NULL,1051,"1498.2500",NULL,"0.0000","1498.250"),
(321,4,962,NULL,-1,"2021-12-12 14:13:46",NULL,NULL,"NONE","2021-12-11 14:13:46",1070,NULL,1070,"1679.5000",NULL,"0.0000","1679.500"),
(322,4,1044,NULL,-1,"2021-12-13 09:05:08",NULL,NULL,"NONE","2021-12-12 09:05:08",839,NULL,839,"1006.8000",NULL,"0.0000","1006.800"),
(323,4,1044,NULL,-1,"2021-12-13 10:25:33",NULL,NULL,"NONE","2021-12-12 10:25:33",637,NULL,637,"764.4000",NULL,"0.0000","764.400"),
(324,4,1044,NULL,-1,"2021-12-13 12:36:23",NULL,NULL,"NONE","2021-12-12 12:36:23",1030,NULL,1030,"1236.0000",NULL,"0.0000","1236.000"),
(325,4,1044,NULL,-1,"2021-12-13 13:28:05",NULL,NULL,"NONE","2021-12-12 13:28:05",998,NULL,998,"1197.6000",NULL,"0.0000","1197.600"),
(326,4,1044,NULL,-1,"2021-12-14 09:18:09",NULL,NULL,"NONE","2021-12-13 09:18:09",1007,NULL,1007,"1208.4000",NULL,"0.0000","1208.400"),
(327,4,1044,NULL,-1,"2021-12-14 14:42:26",NULL,NULL,"NONE","2021-12-13 14:42:26",876,NULL,876,"1051.2000",NULL,"0.0000","1051.200"),
(330,4,959,NULL,-1,"2021-12-16 09:46:37",NULL,NULL,"NONE","2021-12-15 09:46:37",323,NULL,323,"387.6000",NULL,"0.0000","387.600"),
(331,4,1011,NULL,-1,"2021-12-15 12:24:57",NULL,NULL,"NONE","2021-12-14 12:24:57",9062,NULL,9062,"10874.4000",NULL,"0.0000","10874.400"),
(332,4,972,NULL,-1,"2021-12-19 10:53:36",NULL,NULL,"NONE","2021-12-18 10:53:36",861,NULL,861,"1033.2000",NULL,"0.0000","1033.200"),
(333,4,1011,NULL,-1,"2021-12-19 13:15:37",NULL,NULL,"NONE","2021-12-18 13:15:37",859,NULL,859,"1030.8000",NULL,"0.0000","1030.800"),
(334,4,1044,NULL,-1,"2021-12-19 14:00:08",NULL,NULL,"NONE","2021-12-18 14:00:08",734,NULL,734,"880.8000",NULL,"0.0000","880.800"),
(335,4,1051,NULL,-1,"2021-12-22 11:17:04",NULL,NULL,"NONE","2021-12-21 11:17:04",494,NULL,494,"642.2000",NULL,"0.0000","642.200"),
(336,4,1004,NULL,-1,"2021-12-22 13:10:55",NULL,NULL,"NONE","2021-12-21 13:10:55",2444,NULL,2444,"3177.2000",NULL,"0.0000","3177.200"),
(337,4,941,NULL,-1,"2021-12-22 14:09:29",NULL,NULL,"NONE","2021-12-21 14:09:29",2403,NULL,2403,"3123.9000",NULL,"0.0000","3123.900"),
(338,4,1039,NULL,-1,"2021-12-22 14:31:38",NULL,NULL,"NONE","2021-12-21 14:31:38",500,NULL,500,"650.0000",NULL,"0.0000","650.000"),
(339,4,941,NULL,-1,"2021-12-22 15:06:02",NULL,NULL,"NONE","2021-12-21 15:06:02",2434,NULL,2434,"3164.2000",NULL,"0.0000","3164.200"),
(340,4,941,NULL,-1,"2021-12-22 15:49:21",NULL,NULL,"NONE","2021-12-21 15:49:21",1960,NULL,1960,"2548.0000",NULL,"0.0000","2548.000"),
(341,4,1044,NULL,-1,"2021-12-23 09:45:20",NULL,NULL,"NONE","2021-12-22 09:45:20",863,NULL,863,"1035.6000",NULL,"0.0000","1035.600"),
(342,4,1044,NULL,-1,"2021-12-23 09:45:20",NULL,NULL,"NONE","2021-12-22 09:45:20",888,NULL,888,"1065.6000",NULL,"0.0000","1065.600"),
(343,4,1044,NULL,-1,"2021-12-23 11:49:04",NULL,NULL,"NONE","2021-12-22 11:49:04",673,NULL,673,"807.6000",NULL,"0.0000","807.600"),
(344,4,960,NULL,-1,"2021-12-23 12:15:27",NULL,NULL,"NONE","2021-12-22 12:15:27",266,NULL,266,"319.2000",NULL,"0.0000","319.200"),
(345,4,1011,NULL,-1,"2021-12-23 12:59:25",NULL,NULL,"NONE","2021-12-22 12:59:25",2092,NULL,2092,"2719.6000",NULL,"0.0000","2719.600"),
(346,4,1011,NULL,-1,"2021-12-23 14:06:37",NULL,NULL,"NONE","2021-12-22 14:06:37",2085,NULL,2085,"2710.5000",NULL,"0.0000","2710.500"),
(347,4,941,NULL,-1,"2021-12-23 14:09:54",NULL,NULL,"NONE","2021-12-22 14:09:54",2457,NULL,2457,"3194.1000",NULL,"0.0000","3194.100"),
(348,4,1011,NULL,-1,"2021-12-23 14:32:36",NULL,NULL,"NONE","2021-12-22 14:32:36",2059,NULL,2059,"2676.7000",NULL,"0.0000","2676.700"),
(349,4,941,NULL,-1,"2021-12-23 15:05:11",NULL,NULL,"NONE","2021-12-22 15:05:11",2464,NULL,2464,"3203.2000",NULL,"0.0000","3203.200"),
(350,4,1011,NULL,-1,"2021-12-23 15:05:11",NULL,NULL,"NONE","2021-12-22 15:05:11",1734,NULL,1734,"2254.2000",NULL,"0.0000","2254.200"),
(351,4,941,NULL,-1,"2021-12-23 15:27:07",NULL,NULL,"NONE","2021-12-22 15:27:07",1148,NULL,1148,"1492.4000",NULL,"0.0000","1492.400"),
(352,4,1042,NULL,-1,"2021-12-25 08:50:21",NULL,NULL,"NONE","2021-12-24 08:50:21",3272,NULL,3272,"4253.6000",NULL,"0.0000","4253.600"),
(353,4,1007,NULL,-1,"2021-12-25 13:21:28",NULL,NULL,"NONE","2021-12-24 13:21:28",9414,NULL,9414,"12238.2000",NULL,"0.0000","12238.200"),
(354,4,1008,NULL,-1,"2021-12-26 09:38:58",NULL,NULL,"NONE","2021-12-25 09:38:58",1256,NULL,1256,"1632.8000",NULL,"0.0000","1632.800"),
(355,4,1016,NULL,-1,"2021-12-26 12:15:43",NULL,NULL,"NONE","2021-12-25 12:15:43",800,NULL,800,"1040.0000",NULL,"0.0000","1040.000"),
(356,4,972,NULL,-1,"2021-12-26 13:35:46",NULL,NULL,"NONE","2021-12-25 13:35:46",1691,NULL,1691,"2029.2000",NULL,"0.0000","2029.200"),
(357,4,1069,NULL,-1,"2021-12-26 14:05:50",NULL,NULL,"NONE","2021-12-25 14:05:50",4638,NULL,4638,"6029.4000",NULL,"0.0000","6029.400"),
(358,4,994,NULL,-1,"2021-12-26 15:33:16",NULL,NULL,"NONE","2021-12-25 15:33:16",2086,NULL,2086,"2711.8000",NULL,"0.0000","2711.800"),
(359,4,1030,NULL,-1,"2021-12-27 12:53:13",NULL,NULL,"NONE","2021-12-26 12:53:13",521,NULL,521,"677.3000",NULL,"0.0000","677.300"),
(360,4,994,NULL,-1,"2021-12-27 12:56:47",NULL,NULL,"NONE","2021-12-26 12:56:47",519,NULL,519,"674.7000",NULL,"0.0000","674.700"),
(361,4,1044,NULL,-1,"2021-12-27 13:28:43",NULL,NULL,"NONE","2021-12-26 13:28:43",886,NULL,886,"1063.2000",NULL,"0.0000","1063.200"),
(362,4,1044,NULL,-1,"2021-12-27 14:16:44",NULL,NULL,"NONE","2021-12-26 14:16:44",863,NULL,863,"1035.6000",NULL,"0.0000","1035.600"),
(363,4,1036,NULL,-1,"2021-12-27 15:31:27",NULL,NULL,"NONE","2021-12-26 15:31:27",1495,NULL,1495,"1943.5000",NULL,"0.0000","1943.500"),
(364,4,1062,NULL,-1,"2021-12-28 11:44:40",NULL,NULL,"NONE","2021-12-27 11:44:40",3331,NULL,3331,"4330.3000",NULL,"0.0000","4330.300"),
(365,4,1051,NULL,-1,"2021-12-28 11:54:00",NULL,NULL,"NONE","2021-12-27 11:54:00",543,NULL,543,"705.9000",NULL,"0.0000","705.900"),
(366,4,1040,NULL,-1,"2021-12-28 12:04:38",NULL,NULL,"NONE","2021-12-27 12:04:38",606,NULL,606,"787.8000",NULL,"0.0000","787.800"),
(367,4,932,NULL,-1,"2021-12-28 13:15:26",NULL,NULL,"NONE","2021-12-27 13:15:26",4266,NULL,4266,"5545.8000",NULL,"0.0000","5545.800"),
(368,4,1071,NULL,-1,"2021-12-28 15:01:55",NULL,NULL,"NONE","2021-12-27 15:01:55",5749,NULL,5749,"7473.7000",NULL,"0.0000","7473.700"),
(369,4,932,NULL,-1,"2021-12-29 11:08:11",NULL,NULL,"NONE","2021-12-28 11:08:11",2973,NULL,2973,"3864.9000",NULL,"0.0000","3864.900"),
(370,4,1062,NULL,-1,"2021-12-29 11:32:38",NULL,NULL,"NONE","2021-12-28 11:32:38",1639,NULL,1639,"2130.7000",NULL,"0.0000","2130.700"),
(371,4,1011,NULL,-1,"2021-12-29 12:59:32",NULL,NULL,"NONE","2021-12-28 12:59:32",610,NULL,610,"793.0000",NULL,"0.0000","793.000"),
(372,4,1044,NULL,-1,"2021-12-29 13:17:39",NULL,NULL,"NONE","2021-12-28 13:17:39",807,NULL,807,"968.4000",NULL,"0.0000","968.400"),
(373,4,977,NULL,-1,"2021-12-29 13:41:16",NULL,NULL,"NONE","2021-12-28 13:41:16",1417,NULL,1417,"1842.1000",NULL,"0.0000","1842.100"),
(374,4,1008,NULL,-1,"2021-12-29 15:07:06",NULL,NULL,"NONE","2021-12-28 15:07:06",888,NULL,888,"1065.6000",NULL,"0.0000","1065.600"),
(375,4,941,NULL,-1,"2021-12-30 10:11:27",NULL,NULL,"NONE","2021-12-29 10:11:27",1544,NULL,1544,"2007.2000",NULL,"0.0000","2007.200"),
(376,4,1044,NULL,-1,"2021-12-30 10:11:27",NULL,NULL,"NONE","2021-12-29 10:11:27",855,NULL,855,"1026.0000",NULL,"0.0000","1026.000"),
(377,4,941,NULL,-1,"2021-12-30 10:47:45",NULL,NULL,"NONE","2021-12-29 10:47:45",1602,NULL,1602,"2082.6000",NULL,"0.0000","2082.600"),
(378,4,1069,NULL,-1,"2021-12-30 11:02:51",NULL,NULL,"NONE","2021-12-29 11:02:51",2635,NULL,2635,"3425.5000",NULL,"0.0000","3425.500"),
(379,4,941,NULL,-1,"2021-12-30 11:02:51",NULL,NULL,"NONE","2021-12-29 11:02:51",1544,NULL,1544,"2007.2000",NULL,"0.0000","2007.200"),
(380,4,1007,NULL,-1,"2022-01-01 10:14:07",NULL,NULL,"NONE","2021-12-31 10:14:07",524,NULL,524,"681.2000",NULL,"0.0000","681.200"),
(381,4,943,NULL,-1,"2022-01-01 12:42:17",NULL,NULL,"NONE","2021-12-31 12:42:17",3113,NULL,3113,"4046.9000",NULL,"0.0000","4046.900"),
(382,4,943,NULL,-1,"2022-01-01 13:30:46",NULL,NULL,"NONE","2021-12-31 13:30:46",2814,NULL,2814,"3658.2000",NULL,"0.0000","3658.200"),
(383,4,1076,NULL,-1,"2022-01-01 15:30:59",NULL,NULL,"NONE","2021-12-31 15:30:59",198,NULL,198,"257.4000",NULL,"0.0000","257.400"),
(384,4,994,NULL,-1,"2022-01-02 12:11:50",NULL,NULL,"NONE","2022-01-01 12:11:50",1044,NULL,1044,"1357.2000",NULL,"0.0000","1357.200"),
(386,4,994,NULL,-1,"2022-01-02 12:36:55",NULL,NULL,"NONE","2022-01-01 12:36:55",938,NULL,938,"1219.4000",NULL,"0.0000","1219.400"),
(387,4,946,NULL,-1,"2022-01-02 13:08:43",NULL,NULL,"NONE","2022-01-01 13:08:43",2085,NULL,2085,"2710.5000",NULL,"0.0000","2710.500"),
(388,4,983,NULL,-1,"2022-01-03 10:54:48",NULL,NULL,"NONE","2022-01-02 10:54:48",1081,NULL,1081,"1405.3000",NULL,"0.0000","1405.300"),
(389,4,1044,NULL,-1,"2022-01-03 12:23:51",NULL,NULL,"NONE","2022-01-02 12:23:51",808,NULL,808,"969.6000",NULL,"0.0000","969.600"),
(390,4,1016,NULL,-1,"2022-01-03 12:23:51",NULL,NULL,"NONE","2022-01-02 12:23:51",400,NULL,400,"480.0000",NULL,"0.0000","480.000"),
(391,4,972,NULL,-1,"2022-01-03 12:23:51",NULL,NULL,"NONE","2022-01-02 12:23:51",866,NULL,866,"1039.2000",NULL,"0.0000","1039.200"),
(392,4,996,NULL,-1,"2022-01-03 13:25:02",NULL,NULL,"NONE","2022-01-02 13:25:02",728,NULL,728,"655.2000",NULL,"0.0000","655.200"),
(393,4,930,NULL,-1,"2022-01-03 14:31:34",NULL,NULL,"NONE","2022-01-02 14:31:34",635,NULL,635,"825.5000",NULL,"0.0000","825.500"),
(394,4,994,NULL,-1,"2022-01-04 11:26:52",NULL,NULL,"NONE","2022-01-03 11:26:52",1025,NULL,1025,"1332.5000",NULL,"0.0000","1332.500"),
(395,4,941,NULL,-1,"2022-01-04 16:00:34",NULL,NULL,"NONE","2022-01-03 16:00:34",280,NULL,280,"336.0000",NULL,"0.0000","336.000"),
(396,4,1040,NULL,-1,"2022-01-05 11:44:47",NULL,NULL,"NONE","2022-01-04 11:44:47",970,NULL,970,"1261.0000",NULL,"0.0000","1261.000"),
(397,4,938,NULL,-1,"2022-01-05 12:07:18",NULL,NULL,"NONE","2022-01-04 12:07:18",2911,NULL,2911,"3784.3000",NULL,"0.0000","3784.300"),
(398,4,994,NULL,-1,"2022-01-05 12:31:06",NULL,NULL,"NONE","2022-01-04 12:31:06",950,NULL,950,"1235.0000",NULL,"0.0000","1235.000"),
(399,4,994,NULL,-1,"2022-01-05 13:38:45",NULL,NULL,"NONE","2022-01-04 13:38:45",480,NULL,480,"624.0000",NULL,"0.0000","624.000"),
(400,4,1051,NULL,-1,"2022-01-05 13:50:49",NULL,NULL,"NONE","2022-01-04 13:50:49",2069,NULL,2069,"2689.7000",NULL,"0.0000","2689.700"),
(401,4,1036,NULL,-1,"2022-01-05 13:50:49",NULL,NULL,"NONE","2022-01-04 13:50:49",536,NULL,536,"696.8000",NULL,"0.0000","696.800"),
(402,4,972,NULL,-1,"2022-01-05 13:50:49",NULL,NULL,"NONE","2022-01-04 13:50:49",1284,NULL,1284,"1540.8000",NULL,"0.0000","1540.800"),
(403,4,960,NULL,-1,"2022-01-05 14:38:22",NULL,NULL,"NONE","2022-01-04 14:38:22",694,NULL,694,"832.8000",NULL,"0.0000","832.800"),
(404,4,962,NULL,-1,"2022-01-06 12:19:35",NULL,NULL,"NONE","2022-01-05 12:19:35",1293,NULL,1293,"1680.9000",NULL,"0.0000","1680.900"),
(405,4,962,NULL,-1,"2022-01-06 13:46:11",NULL,NULL,"NONE","2022-01-05 13:46:11",605,NULL,605,"786.5000",NULL,"0.0000","786.500"),
(406,4,981,NULL,-1,"2022-01-06 13:46:11",NULL,NULL,"NONE","2022-01-05 13:46:11",786,NULL,786,"1021.8000",NULL,"0.0000","1021.800"),
(407,4,946,NULL,-1,"2022-01-06 15:41:27",NULL,NULL,"NONE","2022-01-05 15:41:27",723,NULL,723,"939.9000",NULL,"0.0000","939.900"),
(408,4,1051,NULL,-1,"2022-01-08 13:11:10",NULL,NULL,"NONE","2022-01-07 13:11:10",3069,NULL,3069,"3989.7000",NULL,"0.0000","3989.700"),
(409,4,994,NULL,-1,"2022-01-09 10:12:06",NULL,NULL,"NONE","2022-01-08 10:12:06",890,NULL,890,"1157.0000",NULL,"0.0000","1157.000"),
(410,4,1051,NULL,-1,"2022-01-09 12:06:47",NULL,NULL,"NONE","2022-01-08 12:06:47",1059,NULL,1059,"1376.7000",NULL,"0.0000","1376.700"),
(411,4,1046,NULL,-1,"2022-01-09 12:20:37",NULL,NULL,"NONE","2022-01-08 12:20:37",6471,NULL,6471,"8412.3000",NULL,"0.0000","8412.300"),
(412,4,956,NULL,-1,"2022-01-09 12:20:37",NULL,NULL,"NONE","2022-01-08 12:20:37",10072,NULL,10072,"13093.6000",NULL,"0.0000","13093.600"),
(413,4,981,NULL,-1,"2022-01-10 12:01:49",NULL,NULL,"NONE","2022-01-09 12:01:49",488,NULL,488,"634.4000",NULL,"0.0000","634.400"),
(414,4,1077,NULL,-1,"2022-01-10 12:27:33",NULL,NULL,"NONE","2022-01-09 12:27:33",764,NULL,764,"993.2000",NULL,"0.0000","993.200"),
(415,4,941,NULL,-1,"2022-01-11 11:26:45",NULL,NULL,"NONE","2022-01-10 11:26:45",331,NULL,331,"397.2000",NULL,"0.0000","397.200"),
(416,4,1085,NULL,-1,"2022-01-11 12:45:18",NULL,NULL,"NONE","2022-01-10 12:45:18",1096,NULL,1096,"1041.2000",NULL,"0.0000","1041.200"),
(417,4,930,NULL,-1,"2022-01-11 13:08:25",NULL,NULL,"NONE","2022-01-10 13:08:25",562,NULL,562,"730.6000",NULL,"0.0000","730.600"),
(418,4,1069,NULL,-1,"2022-01-11 13:42:02",NULL,NULL,"NONE","2022-01-10 13:42:02",2071,NULL,2071,"2692.3000",NULL,"0.0000","2692.300"),
(419,4,938,NULL,-1,"2022-01-11 14:18:46",NULL,NULL,"NONE","2022-01-10 14:18:46",556,NULL,556,"722.8000",NULL,"0.0000","722.800"),
(420,4,1033,NULL,-1,"2022-01-12 11:59:40",NULL,NULL,"NONE","2022-01-11 11:59:40",1028,NULL,1028,"1336.4000",NULL,"0.0000","1336.400"),
(421,4,946,NULL,-1,"2022-01-12 13:01:15",NULL,NULL,"NONE","2022-01-11 13:01:15",1666,NULL,1666,"2165.8000",NULL,"0.0000","2165.800"),
(422,4,994,NULL,-1,"2022-01-12 14:23:16",NULL,NULL,"NONE","2022-01-11 14:23:16",1144,NULL,1144,"1487.2000",NULL,"0.0000","1487.200"),
(423,4,1046,NULL,-1,"2022-01-12 15:03:51",NULL,NULL,"NONE","2022-01-11 15:03:51",1189,NULL,1189,"1545.7000",NULL,"0.0000","1545.700"),
(424,4,930,NULL,-1,"2022-01-13 11:17:48",NULL,NULL,"NONE","2022-01-12 11:17:48",670,NULL,670,"871.0000",NULL,"0.0000","871.000"),
(425,4,1046,NULL,-1,"2022-01-13 11:29:22",NULL,NULL,"NONE","2022-01-12 11:29:22",2307,NULL,2307,"2999.1000",NULL,"0.0000","2999.100"),
(426,4,931,NULL,-1,"2022-01-13 12:32:23",NULL,NULL,"NONE","2022-01-12 12:32:23",919,NULL,919,"1194.7000",NULL,"0.0000","1194.700"),
(427,4,989,NULL,-1,"2022-01-15 10:41:27",NULL,NULL,"NONE","2022-01-14 10:41:27",2456,NULL,2456,"3192.8000",NULL,"0.0000","3192.800"),
(428,4,989,NULL,-1,"2022-01-15 11:21:16",NULL,NULL,"NONE","2022-01-14 11:21:16",2000,NULL,2000,"2600.0000",NULL,"0.0000","2600.000"),
(430,4,994,NULL,-1,"2022-01-16 10:05:58",NULL,NULL,"NONE","2022-01-15 10:05:58",800,NULL,800,"1040.0000",NULL,"0.0000","1040.000"),
(431,4,962,NULL,-1,"2022-01-16 14:40:54",NULL,"قص على المقطع من قياس  ٨٥ ب ٥٠  إلى قياس ٢٧ ب ٥٠","NONE","2022-01-15 14:40:54",119,NULL,119,"119.0000",NULL,"0.0000","119.000"),
(432,4,959,NULL,-1,"2022-01-19 12:33:22",NULL,NULL,"NONE","2022-01-18 12:33:22",430,NULL,430,"559.0000",NULL,"0.0000","559.000"),
(433,4,1030,NULL,-1,"2022-01-16 15:44:02",NULL,NULL,"NONE","2022-01-15 15:44:02",499,NULL,499,"648.7000",NULL,"0.0000","648.700"),
(434,4,941,NULL,-1,"2022-01-17 10:40:21",NULL,NULL,"NONE","2022-01-16 10:40:21",251,NULL,251,"301.2000",NULL,"0.0000","301.200"),
(435,4,1007,NULL,-1,"2022-01-17 13:35:28",NULL,NULL,"NONE","2022-01-16 13:35:28",1674,NULL,1674,"2176.2000",NULL,"0.0000","2176.200"),
(436,4,1087,NULL,-1,"2022-01-17 13:35:28",NULL,NULL,"NONE","2022-01-16 13:35:28",44,NULL,44,"2024.0000",NULL,"0.0000","2024.000"),
(437,4,980,NULL,-1,"2022-01-17 13:46:59",NULL,NULL,"NONE","2022-01-16 13:46:59",88,NULL,88,"4048.0000",NULL,"0.0000","4048.000"),
(438,4,972,NULL,-1,"2022-01-17 14:34:35",NULL,NULL,"NONE","2022-01-16 14:34:35",1777,NULL,1777,"2132.4000",NULL,"0.0000","2132.400"),
(439,4,994,NULL,-1,"2022-01-18 11:58:32",NULL,NULL,"NONE","2022-01-17 11:58:32",557,NULL,557,"724.1000",NULL,"0.0000","724.100"),
(441,4,994,NULL,-1,"2022-01-18 15:39:42",NULL,NULL,"NONE","2022-01-17 15:39:42",591,NULL,591,"768.3000",NULL,"0.0000","768.300"),
(442,4,946,NULL,-1,"2022-01-19 15:48:18",NULL,NULL,"NONE","2022-01-18 15:48:18",409,NULL,409,"531.7000",NULL,"0.0000","531.700"),
(443,4,994,NULL,-1,"2022-01-23 11:17:53",NULL,NULL,"NONE","2022-01-22 11:17:53",544,NULL,544,"707.2000",NULL,"0.0000","707.200"),
(444,4,1087,NULL,-1,"2022-01-24 08:36:26",NULL,NULL,"NONE","2022-01-23 08:36:26",2078,NULL,2078,"2701.4000",NULL,"0.0000","2701.400"),
(445,4,1078,NULL,-1,"2022-01-24 13:51:14",NULL,NULL,"NONE","2022-01-23 13:51:14",1545,NULL,1545,"2008.5000",NULL,"0.0000","2008.500"),
(446,4,1087,NULL,-1,"2022-01-25 15:04:27",NULL,NULL,"NONE","2022-01-24 15:04:27",6165,NULL,6165,"8014.5000",NULL,"0.0000","8014.500"),
(447,4,1078,NULL,-1,"2022-01-27 13:38:22",NULL,NULL,"NONE","2022-01-26 13:38:22",1530,NULL,1530,"1989.0000",NULL,"0.0000","1989.000"),
(448,4,930,NULL,-1,"2022-01-29 11:40:05",NULL,NULL,"NONE","2022-01-28 11:40:05",618,NULL,618,"803.4000",NULL,"0.0000","803.400"),
(449,4,946,NULL,-1,"2022-01-30 09:41:12",NULL,NULL,"NONE","2022-01-29 09:41:12",2639,NULL,2639,"3430.7000",NULL,"0.0000","3430.700"),
(450,4,1013,NULL,-1,"2022-01-30 12:59:16",NULL,NULL,"NONE","2022-01-29 12:59:16",4,NULL,4,"184.0000",NULL,"0.0000","184.000"),
(451,4,994,NULL,-1,"2022-01-30 15:19:04",NULL,NULL,"NONE","2022-01-29 15:19:04",590,NULL,590,"767.0000",NULL,"0.0000","767.000"),
(452,4,958,NULL,-1,"2022-01-31 10:54:34",NULL,NULL,"NONE","2022-01-30 10:54:34",952,NULL,952,"1237.6000",NULL,"0.0000","1237.600"),
(453,4,1046,NULL,-1,"2022-02-01 11:20:38",NULL,NULL,"NONE","2022-01-31 11:20:38",5,NULL,5,"230.0000",NULL,"0.0000","230.000"),
(454,4,994,NULL,-1,"2022-02-01 13:41:41",NULL,NULL,"NONE","2022-01-31 13:41:41",625,NULL,625,"812.5000",NULL,"0.0000","812.500"),
(455,4,932,NULL,-1,"2022-02-03 13:17:05",NULL,NULL,"NONE","2022-02-02 13:17:05",1789,NULL,1789,"2683.5000",NULL,"0.0000","2683.500"),
(456,4,932,NULL,-1,"2022-02-03 13:28:08",NULL,"لشباط","NONE","2022-02-02 13:28:08",136,NULL,136,"176.8000",NULL,"0.0000","176.800"),
(457,4,958,NULL,-1,"2022-02-07 11:09:52",NULL,NULL,"NONE","2022-02-06 11:09:52",943,NULL,943,"1225.9000",NULL,"0.0000","1225.900"),
(458,4,972,NULL,-1,"2022-02-09 13:51:32",NULL,NULL,"NONE","2022-02-08 13:51:32",937,NULL,937,"1174.0000",NULL,"0.0000","1174.000"),
(459,4,944,NULL,-1,"2022-02-10 09:01:25",NULL,NULL,"NONE","2022-02-09 09:01:25",132,NULL,132,"6072.0000",NULL,"0.0000","6072.000"),
(461,4,944,NULL,-1,"2022-02-12 09:06:33",NULL,NULL,"NONE","2022-02-11 09:06:33",88,NULL,88,"4048.0000",NULL,"0.0000","4048.000"),
(463,4,944,NULL,-1,"2022-02-12 13:34:52",NULL,NULL,"NONE","2022-02-11 13:34:52",132,NULL,132,"6072.0000",NULL,"0.0000","6072.000"),
(464,4,1088,NULL,-1,"2022-02-12 13:53:06",NULL,NULL,"NONE","2022-02-11 13:53:06",88,NULL,88,"4048.0000",NULL,"0.0000","4048.000"),
(465,4,996,NULL,-1,"2022-02-13 10:03:14",NULL,NULL,"NONE","2022-02-12 10:03:14",775,NULL,775,"1317.5000",NULL,"0.0000","1317.500"),
(466,4,960,NULL,-1,"2022-02-13 10:08:34",NULL,NULL,"NONE","2022-02-12 10:08:34",88,NULL,88,"4048.0000",NULL,"0.0000","4048.000"),
(467,1,1089,NULL,-1,"2022-02-13 15:19:43",NULL,NULL,"NONE","2022-02-12 15:19:43",44,NULL,44,"1848.0000",NULL,"0.0000","1848.000"),
(469,4,944,NULL,-1,"2022-02-14 09:11:58",NULL,NULL,"NONE","2022-02-13 09:11:58",132,NULL,132,"6072.0000",NULL,"0.0000","6072.000"),
(470,4,977,NULL,-1,"2022-02-14 12:20:40",NULL,NULL,"NONE","2022-02-13 12:20:40",513,NULL,513,"872.1000",NULL,"0.0000","872.100"),
(471,4,944,NULL,-1,"2022-02-14 12:35:54",NULL,NULL,"NONE","2022-02-13 12:35:54",176,NULL,176,"8096.0000",NULL,"0.0000","8096.000"),
(472,4,1046,NULL,-1,"2022-02-14 13:50:42",NULL,NULL,"NONE","2022-02-13 13:50:42",16050,NULL,16050,"27285.0000",NULL,"0.0000","27285.000"),
(473,4,1078,NULL,-1,"2022-02-15 10:33:24",NULL,NULL,"NONE","2022-02-14 10:33:24",1113,NULL,1113,"1446.9000",NULL,"0.0000","1446.900"),
(474,4,968,NULL,-1,"2022-02-15 10:33:24",NULL,NULL,"NONE","2022-02-14 10:33:24",1046,NULL,1046,"1778.2000",NULL,"0.0000","1778.200"),
(475,4,1044,NULL,-1,"2022-02-15 13:09:15",NULL,NULL,"NONE","2022-02-14 13:09:15",1200,NULL,1200,"1560.0000",NULL,"0.0000","1560.000"),
(476,4,1044,NULL,-1,"2022-02-15 14:03:51",NULL,NULL,"NONE","2022-02-14 14:03:51",586,NULL,586,"761.8000",NULL,"0.0000","761.800"),
(477,4,1087,NULL,-1,"2022-02-15 14:34:11",NULL,NULL,"NONE","2022-02-14 14:34:11",2198,NULL,2198,"5685.8000",NULL,"0.0000","5685.800"),
(478,4,1090,NULL,-1,"2022-02-15 14:34:11",NULL,NULL,"NONE","2022-02-14 14:34:11",32114,NULL,32114,"54593.8000",NULL,"0.0000","54593.800"),
(479,4,980,NULL,-1,"2022-02-16 08:53:44",NULL,NULL,"NONE","2022-02-15 08:53:44",3206,NULL,3206,"5450.2000",NULL,"0.0000","5450.200"),
(481,4,1091,NULL,-1,"2022-02-16 08:53:44",NULL,NULL,"NONE","2022-02-15 08:53:44",15874,NULL,15874,"26985.8000",NULL,"0.0000","26985.800"),
(482,4,1091,NULL,-1,"2022-02-16 11:13:31",NULL,NULL,"NONE","2022-02-15 11:13:31",2154,NULL,2154,"3661.8000",NULL,"0.0000","3661.800"),
(483,4,994,NULL,-1,"2022-02-16 13:49:15",NULL,NULL,"NONE","2022-02-15 13:49:15",1005,NULL,1005,"1306.5000",NULL,"0.0000","1306.500"),
(484,4,1092,NULL,-1,"2022-02-16 15:20:06",NULL,NULL,"NONE","2022-02-15 15:20:06",135,NULL,135,"175.5000",NULL,"0.0000","175.500"),
(485,4,1093,NULL,-1,"2022-02-20 08:06:33",NULL,NULL,"NONE","2022-02-19 08:06:33",222,NULL,222,"377.4000",NULL,"0.0000","377.400"),
(486,4,941,NULL,-1,"2022-02-19 08:11:12",NULL,NULL,"NONE","2022-02-18 08:11:12",1010,NULL,1010,"1717.0000",NULL,"0.0000","1717.000"),
(487,4,1006,NULL,-1,"2022-02-19 09:14:18",NULL,NULL,"NONE","2022-02-18 09:14:18",38384,NULL,38384,"65252.8000",NULL,"0.0000","65252.800"),
(488,4,1090,NULL,-1,"2022-02-20 09:50:26",NULL,NULL,"NONE","2022-02-19 09:50:26",3200,NULL,3200,"5440.0000",NULL,"0.0000","5440.000"),
(489,4,932,NULL,-1,"2022-02-20 10:01:05",NULL,NULL,"NONE","2022-02-19 10:01:05",7667,NULL,7667,"11500.5000",NULL,"0.0000","11500.500"),
(490,4,996,NULL,-1,"2022-02-21 10:47:30",NULL,NULL,"NONE","2022-02-20 10:47:30",300,300,"0","510.0000","510.000","0.0000","0.000"),
(491,4,937,NULL,-1,"2022-02-21 10:47:30",NULL,NULL,"NONE","2022-02-20 10:47:30",1262,NULL,1262,"1640.6000",NULL,"0.0000","1640.600"),
(492,4,996,NULL,-1,"2022-02-21 12:57:03",NULL,NULL,"NONE","2022-02-20 12:57:03",415,NULL,415,"498.0000",NULL,"0.0000","498.000"),
(493,4,941,NULL,-1,"2022-02-22 11:42:35",NULL,NULL,"NONE","2022-02-21 11:42:35",2032,NULL,2032,"3454.4000",NULL,"0.0000","3454.400"),
(495,4,992,NULL,-1,"2022-02-23 14:24:32",NULL,NULL,"NONE","2022-02-22 14:24:32",450,NULL,450,"765.0000",NULL,"0.0000","765.000"),
(496,4,1093,NULL,-1,"2022-02-26 10:58:27",NULL,NULL,"NONE","2022-02-25 10:58:27",421,NULL,421,"547.3000",NULL,"0.0000","547.300"),
(497,4,1046,NULL,-1,"2022-02-27 13:23:23",NULL,NULL,"NONE","2022-02-26 13:23:23",14245,NULL,14245,"18518.5000",NULL,"0.0000","18518.500"),
(498,4,960,NULL,-1,"2022-02-27 15:16:00",NULL,NULL,"NONE","2022-02-26 15:16:00",294,NULL,294,"352.8000",NULL,"0.0000","352.800"),
(499,4,941,NULL,-1,"2022-02-28 11:26:58",NULL,NULL,"NONE","2022-02-27 11:26:58",540,NULL,540,"702.0000",NULL,"0.0000","702.000"),
(500,4,977,NULL,-1,"2022-03-01 10:19:10",NULL,NULL,"NONE","2022-02-28 10:19:10",1590,NULL,1590,"2703.0000",NULL,"0.0000","2703.000"),
(501,4,941,NULL,-1,"2022-03-01 10:55:40",NULL,NULL,"NONE","2022-02-28 10:55:40",1532,NULL,1532,"1991.6000",NULL,"0.0000","1991.600"),
(502,4,1094,NULL,-1,"2022-03-01 11:06:36",NULL,NULL,"NONE","2022-02-28 11:06:36",1000,NULL,1000,"1200.0000",NULL,"0.0000","1200.000"),
(503,4,1088,NULL,-1,"2022-03-01 13:30:15",NULL,NULL,"NONE","2022-02-28 13:30:15",220,NULL,220,"10120.0000",NULL,"0.0000","10120.000"),
(504,4,937,NULL,-1,"2022-03-01 14:28:58",NULL,NULL,"NONE","2022-02-28 14:28:58",1070,NULL,1070,"1391.0000",NULL,"0.0000","1391.000"),
(505,4,937,NULL,-1,"2022-03-01 14:28:58",NULL,NULL,"NONE","2022-02-28 14:28:58",987,NULL,987,"1283.1000",NULL,"0.0000","1283.100"),
(506,4,937,NULL,-1,"2022-03-01 15:16:54",NULL,NULL,"NONE","2022-02-28 15:16:54",710,NULL,710,"923.0000",NULL,"0.0000","923.000"),
(507,4,1095,NULL,-1,"2022-03-01 15:30:04",NULL,NULL,"NONE","2022-02-28 15:30:04",411,NULL,411,"534.3000",NULL,"0.0000","534.300"),
(508,4,1088,NULL,-1,"2022-03-02 09:28:17",NULL,NULL,"NONE","2022-03-01 09:28:17",88,NULL,88,"4048.0000",NULL,"0.0000","4048.000"),
(509,4,937,NULL,-1,"2022-03-02 10:36:43",NULL,NULL,"NONE","2022-03-01 10:36:43",780,NULL,780,"1014.0000",NULL,"0.0000","1014.000"),
(510,4,937,NULL,-1,"2022-03-02 10:59:56",NULL,NULL,"NONE","2022-03-01 10:59:56",1380,NULL,1380,"1794.0000",NULL,"0.0000","1794.000"),
(511,4,937,NULL,-1,"2022-03-02 11:28:45",NULL,NULL,"NONE","2022-03-01 11:28:45",565,NULL,565,"734.5000",NULL,"0.0000","734.500"),
(512,4,968,NULL,-1,"2022-03-02 14:49:50",NULL,NULL,"NONE","2022-03-01 14:49:50",553,NULL,553,"940.1000",NULL,"0.0000","940.100"),
(513,4,996,NULL,-1,"2022-03-02 15:50:52",NULL,NULL,"NONE","2022-03-01 15:50:52",655,NULL,655,"891.0000",NULL,"0.0000","891.000"),
(514,4,944,NULL,-1,"2022-03-03 08:43:34",NULL,NULL,"NONE","2022-03-02 08:43:34",44,NULL,44,"2024.0000",NULL,"0.0000","2024.000"),
(515,4,1001,NULL,-1,"2022-03-03 09:59:24",NULL,NULL,"NONE","2022-03-02 09:59:24",1218,NULL,1218,"1583.4000",NULL,"0.0000","1583.400"),
(516,1,941,NULL,-1,"2022-03-05 10:41:59",NULL,NULL,"NONE","2022-03-04 10:41:59",2168,NULL,2168,"2818.4000",NULL,"0.0000","2818.400"),
(517,4,941,NULL,-1,"2022-03-05 10:51:18",NULL,NULL,"NONE","2022-03-04 10:51:18",2616,NULL,2616,"3400.8000",NULL,"0.0000","3400.800"),
(518,4,941,NULL,-1,"2022-03-06 08:39:55",NULL,NULL,"NONE","2022-03-05 08:39:55",1077,NULL,1077,"1400.1000",NULL,"0.0000","1400.100"),
(519,4,994,NULL,-1,"2022-03-06 08:39:55",NULL,NULL,"NONE","2022-03-05 08:39:55",1288,NULL,1288,"1674.4000",NULL,"0.0000","1674.400"),
(520,4,960,NULL,-1,"2022-03-06 08:39:55",NULL,NULL,"NONE","2022-03-05 08:39:55",1044,NULL,1044,"1357.2000",NULL,"0.0000","1357.200"),
(521,4,941,NULL,-1,"2022-03-06 08:39:55",NULL,NULL,"NONE","2022-03-05 08:39:55",1504,NULL,1504,"1955.2000",NULL,"0.0000","1955.200"),
(522,4,1093,NULL,-1,"2022-03-07 14:31:44",NULL,NULL,"NONE","2022-03-06 14:31:44",1505,NULL,1505,"1956.5000",NULL,"0.0000","1956.500"),
(523,4,941,NULL,-1,"2022-03-08 10:53:03",NULL,NULL,"NONE","2022-03-07 10:53:03",2201,NULL,2201,"2861.3000",NULL,"0.0000","2861.300"),
(524,4,941,NULL,-1,"2022-03-08 15:04:48",NULL,NULL,"NONE","2022-03-07 15:04:48",2188,NULL,2188,"2844.4000",NULL,"0.0000","2844.400"),
(525,4,944,NULL,-1,"2022-03-10 09:13:14",NULL,NULL,"NONE","2022-03-09 09:13:14",88,NULL,88,"4048.0000",NULL,"0.0000","4048.000"),
(526,4,1096,NULL,-1,"2022-03-10 10:43:04",NULL,NULL,"NONE","2022-03-09 10:43:04",220,NULL,220,"10120.0000",NULL,"0.0000","10120.000"),
(527,4,1023,NULL,-1,"2022-03-10 13:13:20",NULL,NULL,"NONE","2022-03-09 13:13:20",539,NULL,539,"700.7000",NULL,"0.0000","700.700"),
(528,4,1036,NULL,-1,"2022-03-12 09:15:36",NULL,NULL,"NONE","2022-03-11 09:15:36",4131,NULL,4131,"5370.3000",NULL,"0.0000","5370.300"),
(529,4,941,NULL,-1,"2022-03-12 12:04:06",NULL,NULL,"NONE","2022-03-11 12:04:06",3253,NULL,3253,"4228.9000",NULL,"0.0000","4228.900"),
(530,4,1093,NULL,-1,"2022-03-12 12:23:21",NULL,NULL,"NONE","2022-03-11 12:23:21",570,NULL,570,"969.0000",NULL,"0.0000","969.000"),
(531,4,1011,NULL,-1,"2022-03-12 12:49:48",NULL,NULL,"NONE","2022-03-11 12:49:48",2731,NULL,2731,"3550.3000",NULL,"0.0000","3550.300"),
(532,4,1011,NULL,-1,"2022-03-12 13:31:16",NULL,NULL,"NONE","2022-03-11 13:31:16",1160,NULL,1160,"1508.0000",NULL,"0.0000","1508.000"),
(533,4,1011,NULL,-1,"2022-03-12 13:54:49",NULL,NULL,"NONE","2022-03-11 13:54:49",2743,NULL,2743,"3565.9000",NULL,"0.0000","3565.900"),
(534,4,960,NULL,-1,"2022-03-13 12:42:21",NULL,NULL,"NONE","2022-03-12 12:42:21",588,NULL,588,"764.4000",NULL,"0.0000","764.400"),
(535,4,1088,NULL,-1,"2022-03-14 10:04:21",NULL,NULL,"NONE","2022-03-13 10:04:21",44,NULL,44,"2024.0000",NULL,"0.0000","2024.000"),
(536,1,1100,NULL,-1,"2022-03-14 12:33:28",NULL,NULL,"NONE","2022-03-13 12:33:28",54796,NULL,54796,"58083.7600",NULL,"0.0000","58083.760"),
(537,4,1088,NULL,-1,"2022-03-14 12:33:57",NULL,NULL,"NONE","2022-03-13 12:33:57",220,NULL,220,"10120.0000",NULL,"0.0000","10120.000"),
(538,4,1085,NULL,-1,"2022-03-14 12:57:53",NULL,NULL,"NONE","2022-03-13 12:57:53",1029,NULL,1029,"1337.7000",NULL,"0.0000","1337.700"),
(539,4,1100,NULL,-1,"2022-03-14 15:19:45",NULL,NULL,"NONE","2022-03-13 15:19:45",2589,NULL,2589,"3365.7000",NULL,"0.0000","3365.700"),
(540,4,1100,NULL,-1,"2022-03-14 15:41:59",NULL,NULL,"NONE","2022-03-13 15:41:59",2451,NULL,2451,"3186.3000",NULL,"0.0000","3186.300"),
(541,4,941,NULL,-1,"2022-03-15 12:22:29",NULL,NULL,"NONE","2022-03-14 12:22:29",617,NULL,617,"802.1000",NULL,"0.0000","802.100"),
(542,4,941,NULL,-1,"2022-03-15 12:22:29",NULL,NULL,"NONE","2022-03-14 12:22:29",584,NULL,584,"759.2000",NULL,"0.0000","759.200"),
(543,4,941,NULL,-1,"2022-03-15 12:39:39",NULL,NULL,"NONE","2022-03-14 12:39:39",538,NULL,538,"699.4000",NULL,"0.0000","699.400"),
(544,4,941,NULL,-1,"2022-03-15 12:39:39",NULL,NULL,"NONE","2022-03-14 12:39:39",565,NULL,565,"734.5000",NULL,"0.0000","734.500"),
(545,4,941,NULL,-1,"2022-03-15 12:46:49",NULL,NULL,"NONE","2022-03-14 12:46:49",1751,NULL,1751,"2276.3000",NULL,"0.0000","2276.300"),
(546,4,941,NULL,-1,"2022-03-15 13:12:44",NULL,NULL,"NONE","2022-03-14 13:12:44",2216,NULL,2216,"2880.8000",NULL,"0.0000","2880.800"),
(547,4,941,NULL,-1,"2022-03-15 14:00:01",NULL,NULL,"NONE","2022-03-14 14:00:01",2112,NULL,2112,"2745.6000",NULL,"0.0000","2745.600"),
(548,4,1102,NULL,-1,"2022-03-15 15:23:46",NULL,NULL,"NONE","2022-03-14 15:23:46",342,NULL,342,"444.6000",NULL,"0.0000","444.600"),
(549,4,959,NULL,-1,"2022-03-16 09:41:44",NULL,NULL,"NONE","2022-03-15 09:41:44",1003,NULL,1003,"1303.9000",NULL,"0.0000","1303.900"),
(550,4,1085,NULL,-1,"2022-03-16 11:07:52",NULL,NULL,"NONE","2022-03-15 11:07:52",1016,NULL,1016,"1320.8000",NULL,"0.0000","1320.800"),
(551,4,972,NULL,-1,"2022-03-16 13:03:36",NULL,NULL,"NONE","2022-03-15 13:03:36",235,NULL,235,"282.0000",NULL,"0.0000","282.000"),
(552,4,1101,NULL,-1,"2022-03-17 10:10:45",NULL,NULL,"NONE","2022-03-16 10:10:45",538,NULL,538,"699.4000",NULL,"0.0000","699.400"),
(553,4,1101,NULL,-1,"2022-03-17 10:18:07",NULL,NULL,"NONE","2022-03-16 10:18:07",496,NULL,496,"644.8000",NULL,"0.0000","644.800"),
(554,4,1101,NULL,-1,"2022-03-17 10:27:07",NULL,NULL,"NONE","2022-03-16 10:27:07",2044,NULL,2044,"2657.2000",NULL,"0.0000","2657.200"),
(555,4,939,NULL,-1,"2022-03-17 10:55:26",NULL,NULL,"NONE","2022-03-16 10:55:26",5,NULL,5,"230.0000",NULL,"0.0000","230.000"),
(556,4,1101,NULL,-1,"2022-03-17 11:58:47",NULL,NULL,"NONE","2022-03-16 11:58:47",808,NULL,808,"1050.4000",NULL,"0.0000","1050.400"),
(557,4,968,NULL,-1,"2022-03-17 14:38:59",NULL,NULL,"NONE","2022-03-16 14:38:59",674,NULL,674,"808.8000",NULL,"0.0000","808.800"),
(558,4,996,NULL,-1,"2022-03-19 15:20:48",NULL,NULL,"NONE","2022-03-18 15:20:48",439,NULL,439,"526.8000",NULL,"0.0000","526.800"),
(559,4,968,NULL,-1,"2022-03-20 10:40:11",NULL,NULL,"NONE","2022-03-19 10:40:11",725,NULL,725,"870.0000",NULL,"0.0000","870.000"),
(560,4,941,NULL,-1,"2022-03-20 11:52:59",NULL,NULL,"NONE","2022-03-19 11:52:59",2635,NULL,2635,"3425.5000",NULL,"0.0000","3425.500"),
(561,4,941,NULL,-1,"2022-03-20 12:29:46",NULL,NULL,"NONE","2022-03-19 12:29:46",2579,NULL,2579,"3352.7000",NULL,"0.0000","3352.700"),
(562,4,941,NULL,-1,"2022-03-20 12:50:36",NULL,NULL,"NONE","2022-03-19 12:50:36",2572,NULL,2572,"3343.6000",NULL,"0.0000","3343.600"),
(563,4,941,NULL,-1,"2022-03-20 13:07:02",NULL,NULL,"NONE","2022-03-19 13:07:02",2118,NULL,2118,"2753.4000",NULL,"0.0000","2753.400"),
(564,4,994,NULL,-1,"2022-03-20 15:26:26",NULL,NULL,"NONE","2022-03-19 15:26:26",2010,NULL,2010,"2613.0000",NULL,"0.0000","2613.000"),
(565,4,1102,NULL,-1,"2022-03-21 10:13:06",NULL,NULL,"NONE","2022-03-20 10:13:06",511,NULL,511,"664.3000",NULL,"0.0000","664.300"),
(566,4,981,NULL,-1,"2022-03-21 12:20:44",NULL,NULL,"NONE","2022-03-20 12:20:44",492,NULL,492,"639.6000",NULL,"0.0000","639.600"),
(567,4,960,NULL,-1,"2022-03-21 13:57:47",NULL,NULL,"NONE","2022-03-20 13:57:47",324,NULL,324,"388.8000",NULL,"0.0000","388.800"),
(568,4,946,NULL,-1,"2022-03-22 10:43:12",NULL,NULL,"NONE","2022-03-21 10:43:12",668,NULL,668,"853.1000",NULL,"0.0000","853.100"),
(569,4,955,NULL,-1,"2022-03-22 10:54:11",NULL,NULL,"NONE","2022-03-21 10:54:11",2,NULL,2,"92.0000",NULL,"0.0000","92.000"),
(570,4,1039,NULL,-1,"2022-03-22 11:20:45",NULL,NULL,"NONE","2022-03-21 11:20:45",364,NULL,364,"473.2000",NULL,"0.0000","473.200"),
(571,4,1088,NULL,-1,"2022-03-22 12:23:06",NULL,NULL,"NONE","2022-03-21 12:23:06",88,NULL,88,"4048.0000",NULL,"0.0000","4048.000"),
(572,4,954,NULL,-1,"2022-03-22 13:38:55",NULL,NULL,"NONE","2022-03-21 13:38:55",1520,NULL,1520,"1976.0000",NULL,"0.0000","1976.000"),
(573,4,994,NULL,-1,"2022-03-23 11:32:02",NULL,NULL,"NONE","2022-03-22 11:32:02",1119,NULL,1119,"1454.7000",NULL,"0.0000","1454.700"),
(574,4,954,NULL,-1,"2022-03-23 12:06:21",NULL,NULL,"NONE","2022-03-22 12:06:21",1532,NULL,1532,"1991.6000",NULL,"0.0000","1991.600"),
(575,4,939,NULL,-1,"2022-03-23 15:42:36",NULL,NULL,"NONE","2022-03-22 15:42:36",846,NULL,846,"1099.8000",NULL,"0.0000","1099.800"),
(576,4,1105,NULL,-1,"2022-03-24 11:33:17",NULL,NULL,"NONE","2022-03-23 11:33:17",471,NULL,471,"612.3000",NULL,"0.0000","612.300"),
(577,4,1036,NULL,-1,"2022-03-26 11:54:15",NULL,NULL,"NONE","2022-03-25 11:54:15",650,NULL,650,"845.0000",NULL,"0.0000","845.000"),
(578,4,1028,NULL,-1,"2022-03-26 13:54:11",NULL,NULL,"NONE","2022-03-25 13:54:11",1017,NULL,1017,"1322.1000",NULL,"0.0000","1322.100"),
(579,4,957,NULL,-1,"2022-03-24 14:29:23",NULL,NULL,"NONE","2022-03-23 14:29:23",1425,NULL,1425,"1353.7500",NULL,"0.0000","1353.750"),
(580,4,1104,NULL,-1,"2022-03-26 14:28:01",NULL,NULL,"NONE","2022-03-25 14:28:01",1715,NULL,1715,"1629.2500",NULL,"0.0000","1629.250"),
(581,4,1088,NULL,-1,"2022-03-27 10:19:22",NULL,NULL,"NONE","2022-03-26 10:19:22",88,NULL,88,"4048.0000",NULL,"0.0000","4048.000"),
(582,4,994,NULL,-1,"2022-03-27 12:03:05",NULL,NULL,"NONE","2022-03-26 12:03:05",1283,NULL,1283,"1667.9000",NULL,"0.0000","1667.900"),
(583,4,972,NULL,-1,"2022-03-27 12:16:25",NULL,NULL,"NONE","2022-03-26 12:16:25",876,NULL,876,"1051.2000",NULL,"0.0000","1051.200"),
(584,4,930,NULL,-1,"2022-03-27 12:36:33",NULL,NULL,"NONE","2022-03-26 12:36:33",2000,NULL,2000,"3400.0000",NULL,"0.0000","3400.000"),
(585,4,966,NULL,-1,"2022-03-28 11:01:34",NULL,NULL,"NONE","2022-03-27 11:01:34",2526,NULL,2526,"3283.8000",NULL,"0.0000","3283.800"),
(586,4,1001,NULL,-1,"2022-03-29 14:03:56",NULL,NULL,"NONE","2022-03-28 14:03:56",635,NULL,635,"603.2500",NULL,"0.0000","603.250"),
(587,4,1023,NULL,-1,"2022-03-29 14:13:38",NULL,NULL,"NONE","2022-03-28 14:13:38",20,NULL,20,"920.0000",NULL,"0.0000","920.000"),
(588,4,1088,NULL,-1,"2022-03-30 12:03:27",NULL,NULL,"NONE","2022-03-29 12:03:27",44,NULL,44,"2024.0000",NULL,"0.0000","2024.000"),
(589,4,941,NULL,-1,"2022-03-30 12:25:25",NULL,NULL,"NONE","2022-03-29 12:25:25",1894,1477,417,"1799.3000","1403.150","0.0000","396.150"),
(590,4,1101,NULL,-1,"2022-03-30 14:21:19",NULL,NULL,"NONE","2022-03-29 14:21:19",606,NULL,606,"787.8000",NULL,"0.0000","787.800"),
(591,4,954,NULL,-1,"2022-03-30 15:22:40",NULL,NULL,"NONE","2022-03-29 15:22:40",1601,NULL,1601,"2081.3000",NULL,"0.0000","2081.300"),
(592,4,957,NULL,-1,"2022-03-31 10:58:08",NULL,NULL,"NONE","2022-03-30 10:58:08",1390,NULL,1390,"1320.5000",NULL,"0.0000","1320.500"),
(593,4,1093,NULL,-1,"2022-03-31 12:06:38",NULL,NULL,"NONE","2022-03-30 12:06:38",1022,NULL,1022,"1328.6000",NULL,"0.0000","1328.600"),
(594,4,957,NULL,-1,"2022-03-31 12:06:38",NULL,NULL,"NONE","2022-03-30 12:06:38",2444,NULL,2444,"2321.8000",NULL,"0.0000","2321.800"),
(595,4,994,NULL,-1,"2022-04-03 10:23:35",NULL,NULL,"NONE","2022-04-02 10:23:35",509,NULL,509,"661.7000",NULL,"0.0000","661.700"),
(596,4,1087,NULL,-1,"2022-04-04 10:30:07",NULL,NULL,"NONE","2022-04-03 10:30:07",5768,NULL,5768,"5479.6000",NULL,"0.0000","5479.600"),
(597,4,939,NULL,-1,"2022-04-04 11:42:28",NULL,NULL,"NONE","2022-04-03 11:42:28",30,NULL,30,"1380.0000",NULL,"0.0000","1380.000"),
(598,4,957,NULL,-1,"2022-04-04 13:03:03",NULL,NULL,"NONE","2022-04-03 13:03:03",1990,NULL,1990,"1890.5000",NULL,"0.0000","1890.500"),
(599,4,952,NULL,-1,"2022-04-04 13:20:20",NULL,NULL,"NONE","2022-04-03 13:20:20",330,NULL,330,"429.0000",NULL,"0.0000","429.000"),
(600,4,941,NULL,-1,"2022-04-04 14:06:52",NULL,NULL,"NONE","2022-04-03 14:06:52",1453,NULL,1453,"1888.9000",NULL,"0.0000","1888.900"),
(601,4,954,NULL,-1,"2022-04-04 14:20:35",NULL,NULL,"NONE","2022-04-03 14:20:35",1548,NULL,1548,"2012.4000",NULL,"0.0000","2012.400"),
(602,4,980,NULL,-1,"2022-04-05 09:34:55",NULL,NULL,"NONE","2022-04-04 09:34:55",176,NULL,176,"8096.0000",NULL,"0.0000","8096.000"),
(603,4,1007,NULL,-1,"2022-04-05 09:34:55",NULL,NULL,"NONE","2022-04-04 09:34:55",4107,NULL,4107,"5339.1000",NULL,"0.0000","5339.100"),
(604,4,1001,NULL,-1,"2022-04-06 10:00:22",NULL,NULL,"NONE","2022-04-05 10:00:22",935,NULL,935,"888.2500",NULL,"0.0000","888.250"),
(605,4,972,NULL,-1,"2022-04-06 12:49:54",NULL,NULL,"NONE","2022-04-05 12:49:54",478,NULL,478,"573.6000",NULL,"0.0000","573.600"),
(606,4,957,NULL,-1,"2022-04-07 14:09:32",NULL,NULL,"NONE","2022-04-06 14:09:32",2163,NULL,2163,"2054.8500",NULL,"0.0000","2054.850"),
(607,4,957,NULL,-1,"2022-04-07 14:46:38",NULL,NULL,"NONE","2022-04-06 14:46:38",1824,NULL,1824,"1732.8000",NULL,"0.0000","1732.800"),
(608,4,957,NULL,-1,"2022-04-09 13:36:21",NULL,NULL,"NONE","2022-04-08 13:36:21",2768,NULL,2768,"2629.6000",NULL,"0.0000","2629.600"),
(609,4,1088,NULL,-1,"2022-04-09 15:09:43",NULL,NULL,"NONE","2022-04-08 15:09:43",88,NULL,88,"4048.0000",NULL,"0.0000","4048.000"),
(610,4,931,NULL,-1,"2022-04-10 11:54:49",NULL,NULL,"NONE","2022-04-09 11:54:49",1100,616,484,"1430.0000","800.800","0.0000","629.200"),
(612,4,1088,NULL,7,"2022-04-10 14:33:00",NULL,NULL,"NONE","2022-04-17 14:33:00",132,NULL,132,"6072.0000",NULL,"0.0000","6072.000"),
(613,4,957,NULL,7,"2022-04-11 13:48:04",NULL,NULL,"NONE","2022-04-18 13:48:04",690,NULL,690,"655.5000",NULL,"0.0000","655.500"),
(614,4,977,NULL,7,"2022-04-11 15:41:09",NULL,NULL,"NONE","2022-04-18 15:41:09",2155,NULL,2155,"2801.5000",NULL,"0.0000","2801.500"),
(615,4,1078,NULL,7,"2022-04-12 12:00:52",NULL,NULL,"NONE","2022-04-19 12:00:52",1231,NULL,1231,"1169.4500",NULL,"0.0000","1169.450"),
(616,4,932,NULL,7,"2022-04-12 14:34:43",NULL,NULL,"NONE","2022-04-19 14:34:43",3817,NULL,3817,"4962.1000",NULL,"0.0000","4962.100"),
(617,4,1036,NULL,-1,"2022-04-13 09:53:34",NULL,NULL,"NONE","2022-04-12 09:53:34",782,NULL,782,"1016.6000",NULL,"0.0000","1016.600"),
(618,4,957,NULL,-1,"2022-04-12 10:06:16",NULL,NULL,"NONE","2022-04-11 10:06:16",606,NULL,606,"575.7000",NULL,"0.0000","575.700"),
(619,4,1085,NULL,-1,"2022-04-13 10:55:34",NULL,NULL,"NONE","2022-04-12 10:55:34",1015,NULL,1015,"1319.5000",NULL,"0.0000","1319.500"),
(620,4,994,NULL,-1,"2022-04-13 12:06:21",NULL,NULL,"NONE","2022-04-12 12:06:21",998,NULL,998,"1297.4000",NULL,"0.0000","1297.400"),
(621,4,1044,1,-1,"2022-04-13 13:02:12",NULL,NULL,"NONE","2022-04-12 13:02:12",889,NULL,889,"1155.7000",NULL,"0.0000","1155.700"),
(622,4,1036,NULL,-1,"2022-04-13 14:08:11",NULL,NULL,"NONE","2022-04-12 14:08:11",280,NULL,280,"364.0000",NULL,"0.0000","364.000"),
(623,4,1044,NULL,-1,"2022-04-13 14:18:25",NULL,NULL,"NONE","2022-04-12 14:18:25",674,NULL,674,"876.2000",NULL,"0.0000","876.200"),
(624,4,960,NULL,-1,"2022-04-13 14:44:40",NULL,NULL,"NONE","2022-04-12 14:44:40",203,NULL,203,"263.9000",NULL,"0.0000","263.900"),
(625,4,932,NULL,-1,"2022-04-13 14:46:53",NULL,NULL,"NONE","2022-04-12 14:46:53",4019,NULL,4019,"5224.7000",NULL,"0.0000","5224.700"),
(626,4,977,NULL,-1,"2022-04-14 10:09:10",NULL,NULL,"NONE","2022-04-13 10:09:10",1120,NULL,1120,"1064.0000",NULL,"0.0000","1064.000"),
(627,4,957,NULL,-1,"2022-04-14 15:17:47",NULL,NULL,"NONE","2022-04-13 15:17:47",619,NULL,619,"588.0500",NULL,"0.0000","588.050"),
(628,4,957,NULL,-1,"2022-04-14 09:41:08",NULL,NULL,"NONE","2022-04-13 09:41:08",1139,NULL,1139,"1082.0500",NULL,"0.0000","1082.050"),
(629,4,974,NULL,-1,"2022-04-16 11:03:27",NULL,NULL,"NONE","2022-04-15 11:03:27",778,NULL,778,"1322.6000",NULL,"0.0000","1322.600"),
(630,4,972,NULL,-1,"2022-04-16 15:11:23",NULL,NULL,"NONE","2022-04-15 15:11:23",911,NULL,911,"1093.2000",NULL,"0.0000","1093.200"),
(631,4,1101,NULL,-1,"2022-04-17 13:41:17",NULL,NULL,"NONE","2022-04-16 13:41:17",686,NULL,686,"891.8000",NULL,"0.0000","891.800"),
(632,4,932,NULL,-1,"2022-04-19 14:10:40",NULL,NULL,"NONE","2022-04-18 14:10:40",3165,NULL,3165,"4114.5000",NULL,"0.0000","4114.500"),
(633,4,1085,NULL,-1,"2022-04-19 14:27:28",NULL,NULL,"NONE","2022-04-18 14:27:28",1018,NULL,1018,"1323.4000",NULL,"0.0000","1323.400"),
(634,4,1107,NULL,-1,"2022-04-19 14:36:19",NULL,NULL,"NONE","2022-04-18 14:36:19",604,NULL,604,"573.8000",NULL,"0.0000","573.800"),
(635,4,957,NULL,-1,"2022-04-19 14:42:32",NULL,NULL,"NONE","2022-04-18 14:42:32",2819,NULL,2819,"2678.0500",NULL,"0.0000","2678.050"),
(636,4,966,NULL,-1,"2022-04-20 10:55:07",NULL,NULL,"NONE","2022-04-19 10:55:07",916,NULL,916,"1190.8000",NULL,"0.0000","1190.800"),
(637,4,932,NULL,-1,"2022-04-20 11:27:52",NULL,NULL,"NONE","2022-04-19 11:27:52",3095,NULL,3095,"4023.5000",NULL,"0.0000","4023.500"),
(638,4,931,NULL,-1,"2022-04-20 14:41:24",NULL,NULL,"NONE","2022-04-19 14:41:24",500,NULL,500,"650.0000",NULL,"0.0000","650.000"),
(639,4,994,NULL,-1,"2022-04-21 11:44:25",NULL,NULL,"NONE","2022-04-20 11:44:25",616,NULL,616,"800.8000",NULL,"0.0000","800.800"),
(640,4,1006,NULL,-1,"2022-04-21 13:48:28",NULL,NULL,"NONE","2022-04-20 13:48:28",4597,NULL,4597,"5976.1000",NULL,"0.0000","5976.100"),
(641,4,966,NULL,-1,"2022-04-24 09:14:02",NULL,NULL,"NONE","2022-04-23 09:14:02",2507,90,2417,"3652.3000","117.000","0.0000","3535.300"),
(642,4,957,NULL,-1,"2022-04-25 12:41:26",NULL,NULL,"NONE","2022-04-24 12:41:26",2332,NULL,2332,"2215.4000",NULL,"0.0000","2215.400"),
(643,4,1006,NULL,-1,"2022-04-26 11:51:05",NULL,NULL,"NONE","2022-04-25 11:51:05",8161,NULL,8161,"13873.7000",NULL,"0.0000","13873.700"),
(644,4,957,NULL,-1,"2022-04-27 12:33:11",NULL,NULL,"NONE","2022-04-26 12:33:11",2487,NULL,2487,"2362.6500",NULL,"0.0000","2362.650"),
(645,4,957,NULL,-1,"2022-04-28 11:01:54",NULL,NULL,"NONE","2022-04-27 11:01:54",990,NULL,990,"940.5000",NULL,"0.0000","940.500"),
(646,4,957,NULL,-1,"2022-04-28 11:35:31",NULL,NULL,"NONE","2022-04-27 11:35:31",2808,NULL,2808,"2667.6000",NULL,"0.0000","2667.600"),
(647,4,957,NULL,-1,"2022-05-07 12:38:30",NULL,NULL,"NONE","2022-05-06 12:38:30",688,NULL,688,"653.6000",NULL,"0.0000","653.600"),
(648,4,974,NULL,-1,"2022-05-07 15:49:24",NULL,NULL,"NONE","2022-05-06 15:49:24",775,NULL,775,"1317.5000",NULL,"0.0000","1317.500"),
(649,4,931,NULL,-1,"2022-05-08 12:46:47",NULL,NULL,"NONE","2022-05-07 12:46:47",3,NULL,3,"138.0000",NULL,"0.0000","138.000"),
(650,1,1078,2,-1,"2022-05-09 14:02:16",NULL,NULL,"NONE","2022-05-08 14:02:16",359,NULL,359,"341.0500",NULL,"0.0000","341.050"),
(651,4,977,NULL,-1,"2022-05-10 08:27:58",NULL,NULL,"NONE","2022-05-09 08:27:58",615,NULL,615,"584.2500",NULL,"0.0000","584.250"),
(652,4,994,NULL,-1,"2022-05-10 13:22:31",NULL,NULL,"NONE","2022-05-09 13:22:31",906,NULL,906,"1177.8000",NULL,"0.0000","1177.800"),
(653,4,1007,NULL,-1,"2022-05-12 09:10:23",NULL,NULL,"NONE","2022-05-11 09:10:23",1066,NULL,1066,"1385.8000",NULL,"0.0000","1385.800"),
(654,4,1001,NULL,-1,"2022-05-12 10:34:34",NULL,NULL,"NONE","2022-05-11 10:34:34",660,NULL,660,"627.0000",NULL,"0.0000","627.000"),
(655,4,960,NULL,-1,"2022-05-12 13:45:47",NULL,NULL,"NONE","2022-05-11 13:45:47",530,530,"0","689.0000","689.000","0.0000","0.000"),
(656,4,1109,NULL,-1,"2022-05-14 12:25:19",NULL,NULL,"NONE","2022-05-13 12:25:19",2623,NULL,2623,"3409.9000",NULL,"0.0000","3409.900"),
(657,4,980,NULL,-1,"2022-05-14 12:52:57",NULL,NULL,"NONE","2022-05-13 12:52:57",176,NULL,176,"8096.0000",NULL,"0.0000","8096.000"),
(658,4,932,NULL,-1,"2022-05-15 09:36:24",NULL,NULL,"NONE","2022-05-14 09:36:24",1827,NULL,1827,"2740.5000",NULL,"0.0000","2740.500"),
(659,4,960,NULL,-1,"2022-05-15 09:50:14",NULL,NULL,"NONE","2022-05-14 09:50:14",540,NULL,540,"702.0000",NULL,"0.0000","702.000"),
(660,4,1110,NULL,-1,"2022-05-15 10:46:18",NULL,NULL,"NONE","2022-05-14 10:46:18",536,NULL,536,"696.8000",NULL,"0.0000","696.800"),
(661,4,930,NULL,-1,"2022-05-15 12:22:38",NULL,NULL,"NONE","2022-05-14 12:22:38",600,NULL,600,"780.0000",NULL,"0.0000","780.000"),
(662,4,931,NULL,-1,"2022-05-15 12:46:34",NULL,NULL,"NONE","2022-05-14 12:46:34",1063,NULL,1063,"1807.1000",NULL,"0.0000","1807.100"),
(663,4,1109,NULL,-1,"2022-05-16 10:21:29",NULL,NULL,"NONE","2022-05-15 10:21:29",511,NULL,511,"664.3000",NULL,"0.0000","664.300"),
(664,4,977,NULL,-1,"2022-05-16 15:07:46",NULL,NULL,"NONE","2022-05-15 15:07:46",176,NULL,176,"8096.0000",NULL,"0.0000","8096.000"),
(665,4,977,NULL,-1,"2022-05-17 10:21:21",NULL,NULL,"NONE","2022-05-16 10:21:21",3680,NULL,3680,"4784.0000",NULL,"0.0000","4784.000"),
(666,4,1109,NULL,-1,"2022-05-17 11:32:35",NULL,NULL,"NONE","2022-05-16 11:32:35",565,NULL,565,"734.5000",NULL,"0.0000","734.500"),
(667,4,1112,NULL,-1,"2022-05-18 10:16:38",NULL,NULL,"NONE","2022-05-17 10:16:38",3189,NULL,3189,"4145.7000",NULL,"0.0000","4145.700"),
(668,4,960,NULL,-1,"2022-05-19 08:53:18",NULL,NULL,"NONE","2022-05-18 08:53:18",969,NULL,969,"1647.3000",NULL,"0.0000","1647.300"),
(669,4,959,NULL,-1,"2022-05-19 08:57:00",NULL,NULL,"NONE","2022-05-18 08:57:00",2505,NULL,2505,"3256.5000",NULL,"0.0000","3256.500"),
(670,4,930,NULL,-1,"2022-05-19 09:57:12",NULL,NULL,"NONE","2022-05-18 09:57:12",525,NULL,525,"682.5000",NULL,"0.0000","682.500"),
(671,4,994,NULL,-1,"2022-05-19 12:42:13",NULL,NULL,"NONE","2022-05-18 12:42:13",643,NULL,643,"835.9000",NULL,"0.0000","835.900"),
(672,4,977,NULL,-1,"2022-05-19 12:42:13",NULL,NULL,"NONE","2022-05-18 12:42:13",176,NULL,176,"8096.0000",NULL,"0.0000","8096.000"),
(673,4,994,NULL,-1,"2022-05-19 13:37:59",NULL,NULL,"NONE","2022-05-18 13:37:59",605,NULL,605,"786.5000",NULL,"0.0000","786.500"),
(674,4,1046,NULL,-1,"2022-05-21 11:58:48",NULL,NULL,"NONE","2022-05-20 11:58:48",21380,NULL,21380,"27794.0000",NULL,"0.0000","27794.000"),
(675,4,931,NULL,-1,"2022-05-21 14:22:46",NULL,NULL,"NONE","2022-05-20 14:22:46",1019,NULL,1019,"1324.7000",NULL,"0.0000","1324.700"),
(676,4,1035,NULL,-1,"2022-05-21 14:22:46",NULL,NULL,"NONE","2022-05-20 14:22:46",611,NULL,611,"1038.7000",NULL,"0.0000","1038.700"),
(677,4,1035,NULL,-1,"2022-05-22 09:36:33",NULL,NULL,"NONE","2022-05-21 09:36:33",647,NULL,647,"1099.9000",NULL,"0.0000","1099.900"),
(678,4,1115,NULL,-1,"2022-05-22 09:36:33",NULL,NULL,"NONE","2022-05-21 09:36:33",2,NULL,2,"92.0000",NULL,"0.0000","92.000"),
(679,4,941,NULL,-1,"2022-05-22 12:54:26",NULL,NULL,"NONE","2022-05-21 12:54:26",2,NULL,2,"92.0000",NULL,"0.0000","92.000"),
(680,4,957,NULL,-1,"2022-05-22 14:36:16",NULL,NULL,"NONE","2022-05-21 14:36:16",2322,NULL,2322,"2205.9000",NULL,"0.0000","2205.900"),
(681,4,1001,NULL,-1,"2022-05-23 12:33:26",NULL,NULL,"NONE","2022-05-22 12:33:26",905,NULL,905,"859.7500",NULL,"0.0000","859.750"),
(682,4,959,NULL,-1,"2022-05-24 14:33:29",NULL,NULL,"NONE","2022-05-23 14:33:29",499,NULL,499,"648.7000",NULL,"0.0000","648.700"),
(683,4,984,NULL,-1,"2022-05-29 11:11:15",NULL,NULL,"NONE","2022-05-28 11:11:15",369,NULL,369,"479.7000",NULL,"0.0000","479.700"),
(684,4,1121,NULL,-1,"2022-05-29 15:36:16",NULL,NULL,"NONE","2022-05-28 15:36:16",50,NULL,50,"65.0000",NULL,"0.0000","65.000"),
(685,4,1071,NULL,-1,"2022-05-28 14:29:20",NULL,NULL,"NONE","2022-05-27 14:29:20",1393,NULL,1393,"1810.9000",NULL,"0.0000","1810.900"),
(686,4,1109,NULL,-1,"2022-06-01 14:10:37",NULL,NULL,"NONE","2022-05-31 14:10:37",758,NULL,758,"985.4000",NULL,"0.0000","985.400"),
(687,4,966,NULL,-1,"2022-06-02 09:08:26",NULL,NULL,"NONE","2022-06-01 09:08:26",5730,NULL,5730,"9741.0000",NULL,"0.0000","9741.000"),
(688,4,1102,NULL,-1,"2022-06-04 09:39:45",NULL,NULL,"NONE","2022-06-03 09:39:45",1093,NULL,1093,"1420.9000",NULL,"0.0000","1420.900"),
(689,4,931,NULL,-1,"2022-06-04 15:06:28",NULL,NULL,"NONE","2022-06-03 15:06:28",533,NULL,533,"692.9000",NULL,"0.0000","692.900"),
(690,4,966,NULL,-1,"2022-06-04 15:18:20",NULL,NULL,"NONE","2022-06-03 15:18:20",1636,806,830,"1554.2000","765.700","0.0000","788.500"),
(691,4,1018,NULL,-1,"2022-06-05 13:05:44",NULL,NULL,"NONE","2022-06-04 13:05:44",1018,NULL,1018,"1323.4000",NULL,"0.0000","1323.400"),
(692,4,980,NULL,-1,"2022-06-06 10:09:08",NULL,NULL,"NONE","2022-06-05 10:09:08",4516,NULL,4516,"4290.2000",NULL,"0.0000","4290.200"),
(693,4,1007,NULL,-1,"2022-06-06 10:09:08",NULL,NULL,"NONE","2022-06-05 10:09:08",518,NULL,518,"673.4000",NULL,"0.0000","673.400"),
(694,4,994,NULL,-1,"2022-06-06 11:55:09",NULL,NULL,"NONE","2022-06-05 11:55:09",1210,NULL,1210,"1573.0000",NULL,"0.0000","1573.000"),
(695,4,989,NULL,-1,"2022-06-06 12:52:37",NULL,NULL,"NONE","2022-06-05 12:52:37",1632,NULL,1632,"1550.4000",NULL,"0.0000","1550.400"),
(696,4,943,NULL,-1,"2022-06-06 13:03:46",NULL,NULL,"NONE","2022-06-05 13:03:46",2562,NULL,2562,"4355.4000",NULL,"0.0000","4355.400"),
(697,4,931,NULL,-1,"2022-06-06 14:25:35",NULL,NULL,"NONE","2022-06-05 14:25:35",1069,NULL,1069,"1389.7000",NULL,"0.0000","1389.700"),
(698,4,1018,NULL,-1,"2022-06-06 14:53:54",NULL,NULL,"NONE","2022-06-05 14:53:54",1023,NULL,1023,"1329.9000",NULL,"0.0000","1329.900"),
(699,4,931,NULL,-1,"2022-06-06 14:53:54",NULL,NULL,"NONE","2022-06-05 14:53:54",542,NULL,542,"704.6000",NULL,"0.0000","704.600"),
(700,4,959,NULL,-1,"2022-06-07 10:10:09",NULL,NULL,"NONE","2022-06-06 10:10:09",1606,NULL,1606,"2087.8000",NULL,"0.0000","2087.800"),
(701,4,980,NULL,-1,"2022-06-08 10:27:28",NULL,NULL,"NONE","2022-06-07 10:27:28",1588,NULL,1588,"1508.6000",NULL,"0.0000","1508.600"),
(702,4,989,NULL,-1,"2022-06-08 11:58:35",NULL,NULL,"NONE","2022-06-07 11:58:35",670,NULL,670,"636.5000",NULL,"0.0000","636.500"),
(703,4,994,NULL,-1,"2022-06-08 15:47:56",NULL,NULL,"NONE","2022-06-07 15:47:56",1217,NULL,1217,"1582.1000",NULL,"0.0000","1582.100"),
(704,4,966,NULL,-1,"2022-06-06 12:33:27",NULL,NULL,"NONE","2022-06-05 12:33:27",1878,NULL,1878,"3192.6000",NULL,"0.0000","3192.600"),
(705,4,960,NULL,-1,"2022-06-11 11:18:49",NULL,NULL,"NONE","2022-06-10 11:18:49",540,NULL,540,"918.0000",NULL,"0.0000","918.000"),
(706,4,959,NULL,-1,"2022-06-12 12:26:55",NULL,NULL,"NONE","2022-06-11 12:26:55",2672,NULL,2672,"3473.6000",NULL,"0.0000","3473.600"),
(707,4,1102,NULL,-1,"2022-06-12 12:38:25",NULL,NULL,"NONE","2022-06-11 12:38:25",1083,NULL,1083,"1407.9000",NULL,"0.0000","1407.900"),
(708,4,1036,NULL,-1,"2022-06-12 13:23:32",NULL,NULL,"NONE","2022-06-11 13:23:32",690,NULL,690,"897.0000",NULL,"0.0000","897.000"),
(709,4,984,NULL,-1,"2022-06-13 11:44:16",NULL,NULL,"NONE","2022-06-12 11:44:16",100,NULL,100,"130.0000",NULL,"0.0000","130.000"),
(710,4,969,NULL,-1,"2022-06-14 15:18:26",NULL,NULL,"NONE","2022-06-13 15:18:26",570,NULL,570,"969.0000",NULL,"0.0000","969.000"),
(711,4,966,NULL,-1,"2022-06-14 15:18:26",NULL,NULL,"NONE","2022-06-13 15:18:26",885,NULL,885,"1504.5000",NULL,"0.0000","1504.500"),
(712,4,1036,NULL,-1,"2022-06-14 15:31:18",NULL,NULL,"NONE","2022-06-13 15:31:18",120,NULL,120,"156.0000",NULL,"0.0000","156.000"),
(713,4,981,NULL,-1,"2022-06-15 12:58:01",NULL,NULL,"NONE","2022-06-14 12:58:01",169,NULL,169,"219.7000",NULL,"0.0000","219.700"),
(714,4,1128,NULL,-1,"2022-06-15 12:58:01",NULL,NULL,"NONE","2022-06-14 12:58:01",1000,NULL,1000,"1300.0000",NULL,"0.0000","1300.000"),
(715,4,969,NULL,-1,"2022-06-15 15:20:11",NULL,NULL,"NONE","2022-06-14 15:20:11",1161,NULL,1161,"1973.7000",NULL,"0.0000","1973.700"),
(716,4,966,NULL,-1,"2022-06-16 12:31:17",NULL,NULL,"NONE","2022-06-15 12:31:17",1654,NULL,1654,"2811.8000",NULL,"0.0000","2811.800"),
(717,4,931,NULL,-1,"2022-06-18 14:18:55",NULL,NULL,"NONE","2022-06-17 14:18:55",545,NULL,545,"708.5000",NULL,"0.0000","708.500"),
(718,4,980,NULL,-1,"2022-06-18 15:19:09",NULL,NULL,"NONE","2022-06-17 15:19:09",7243,NULL,7243,"9415.9000",NULL,"0.0000","9415.900"),
(719,4,980,NULL,-1,"2022-06-18 15:19:09",NULL,NULL,"NONE","2022-06-17 15:19:09",1733,NULL,1733,"8153.3000",NULL,"0.0000","8153.300"),
(720,4,1102,NULL,-1,"2022-06-19 11:19:33",NULL,NULL,"NONE","2022-06-18 11:19:33",1080,NULL,1080,"1404.0000",NULL,"0.0000","1404.000"),
(721,4,974,NULL,-1,"2022-06-19 12:38:24",NULL,NULL,"NONE","2022-06-18 12:38:24",778,NULL,778,"739.1000",NULL,"0.0000","739.100"),
(722,4,1001,NULL,-1,"2022-06-19 14:25:55",NULL,NULL,"NONE","2022-06-18 14:25:55",718,NULL,718,"933.4000",NULL,"0.0000","933.400"),
(723,4,1018,NULL,-1,"2022-06-19 14:33:20",NULL,NULL,"NONE","2022-06-18 14:33:20",482,NULL,482,"626.6000",NULL,"0.0000","626.600"),
(724,4,972,NULL,-1,"2022-06-19 14:33:20",NULL,NULL,"NONE","2022-06-18 14:33:20",806,NULL,806,"765.7000",NULL,"0.0000","765.700"),
(725,4,974,NULL,-1,"2022-06-20 11:48:05",NULL,NULL,"NONE","2022-06-19 11:48:05",398,NULL,398,"378.1000",NULL,"0.0000","378.100"),
(726,4,968,NULL,-1,"2022-06-20 13:31:20",NULL,NULL,"NONE","2022-06-19 13:31:20",300,NULL,300,"510.0000",NULL,"0.0000","510.000"),
(727,4,1089,NULL,-1,"2022-06-21 12:15:06",NULL,NULL,"NONE","2022-06-20 12:15:06",44,NULL,44,"2024.0000",NULL,"0.0000","2024.000"),
(728,4,1131,NULL,-1,"2022-06-21 12:15:06",NULL,NULL,"NONE","2022-06-20 12:15:06",2,NULL,2,"92.0000",NULL,"0.0000","92.000"),
(729,4,1041,NULL,-1,"2022-06-21 12:15:06",NULL,NULL,"NONE","2022-06-20 12:15:06",1227,NULL,1227,"1595.1000",NULL,"0.0000","1595.100"),
(730,4,974,NULL,-1,"2022-06-22 13:53:16",NULL,NULL,"NONE","2022-06-21 13:53:16",567,NULL,567,"538.6500",NULL,"0.0000","538.650"),
(731,4,1132,NULL,-1,"2022-06-22 15:05:45",NULL,NULL,"NONE","2022-06-21 15:05:45",1093,NULL,1093,"1420.9000",NULL,"0.0000","1420.900"),
(732,4,959,NULL,-1,"2022-06-22 15:38:05",NULL,NULL,"NONE","2022-06-21 15:38:05",2705,NULL,2705,"3516.5000",NULL,"0.0000","3516.500"),
(733,4,1132,NULL,-1,"2022-06-23 11:55:21",NULL,NULL,"NONE","2022-06-22 11:55:21",2229,NULL,2229,"2897.7000",NULL,"0.0000","2897.700"),
(734,4,1127,NULL,-1,"2022-06-23 13:01:25",NULL,NULL,"NONE","2022-06-22 13:01:25",1053,NULL,1053,"1368.9000",NULL,"0.0000","1368.900"),
(735,4,931,NULL,-1,"2022-06-25 15:12:20",NULL,NULL,"NONE","2022-06-24 15:12:20",6,NULL,6,"276.0000",NULL,"0.0000","276.000"),
(736,4,974,NULL,-1,"2022-06-26 10:53:34",NULL,NULL,"NONE","2022-06-25 10:53:34",839,NULL,839,"797.0500",NULL,"0.0000","797.050"),
(737,4,1130,NULL,-1,"2022-06-27 08:58:03",NULL,NULL,"NONE","2022-06-26 08:58:03",2009,NULL,2009,"2611.7000",NULL,"0.0000","2611.700"),
(738,4,969,NULL,-1,"2022-06-27 08:59:05",NULL,NULL,"NONE","2022-06-26 08:59:05",1006,NULL,1006,"1710.2000",NULL,"0.0000","1710.200"),
(739,4,931,NULL,-1,"2022-06-27 08:59:59",NULL,NULL,"NONE","2022-06-26 08:59:59",5,NULL,5,"230.0000",NULL,"0.0000","230.000"),
(740,4,1131,NULL,-1,"2022-06-28 09:08:42",NULL,NULL,"NONE","2022-06-27 09:08:42",2,NULL,2,"92.0000",NULL,"0.0000","92.000"),
(741,4,1102,NULL,-1,"2022-06-28 09:34:16",NULL,NULL,"NONE","2022-06-27 09:34:16",1081,NULL,1081,"1405.3000",NULL,"0.0000","1405.300"),
(742,4,1102,NULL,-1,"2022-06-28 10:32:12",NULL,NULL,"NONE","2022-06-27 10:32:12",1074,NULL,1074,"1396.2000",NULL,"0.0000","1396.200"),
(743,4,1102,NULL,-1,"2022-06-28 10:32:12",NULL,NULL,"NONE","2022-06-27 10:32:12",539,NULL,539,"700.7000",NULL,"0.0000","700.700"),
(744,4,1018,NULL,-1,"2022-07-02 10:17:38",NULL,NULL,"NONE","2022-07-01 10:17:38",1142,NULL,1142,"1484.6000",NULL,"0.0000","1484.600"),
(745,4,958,NULL,-1,"2022-07-02 10:24:07",NULL,NULL,"NONE","2022-07-01 10:24:07",418,NULL,418,"543.4000",NULL,"0.0000","543.400"),
(746,4,1018,NULL,-1,"2022-07-02 10:24:07",NULL,NULL,"NONE","2022-07-01 10:24:07",1327,NULL,1327,"1725.1000",NULL,"0.0000","1725.100"),
(747,4,980,NULL,-1,"2022-07-03 09:04:36",NULL,NULL,"NONE","2022-07-02 09:04:36",4370,NULL,4370,"5681.0000",NULL,"0.0000","5681.000"),
(748,4,1036,NULL,-1,"2022-07-03 10:36:51",NULL,NULL,"NONE","2022-07-02 10:36:51",2131,NULL,2131,"2770.3000",NULL,"0.0000","2770.300"),
(749,4,1109,NULL,-1,"2022-07-04 11:35:41",NULL,NULL,"NONE","2022-07-03 11:35:41",248,NULL,248,"322.4000",NULL,"0.0000","322.400"),
(750,4,1133,NULL,-1,"2022-07-06 09:45:47",NULL,NULL,"NONE","2022-07-05 09:45:47",1190,1190,"0","2023.0000","2023.000","0.0000","0.000"),
(751,4,932,NULL,-1,"2022-07-16 14:52:49",NULL,NULL,"NONE","2022-07-15 14:52:49",7330,NULL,7330,"14660.0000",NULL,"0.0000","14660.000"),
(752,4,1133,NULL,-1,"2022-07-17 09:23:10",NULL,NULL,"NONE","2022-07-16 09:23:10",1593,NULL,1593,"2708.1000",NULL,"0.0000","2708.100"),
(753,4,1128,NULL,-1,"2022-07-17 12:25:31",NULL,NULL,"NONE","2022-07-16 12:25:31",1093,NULL,1093,"1420.9000",NULL,"0.0000","1420.900"),
(754,4,972,NULL,-1,"2022-07-17 15:04:56",NULL,NULL,"NONE","2022-07-16 15:04:56",110,NULL,110,"143.0000",NULL,"0.0000","143.000"),
(755,4,949,NULL,-1,"2022-07-18 14:42:57",NULL,NULL,"NONE","2022-07-17 14:42:57",88,NULL,88,"4048.0000",NULL,"0.0000","4048.000"),
(756,4,931,NULL,-1,"2022-07-18 14:42:57",NULL,NULL,"NONE","2022-07-17 14:42:57",5,NULL,5,"230.0000",NULL,"0.0000","230.000"),
(757,4,1018,NULL,-1,"2022-07-19 09:58:19",NULL,NULL,"NONE","2022-07-18 09:58:19",1524,NULL,1524,"1981.2000",NULL,"0.0000","1981.200"),
(758,4,1128,NULL,-1,"2022-07-19 11:42:03",NULL,NULL,"NONE","2022-07-18 11:42:03",1109,NULL,1109,"1441.7000",NULL,"0.0000","1441.700"),
(759,4,972,NULL,-1,"2022-07-20 12:37:00",NULL,NULL,"NONE","2022-07-19 12:37:00",369,NULL,369,"479.7000",NULL,"0.0000","479.700"),
(760,4,1128,NULL,-1,"2022-07-20 12:37:00",NULL,NULL,"NONE","2022-07-19 12:37:00",575,NULL,575,"747.5000",NULL,"0.0000","747.500"),
(761,4,1019,NULL,-1,"2022-07-20 12:37:00",NULL,NULL,"NONE","2022-07-19 12:37:00",25,NULL,25,"50.0000",NULL,"0.0000","50.000"),
(762,4,1046,NULL,-1,"2022-07-20 15:35:11",NULL,NULL,"NONE","2022-07-19 15:35:11",452,NULL,452,"429.4000",NULL,"0.0000","429.400"),
(763,4,972,NULL,-1,"2022-07-21 12:30:51",NULL,NULL,"NONE","2022-07-20 12:30:51",1071,NULL,1071,"1392.3000",NULL,"0.0000","1392.300"),
(764,4,1109,NULL,-1,"2022-07-23 10:49:43",NULL,NULL,"NONE","2022-07-22 10:49:43",526,NULL,526,"683.8000",NULL,"0.0000","683.800"),
(765,4,932,NULL,-1,"2022-07-23 12:38:39",NULL,NULL,"NONE","2022-07-22 12:38:39",3297,NULL,3297,"4945.5000",NULL,"0.0000","4945.500"),
(766,4,960,NULL,-1,"2022-07-23 13:06:16",NULL,NULL,"NONE","2022-07-22 13:06:16",44,NULL,44,"2024.0000",NULL,"0.0000","2024.000"),
(767,4,1136,NULL,-1,"2022-07-24 11:45:31",NULL,NULL,"NONE","2022-07-23 11:45:31",922,NULL,922,"1844.0000",NULL,"0.0000","1844.000"),
(768,4,1035,NULL,-1,"2022-07-24 11:45:31",NULL,NULL,"NONE","2022-07-23 11:45:31",983,NULL,983,"1671.1000",NULL,"0.0000","1671.100"),
(769,4,981,NULL,-1,"2022-07-24 14:23:27",NULL,NULL,"NONE","2022-07-23 14:23:27",1173,NULL,1173,"1524.9000",NULL,"0.0000","1524.900"),
(770,4,931,NULL,-1,"2022-07-26 11:43:23",NULL,NULL,"NONE","2022-07-25 11:43:23",5,NULL,5,"230.0000",NULL,"0.0000","230.000"),
(771,4,1019,NULL,-1,"2022-07-26 13:00:23",NULL,NULL,"NONE","2022-07-25 13:00:23",25,NULL,25,"50.0000",NULL,"0.0000","50.000"),
(772,4,992,NULL,-1,"2022-07-28 13:44:15",NULL,NULL,"NONE","2022-07-27 13:44:15",44,32,12,"2024.0000","7.360","0.0000","2016.640"),
(773,4,1109,NULL,-1,"2022-07-30 09:41:38",NULL,NULL,"NONE","2022-07-29 09:41:38",350,NULL,350,"455.0000",NULL,"0.0000","455.000"),
(774,4,1138,NULL,-1,"2022-07-31 09:24:06",NULL,NULL,"NONE","2022-07-30 09:24:06",1,NULL,1,"46.0000",NULL,"0.0000","46.000"),
(775,4,1128,NULL,-1,"2022-08-02 12:20:05",NULL,NULL,"NONE","2022-08-01 12:20:05",593,NULL,593,"770.9000",NULL,"0.0000","770.900"),
(776,4,1110,NULL,-1,"2022-08-03 13:30:33",NULL,NULL,"NONE","2022-08-02 13:30:33",100,100,"0","130.0000","130.000","0.0000","0.000"),
(777,4,972,NULL,-1,"2022-08-03 14:00:49",NULL,NULL,"NONE","2022-08-02 14:00:49",1052,NULL,1052,"1367.6000",NULL,"0.0000","1367.600"),
(778,4,1019,NULL,-1,"2022-08-04 13:29:12",NULL,NULL,"NONE","2022-08-03 13:29:12",37,NULL,37,"74.0000",NULL,"0.0000","74.000"),
(779,4,1139,NULL,-1,"2022-08-06 10:32:12",NULL,NULL,"NONE","2022-08-05 10:32:12",100,NULL,100,"130.0000",NULL,"0.0000","130.000"),
(780,4,932,NULL,-1,"2022-08-07 11:25:04",NULL,NULL,"NONE","2022-08-06 11:25:04",7808,7808,"0","11712.0000","11712.000","0.0000","0.000"),
(781,4,1140,NULL,-1,"2022-08-11 12:31:50",NULL,NULL,"NONE","2022-08-10 12:31:50",737,NULL,737,"1252.9000",NULL,"0.0000","1252.900"),
(782,4,1136,NULL,-1,"2022-08-13 12:11:28",NULL,NULL,"NONE","2022-08-12 12:11:28",400,NULL,400,"800.0000",NULL,"0.0000","800.000"),
(783,4,960,NULL,-1,"2022-08-14 09:39:05",NULL,NULL,"NONE","2022-08-13 09:39:05",44,NULL,44,"2024.0000",NULL,"0.0000","2024.000"),
(784,4,1133,NULL,-1,"2022-08-14 11:35:51",NULL,NULL,"NONE","2022-08-13 11:35:51",1405,NULL,1405,"2388.5000",NULL,"0.0000","2388.500"),
(785,4,984,NULL,-1,"2022-08-14 11:48:23",NULL,NULL,"NONE","2022-08-13 11:48:23",225,NULL,225,"382.5000",NULL,"0.0000","382.500"),
(786,4,1128,NULL,-1,"2022-08-14 12:34:12",NULL,NULL,"NONE","2022-08-13 12:34:12",1150,NULL,1150,"1495.0000",NULL,"0.0000","1495.000"),
(787,4,1141,NULL,-1,"2022-08-15 12:26:01",NULL,NULL,"NONE","2022-08-14 12:26:01",44,NULL,44,"2024.0000",NULL,"0.0000","2024.000"),
(788,4,1035,NULL,-1,"2022-08-16 08:15:30",NULL,NULL,"NONE","2022-08-15 08:15:30",1283,NULL,1283,"2181.1000",NULL,"0.0000","2181.100"),
(789,4,1128,NULL,-1,"2022-08-16 13:35:29",NULL,NULL,"NONE","2022-08-15 13:35:29",1086,NULL,1086,"1411.8000",NULL,"0.0000","1411.800"),
(790,4,1128,NULL,-1,"2022-08-17 12:37:56",NULL,NULL,"NONE","2022-08-16 12:37:56",665,NULL,665,"864.5000",NULL,"0.0000","864.500"),
(791,4,1026,NULL,-1,"2022-08-16 12:42:35",NULL,NULL,"NONE","2022-08-15 12:42:35",3012,NULL,3012,"5120.4000",NULL,"0.0000","5120.400"),
(792,4,1089,NULL,-1,"2022-08-18 10:08:04",NULL,NULL,"NONE","2022-08-17 10:08:04",50,NULL,50,"2300.0000",NULL,"0.0000","2300.000"),
(793,4,975,NULL,-1,"2022-08-18 11:10:14",NULL,NULL,"NONE","2022-08-17 11:10:14",1250,NULL,1250,"2125.0000",NULL,"0.0000","2125.000"),
(794,4,1019,NULL,-1,"2022-08-18 13:15:43",NULL,NULL,"NONE","2022-08-17 13:15:43",50,NULL,50,"100.0000",NULL,"0.0000","100.000"),
(795,4,931,NULL,-1,"2022-08-20 12:23:49",NULL,NULL,"NONE","2022-08-19 12:23:49",2,NULL,2,"92.0000",NULL,"0.0000","92.000"),
(796,4,1140,NULL,-1,"2022-08-20 15:21:26",NULL,NULL,"NONE","2022-08-19 15:21:26",640,NULL,640,"1088.0000",NULL,"0.0000","1088.000"),
(797,4,972,NULL,-1,"2022-08-22 13:48:19",NULL,NULL,"NONE","2022-08-21 13:48:19",590,NULL,590,"1003.0000",NULL,"0.0000","1003.000"),
(798,4,1140,NULL,-1,"2022-08-24 13:30:44",NULL,NULL,"NONE","2022-08-23 13:30:44",641,NULL,641,"1089.7000",NULL,"0.0000","1089.700"),
(799,4,1035,NULL,-1,"2022-08-27 12:11:24",NULL,NULL,"NONE","2022-08-26 12:11:24",824,NULL,824,"1236.0000",NULL,"0.0000","1236.000"),
(800,4,1133,NULL,-1,"2022-08-28 10:20:43",NULL,NULL,"NONE","2022-08-27 10:20:43",1944,NULL,1944,"3304.8000",NULL,"0.0000","3304.800"),
(801,4,1140,NULL,-1,"2022-08-30 11:33:44",NULL,NULL,"NONE","2022-08-29 11:33:44",779,NULL,779,"1204.3000",NULL,"0.0000","1204.300"),
(802,4,972,NULL,-1,"2022-08-31 11:18:34",NULL,NULL,"NONE","2022-08-30 11:18:34",670,NULL,670,"1139.0000",NULL,"0.0000","1139.000"),
(803,4,984,NULL,-1,"2022-09-05 12:19:26",NULL,NULL,"NONE","2022-09-04 12:19:26",350,350,"0","332.5000","332.500","0.0000","0.000"),
(804,4,994,NULL,-1,"2022-09-05 13:55:32",NULL,NULL,"NONE","2022-09-04 13:55:32",1438,NULL,1438,"1869.4000",NULL,"0.0000","1869.400"),
(805,4,1019,NULL,-1,"2022-09-06 08:26:22",NULL,NULL,"NONE","2022-09-05 08:26:22",300,300,"0","600.0000","600.000","0.0000","0.000"),
(806,4,1127,NULL,-1,"2022-09-06 11:53:37",NULL,NULL,"NONE","2022-09-05 11:53:37",1262,NULL,1262,"1766.8000",NULL,"0.0000","1766.800"),
(807,4,931,NULL,-1,"2022-09-06 12:44:49",NULL,NULL,"NONE","2022-09-05 12:44:49",535,NULL,535,"856.0000",NULL,"0.0000","856.000"),
(808,4,1019,NULL,-1,"2022-09-06 13:34:07",NULL,NULL,"NONE","2022-09-05 13:34:07",300,NULL,300,"600.0000",NULL,"0.0000","600.000"),
(809,4,1140,NULL,-1,"2022-09-07 10:13:54",NULL,NULL,"NONE","2022-09-06 10:13:54",1259,NULL,1259,"2140.3000",NULL,"0.0000","2140.300"),
(810,4,932,NULL,-1,"2022-09-08 10:18:36",NULL,NULL,"NONE","2022-09-07 10:18:36",5841,NULL,5841,"7009.2000",NULL,"0.0000","7009.200"),
(811,4,1104,NULL,-1,"2022-09-10 11:27:49",NULL,NULL,"NONE","2022-09-09 11:27:49",1000,NULL,1000,"1600.0000",NULL,"0.0000","1600.000"),
(812,4,1128,NULL,-1,"2022-09-11 11:56:28",NULL,NULL,"NONE","2022-09-10 11:56:28",609,NULL,609,"852.6000",NULL,"0.0000","852.600"),
(813,4,1017,NULL,-1,"2022-09-11 13:32:58",NULL,NULL,"NONE","2022-09-10 13:32:58",2083,NULL,2083,"2499.6000",NULL,"0.0000","2499.600"),
(814,4,984,NULL,-1,"2022-09-11 14:23:27",NULL,NULL,"NONE","2022-09-10 14:23:27",350,NULL,350,"595.0000",NULL,"0.0000","595.000"),
(815,4,960,NULL,-1,"2022-09-11 14:41:17",NULL,NULL,"NONE","2022-09-10 14:41:17",44,NULL,44,"2024.0000",NULL,"0.0000","2024.000"),
(816,4,1128,NULL,-1,"2022-09-12 13:08:05",NULL,NULL,"NONE","2022-09-11 13:08:05",621,NULL,621,"869.4000",NULL,"0.0000","869.400"),
(817,4,1104,NULL,-1,"2022-09-12 13:18:24",NULL,NULL,"NONE","2022-09-11 13:18:24",665,NULL,665,"1330.0000",NULL,"0.0000","1330.000"),
(818,4,1036,NULL,-1,"2022-09-12 15:12:11",NULL,NULL,"NONE","2022-09-11 15:12:11",189,NULL,189,"302.4000",NULL,"0.0000","302.400"),
(819,4,981,NULL,-1,"2022-09-14 14:35:29",NULL,NULL,"NONE","2022-09-13 14:35:29",257,NULL,257,"334.1000",NULL,"0.0000","334.100"),
(820,4,1109,NULL,-1,"2022-09-15 14:16:44",NULL,NULL,"NONE","2022-09-14 14:16:44",1017,NULL,1017,"1322.1000",NULL,"0.0000","1322.100"),
(821,4,1143,NULL,-1,"2022-09-17 12:27:30",NULL,NULL,"NONE","2022-09-16 12:27:30",1124,NULL,1124,"1067.8000",NULL,"0.0000","1067.800"),
(822,4,1109,NULL,-1,"2022-09-17 12:27:30",NULL,NULL,"NONE","2022-09-16 12:27:30",583,NULL,583,"757.9000",NULL,"0.0000","757.900"),
(823,4,1109,NULL,-1,"2022-09-20 10:18:24",NULL,NULL,"NONE","2022-09-19 10:18:24",751,NULL,751,"976.3000",NULL,"0.0000","976.300"),
(824,4,1036,NULL,-1,"2022-09-21 11:38:14",NULL,NULL,"NONE","2022-09-20 11:38:14",1563,NULL,1563,"2031.9000",NULL,"0.0000","2031.900"),
(825,4,1036,NULL,-1,"2022-09-21 12:27:13",NULL,NULL,"NONE","2022-09-20 12:27:13",800,NULL,800,"1040.0000",NULL,"0.0000","1040.000"),
(826,4,984,NULL,-1,"2022-09-22 11:32:57",NULL,NULL,"NONE","2022-09-21 11:32:57",105,NULL,105,"178.5000",NULL,"0.0000","178.500"),
(827,4,1104,NULL,-1,"2022-09-22 11:58:22",NULL,NULL,"NONE","2022-09-21 11:58:22",1100,NULL,1100,"1760.0000",NULL,"0.0000","1760.000"),
(828,4,984,NULL,-1,"2022-09-22 14:04:30",NULL,NULL,"NONE","2022-09-21 14:04:30",120,NULL,120,"204.0000",NULL,"0.0000","204.000"),
(829,4,931,NULL,-1,"2022-09-27 15:16:12",NULL,NULL,"NONE","2022-09-26 15:16:12",225,NULL,225,"382.5000",NULL,"0.0000","382.500"),
(830,4,994,NULL,-1,"2022-09-27 15:16:12",NULL,NULL,"NONE","2022-09-26 15:16:12",628,NULL,628,"879.2000",NULL,"0.0000","879.200"),
(831,4,972,NULL,-1,"2022-09-28 12:53:38",NULL,NULL,"NONE","2022-09-27 12:53:38",678,NULL,678,"1152.6000",NULL,"0.0000","1152.600"),
(832,4,1109,NULL,-1,"2022-09-29 13:03:13",NULL,NULL,"NONE","2022-09-28 13:03:13",989,NULL,989,"1285.7000",NULL,"0.0000","1285.700"),
(834,4,1144,NULL,-1,"2022-10-01 13:28:46",NULL,NULL,"NONE","2022-09-30 13:28:46",503,NULL,503,"653.9000",NULL,"0.0000","653.900"),
(835,4,1143,NULL,-1,"2022-10-02 13:11:44",NULL,NULL,"NONE","2022-10-01 13:11:44",5747,NULL,5747,"5459.6500",NULL,"0.0000","5459.650"),
(836,4,941,NULL,-1,"2022-10-02 14:37:58",NULL,NULL,"NONE","2022-10-01 14:37:58",13,NULL,13,"598.0000",NULL,"0.0000","598.000"),
(837,4,1017,NULL,-1,"2022-10-03 12:59:22",NULL,NULL,"NONE","2022-10-02 12:59:22",2491,NULL,2491,"2989.2000",NULL,"0.0000","2989.200"),
(838,4,1035,NULL,-1,"2022-10-06 11:12:07",NULL,NULL,"NONE","2022-10-05 11:12:07",1260,NULL,1260,"3150.0000",NULL,"0.0000","3150.000"),
(839,4,1035,2,-1,"2022-10-06 11:12:07",NULL,NULL,"NONE","2022-10-05 11:12:07",636,NULL,636,"1590.0000",NULL,"0.0000","1590.000"),
(840,4,1109,NULL,-1,"2022-10-08 10:55:14",NULL,NULL,"NONE","2022-10-07 10:55:14",951,NULL,951,"2377.5000",NULL,"0.0000","2377.500"),
(841,4,960,NULL,-1,"2022-10-08 11:49:04",NULL,NULL,"NONE","2022-10-07 11:49:04",536,NULL,536,"1340.0000",NULL,"0.0000","1340.000"),
(842,4,931,NULL,-1,"2022-10-08 13:46:09",NULL,NULL,"NONE","2022-10-07 13:46:09",600,NULL,600,"1500.0000",NULL,"0.0000","1500.000"),
(843,4,941,NULL,-1,"2022-10-09 15:02:33",NULL,NULL,"NONE","2022-10-08 15:02:33",167,NULL,167,"983.0000",NULL,"0.0000","983.000"),
(844,4,1104,NULL,-1,"2022-10-10 11:05:03",NULL,NULL,"NONE","2022-10-09 11:05:03",541,NULL,541,"1352.5000",NULL,"0.0000","1352.500"),
(845,4,931,NULL,-1,"2022-10-11 09:05:27",NULL,NULL,"NONE","2022-10-10 09:05:27",502,NULL,502,"1255.0000",NULL,"0.0000","1255.000"),
(846,4,1145,NULL,-1,"2022-10-11 13:03:08",NULL,NULL,"NONE","2022-10-10 13:03:08",18,NULL,18,"828.0000",NULL,"0.0000","828.000"),
(847,4,978,NULL,-1,"2022-10-11 13:59:09",NULL,NULL,"NONE","2022-10-10 13:59:09",1055,NULL,1055,"2637.5000",NULL,"0.0000","2637.500"),
(848,4,1017,NULL,-1,"2022-10-12 15:03:39",NULL,NULL,"NONE","2022-10-11 15:03:39",2250,NULL,2250,"5675.5000",NULL,"0.0000","5675.500"),
(849,4,986,NULL,-1,"2022-10-16 10:41:33",NULL,NULL,"NONE","2022-10-15 10:41:33",25,NULL,25,"1150.0000",NULL,"0.0000","1150.000"),
(850,4,994,NULL,-1,"2022-10-16 13:27:17",NULL,NULL,"NONE","2022-10-15 13:27:17",580,NULL,580,"1450.0000",NULL,"0.0000","1450.000"),
(851,4,977,NULL,-1,"2022-10-17 10:16:58",NULL,NULL,"NONE","2022-10-16 10:16:58",900,NULL,900,"2250.0000",NULL,"0.0000","2250.000"),
(852,4,986,NULL,-1,"2022-10-17 13:16:43",NULL,NULL,"NONE","2022-10-16 13:16:43",5,NULL,5,"230.0000",NULL,"0.0000","230.000");


DROP TABLE IF EXISTS `extended_orders`;

CREATE ALGORITHM=UNDEFINED DEFINER=`root`@`localhost` SQL SECURITY DEFINER VIEW `extended_orders` AS select `orders`.`iD` AS `iD`,`orders`.`EmployeeID` AS `EmployeeID`,`orders`.`CustomerID` AS `CustomerID`,`orders`.`CargoTransID` AS `CargoTransID`,`orders`.`TermsID` AS `TermsID`,`orders`.`date` AS `date`,`orders`.`billNo` AS `billNo`,`orders`.`comments` AS `comments`,`orders`.`status` AS `status`,sum(`orders_details`.`price`) AS `extendedPrice`,case when `orders`.`TermsID` = -30 then last_day(`orders`.`date`) when `orders`.`TermsID` = -7 then `orders`.`date` + interval 1 + dayofweek(`orders`.`date`) day else `orders`.`date` + interval `orders`.`TermsID` day end AS `termsDate`,sum(`orders_details`.`quantity`) AS `quantity` from (`orders` join `orders_details` on(`orders`.`iD` = `orders_details`.`OrderID`)) group by `orders`.`iD`;

INSERT INTO `extended_orders` VALUES (122,1,959,NULL,1,"2021-08-23 09:54:32",NULL,NULL,"NONE","3757.6750","2021-08-24 09:54:32",5183),
(123,1,950,NULL,60,"2021-08-30 09:46:21",NULL,NULL,"NONE","5775.9700","2021-10-29 09:46:21",6959),
(125,1,967,NULL,7,"2021-09-10 20:29:19",NULL,NULL,"NONE","384.0000","2021-09-17 20:29:19",512),
(127,1,978,NULL,7,"2021-09-14 10:28:47",NULL,NULL,"NONE","756.2000","2021-09-21 10:28:47",833),
(128,1,994,NULL,7,"2021-09-14 11:24:35",NULL,NULL,"NONE","1087.8000","2021-09-21 11:24:35",1036),
(129,1,967,NULL,7,"2021-09-14 09:14:21",NULL,NULL,"NONE","3014.9500","2021-09-21 09:14:21",3443),
(130,1,967,NULL,7,"2021-09-14 09:19:56",NULL,NULL,"NONE","288.1500","2021-09-21 09:19:56",339),
(131,1,967,NULL,7,"2021-09-14 09:24:20",NULL,NULL,"NONE","3798.1500","2021-09-21 09:24:20",3815),
(132,1,967,NULL,7,"2021-09-14 09:26:11",NULL,NULL,"NONE","1575.9000","2021-09-21 09:26:11",1854),
(133,4,996,NULL,7,"2021-09-16 09:48:24",NULL,NULL,"NONE","497.2500","2021-09-23 09:48:24",585),
(134,1,967,NULL,7,"2021-09-13 10:01:55",NULL,NULL,"NONE","8414.1500","2021-09-20 10:01:55",9899),
(135,1,967,NULL,7,"2021-09-17 16:20:53",NULL,NULL,"NONE","79.8750","2021-09-24 16:20:53",80),
(136,1,941,NULL,7,"2021-09-16 09:27:21",NULL,NULL,"NONE","2357.2500","2021-09-23 09:27:21",2245),
(137,1,966,NULL,7,"2021-09-18 09:29:01",NULL,NULL,"NONE","1541.0000","2021-09-25 09:29:01",1560),
(138,1,989,NULL,7,"2021-09-18 09:59:16",NULL,NULL,"NONE","1109.8500","2021-09-25 09:59:16",1057),
(139,1,998,NULL,7,"2021-09-17 10:13:55",NULL,NULL,"NONE","29274.0010","2021-09-24 10:13:55",34440),
(140,1,999,NULL,7,"2021-09-17 13:12:56",NULL,NULL,"NONE","36424.6500","2021-09-24 13:12:56",34397),
(141,1,999,NULL,7,"2021-09-17 13:18:33",NULL,NULL,"NONE","21641.2500","2021-09-24 13:18:33",26055),
(142,1,999,NULL,7,"2021-09-17 13:19:50",NULL,NULL,"NONE","2605.5000","2021-09-24 13:19:50",3474),
(143,1,999,NULL,7,"2021-09-17 20:48:58",NULL,NULL,"NONE","257.2500","2021-09-24 20:48:58",245),
(144,1,943,NULL,7,"2021-09-21 13:13:50",NULL,NULL,"NONE","1507.6800","2021-09-28 13:13:50",1732),
(145,1,941,NULL,7,"2021-09-21 13:17:30",NULL,NULL,"NONE","1106.6000","2021-09-28 13:17:30",1006),
(147,4,950,NULL,7,"2021-09-22 09:25:35",NULL,NULL,"NONE","862.1250","2021-09-29 09:25:35",1045),
(148,1,941,NULL,7,"2021-09-22 14:21:59",NULL,NULL,"NONE","1718.7500","2021-09-29 14:21:59",1936),
(149,1,954,NULL,7,"2021-09-22 14:46:12",NULL,NULL,"NONE","1331.3200","2021-09-29 14:46:12",1604),
(150,4,1004,NULL,7,"2021-09-23 10:41:21",NULL,NULL,"NONE","2176.0000","2021-09-30 10:41:21",2560),
(151,1,954,NULL,60,"2021-09-23 13:13:08",NULL,NULL,"NONE","1407.6800","2021-11-22 13:13:08",1696),
(152,1,943,NULL,60,"2021-09-25 11:36:21",NULL,NULL,"NONE","3599.1000","2021-11-24 11:36:21",3566),
(153,1,960,NULL,7,"2021-09-25 11:58:04",NULL,NULL,"NONE","750.1000","2021-10-02 11:58:04",725),
(154,4,949,NULL,7,"2021-09-26 12:54:33",NULL,NULL,"NONE","187.5000","2021-10-03 12:54:33",300),
(155,1,954,NULL,7,"2021-09-26 15:51:19",NULL,NULL,"NONE","1334.6400","2021-10-03 15:51:19",1608),
(156,1,960,NULL,7,"2021-09-27 13:10:00",NULL,NULL,"NONE","838.0000","2021-10-04 13:10:00",838),
(157,4,960,NULL,7,"2021-09-28 09:46:36",NULL,NULL,"NONE","1153.9000","2021-10-05 09:46:36",1049),
(158,1,933,NULL,7,"2021-09-28 11:06:04",NULL,NULL,"NONE","283.7500","2021-10-05 11:06:04",227),
(160,1,941,NULL,7,"2021-09-28 12:38:00",NULL,NULL,"NONE","1481.2500","2021-10-05 12:38:00",1185),
(161,1,943,NULL,7,"2021-09-28 12:57:57",NULL,NULL,"NONE","552.5000","2021-10-05 12:57:57",650),
(162,1,1010,NULL,7,"2021-09-28 13:23:07",NULL,NULL,"NONE","2435.2500","2021-10-05 13:23:07",2865),
(163,4,939,NULL,7,"2021-09-28 15:23:57",NULL,NULL,"NONE","1275.3700","2021-10-05 15:23:57",1433),
(164,1,1007,NULL,7,"2021-09-29 11:40:28",NULL,NULL,"NONE","3649.3600","2021-10-06 11:40:28",5839),
(165,1,1012,NULL,1,"2021-09-30 10:26:53",NULL,NULL,"NONE","314.6750","2021-10-01 10:26:53",307),
(166,1,949,NULL,7,"2021-09-30 12:38:12",NULL,NULL,"NONE","678.7500","2021-10-07 12:38:12",1311),
(167,1,977,NULL,7,"2021-09-30 12:47:48","10243 من المعمل",NULL,"NONE","1537.6500","2021-10-07 12:47:48",1809),
(168,1,954,NULL,7,"2021-09-30 13:57:52",NULL,NULL,"NONE","862.3700","2021-10-07 13:57:52",1039),
(169,4,960,NULL,7,"2021-10-02 09:01:24",NULL,NULL,"NONE","375.1000","2021-10-09 09:01:24",341),
(170,1,954,NULL,7,"2021-10-02 11:47:10",NULL,NULL,"NONE","982.6000","2021-10-09 11:47:10",1156),
(171,1,1008,NULL,1,"2021-10-02 11:47:10",NULL,NULL,"NONE","2527.8000","2021-10-03 11:47:10",2298),
(172,1,943,NULL,7,"2021-10-02 12:17:24",NULL,NULL,"NONE","325.6500","2021-10-09 12:17:24",334),
(173,1,980,NULL,7,"2021-10-02 12:18:21",NULL,NULL,"NONE","23342.6500","2021-10-09 12:18:21",21341),
(174,1,1008,NULL,7,"2021-10-02 12:44:11",NULL,NULL,"NONE","1155.0000","2021-10-09 12:44:11",1050),
(175,1,999,NULL,60,"2021-09-01 13:09:49",NULL,NULL,"NONE","90586.2500","2021-10-31 13:09:49",72469),
(177,1,999,NULL,60,"2021-09-01 13:19:25",NULL,NULL,"NONE","44836.2500","2021-10-31 13:19:25",35869),
(178,4,960,NULL,7,"2021-10-02 15:33:21",NULL,NULL,"NONE","374.0000","2021-10-09 15:33:21",340),
(179,1,954,NULL,7,"2021-10-03 11:50:52",NULL,NULL,"NONE","848.8800","2021-10-10 11:50:52",1048),
(180,4,960,NULL,7,"2021-10-03 12:06:19",NULL,NULL,"NONE","821.7000","2021-10-10 12:06:19",747),
(181,4,1011,NULL,7,"2021-10-03 12:58:46",NULL,NULL,"NONE","767.1800","2021-10-10 12:58:46",862),
(182,4,1011,NULL,7,"2021-10-03 14:23:53",NULL,NULL,"NONE","760.0600","2021-10-10 14:23:53",854),
(183,1,942,NULL,7,"2021-10-04 11:52:48","10247 من المعمل",NULL,"NONE","2765.9000","2021-10-11 11:52:48",3254),
(184,1,942,NULL,7,"2021-10-04 11:53:30","10249 من المعمل",NULL,"NONE","1287.7500","2021-10-11 11:53:30",1515),
(185,1,974,NULL,7,"2021-10-04 11:56:01",NULL,NULL,"NONE","1183.7000","2021-10-11 11:56:01",1246),
(186,1,996,NULL,60,"2021-10-04 13:43:52",NULL,NULL,"NONE","714.6700","2021-12-03 13:43:52",803),
(187,4,1013,NULL,7,"2021-10-04 15:08:30",NULL,NULL,"NONE","1722.9500","2021-10-11 15:08:30",2027),
(188,4,978,NULL,7,"2021-10-04 16:07:13",NULL,NULL,"NONE","1797.7500","2021-10-11 16:07:13",2115),
(189,4,966,NULL,7,"2021-10-04 16:13:55",NULL,NULL,"NONE","381.7000","2021-10-11 16:13:55",347),
(190,1,959,NULL,1,"2021-10-05 10:00:38",NULL,NULL,"NONE","1145.1000","2021-10-06 10:00:38",1041),
(191,1,1014,NULL,7,"2021-10-05 11:13:29",NULL,NULL,"NONE","1320.9000","2021-10-12 11:13:29",1258),
(192,4,962,NULL,7,"2021-10-05 13:49:47",NULL,NULL,"NONE","320.1000","2021-10-12 13:49:47",291),
(193,4,968,NULL,7,"2021-10-06 12:30:46",NULL,NULL,"NONE","220.6200","2021-10-13 12:30:46",353),
(194,4,974,NULL,7,"2021-10-06 12:32:19",NULL,NULL,"NONE","417.0000","2021-10-13 12:32:19",417),
(195,4,954,NULL,7,"2021-10-06 15:05:25",NULL,NULL,"NONE","817.7000","2021-10-13 15:05:25",962),
(196,1,1017,NULL,60,"2021-10-06 16:44:14",NULL,NULL,"NONE","3925.3750","2021-12-05 16:44:14",5065),
(197,4,960,NULL,7,"2021-10-07 09:15:16",NULL,NULL,"NONE","591.8000","2021-10-14 09:15:16",538),
(198,1,1019,NULL,1,"2021-10-07 10:56:28",NULL,NULL,"NONE","1309.8500","2021-10-08 10:56:28",1541),
(199,4,1020,NULL,7,"2021-10-07 12:41:56",NULL,NULL,"NONE","385.0000","2021-10-14 12:41:56",350),
(200,4,938,NULL,7,"2021-10-07 12:47:45",NULL,NULL,"NONE","422.7500","2021-10-14 12:47:45",475),
(201,4,987,NULL,7,"2021-10-07 14:04:58",NULL,NULL,"NONE","5307.7800","2021-10-14 14:04:58",5974),
(202,4,941,NULL,7,"2021-10-07 14:58:49",NULL,NULL,"NONE","263.0000","2021-10-14 14:58:49",263),
(203,4,960,NULL,7,"2021-10-09 14:44:25",NULL,NULL,"NONE","616.0000","2021-10-16 14:44:25",560),
(204,1,960,NULL,7,"2021-10-10 10:22:24",NULL,NULL,"NONE","443.7000","2021-10-17 10:22:24",522),
(205,4,1023,NULL,7,"2021-10-10 11:36:48",NULL,NULL,"NONE","341.7000","2021-10-17 11:36:48",402),
(206,4,962,NULL,7,"2021-10-10 11:39:42",NULL,NULL,"NONE","438.6000","2021-10-17 11:39:42",516),
(207,4,981,NULL,7,"2021-10-10 12:08:49",NULL,NULL,"NONE","250.8000","2021-10-17 12:08:49",228),
(208,4,969,NULL,7,"2021-10-11 08:50:03",NULL,NULL,"NONE","889.9500","2021-10-18 08:50:03",1047),
(209,4,1008,NULL,7,"2021-10-11 09:25:05",NULL,NULL,"NONE","467.5000","2021-10-18 09:25:05",425),
(210,4,954,NULL,7,"2021-10-11 10:01:38",NULL,NULL,"NONE","872.1000","2021-10-18 10:01:38",1026),
(211,4,954,NULL,7,"2021-10-12 10:39:59",NULL,NULL,"NONE","1019.1500","2021-10-19 10:39:59",1199),
(212,1,960,NULL,7,"2021-10-12 10:53:21",NULL,NULL,"NONE","354.2000","2021-10-19 10:53:21",322),
(213,4,945,NULL,7,"2021-10-12 12:20:54",NULL,NULL,"NONE","883.1500","2021-10-19 12:20:54",1039),
(214,4,934,NULL,7,"2021-10-12 14:34:19",NULL,NULL,"NONE","640.9000","2021-10-19 14:34:19",754),
(215,1,968,NULL,7,"2021-10-13 11:40:21",NULL,NULL,"NONE","454.3000","2021-10-20 11:40:21",413),
(216,1,1003,NULL,7,"2021-10-13 11:41:06",NULL,NULL,"NONE","568.1500","2021-10-20 11:41:06",649),
(217,4,966,NULL,7,"2021-10-13 13:00:53",NULL,NULL,"NONE","959.2000","2021-10-20 13:00:53",872),
(218,1,1024,NULL,60,"2021-10-13 14:37:35",NULL,NULL,"NONE","700.0000","2021-12-12 14:37:35",500),
(219,1,1025,NULL,-1,"2021-10-13 16:14:58",NULL,NULL,"NONE","3550.4500","2021-10-12 16:14:58",4177),
(220,1,962,NULL,60,"2021-10-14 10:16:34",NULL,NULL,"NONE","870.4000","2021-12-13 10:16:34",1024),
(221,1,960,NULL,7,"2021-10-14 10:39:12",NULL,NULL,"NONE","447.9500","2021-10-21 10:39:12",527),
(222,4,962,NULL,7,"2021-10-14 10:48:54",NULL,NULL,"NONE","861.9000","2021-10-21 10:48:54",1014),
(223,4,943,NULL,60,"2021-10-14 12:49:08",NULL,NULL,"NONE","2623.2200","2021-12-13 12:49:08",3066),
(224,4,1016,NULL,7,"2021-10-16 10:10:54",NULL,NULL,"NONE","969.2100","2021-10-23 10:10:54",1089),
(225,4,960,NULL,7,"2021-10-17 10:37:00",NULL,NULL,"NONE","423.3000","2021-10-24 10:37:00",498),
(226,4,1023,NULL,7,"2021-10-18 11:04:08",NULL,NULL,"NONE","311.4000","2021-10-25 11:04:08",346),
(227,4,995,NULL,7,"2021-10-18 11:46:52",NULL,NULL,"NONE","2157.3000","2021-10-25 11:46:52",2538),
(228,4,1004,NULL,7,"2021-10-19 10:57:33",NULL,NULL,"NONE","1730.6000","2021-10-26 10:57:33",2036),
(229,4,937,NULL,7,"2021-10-19 13:22:13",NULL,NULL,"NONE","477.9000","2021-10-26 13:22:13",354),
(230,4,1019,NULL,7,"2021-10-20 11:21:27",NULL,NULL,"NONE","376.2000","2021-10-27 11:21:27",342),
(231,4,962,NULL,7,"2021-10-20 11:55:04",NULL,NULL,"NONE","875.6000","2021-10-27 11:55:04",796),
(232,4,969,NULL,7,"2021-10-20 12:37:43",NULL,NULL,"NONE","1208.9000","2021-10-27 12:37:43",1099),
(233,4,962,NULL,-1,"2021-10-20 12:43:39",NULL,NULL,"NONE","964.7000","2021-10-19 12:43:39",877),
(234,4,962,NULL,7,"2021-10-20 13:33:55",NULL,NULL,"NONE","941.7500","2021-10-27 13:33:55",775),
(235,4,960,NULL,7,"2021-10-20 14:04:59",NULL,NULL,"NONE","1149.5000","2021-10-27 14:04:59",1045),
(236,4,962,NULL,7,"2021-10-20 14:14:20",NULL,NULL,"NONE","1385.1000","2021-10-27 14:14:20",1026),
(237,4,960,NULL,7,"2021-10-20 14:20:42",NULL,NULL,"NONE","1147.3000","2021-10-27 14:20:42",1043),
(238,4,960,NULL,7,"2021-10-20 14:35:12",NULL,NULL,"NONE","1156.1000","2021-10-27 14:35:12",1051),
(239,4,1024,NULL,7,"2021-10-21 09:51:51",NULL,NULL,"NONE","700.0000","2021-10-28 09:51:51",500),
(240,4,1024,NULL,7,"2021-10-21 11:05:37",NULL,NULL,"NONE","700.0000","2021-10-28 11:05:37",500),
(241,4,977,NULL,7,"2021-10-23 10:24:57",NULL,NULL,"NONE","2684.3000","2021-10-30 10:24:57",3158),
(242,4,941,NULL,7,"2021-10-23 10:31:37",NULL,NULL,"NONE","2226.1500","2021-10-30 10:31:37",2619),
(243,4,941,NULL,7,"2021-10-23 11:44:10",NULL,NULL,"NONE","2275.4500","2021-10-30 11:44:10",2677),
(244,4,941,NULL,7,"2021-10-23 12:07:54",NULL,NULL,"NONE","2216.8000","2021-10-30 12:07:54",2608),
(245,4,941,NULL,7,"2021-10-23 12:26:40",NULL,NULL,"NONE","2193.8500","2021-10-30 12:26:40",2581),
(246,4,962,NULL,7,"2021-10-23 12:39:37",NULL,NULL,"NONE","889.9500","2021-10-30 12:39:37",1047),
(247,4,941,NULL,7,"2021-10-23 12:50:52",NULL,NULL,"NONE","2244.8500","2021-10-30 12:50:52",2641),
(248,4,941,NULL,7,"2021-10-23 13:14:26",NULL,NULL,"NONE","2237.2000","2021-10-30 13:14:26",2632),
(249,4,943,NULL,7,"2021-10-23 13:34:46",NULL,NULL,"NONE","2463.3000","2021-10-30 13:34:46",2898),
(250,4,941,NULL,7,"2021-10-23 13:34:46",NULL,NULL,"NONE","2187.9000","2021-10-30 13:34:46",2574),
(251,4,941,NULL,7,"2021-10-23 14:10:17",NULL,NULL,"NONE","2186.2000","2021-10-30 14:10:17",2572),
(252,4,962,NULL,7,"2021-10-23 14:10:17",NULL,NULL,"NONE","911.2000","2021-10-30 14:10:17",1072),
(253,4,943,NULL,7,"2021-10-23 14:10:17",NULL,NULL,"NONE","1304.7500","2021-10-30 14:10:17",1535),
(254,4,941,NULL,7,"2021-10-23 14:50:09",NULL,NULL,"NONE","2255.0500","2021-10-30 14:50:09",2653),
(255,4,977,NULL,7,"2021-10-23 14:57:10",NULL,NULL,"NONE","2257.6000","2021-10-30 14:57:10",2656),
(256,1,941,NULL,7,"2021-10-23 15:08:20",NULL,NULL,"NONE","436.0500","2021-10-30 15:08:20",513),
(257,4,941,NULL,7,"2021-10-23 16:06:31",NULL,NULL,"NONE","383.3500","2021-10-30 16:06:31",451),
(258,4,972,NULL,7,"2021-10-24 13:25:52",NULL,NULL,"NONE","470.9000","2021-10-31 13:25:52",554),
(259,4,1001,NULL,7,"2021-10-25 09:25:11",NULL,NULL,"NONE","438.6000","2021-11-01 09:25:11",516),
(260,4,996,NULL,7,"2021-10-26 11:24:35",NULL,NULL,"NONE","555.5000","2021-11-02 11:24:35",505),
(261,4,1013,NULL,7,"2021-10-27 12:12:06",NULL,NULL,"NONE","1483.2500","2021-11-03 12:12:06",1745),
(262,4,1029,NULL,7,"2021-10-27 13:22:41",NULL,NULL,"NONE","643.4500","2021-11-03 13:22:41",757),
(263,4,978,NULL,7,"2021-10-28 08:16:37",NULL,NULL,"NONE","739.5000","2021-11-04 08:16:37",870),
(264,4,1004,NULL,7,"2021-10-28 12:08:59",NULL,NULL,"NONE","2715.7500","2021-11-04 12:08:59",3195),
(265,4,1028,NULL,7,"2021-10-28 12:27:03",NULL,NULL,"NONE","816.0000","2021-11-04 12:27:03",960),
(266,4,960,NULL,7,"2021-10-28 13:10:15",NULL,NULL,"NONE","518.5000","2021-11-04 13:10:15",610),
(267,4,992,NULL,7,"2021-10-28 13:41:48",NULL,NULL,"NONE","913.0000","2021-11-04 13:41:48",830),
(268,4,980,NULL,7,"2021-10-30 09:04:26",NULL,NULL,"NONE","7128.1000","2021-11-06 09:04:26",8386),
(269,1,1019,NULL,7,"2021-11-01 13:00:02",NULL,NULL,"NONE","550.0000","2021-11-08 13:00:02",595),
(270,4,1035,NULL,7,"2021-11-01 13:59:06",NULL,NULL,"NONE","336.0500","2021-11-08 13:59:06",286),
(271,4,1004,NULL,7,"2021-11-01 15:05:10",NULL,NULL,"NONE","1569.4000","2021-11-08 15:05:10",1652),
(272,4,931,NULL,7,"2021-11-01 15:30:40",NULL,NULL,"NONE","812.2500","2021-11-08 15:30:40",855),
(273,4,1030,NULL,7,"2021-11-02 08:34:33",NULL,NULL,"NONE","485.4500","2021-11-09 08:34:33",511),
(274,1,941,NULL,7,"2021-11-02 12:08:41",NULL,NULL,"NONE","212.8000","2021-11-09 12:08:41",224),
(275,4,978,NULL,7,"2021-11-02 14:04:17",NULL,NULL,"NONE","1783.1500","2021-11-09 14:04:17",1877),
(276,4,931,NULL,7,"2021-11-02 14:39:12",NULL,NULL,"NONE","1630.2000","2021-11-09 14:39:12",1716),
(277,4,931,NULL,7,"2021-11-02 15:30:58",NULL,NULL,"NONE","874.9500","2021-11-09 15:30:58",921),
(278,4,978,NULL,7,"2021-11-02 15:40:12",NULL,NULL,"NONE","1703.3500","2021-11-09 15:40:12",1793),
(279,4,969,NULL,7,"2021-11-03 13:15:16",NULL,NULL,"NONE","165.0000","2021-11-10 13:15:16",110),
(280,1,1034,NULL,7,"2021-11-03 14:28:30",NULL,NULL,"NONE","930.6000","2021-11-10 14:28:30",1034),
(281,1,1034,NULL,7,"2021-11-03 14:32:43",NULL,NULL,"NONE","162.0000","2021-11-10 14:32:43",180),
(282,4,980,NULL,7,"2021-11-03 15:34:04",NULL,NULL,"NONE","4461.2000","2021-11-10 15:34:04",4696),
(283,4,1011,NULL,7,"2021-11-04 09:51:50",NULL,NULL,"NONE","1130.5000","2021-11-11 09:51:50",1190),
(284,4,1033,NULL,7,"2021-11-06 09:52:33",NULL,NULL,"NONE","209.0000","2021-11-13 09:52:33",220),
(285,4,994,NULL,7,"2021-11-06 12:39:58",NULL,NULL,"NONE","205.2000","2021-11-13 12:39:58",228),
(286,4,1028,NULL,7,"2021-11-07 09:42:58",NULL,NULL,"NONE","475.0000","2021-11-14 09:42:58",500),
(287,4,1037,NULL,-1,"2021-11-07 09:59:31",NULL,NULL,"NONE","28.2000","2021-11-06 09:59:31","23.5"),
(289,4,1011,NULL,-1,"2021-11-07 12:24:01",NULL,NULL,"NONE","1786.9500","2021-11-06 12:24:01",1881),
(290,4,962,NULL,-1,"2021-11-08 10:13:44",NULL,NULL,"NONE","774.2500","2021-11-07 10:13:44",815),
(291,4,931,NULL,-1,"2021-11-08 10:52:35",NULL,NULL,"NONE","858.8000","2021-11-07 10:52:35",904),
(292,1,978,NULL,-1,"2021-11-08 13:55:44",NULL,NULL,"NONE","1729.9500","2021-11-07 13:55:44",1821),
(293,4,1032,NULL,-1,"2021-11-08 15:12:20",NULL,NULL,"NONE","6555.9500","2021-11-07 15:12:20",6901),
(294,4,1011,NULL,-1,"2021-11-08 16:04:35",NULL,NULL,"NONE","668.8000","2021-11-07 16:04:35",704),
(295,4,978,NULL,-1,"2021-11-09 14:51:34",NULL,NULL,"NONE","892.0500","2021-11-08 14:51:34",939),
(296,4,1039,NULL,-1,"2021-11-11 12:34:24",NULL,NULL,"NONE","447.4500","2021-11-10 12:34:24",471),
(297,4,962,NULL,-1,"2021-11-11 12:56:48",NULL,"اختبار","NONE","986.5500","2021-11-10 12:56:48","956.5"),
(298,4,1039,NULL,-1,"2021-11-17 14:10:54",NULL,NULL,"NONE","950.0000","2021-11-16 14:10:54",1000),
(299,4,960,NULL,-1,"2021-11-17 14:56:56",NULL,NULL,"NONE","257.4500","2021-11-16 14:56:56",271),
(300,4,941,NULL,-1,"2021-11-17 15:04:40",NULL,NULL,"NONE","1235.0000","2021-11-16 15:04:40",1300),
(301,4,1036,NULL,-1,"2021-11-18 12:14:17",NULL,NULL,"NONE","311.6000","2021-11-17 12:14:17",328),
(302,4,996,NULL,-1,"2021-11-18 14:39:12",NULL,NULL,"NONE","624.0000","2021-11-17 14:39:12",520),
(303,4,996,NULL,-1,"2021-11-18 14:43:22",NULL,NULL,"NONE","176.4000","2021-11-17 14:43:22",147),
(304,4,960,NULL,-1,"2021-11-18 14:43:22",NULL,NULL,"NONE","161.5000","2021-11-17 14:43:22",170),
(305,4,978,NULL,-1,"2021-11-18 14:49:16",NULL,NULL,"NONE","760.0000","2021-11-17 14:49:16",800),
(306,4,1032,NULL,-1,"2021-11-20 16:04:19",NULL,NULL,"NONE","6203.5000","2021-11-19 16:04:19",6530),
(307,4,957,NULL,-1,"2021-11-23 12:07:55",NULL,NULL,"NONE","490.8000","2021-11-22 12:07:55",409),
(308,4,951,NULL,-1,"2021-11-24 11:27:05",NULL,NULL,"NONE","321.6000","2021-11-23 11:27:05",268),
(309,4,972,NULL,-1,"2021-11-27 11:42:37",NULL,NULL,"NONE","524.4000","2021-11-26 11:42:37",552),
(310,4,1004,NULL,-1,"2021-11-27 12:08:32",NULL,NULL,"NONE","3044.7500","2021-11-26 12:08:32",3205),
(312,1,1040,NULL,-1,"2021-11-30 14:32:07",NULL,NULL,"NONE","255.6000","2021-11-29 14:32:07",213),
(313,4,1024,NULL,-1,"2021-12-01 13:40:47",NULL,NULL,"NONE","2400.0000","2021-11-30 13:40:47",1500),
(314,4,972,NULL,-1,"2021-12-04 11:40:18",NULL,NULL,"NONE","529.2000","2021-12-03 11:40:18",441),
(315,4,1042,NULL,-1,"2021-12-04 11:46:30",NULL,NULL,"NONE","688.7500","2021-12-03 11:46:30",725),
(316,4,1035,NULL,-1,"2021-12-08 09:08:47",NULL,NULL,"NONE","675.6000","2021-12-07 09:08:47",563),
(317,4,951,NULL,-1,"2021-12-08 12:04:52",NULL,NULL,"NONE","280.8250","2021-12-07 12:04:52",239),
(318,4,959,NULL,-1,"2021-12-09 10:17:35",NULL,NULL,"NONE","1059.6000","2021-12-08 10:17:35",883),
(319,4,972,NULL,-1,"2021-12-11 12:05:05",NULL,NULL,"NONE","1130.4000","2021-12-10 12:05:05",942),
(320,4,962,NULL,-1,"2021-12-12 13:30:41",NULL,NULL,"NONE","1498.2500","2021-12-11 13:30:41",1051),
(321,4,962,NULL,-1,"2021-12-12 14:13:46",NULL,NULL,"NONE","1679.5000","2021-12-11 14:13:46",1070),
(322,4,1044,NULL,-1,"2021-12-13 09:05:08",NULL,NULL,"NONE","1006.8000","2021-12-12 09:05:08",839),
(323,4,1044,NULL,-1,"2021-12-13 10:25:33",NULL,NULL,"NONE","764.4000","2021-12-12 10:25:33",637),
(324,4,1044,NULL,-1,"2021-12-13 12:36:23",NULL,NULL,"NONE","1236.0000","2021-12-12 12:36:23",1030),
(325,4,1044,NULL,-1,"2021-12-13 13:28:05",NULL,NULL,"NONE","1197.6000","2021-12-12 13:28:05",998),
(326,4,1044,NULL,-1,"2021-12-14 09:18:09",NULL,NULL,"NONE","1208.4000","2021-12-13 09:18:09",1007),
(327,4,1044,NULL,-1,"2021-12-14 14:42:26",NULL,NULL,"NONE","1051.2000","2021-12-13 14:42:26",876),
(330,4,959,NULL,-1,"2021-12-16 09:46:37",NULL,NULL,"NONE","387.6000","2021-12-15 09:46:37",323),
(331,4,1011,NULL,-1,"2021-12-15 12:24:57",NULL,NULL,"NONE","10874.4000","2021-12-14 12:24:57",9062),
(332,4,972,NULL,-1,"2021-12-19 10:53:36",NULL,NULL,"NONE","1033.2000","2021-12-18 10:53:36",861),
(333,4,1011,NULL,-1,"2021-12-19 13:15:37",NULL,NULL,"NONE","1030.8000","2021-12-18 13:15:37",859),
(334,4,1044,NULL,-1,"2021-12-19 14:00:08",NULL,NULL,"NONE","880.8000","2021-12-18 14:00:08",734),
(335,4,1051,NULL,-1,"2021-12-22 11:17:04",NULL,NULL,"NONE","642.2000","2021-12-21 11:17:04",494),
(336,4,1004,NULL,-1,"2021-12-22 13:10:55",NULL,NULL,"NONE","3177.2000","2021-12-21 13:10:55",2444),
(337,4,941,NULL,-1,"2021-12-22 14:09:29",NULL,NULL,"NONE","3123.9000","2021-12-21 14:09:29",2403),
(338,4,1039,NULL,-1,"2021-12-22 14:31:38",NULL,NULL,"NONE","650.0000","2021-12-21 14:31:38",500),
(339,4,941,NULL,-1,"2021-12-22 15:06:02",NULL,NULL,"NONE","3164.2000","2021-12-21 15:06:02",2434),
(340,4,941,NULL,-1,"2021-12-22 15:49:21",NULL,NULL,"NONE","2548.0000","2021-12-21 15:49:21",1960),
(341,4,1044,NULL,-1,"2021-12-23 09:45:20",NULL,NULL,"NONE","1035.6000","2021-12-22 09:45:20",863),
(342,4,1044,NULL,-1,"2021-12-23 09:45:20",NULL,NULL,"NONE","1065.6000","2021-12-22 09:45:20",888),
(343,4,1044,NULL,-1,"2021-12-23 11:49:04",NULL,NULL,"NONE","807.6000","2021-12-22 11:49:04",673),
(344,4,960,NULL,-1,"2021-12-23 12:15:27",NULL,NULL,"NONE","319.2000","2021-12-22 12:15:27",266),
(345,4,1011,NULL,-1,"2021-12-23 12:59:25",NULL,NULL,"NONE","2719.6000","2021-12-22 12:59:25",2092),
(346,4,1011,NULL,-1,"2021-12-23 14:06:37",NULL,NULL,"NONE","2710.5000","2021-12-22 14:06:37",2085),
(347,4,941,NULL,-1,"2021-12-23 14:09:54",NULL,NULL,"NONE","3194.1000","2021-12-22 14:09:54",2457),
(348,4,1011,NULL,-1,"2021-12-23 14:32:36",NULL,NULL,"NONE","2676.7000","2021-12-22 14:32:36",2059),
(349,4,941,NULL,-1,"2021-12-23 15:05:11",NULL,NULL,"NONE","3203.2000","2021-12-22 15:05:11",2464),
(350,4,1011,NULL,-1,"2021-12-23 15:05:11",NULL,NULL,"NONE","2254.2000","2021-12-22 15:05:11",1734),
(351,4,941,NULL,-1,"2021-12-23 15:27:07",NULL,NULL,"NONE","1492.4000","2021-12-22 15:27:07",1148),
(352,4,1042,NULL,-1,"2021-12-25 08:50:21",NULL,NULL,"NONE","4253.6000","2021-12-24 08:50:21",3272),
(353,4,1007,NULL,-1,"2021-12-25 13:21:28",NULL,NULL,"NONE","12238.2000","2021-12-24 13:21:28",9414),
(354,4,1008,NULL,-1,"2021-12-26 09:38:58",NULL,NULL,"NONE","1632.8000","2021-12-25 09:38:58",1256),
(355,4,1016,NULL,-1,"2021-12-26 12:15:43",NULL,NULL,"NONE","1040.0000","2021-12-25 12:15:43",800),
(356,4,972,NULL,-1,"2021-12-26 13:35:46",NULL,NULL,"NONE","2029.2000","2021-12-25 13:35:46",1691),
(357,4,1069,NULL,-1,"2021-12-26 14:05:50",NULL,NULL,"NONE","6029.4000","2021-12-25 14:05:50",4638),
(358,4,994,NULL,-1,"2021-12-26 15:33:16",NULL,NULL,"NONE","2711.8000","2021-12-25 15:33:16",2086),
(359,4,1030,NULL,-1,"2021-12-27 12:53:13",NULL,NULL,"NONE","677.3000","2021-12-26 12:53:13",521),
(360,4,994,NULL,-1,"2021-12-27 12:56:47",NULL,NULL,"NONE","674.7000","2021-12-26 12:56:47",519),
(361,4,1044,NULL,-1,"2021-12-27 13:28:43",NULL,NULL,"NONE","1063.2000","2021-12-26 13:28:43",886),
(362,4,1044,NULL,-1,"2021-12-27 14:16:44",NULL,NULL,"NONE","1035.6000","2021-12-26 14:16:44",863),
(363,4,1036,NULL,-1,"2021-12-27 15:31:27",NULL,NULL,"NONE","1943.5000","2021-12-26 15:31:27",1495),
(364,4,1062,NULL,-1,"2021-12-28 11:44:40",NULL,NULL,"NONE","4330.3000","2021-12-27 11:44:40",3331),
(365,4,1051,NULL,-1,"2021-12-28 11:54:00",NULL,NULL,"NONE","705.9000","2021-12-27 11:54:00",543),
(366,4,1040,NULL,-1,"2021-12-28 12:04:38",NULL,NULL,"NONE","787.8000","2021-12-27 12:04:38",606),
(367,4,932,NULL,-1,"2021-12-28 13:15:26",NULL,NULL,"NONE","5545.8000","2021-12-27 13:15:26",4266),
(368,4,1071,NULL,-1,"2021-12-28 15:01:55",NULL,NULL,"NONE","7473.7000","2021-12-27 15:01:55",5749),
(369,4,932,NULL,-1,"2021-12-29 11:08:11",NULL,NULL,"NONE","3864.9000","2021-12-28 11:08:11",2973),
(370,4,1062,NULL,-1,"2021-12-29 11:32:38",NULL,NULL,"NONE","2130.7000","2021-12-28 11:32:38",1639),
(371,4,1011,NULL,-1,"2021-12-29 12:59:32",NULL,NULL,"NONE","793.0000","2021-12-28 12:59:32",610),
(372,4,1044,NULL,-1,"2021-12-29 13:17:39",NULL,NULL,"NONE","968.4000","2021-12-28 13:17:39",807),
(373,4,977,NULL,-1,"2021-12-29 13:41:16",NULL,NULL,"NONE","1842.1000","2021-12-28 13:41:16",1417),
(374,4,1008,NULL,-1,"2021-12-29 15:07:06",NULL,NULL,"NONE","1065.6000","2021-12-28 15:07:06",888),
(375,4,941,NULL,-1,"2021-12-30 10:11:27",NULL,NULL,"NONE","2007.2000","2021-12-29 10:11:27",1544),
(376,4,1044,NULL,-1,"2021-12-30 10:11:27",NULL,NULL,"NONE","1026.0000","2021-12-29 10:11:27",855),
(377,4,941,NULL,-1,"2021-12-30 10:47:45",NULL,NULL,"NONE","2082.6000","2021-12-29 10:47:45",1602),
(378,4,1069,NULL,-1,"2021-12-30 11:02:51",NULL,NULL,"NONE","3425.5000","2021-12-29 11:02:51",2635),
(379,4,941,NULL,-1,"2021-12-30 11:02:51",NULL,NULL,"NONE","2007.2000","2021-12-29 11:02:51",1544),
(380,4,1007,NULL,-1,"2022-01-01 10:14:07",NULL,NULL,"NONE","681.2000","2021-12-31 10:14:07",524),
(381,4,943,NULL,-1,"2022-01-01 12:42:17",NULL,NULL,"NONE","4046.9000","2021-12-31 12:42:17",3113),
(382,4,943,NULL,-1,"2022-01-01 13:30:46",NULL,NULL,"NONE","3658.2000","2021-12-31 13:30:46",2814),
(383,4,1076,NULL,-1,"2022-01-01 15:30:59",NULL,NULL,"NONE","257.4000","2021-12-31 15:30:59",198),
(384,4,994,NULL,-1,"2022-01-02 12:11:50",NULL,NULL,"NONE","1357.2000","2022-01-01 12:11:50",1044),
(386,4,994,NULL,-1,"2022-01-02 12:36:55",NULL,NULL,"NONE","1219.4000","2022-01-01 12:36:55",938),
(387,4,946,NULL,-1,"2022-01-02 13:08:43",NULL,NULL,"NONE","2710.5000","2022-01-01 13:08:43",2085),
(388,4,983,NULL,-1,"2022-01-03 10:54:48",NULL,NULL,"NONE","1405.3000","2022-01-02 10:54:48",1081),
(389,4,1044,NULL,-1,"2022-01-03 12:23:51",NULL,NULL,"NONE","969.6000","2022-01-02 12:23:51",808),
(390,4,1016,NULL,-1,"2022-01-03 12:23:51",NULL,NULL,"NONE","480.0000","2022-01-02 12:23:51",400),
(391,4,972,NULL,-1,"2022-01-03 12:23:51",NULL,NULL,"NONE","1039.2000","2022-01-02 12:23:51",866),
(392,4,996,NULL,-1,"2022-01-03 13:25:02",NULL,NULL,"NONE","655.2000","2022-01-02 13:25:02",728),
(393,4,930,NULL,-1,"2022-01-03 14:31:34",NULL,NULL,"NONE","825.5000","2022-01-02 14:31:34",635),
(394,4,994,NULL,-1,"2022-01-04 11:26:52",NULL,NULL,"NONE","1332.5000","2022-01-03 11:26:52",1025),
(395,4,941,NULL,-1,"2022-01-04 16:00:34",NULL,NULL,"NONE","336.0000","2022-01-03 16:00:34",280),
(396,4,1040,NULL,-1,"2022-01-05 11:44:47",NULL,NULL,"NONE","1261.0000","2022-01-04 11:44:47",970),
(397,4,938,NULL,-1,"2022-01-05 12:07:18",NULL,NULL,"NONE","3784.3000","2022-01-04 12:07:18",2911),
(398,4,994,NULL,-1,"2022-01-05 12:31:06",NULL,NULL,"NONE","1235.0000","2022-01-04 12:31:06",950),
(399,4,994,NULL,-1,"2022-01-05 13:38:45",NULL,NULL,"NONE","624.0000","2022-01-04 13:38:45",480),
(400,4,1051,NULL,-1,"2022-01-05 13:50:49",NULL,NULL,"NONE","2689.7000","2022-01-04 13:50:49",2069),
(401,4,1036,NULL,-1,"2022-01-05 13:50:49",NULL,NULL,"NONE","696.8000","2022-01-04 13:50:49",536),
(402,4,972,NULL,-1,"2022-01-05 13:50:49",NULL,NULL,"NONE","1540.8000","2022-01-04 13:50:49",1284),
(403,4,960,NULL,-1,"2022-01-05 14:38:22",NULL,NULL,"NONE","832.8000","2022-01-04 14:38:22",694),
(404,4,962,NULL,-1,"2022-01-06 12:19:35",NULL,NULL,"NONE","1680.9000","2022-01-05 12:19:35",1293),
(405,4,962,NULL,-1,"2022-01-06 13:46:11",NULL,NULL,"NONE","786.5000","2022-01-05 13:46:11",605),
(406,4,981,NULL,-1,"2022-01-06 13:46:11",NULL,NULL,"NONE","1021.8000","2022-01-05 13:46:11",786),
(407,4,946,NULL,-1,"2022-01-06 15:41:27",NULL,NULL,"NONE","939.9000","2022-01-05 15:41:27",723),
(408,4,1051,NULL,-1,"2022-01-08 13:11:10",NULL,NULL,"NONE","3989.7000","2022-01-07 13:11:10",3069),
(409,4,994,NULL,-1,"2022-01-09 10:12:06",NULL,NULL,"NONE","1157.0000","2022-01-08 10:12:06",890),
(410,4,1051,NULL,-1,"2022-01-09 12:06:47",NULL,NULL,"NONE","1376.7000","2022-01-08 12:06:47",1059),
(411,4,1046,NULL,-1,"2022-01-09 12:20:37",NULL,NULL,"NONE","8412.3000","2022-01-08 12:20:37",6471),
(412,4,956,NULL,-1,"2022-01-09 12:20:37",NULL,NULL,"NONE","13093.6000","2022-01-08 12:20:37",10072),
(413,4,981,NULL,-1,"2022-01-10 12:01:49",NULL,NULL,"NONE","634.4000","2022-01-09 12:01:49",488),
(414,4,1077,NULL,-1,"2022-01-10 12:27:33",NULL,NULL,"NONE","993.2000","2022-01-09 12:27:33",764),
(415,4,941,NULL,-1,"2022-01-11 11:26:45",NULL,NULL,"NONE","397.2000","2022-01-10 11:26:45",331),
(416,4,1085,NULL,-1,"2022-01-11 12:45:18",NULL,NULL,"NONE","1041.2000","2022-01-10 12:45:18",1096),
(417,4,930,NULL,-1,"2022-01-11 13:08:25",NULL,NULL,"NONE","730.6000","2022-01-10 13:08:25",562),
(418,4,1069,NULL,-1,"2022-01-11 13:42:02",NULL,NULL,"NONE","2692.3000","2022-01-10 13:42:02",2071),
(419,4,938,NULL,-1,"2022-01-11 14:18:46",NULL,NULL,"NONE","722.8000","2022-01-10 14:18:46",556),
(420,4,1033,NULL,-1,"2022-01-12 11:59:40",NULL,NULL,"NONE","1336.4000","2022-01-11 11:59:40",1028),
(421,4,946,NULL,-1,"2022-01-12 13:01:15",NULL,NULL,"NONE","2165.8000","2022-01-11 13:01:15",1666),
(422,4,994,NULL,-1,"2022-01-12 14:23:16",NULL,NULL,"NONE","1487.2000","2022-01-11 14:23:16",1144),
(423,4,1046,NULL,-1,"2022-01-12 15:03:51",NULL,NULL,"NONE","1545.7000","2022-01-11 15:03:51",1189),
(424,4,930,NULL,-1,"2022-01-13 11:17:48",NULL,NULL,"NONE","871.0000","2022-01-12 11:17:48",670),
(425,4,1046,NULL,-1,"2022-01-13 11:29:22",NULL,NULL,"NONE","2999.1000","2022-01-12 11:29:22",2307),
(426,4,931,NULL,-1,"2022-01-13 12:32:23",NULL,NULL,"NONE","1194.7000","2022-01-12 12:32:23",919),
(427,4,989,NULL,-1,"2022-01-15 10:41:27",NULL,NULL,"NONE","3192.8000","2022-01-14 10:41:27",2456),
(428,4,989,NULL,-1,"2022-01-15 11:21:16",NULL,NULL,"NONE","2600.0000","2022-01-14 11:21:16",2000),
(430,4,994,NULL,-1,"2022-01-16 10:05:58",NULL,NULL,"NONE","1040.0000","2022-01-15 10:05:58",800),
(431,4,962,NULL,-1,"2022-01-16 14:40:54",NULL,"قص على المقطع من قياس  ٨٥ ب ٥٠  إلى قياس ٢٧ ب ٥٠","NONE","119.0000","2022-01-15 14:40:54",119),
(432,4,959,NULL,-1,"2022-01-19 12:33:22",NULL,NULL,"NONE","559.0000","2022-01-18 12:33:22",430),
(433,4,1030,NULL,-1,"2022-01-16 15:44:02",NULL,NULL,"NONE","648.7000","2022-01-15 15:44:02",499),
(434,4,941,NULL,-1,"2022-01-17 10:40:21",NULL,NULL,"NONE","301.2000","2022-01-16 10:40:21",251),
(435,4,1007,NULL,-1,"2022-01-17 13:35:28",NULL,NULL,"NONE","2176.2000","2022-01-16 13:35:28",1674),
(436,4,1087,NULL,-1,"2022-01-17 13:35:28",NULL,NULL,"NONE","2024.0000","2022-01-16 13:35:28",44),
(437,4,980,NULL,-1,"2022-01-17 13:46:59",NULL,NULL,"NONE","4048.0000","2022-01-16 13:46:59",88),
(438,4,972,NULL,-1,"2022-01-17 14:34:35",NULL,NULL,"NONE","2132.4000","2022-01-16 14:34:35",1777),
(439,4,994,NULL,-1,"2022-01-18 11:58:32",NULL,NULL,"NONE","724.1000","2022-01-17 11:58:32",557),
(441,4,994,NULL,-1,"2022-01-18 15:39:42",NULL,NULL,"NONE","768.3000","2022-01-17 15:39:42",591),
(442,4,946,NULL,-1,"2022-01-19 15:48:18",NULL,NULL,"NONE","531.7000","2022-01-18 15:48:18",409),
(443,4,994,NULL,-1,"2022-01-23 11:17:53",NULL,NULL,"NONE","707.2000","2022-01-22 11:17:53",544),
(444,4,1087,NULL,-1,"2022-01-24 08:36:26",NULL,NULL,"NONE","2701.4000","2022-01-23 08:36:26",2078),
(445,4,1078,NULL,-1,"2022-01-24 13:51:14",NULL,NULL,"NONE","2008.5000","2022-01-23 13:51:14",1545),
(446,4,1087,NULL,-1,"2022-01-25 15:04:27",NULL,NULL,"NONE","8014.5000","2022-01-24 15:04:27",6165),
(447,4,1078,NULL,-1,"2022-01-27 13:38:22",NULL,NULL,"NONE","1989.0000","2022-01-26 13:38:22",1530),
(448,4,930,NULL,-1,"2022-01-29 11:40:05",NULL,NULL,"NONE","803.4000","2022-01-28 11:40:05",618),
(449,4,946,NULL,-1,"2022-01-30 09:41:12",NULL,NULL,"NONE","3430.7000","2022-01-29 09:41:12",2639),
(450,4,1013,NULL,-1,"2022-01-30 12:59:16",NULL,NULL,"NONE","184.0000","2022-01-29 12:59:16",4),
(451,4,994,NULL,-1,"2022-01-30 15:19:04",NULL,NULL,"NONE","767.0000","2022-01-29 15:19:04",590),
(452,4,958,NULL,-1,"2022-01-31 10:54:34",NULL,NULL,"NONE","1237.6000","2022-01-30 10:54:34",952),
(453,4,1046,NULL,-1,"2022-02-01 11:20:38",NULL,NULL,"NONE","230.0000","2022-01-31 11:20:38",5),
(454,4,994,NULL,-1,"2022-02-01 13:41:41",NULL,NULL,"NONE","812.5000","2022-01-31 13:41:41",625),
(455,4,932,NULL,-1,"2022-02-03 13:17:05",NULL,NULL,"NONE","2683.5000","2022-02-02 13:17:05",1789),
(456,4,932,NULL,-1,"2022-02-03 13:28:08",NULL,"لشباط","NONE","176.8000","2022-02-02 13:28:08",136),
(457,4,958,NULL,-1,"2022-02-07 11:09:52",NULL,NULL,"NONE","1225.9000","2022-02-06 11:09:52",943),
(458,4,972,NULL,-1,"2022-02-09 13:51:32",NULL,NULL,"NONE","1174.0000","2022-02-08 13:51:32",937),
(459,4,944,NULL,-1,"2022-02-10 09:01:25",NULL,NULL,"NONE","6072.0000","2022-02-09 09:01:25",132),
(461,4,944,NULL,-1,"2022-02-12 09:06:33",NULL,NULL,"NONE","4048.0000","2022-02-11 09:06:33",88),
(463,4,944,NULL,-1,"2022-02-12 13:34:52",NULL,NULL,"NONE","6072.0000","2022-02-11 13:34:52",132),
(464,4,1088,NULL,-1,"2022-02-12 13:53:06",NULL,NULL,"NONE","4048.0000","2022-02-11 13:53:06",88),
(465,4,996,NULL,-1,"2022-02-13 10:03:14",NULL,NULL,"NONE","1317.5000","2022-02-12 10:03:14",775),
(466,4,960,NULL,-1,"2022-02-13 10:08:34",NULL,NULL,"NONE","4048.0000","2022-02-12 10:08:34",88),
(467,1,1089,NULL,-1,"2022-02-13 15:19:43",NULL,NULL,"NONE","1848.0000","2022-02-12 15:19:43",44),
(469,4,944,NULL,-1,"2022-02-14 09:11:58",NULL,NULL,"NONE","6072.0000","2022-02-13 09:11:58",132),
(470,4,977,NULL,-1,"2022-02-14 12:20:40",NULL,NULL,"NONE","872.1000","2022-02-13 12:20:40",513),
(471,4,944,NULL,-1,"2022-02-14 12:35:54",NULL,NULL,"NONE","8096.0000","2022-02-13 12:35:54",176),
(472,4,1046,NULL,-1,"2022-02-14 13:50:42",NULL,NULL,"NONE","27285.0000","2022-02-13 13:50:42",16050),
(473,4,1078,NULL,-1,"2022-02-15 10:33:24",NULL,NULL,"NONE","1446.9000","2022-02-14 10:33:24",1113),
(474,4,968,NULL,-1,"2022-02-15 10:33:24",NULL,NULL,"NONE","1778.2000","2022-02-14 10:33:24",1046),
(475,4,1044,NULL,-1,"2022-02-15 13:09:15",NULL,NULL,"NONE","1560.0000","2022-02-14 13:09:15",1200),
(476,4,1044,NULL,-1,"2022-02-15 14:03:51",NULL,NULL,"NONE","761.8000","2022-02-14 14:03:51",586),
(477,4,1087,NULL,-1,"2022-02-15 14:34:11",NULL,NULL,"NONE","5685.8000","2022-02-14 14:34:11",2198),
(478,4,1090,NULL,-1,"2022-02-15 14:34:11",NULL,NULL,"NONE","54593.8000","2022-02-14 14:34:11",32114),
(479,4,980,NULL,-1,"2022-02-16 08:53:44",NULL,NULL,"NONE","5450.2000","2022-02-15 08:53:44",3206),
(481,4,1091,NULL,-1,"2022-02-16 08:53:44",NULL,NULL,"NONE","26985.8000","2022-02-15 08:53:44",15874),
(482,4,1091,NULL,-1,"2022-02-16 11:13:31",NULL,NULL,"NONE","3661.8000","2022-02-15 11:13:31",2154),
(483,4,994,NULL,-1,"2022-02-16 13:49:15",NULL,NULL,"NONE","1306.5000","2022-02-15 13:49:15",1005),
(484,4,1092,NULL,-1,"2022-02-16 15:20:06",NULL,NULL,"NONE","175.5000","2022-02-15 15:20:06",135),
(485,4,1093,NULL,-1,"2022-02-20 08:06:33",NULL,NULL,"NONE","377.4000","2022-02-19 08:06:33",222),
(486,4,941,NULL,-1,"2022-02-19 08:11:12",NULL,NULL,"NONE","1717.0000","2022-02-18 08:11:12",1010),
(487,4,1006,NULL,-1,"2022-02-19 09:14:18",NULL,NULL,"NONE","65252.8000","2022-02-18 09:14:18",38384),
(488,4,1090,NULL,-1,"2022-02-20 09:50:26",NULL,NULL,"NONE","5440.0000","2022-02-19 09:50:26",3200),
(489,4,932,NULL,-1,"2022-02-20 10:01:05",NULL,NULL,"NONE","11500.5000","2022-02-19 10:01:05",7667),
(490,4,996,NULL,-1,"2022-02-21 10:47:30",NULL,NULL,"NONE","510.0000","2022-02-20 10:47:30",300),
(491,4,937,NULL,-1,"2022-02-21 10:47:30",NULL,NULL,"NONE","1640.6000","2022-02-20 10:47:30",1262),
(492,4,996,NULL,-1,"2022-02-21 12:57:03",NULL,NULL,"NONE","498.0000","2022-02-20 12:57:03",415),
(493,4,941,NULL,-1,"2022-02-22 11:42:35",NULL,NULL,"NONE","3454.4000","2022-02-21 11:42:35",2032),
(495,4,992,NULL,-1,"2022-02-23 14:24:32",NULL,NULL,"NONE","765.0000","2022-02-22 14:24:32",450),
(496,4,1093,NULL,-1,"2022-02-26 10:58:27",NULL,NULL,"NONE","547.3000","2022-02-25 10:58:27",421),
(497,4,1046,NULL,-1,"2022-02-27 13:23:23",NULL,NULL,"NONE","18518.5000","2022-02-26 13:23:23",14245),
(498,4,960,NULL,-1,"2022-02-27 15:16:00",NULL,NULL,"NONE","352.8000","2022-02-26 15:16:00",294),
(499,4,941,NULL,-1,"2022-02-28 11:26:58",NULL,NULL,"NONE","702.0000","2022-02-27 11:26:58",540),
(500,4,977,NULL,-1,"2022-03-01 10:19:10",NULL,NULL,"NONE","2703.0000","2022-02-28 10:19:10",1590),
(501,4,941,NULL,-1,"2022-03-01 10:55:40",NULL,NULL,"NONE","1991.6000","2022-02-28 10:55:40",1532),
(502,4,1094,NULL,-1,"2022-03-01 11:06:36",NULL,NULL,"NONE","1200.0000","2022-02-28 11:06:36",1000),
(503,4,1088,NULL,-1,"2022-03-01 13:30:15",NULL,NULL,"NONE","10120.0000","2022-02-28 13:30:15",220),
(504,4,937,NULL,-1,"2022-03-01 14:28:58",NULL,NULL,"NONE","1391.0000","2022-02-28 14:28:58",1070),
(505,4,937,NULL,-1,"2022-03-01 14:28:58",NULL,NULL,"NONE","1283.1000","2022-02-28 14:28:58",987),
(506,4,937,NULL,-1,"2022-03-01 15:16:54",NULL,NULL,"NONE","923.0000","2022-02-28 15:16:54",710),
(507,4,1095,NULL,-1,"2022-03-01 15:30:04",NULL,NULL,"NONE","534.3000","2022-02-28 15:30:04",411),
(508,4,1088,NULL,-1,"2022-03-02 09:28:17",NULL,NULL,"NONE","4048.0000","2022-03-01 09:28:17",88),
(509,4,937,NULL,-1,"2022-03-02 10:36:43",NULL,NULL,"NONE","1014.0000","2022-03-01 10:36:43",780),
(510,4,937,NULL,-1,"2022-03-02 10:59:56",NULL,NULL,"NONE","1794.0000","2022-03-01 10:59:56",1380),
(511,4,937,NULL,-1,"2022-03-02 11:28:45",NULL,NULL,"NONE","734.5000","2022-03-01 11:28:45",565),
(512,4,968,NULL,-1,"2022-03-02 14:49:50",NULL,NULL,"NONE","940.1000","2022-03-01 14:49:50",553),
(513,4,996,NULL,-1,"2022-03-02 15:50:52",NULL,NULL,"NONE","891.0000","2022-03-01 15:50:52",655),
(514,4,944,NULL,-1,"2022-03-03 08:43:34",NULL,NULL,"NONE","2024.0000","2022-03-02 08:43:34",44),
(515,4,1001,NULL,-1,"2022-03-03 09:59:24",NULL,NULL,"NONE","1583.4000","2022-03-02 09:59:24",1218),
(516,1,941,NULL,-1,"2022-03-05 10:41:59",NULL,NULL,"NONE","2818.4000","2022-03-04 10:41:59",2168),
(517,4,941,NULL,-1,"2022-03-05 10:51:18",NULL,NULL,"NONE","3400.8000","2022-03-04 10:51:18",2616),
(518,4,941,NULL,-1,"2022-03-06 08:39:55",NULL,NULL,"NONE","1400.1000","2022-03-05 08:39:55",1077),
(519,4,994,NULL,-1,"2022-03-06 08:39:55",NULL,NULL,"NONE","1674.4000","2022-03-05 08:39:55",1288),
(520,4,960,NULL,-1,"2022-03-06 08:39:55",NULL,NULL,"NONE","1357.2000","2022-03-05 08:39:55",1044),
(521,4,941,NULL,-1,"2022-03-06 08:39:55",NULL,NULL,"NONE","1955.2000","2022-03-05 08:39:55",1504),
(522,4,1093,NULL,-1,"2022-03-07 14:31:44",NULL,NULL,"NONE","1956.5000","2022-03-06 14:31:44",1505),
(523,4,941,NULL,-1,"2022-03-08 10:53:03",NULL,NULL,"NONE","2861.3000","2022-03-07 10:53:03",2201),
(524,4,941,NULL,-1,"2022-03-08 15:04:48",NULL,NULL,"NONE","2844.4000","2022-03-07 15:04:48",2188),
(525,4,944,NULL,-1,"2022-03-10 09:13:14",NULL,NULL,"NONE","4048.0000","2022-03-09 09:13:14",88),
(526,4,1096,NULL,-1,"2022-03-10 10:43:04",NULL,NULL,"NONE","10120.0000","2022-03-09 10:43:04",220),
(527,4,1023,NULL,-1,"2022-03-10 13:13:20",NULL,NULL,"NONE","700.7000","2022-03-09 13:13:20",539),
(528,4,1036,NULL,-1,"2022-03-12 09:15:36",NULL,NULL,"NONE","5370.3000","2022-03-11 09:15:36",4131),
(529,4,941,NULL,-1,"2022-03-12 12:04:06",NULL,NULL,"NONE","4228.9000","2022-03-11 12:04:06",3253),
(530,4,1093,NULL,-1,"2022-03-12 12:23:21",NULL,NULL,"NONE","969.0000","2022-03-11 12:23:21",570),
(531,4,1011,NULL,-1,"2022-03-12 12:49:48",NULL,NULL,"NONE","3550.3000","2022-03-11 12:49:48",2731),
(532,4,1011,NULL,-1,"2022-03-12 13:31:16",NULL,NULL,"NONE","1508.0000","2022-03-11 13:31:16",1160),
(533,4,1011,NULL,-1,"2022-03-12 13:54:49",NULL,NULL,"NONE","3565.9000","2022-03-11 13:54:49",2743),
(534,4,960,NULL,-1,"2022-03-13 12:42:21",NULL,NULL,"NONE","764.4000","2022-03-12 12:42:21",588),
(535,4,1088,NULL,-1,"2022-03-14 10:04:21",NULL,NULL,"NONE","2024.0000","2022-03-13 10:04:21",44),
(536,1,1100,NULL,-1,"2022-03-14 12:33:28",NULL,NULL,"NONE","58083.7600","2022-03-13 12:33:28",54796),
(537,4,1088,NULL,-1,"2022-03-14 12:33:57",NULL,NULL,"NONE","10120.0000","2022-03-13 12:33:57",220),
(538,4,1085,NULL,-1,"2022-03-14 12:57:53",NULL,NULL,"NONE","1337.7000","2022-03-13 12:57:53",1029),
(539,4,1100,NULL,-1,"2022-03-14 15:19:45",NULL,NULL,"NONE","3365.7000","2022-03-13 15:19:45",2589),
(540,4,1100,NULL,-1,"2022-03-14 15:41:59",NULL,NULL,"NONE","3186.3000","2022-03-13 15:41:59",2451),
(541,4,941,NULL,-1,"2022-03-15 12:22:29",NULL,NULL,"NONE","802.1000","2022-03-14 12:22:29",617),
(542,4,941,NULL,-1,"2022-03-15 12:22:29",NULL,NULL,"NONE","759.2000","2022-03-14 12:22:29",584),
(543,4,941,NULL,-1,"2022-03-15 12:39:39",NULL,NULL,"NONE","699.4000","2022-03-14 12:39:39",538),
(544,4,941,NULL,-1,"2022-03-15 12:39:39",NULL,NULL,"NONE","734.5000","2022-03-14 12:39:39",565),
(545,4,941,NULL,-1,"2022-03-15 12:46:49",NULL,NULL,"NONE","2276.3000","2022-03-14 12:46:49",1751),
(546,4,941,NULL,-1,"2022-03-15 13:12:44",NULL,NULL,"NONE","2880.8000","2022-03-14 13:12:44",2216),
(547,4,941,NULL,-1,"2022-03-15 14:00:01",NULL,NULL,"NONE","2745.6000","2022-03-14 14:00:01",2112),
(548,4,1102,NULL,-1,"2022-03-15 15:23:46",NULL,NULL,"NONE","444.6000","2022-03-14 15:23:46",342),
(549,4,959,NULL,-1,"2022-03-16 09:41:44",NULL,NULL,"NONE","1303.9000","2022-03-15 09:41:44",1003),
(550,4,1085,NULL,-1,"2022-03-16 11:07:52",NULL,NULL,"NONE","1320.8000","2022-03-15 11:07:52",1016),
(551,4,972,NULL,-1,"2022-03-16 13:03:36",NULL,NULL,"NONE","282.0000","2022-03-15 13:03:36",235),
(552,4,1101,NULL,-1,"2022-03-17 10:10:45",NULL,NULL,"NONE","699.4000","2022-03-16 10:10:45",538),
(553,4,1101,NULL,-1,"2022-03-17 10:18:07",NULL,NULL,"NONE","644.8000","2022-03-16 10:18:07",496),
(554,4,1101,NULL,-1,"2022-03-17 10:27:07",NULL,NULL,"NONE","2657.2000","2022-03-16 10:27:07",2044),
(555,4,939,NULL,-1,"2022-03-17 10:55:26",NULL,NULL,"NONE","230.0000","2022-03-16 10:55:26",5),
(556,4,1101,NULL,-1,"2022-03-17 11:58:47",NULL,NULL,"NONE","1050.4000","2022-03-16 11:58:47",808),
(557,4,968,NULL,-1,"2022-03-17 14:38:59",NULL,NULL,"NONE","808.8000","2022-03-16 14:38:59",674),
(558,4,996,NULL,-1,"2022-03-19 15:20:48",NULL,NULL,"NONE","526.8000","2022-03-18 15:20:48",439),
(559,4,968,NULL,-1,"2022-03-20 10:40:11",NULL,NULL,"NONE","870.0000","2022-03-19 10:40:11",725),
(560,4,941,NULL,-1,"2022-03-20 11:52:59",NULL,NULL,"NONE","3425.5000","2022-03-19 11:52:59",2635),
(561,4,941,NULL,-1,"2022-03-20 12:29:46",NULL,NULL,"NONE","3352.7000","2022-03-19 12:29:46",2579),
(562,4,941,NULL,-1,"2022-03-20 12:50:36",NULL,NULL,"NONE","3343.6000","2022-03-19 12:50:36",2572),
(563,4,941,NULL,-1,"2022-03-20 13:07:02",NULL,NULL,"NONE","2753.4000","2022-03-19 13:07:02",2118),
(564,4,994,NULL,-1,"2022-03-20 15:26:26",NULL,NULL,"NONE","2613.0000","2022-03-19 15:26:26",2010),
(565,4,1102,NULL,-1,"2022-03-21 10:13:06",NULL,NULL,"NONE","664.3000","2022-03-20 10:13:06",511),
(566,4,981,NULL,-1,"2022-03-21 12:20:44",NULL,NULL,"NONE","639.6000","2022-03-20 12:20:44",492),
(567,4,960,NULL,-1,"2022-03-21 13:57:47",NULL,NULL,"NONE","388.8000","2022-03-20 13:57:47",324),
(568,4,946,NULL,-1,"2022-03-22 10:43:12",NULL,NULL,"NONE","853.1000","2022-03-21 10:43:12",668),
(569,4,955,NULL,-1,"2022-03-22 10:54:11",NULL,NULL,"NONE","92.0000","2022-03-21 10:54:11",2),
(570,4,1039,NULL,-1,"2022-03-22 11:20:45",NULL,NULL,"NONE","473.2000","2022-03-21 11:20:45",364),
(571,4,1088,NULL,-1,"2022-03-22 12:23:06",NULL,NULL,"NONE","4048.0000","2022-03-21 12:23:06",88),
(572,4,954,NULL,-1,"2022-03-22 13:38:55",NULL,NULL,"NONE","1976.0000","2022-03-21 13:38:55",1520),
(573,4,994,NULL,-1,"2022-03-23 11:32:02",NULL,NULL,"NONE","1454.7000","2022-03-22 11:32:02",1119),
(574,4,954,NULL,-1,"2022-03-23 12:06:21",NULL,NULL,"NONE","1991.6000","2022-03-22 12:06:21",1532),
(575,4,939,NULL,-1,"2022-03-23 15:42:36",NULL,NULL,"NONE","1099.8000","2022-03-22 15:42:36",846),
(576,4,1105,NULL,-1,"2022-03-24 11:33:17",NULL,NULL,"NONE","612.3000","2022-03-23 11:33:17",471),
(577,4,1036,NULL,-1,"2022-03-26 11:54:15",NULL,NULL,"NONE","845.0000","2022-03-25 11:54:15",650),
(578,4,1028,NULL,-1,"2022-03-26 13:54:11",NULL,NULL,"NONE","1322.1000","2022-03-25 13:54:11",1017),
(579,4,957,NULL,-1,"2022-03-24 14:29:23",NULL,NULL,"NONE","1353.7500","2022-03-23 14:29:23",1425),
(580,4,1104,NULL,-1,"2022-03-26 14:28:01",NULL,NULL,"NONE","1629.2500","2022-03-25 14:28:01",1715),
(581,4,1088,NULL,-1,"2022-03-27 10:19:22",NULL,NULL,"NONE","4048.0000","2022-03-26 10:19:22",88),
(582,4,994,NULL,-1,"2022-03-27 12:03:05",NULL,NULL,"NONE","1667.9000","2022-03-26 12:03:05",1283),
(583,4,972,NULL,-1,"2022-03-27 12:16:25",NULL,NULL,"NONE","1051.2000","2022-03-26 12:16:25",876),
(584,4,930,NULL,-1,"2022-03-27 12:36:33",NULL,NULL,"NONE","3400.0000","2022-03-26 12:36:33",2000),
(585,4,966,NULL,-1,"2022-03-28 11:01:34",NULL,NULL,"NONE","3283.8000","2022-03-27 11:01:34",2526),
(586,4,1001,NULL,-1,"2022-03-29 14:03:56",NULL,NULL,"NONE","603.2500","2022-03-28 14:03:56",635),
(587,4,1023,NULL,-1,"2022-03-29 14:13:38",NULL,NULL,"NONE","920.0000","2022-03-28 14:13:38",20),
(588,4,1088,NULL,-1,"2022-03-30 12:03:27",NULL,NULL,"NONE","2024.0000","2022-03-29 12:03:27",44),
(589,4,941,NULL,-1,"2022-03-30 12:25:25",NULL,NULL,"NONE","1799.3000","2022-03-29 12:25:25",1894),
(590,4,1101,NULL,-1,"2022-03-30 14:21:19",NULL,NULL,"NONE","787.8000","2022-03-29 14:21:19",606),
(591,4,954,NULL,-1,"2022-03-30 15:22:40",NULL,NULL,"NONE","2081.3000","2022-03-29 15:22:40",1601),
(592,4,957,NULL,-1,"2022-03-31 10:58:08",NULL,NULL,"NONE","1320.5000","2022-03-30 10:58:08",1390),
(593,4,1093,NULL,-1,"2022-03-31 12:06:38",NULL,NULL,"NONE","1328.6000","2022-03-30 12:06:38",1022),
(594,4,957,NULL,-1,"2022-03-31 12:06:38",NULL,NULL,"NONE","2321.8000","2022-03-30 12:06:38",2444),
(595,4,994,NULL,-1,"2022-04-03 10:23:35",NULL,NULL,"NONE","661.7000","2022-04-02 10:23:35",509),
(596,4,1087,NULL,-1,"2022-04-04 10:30:07",NULL,NULL,"NONE","5479.6000","2022-04-03 10:30:07",5768),
(597,4,939,NULL,-1,"2022-04-04 11:42:28",NULL,NULL,"NONE","1380.0000","2022-04-03 11:42:28",30),
(598,4,957,NULL,-1,"2022-04-04 13:03:03",NULL,NULL,"NONE","1890.5000","2022-04-03 13:03:03",1990),
(599,4,952,NULL,-1,"2022-04-04 13:20:20",NULL,NULL,"NONE","429.0000","2022-04-03 13:20:20",330),
(600,4,941,NULL,-1,"2022-04-04 14:06:52",NULL,NULL,"NONE","1888.9000","2022-04-03 14:06:52",1453),
(601,4,954,NULL,-1,"2022-04-04 14:20:35",NULL,NULL,"NONE","2012.4000","2022-04-03 14:20:35",1548),
(602,4,980,NULL,-1,"2022-04-05 09:34:55",NULL,NULL,"NONE","8096.0000","2022-04-04 09:34:55",176),
(603,4,1007,NULL,-1,"2022-04-05 09:34:55",NULL,NULL,"NONE","5339.1000","2022-04-04 09:34:55",4107),
(604,4,1001,NULL,-1,"2022-04-06 10:00:22",NULL,NULL,"NONE","888.2500","2022-04-05 10:00:22",935),
(605,4,972,NULL,-1,"2022-04-06 12:49:54",NULL,NULL,"NONE","573.6000","2022-04-05 12:49:54",478),
(606,4,957,NULL,-1,"2022-04-07 14:09:32",NULL,NULL,"NONE","2054.8500","2022-04-06 14:09:32",2163),
(607,4,957,NULL,-1,"2022-04-07 14:46:38",NULL,NULL,"NONE","1732.8000","2022-04-06 14:46:38",1824),
(608,4,957,NULL,-1,"2022-04-09 13:36:21",NULL,NULL,"NONE","2629.6000","2022-04-08 13:36:21",2768),
(609,4,1088,NULL,-1,"2022-04-09 15:09:43",NULL,NULL,"NONE","4048.0000","2022-04-08 15:09:43",88),
(610,4,931,NULL,-1,"2022-04-10 11:54:49",NULL,NULL,"NONE","1430.0000","2022-04-09 11:54:49",1100),
(612,4,1088,NULL,7,"2022-04-10 14:33:00",NULL,NULL,"NONE","6072.0000","2022-04-17 14:33:00",132),
(613,4,957,NULL,7,"2022-04-11 13:48:04",NULL,NULL,"NONE","655.5000","2022-04-18 13:48:04",690),
(614,4,977,NULL,7,"2022-04-11 15:41:09",NULL,NULL,"NONE","2801.5000","2022-04-18 15:41:09",2155),
(615,4,1078,NULL,7,"2022-04-12 12:00:52",NULL,NULL,"NONE","1169.4500","2022-04-19 12:00:52",1231),
(616,4,932,NULL,7,"2022-04-12 14:34:43",NULL,NULL,"NONE","4962.1000","2022-04-19 14:34:43",3817),
(617,4,1036,NULL,-1,"2022-04-13 09:53:34",NULL,NULL,"NONE","1016.6000","2022-04-12 09:53:34",782),
(618,4,957,NULL,-1,"2022-04-12 10:06:16",NULL,NULL,"NONE","575.7000","2022-04-11 10:06:16",606),
(619,4,1085,NULL,-1,"2022-04-13 10:55:34",NULL,NULL,"NONE","1319.5000","2022-04-12 10:55:34",1015),
(620,4,994,NULL,-1,"2022-04-13 12:06:21",NULL,NULL,"NONE","1297.4000","2022-04-12 12:06:21",998),
(621,4,1044,1,-1,"2022-04-13 13:02:12",NULL,NULL,"NONE","1155.7000","2022-04-12 13:02:12",889),
(622,4,1036,NULL,-1,"2022-04-13 14:08:11",NULL,NULL,"NONE","364.0000","2022-04-12 14:08:11",280),
(623,4,1044,NULL,-1,"2022-04-13 14:18:25",NULL,NULL,"NONE","876.2000","2022-04-12 14:18:25",674),
(624,4,960,NULL,-1,"2022-04-13 14:44:40",NULL,NULL,"NONE","263.9000","2022-04-12 14:44:40",203),
(625,4,932,NULL,-1,"2022-04-13 14:46:53",NULL,NULL,"NONE","5224.7000","2022-04-12 14:46:53",4019),
(626,4,977,NULL,-1,"2022-04-14 10:09:10",NULL,NULL,"NONE","1064.0000","2022-04-13 10:09:10",1120),
(627,4,957,NULL,-1,"2022-04-14 15:17:47",NULL,NULL,"NONE","588.0500","2022-04-13 15:17:47",619),
(628,4,957,NULL,-1,"2022-04-14 09:41:08",NULL,NULL,"NONE","1082.0500","2022-04-13 09:41:08",1139),
(629,4,974,NULL,-1,"2022-04-16 11:03:27",NULL,NULL,"NONE","1322.6000","2022-04-15 11:03:27",778),
(630,4,972,NULL,-1,"2022-04-16 15:11:23",NULL,NULL,"NONE","1093.2000","2022-04-15 15:11:23",911),
(631,4,1101,NULL,-1,"2022-04-17 13:41:17",NULL,NULL,"NONE","891.8000","2022-04-16 13:41:17",686),
(632,4,932,NULL,-1,"2022-04-19 14:10:40",NULL,NULL,"NONE","4114.5000","2022-04-18 14:10:40",3165),
(633,4,1085,NULL,-1,"2022-04-19 14:27:28",NULL,NULL,"NONE","1323.4000","2022-04-18 14:27:28",1018),
(634,4,1107,NULL,-1,"2022-04-19 14:36:19",NULL,NULL,"NONE","573.8000","2022-04-18 14:36:19",604),
(635,4,957,NULL,-1,"2022-04-19 14:42:32",NULL,NULL,"NONE","2678.0500","2022-04-18 14:42:32",2819),
(636,4,966,NULL,-1,"2022-04-20 10:55:07",NULL,NULL,"NONE","1190.8000","2022-04-19 10:55:07",916),
(637,4,932,NULL,-1,"2022-04-20 11:27:52",NULL,NULL,"NONE","4023.5000","2022-04-19 11:27:52",3095),
(638,4,931,NULL,-1,"2022-04-20 14:41:24",NULL,NULL,"NONE","650.0000","2022-04-19 14:41:24",500),
(639,4,994,NULL,-1,"2022-04-21 11:44:25",NULL,NULL,"NONE","800.8000","2022-04-20 11:44:25",616),
(640,4,1006,NULL,-1,"2022-04-21 13:48:28",NULL,NULL,"NONE","5976.1000","2022-04-20 13:48:28",4597),
(641,4,966,NULL,-1,"2022-04-24 09:14:02",NULL,NULL,"NONE","3652.3000","2022-04-23 09:14:02",2507),
(642,4,957,NULL,-1,"2022-04-25 12:41:26",NULL,NULL,"NONE","2215.4000","2022-04-24 12:41:26",2332),
(643,4,1006,NULL,-1,"2022-04-26 11:51:05",NULL,NULL,"NONE","13873.7000","2022-04-25 11:51:05",8161),
(644,4,957,NULL,-1,"2022-04-27 12:33:11",NULL,NULL,"NONE","2362.6500","2022-04-26 12:33:11",2487),
(645,4,957,NULL,-1,"2022-04-28 11:01:54",NULL,NULL,"NONE","940.5000","2022-04-27 11:01:54",990),
(646,4,957,NULL,-1,"2022-04-28 11:35:31",NULL,NULL,"NONE","2667.6000","2022-04-27 11:35:31",2808),
(647,4,957,NULL,-1,"2022-05-07 12:38:30",NULL,NULL,"NONE","653.6000","2022-05-06 12:38:30",688),
(648,4,974,NULL,-1,"2022-05-07 15:49:24",NULL,NULL,"NONE","1317.5000","2022-05-06 15:49:24",775),
(649,4,931,NULL,-1,"2022-05-08 12:46:47",NULL,NULL,"NONE","138.0000","2022-05-07 12:46:47",3),
(650,1,1078,2,-1,"2022-05-09 14:02:16",NULL,NULL,"NONE","341.0500","2022-05-08 14:02:16",359),
(651,4,977,NULL,-1,"2022-05-10 08:27:58",NULL,NULL,"NONE","584.2500","2022-05-09 08:27:58",615),
(652,4,994,NULL,-1,"2022-05-10 13:22:31",NULL,NULL,"NONE","1177.8000","2022-05-09 13:22:31",906),
(653,4,1007,NULL,-1,"2022-05-12 09:10:23",NULL,NULL,"NONE","1385.8000","2022-05-11 09:10:23",1066),
(654,4,1001,NULL,-1,"2022-05-12 10:34:34",NULL,NULL,"NONE","627.0000","2022-05-11 10:34:34",660),
(655,4,960,NULL,-1,"2022-05-12 13:45:47",NULL,NULL,"NONE","689.0000","2022-05-11 13:45:47",530),
(656,4,1109,NULL,-1,"2022-05-14 12:25:19",NULL,NULL,"NONE","3409.9000","2022-05-13 12:25:19",2623),
(657,4,980,NULL,-1,"2022-05-14 12:52:57",NULL,NULL,"NONE","8096.0000","2022-05-13 12:52:57",176),
(658,4,932,NULL,-1,"2022-05-15 09:36:24",NULL,NULL,"NONE","2740.5000","2022-05-14 09:36:24",1827),
(659,4,960,NULL,-1,"2022-05-15 09:50:14",NULL,NULL,"NONE","702.0000","2022-05-14 09:50:14",540),
(660,4,1110,NULL,-1,"2022-05-15 10:46:18",NULL,NULL,"NONE","696.8000","2022-05-14 10:46:18",536),
(661,4,930,NULL,-1,"2022-05-15 12:22:38",NULL,NULL,"NONE","780.0000","2022-05-14 12:22:38",600),
(662,4,931,NULL,-1,"2022-05-15 12:46:34",NULL,NULL,"NONE","1807.1000","2022-05-14 12:46:34",1063),
(663,4,1109,NULL,-1,"2022-05-16 10:21:29",NULL,NULL,"NONE","664.3000","2022-05-15 10:21:29",511),
(664,4,977,NULL,-1,"2022-05-16 15:07:46",NULL,NULL,"NONE","8096.0000","2022-05-15 15:07:46",176),
(665,4,977,NULL,-1,"2022-05-17 10:21:21",NULL,NULL,"NONE","4784.0000","2022-05-16 10:21:21",3680),
(666,4,1109,NULL,-1,"2022-05-17 11:32:35",NULL,NULL,"NONE","734.5000","2022-05-16 11:32:35",565),
(667,4,1112,NULL,-1,"2022-05-18 10:16:38",NULL,NULL,"NONE","4145.7000","2022-05-17 10:16:38",3189),
(668,4,960,NULL,-1,"2022-05-19 08:53:18",NULL,NULL,"NONE","1647.3000","2022-05-18 08:53:18",969),
(669,4,959,NULL,-1,"2022-05-19 08:57:00",NULL,NULL,"NONE","3256.5000","2022-05-18 08:57:00",2505),
(670,4,930,NULL,-1,"2022-05-19 09:57:12",NULL,NULL,"NONE","682.5000","2022-05-18 09:57:12",525),
(671,4,994,NULL,-1,"2022-05-19 12:42:13",NULL,NULL,"NONE","835.9000","2022-05-18 12:42:13",643),
(672,4,977,NULL,-1,"2022-05-19 12:42:13",NULL,NULL,"NONE","8096.0000","2022-05-18 12:42:13",176),
(673,4,994,NULL,-1,"2022-05-19 13:37:59",NULL,NULL,"NONE","786.5000","2022-05-18 13:37:59",605),
(674,4,1046,NULL,-1,"2022-05-21 11:58:48",NULL,NULL,"NONE","27794.0000","2022-05-20 11:58:48",21380),
(675,4,931,NULL,-1,"2022-05-21 14:22:46",NULL,NULL,"NONE","1324.7000","2022-05-20 14:22:46",1019),
(676,4,1035,NULL,-1,"2022-05-21 14:22:46",NULL,NULL,"NONE","1038.7000","2022-05-20 14:22:46",611),
(677,4,1035,NULL,-1,"2022-05-22 09:36:33",NULL,NULL,"NONE","1099.9000","2022-05-21 09:36:33",647),
(678,4,1115,NULL,-1,"2022-05-22 09:36:33",NULL,NULL,"NONE","92.0000","2022-05-21 09:36:33",2),
(679,4,941,NULL,-1,"2022-05-22 12:54:26",NULL,NULL,"NONE","92.0000","2022-05-21 12:54:26",2),
(680,4,957,NULL,-1,"2022-05-22 14:36:16",NULL,NULL,"NONE","2205.9000","2022-05-21 14:36:16",2322),
(681,4,1001,NULL,-1,"2022-05-23 12:33:26",NULL,NULL,"NONE","859.7500","2022-05-22 12:33:26",905),
(682,4,959,NULL,-1,"2022-05-24 14:33:29",NULL,NULL,"NONE","648.7000","2022-05-23 14:33:29",499),
(683,4,984,NULL,-1,"2022-05-29 11:11:15",NULL,NULL,"NONE","479.7000","2022-05-28 11:11:15",369),
(684,4,1121,NULL,-1,"2022-05-29 15:36:16",NULL,NULL,"NONE","65.0000","2022-05-28 15:36:16",50),
(685,4,1071,NULL,-1,"2022-05-28 14:29:20",NULL,NULL,"NONE","1810.9000","2022-05-27 14:29:20",1393),
(686,4,1109,NULL,-1,"2022-06-01 14:10:37",NULL,NULL,"NONE","985.4000","2022-05-31 14:10:37",758),
(687,4,966,NULL,-1,"2022-06-02 09:08:26",NULL,NULL,"NONE","9741.0000","2022-06-01 09:08:26",5730),
(688,4,1102,NULL,-1,"2022-06-04 09:39:45",NULL,NULL,"NONE","1420.9000","2022-06-03 09:39:45",1093),
(689,4,931,NULL,-1,"2022-06-04 15:06:28",NULL,NULL,"NONE","692.9000","2022-06-03 15:06:28",533),
(690,4,966,NULL,-1,"2022-06-04 15:18:20",NULL,NULL,"NONE","1554.2000","2022-06-03 15:18:20",1636),
(691,4,1018,NULL,-1,"2022-06-05 13:05:44",NULL,NULL,"NONE","1323.4000","2022-06-04 13:05:44",1018),
(692,4,980,NULL,-1,"2022-06-06 10:09:08",NULL,NULL,"NONE","4290.2000","2022-06-05 10:09:08",4516),
(693,4,1007,NULL,-1,"2022-06-06 10:09:08",NULL,NULL,"NONE","673.4000","2022-06-05 10:09:08",518),
(694,4,994,NULL,-1,"2022-06-06 11:55:09",NULL,NULL,"NONE","1573.0000","2022-06-05 11:55:09",1210),
(695,4,989,NULL,-1,"2022-06-06 12:52:37",NULL,NULL,"NONE","1550.4000","2022-06-05 12:52:37",1632),
(696,4,943,NULL,-1,"2022-06-06 13:03:46",NULL,NULL,"NONE","4355.4000","2022-06-05 13:03:46",2562),
(697,4,931,NULL,-1,"2022-06-06 14:25:35",NULL,NULL,"NONE","1389.7000","2022-06-05 14:25:35",1069),
(698,4,1018,NULL,-1,"2022-06-06 14:53:54",NULL,NULL,"NONE","1329.9000","2022-06-05 14:53:54",1023),
(699,4,931,NULL,-1,"2022-06-06 14:53:54",NULL,NULL,"NONE","704.6000","2022-06-05 14:53:54",542),
(700,4,959,NULL,-1,"2022-06-07 10:10:09",NULL,NULL,"NONE","2087.8000","2022-06-06 10:10:09",1606),
(701,4,980,NULL,-1,"2022-06-08 10:27:28",NULL,NULL,"NONE","1508.6000","2022-06-07 10:27:28",1588),
(702,4,989,NULL,-1,"2022-06-08 11:58:35",NULL,NULL,"NONE","636.5000","2022-06-07 11:58:35",670),
(703,4,994,NULL,-1,"2022-06-08 15:47:56",NULL,NULL,"NONE","1582.1000","2022-06-07 15:47:56",1217),
(704,4,966,NULL,-1,"2022-06-06 12:33:27",NULL,NULL,"NONE","3192.6000","2022-06-05 12:33:27",1878),
(705,4,960,NULL,-1,"2022-06-11 11:18:49",NULL,NULL,"NONE","918.0000","2022-06-10 11:18:49",540),
(706,4,959,NULL,-1,"2022-06-12 12:26:55",NULL,NULL,"NONE","3473.6000","2022-06-11 12:26:55",2672),
(707,4,1102,NULL,-1,"2022-06-12 12:38:25",NULL,NULL,"NONE","1407.9000","2022-06-11 12:38:25",1083),
(708,4,1036,NULL,-1,"2022-06-12 13:23:32",NULL,NULL,"NONE","897.0000","2022-06-11 13:23:32",690),
(709,4,984,NULL,-1,"2022-06-13 11:44:16",NULL,NULL,"NONE","130.0000","2022-06-12 11:44:16",100),
(710,4,969,NULL,-1,"2022-06-14 15:18:26",NULL,NULL,"NONE","969.0000","2022-06-13 15:18:26",570),
(711,4,966,NULL,-1,"2022-06-14 15:18:26",NULL,NULL,"NONE","1504.5000","2022-06-13 15:18:26",885),
(712,4,1036,NULL,-1,"2022-06-14 15:31:18",NULL,NULL,"NONE","156.0000","2022-06-13 15:31:18",120),
(713,4,981,NULL,-1,"2022-06-15 12:58:01",NULL,NULL,"NONE","219.7000","2022-06-14 12:58:01",169),
(714,4,1128,NULL,-1,"2022-06-15 12:58:01",NULL,NULL,"NONE","1300.0000","2022-06-14 12:58:01",1000),
(715,4,969,NULL,-1,"2022-06-15 15:20:11",NULL,NULL,"NONE","1973.7000","2022-06-14 15:20:11",1161),
(716,4,966,NULL,-1,"2022-06-16 12:31:17",NULL,NULL,"NONE","2811.8000","2022-06-15 12:31:17",1654),
(717,4,931,NULL,-1,"2022-06-18 14:18:55",NULL,NULL,"NONE","708.5000","2022-06-17 14:18:55",545),
(718,4,980,NULL,-1,"2022-06-18 15:19:09",NULL,NULL,"NONE","9415.9000","2022-06-17 15:19:09",7243),
(719,4,980,NULL,-1,"2022-06-18 15:19:09",NULL,NULL,"NONE","8153.3000","2022-06-17 15:19:09",1733),
(720,4,1102,NULL,-1,"2022-06-19 11:19:33",NULL,NULL,"NONE","1404.0000","2022-06-18 11:19:33",1080),
(721,4,974,NULL,-1,"2022-06-19 12:38:24",NULL,NULL,"NONE","739.1000","2022-06-18 12:38:24",778),
(722,4,1001,NULL,-1,"2022-06-19 14:25:55",NULL,NULL,"NONE","933.4000","2022-06-18 14:25:55",718),
(723,4,1018,NULL,-1,"2022-06-19 14:33:20",NULL,NULL,"NONE","626.6000","2022-06-18 14:33:20",482),
(724,4,972,NULL,-1,"2022-06-19 14:33:20",NULL,NULL,"NONE","765.7000","2022-06-18 14:33:20",806),
(725,4,974,NULL,-1,"2022-06-20 11:48:05",NULL,NULL,"NONE","378.1000","2022-06-19 11:48:05",398),
(726,4,968,NULL,-1,"2022-06-20 13:31:20",NULL,NULL,"NONE","510.0000","2022-06-19 13:31:20",300),
(727,4,1089,NULL,-1,"2022-06-21 12:15:06",NULL,NULL,"NONE","2024.0000","2022-06-20 12:15:06",44),
(728,4,1131,NULL,-1,"2022-06-21 12:15:06",NULL,NULL,"NONE","92.0000","2022-06-20 12:15:06",2),
(729,4,1041,NULL,-1,"2022-06-21 12:15:06",NULL,NULL,"NONE","1595.1000","2022-06-20 12:15:06",1227),
(730,4,974,NULL,-1,"2022-06-22 13:53:16",NULL,NULL,"NONE","538.6500","2022-06-21 13:53:16",567),
(731,4,1132,NULL,-1,"2022-06-22 15:05:45",NULL,NULL,"NONE","1420.9000","2022-06-21 15:05:45",1093),
(732,4,959,NULL,-1,"2022-06-22 15:38:05",NULL,NULL,"NONE","3516.5000","2022-06-21 15:38:05",2705),
(733,4,1132,NULL,-1,"2022-06-23 11:55:21",NULL,NULL,"NONE","2897.7000","2022-06-22 11:55:21",2229),
(734,4,1127,NULL,-1,"2022-06-23 13:01:25",NULL,NULL,"NONE","1368.9000","2022-06-22 13:01:25",1053),
(735,4,931,NULL,-1,"2022-06-25 15:12:20",NULL,NULL,"NONE","276.0000","2022-06-24 15:12:20",6),
(736,4,974,NULL,-1,"2022-06-26 10:53:34",NULL,NULL,"NONE","797.0500","2022-06-25 10:53:34",839),
(737,4,1130,NULL,-1,"2022-06-27 08:58:03",NULL,NULL,"NONE","2611.7000","2022-06-26 08:58:03",2009),
(738,4,969,NULL,-1,"2022-06-27 08:59:05",NULL,NULL,"NONE","1710.2000","2022-06-26 08:59:05",1006),
(739,4,931,NULL,-1,"2022-06-27 08:59:59",NULL,NULL,"NONE","230.0000","2022-06-26 08:59:59",5),
(740,4,1131,NULL,-1,"2022-06-28 09:08:42",NULL,NULL,"NONE","92.0000","2022-06-27 09:08:42",2),
(741,4,1102,NULL,-1,"2022-06-28 09:34:16",NULL,NULL,"NONE","1405.3000","2022-06-27 09:34:16",1081),
(742,4,1102,NULL,-1,"2022-06-28 10:32:12",NULL,NULL,"NONE","1396.2000","2022-06-27 10:32:12",1074),
(743,4,1102,NULL,-1,"2022-06-28 10:32:12",NULL,NULL,"NONE","700.7000","2022-06-27 10:32:12",539),
(744,4,1018,NULL,-1,"2022-07-02 10:17:38",NULL,NULL,"NONE","1484.6000","2022-07-01 10:17:38",1142),
(745,4,958,NULL,-1,"2022-07-02 10:24:07",NULL,NULL,"NONE","543.4000","2022-07-01 10:24:07",418),
(746,4,1018,NULL,-1,"2022-07-02 10:24:07",NULL,NULL,"NONE","1725.1000","2022-07-01 10:24:07",1327),
(747,4,980,NULL,-1,"2022-07-03 09:04:36",NULL,NULL,"NONE","5681.0000","2022-07-02 09:04:36",4370),
(748,4,1036,NULL,-1,"2022-07-03 10:36:51",NULL,NULL,"NONE","2770.3000","2022-07-02 10:36:51",2131),
(749,4,1109,NULL,-1,"2022-07-04 11:35:41",NULL,NULL,"NONE","322.4000","2022-07-03 11:35:41",248),
(750,4,1133,NULL,-1,"2022-07-06 09:45:47",NULL,NULL,"NONE","2023.0000","2022-07-05 09:45:47",1190),
(751,4,932,NULL,-1,"2022-07-16 14:52:49",NULL,NULL,"NONE","14660.0000","2022-07-15 14:52:49",7330),
(752,4,1133,NULL,-1,"2022-07-17 09:23:10",NULL,NULL,"NONE","2708.1000","2022-07-16 09:23:10",1593),
(753,4,1128,NULL,-1,"2022-07-17 12:25:31",NULL,NULL,"NONE","1420.9000","2022-07-16 12:25:31",1093),
(754,4,972,NULL,-1,"2022-07-17 15:04:56",NULL,NULL,"NONE","143.0000","2022-07-16 15:04:56",110),
(755,4,949,NULL,-1,"2022-07-18 14:42:57",NULL,NULL,"NONE","4048.0000","2022-07-17 14:42:57",88),
(756,4,931,NULL,-1,"2022-07-18 14:42:57",NULL,NULL,"NONE","230.0000","2022-07-17 14:42:57",5),
(757,4,1018,NULL,-1,"2022-07-19 09:58:19",NULL,NULL,"NONE","1981.2000","2022-07-18 09:58:19",1524),
(758,4,1128,NULL,-1,"2022-07-19 11:42:03",NULL,NULL,"NONE","1441.7000","2022-07-18 11:42:03",1109),
(759,4,972,NULL,-1,"2022-07-20 12:37:00",NULL,NULL,"NONE","479.7000","2022-07-19 12:37:00",369),
(760,4,1128,NULL,-1,"2022-07-20 12:37:00",NULL,NULL,"NONE","747.5000","2022-07-19 12:37:00",575),
(761,4,1019,NULL,-1,"2022-07-20 12:37:00",NULL,NULL,"NONE","50.0000","2022-07-19 12:37:00",25),
(762,4,1046,NULL,-1,"2022-07-20 15:35:11",NULL,NULL,"NONE","429.4000","2022-07-19 15:35:11",452),
(763,4,972,NULL,-1,"2022-07-21 12:30:51",NULL,NULL,"NONE","1392.3000","2022-07-20 12:30:51",1071),
(764,4,1109,NULL,-1,"2022-07-23 10:49:43",NULL,NULL,"NONE","683.8000","2022-07-22 10:49:43",526),
(765,4,932,NULL,-1,"2022-07-23 12:38:39",NULL,NULL,"NONE","4945.5000","2022-07-22 12:38:39",3297),
(766,4,960,NULL,-1,"2022-07-23 13:06:16",NULL,NULL,"NONE","2024.0000","2022-07-22 13:06:16",44),
(767,4,1136,NULL,-1,"2022-07-24 11:45:31",NULL,NULL,"NONE","1844.0000","2022-07-23 11:45:31",922),
(768,4,1035,NULL,-1,"2022-07-24 11:45:31",NULL,NULL,"NONE","1671.1000","2022-07-23 11:45:31",983),
(769,4,981,NULL,-1,"2022-07-24 14:23:27",NULL,NULL,"NONE","1524.9000","2022-07-23 14:23:27",1173),
(770,4,931,NULL,-1,"2022-07-26 11:43:23",NULL,NULL,"NONE","230.0000","2022-07-25 11:43:23",5),
(771,4,1019,NULL,-1,"2022-07-26 13:00:23",NULL,NULL,"NONE","50.0000","2022-07-25 13:00:23",25),
(772,4,992,NULL,-1,"2022-07-28 13:44:15",NULL,NULL,"NONE","2024.0000","2022-07-27 13:44:15",44),
(773,4,1109,NULL,-1,"2022-07-30 09:41:38",NULL,NULL,"NONE","455.0000","2022-07-29 09:41:38",350),
(774,4,1138,NULL,-1,"2022-07-31 09:24:06",NULL,NULL,"NONE","46.0000","2022-07-30 09:24:06",1),
(775,4,1128,NULL,-1,"2022-08-02 12:20:05",NULL,NULL,"NONE","770.9000","2022-08-01 12:20:05",593),
(776,4,1110,NULL,-1,"2022-08-03 13:30:33",NULL,NULL,"NONE","130.0000","2022-08-02 13:30:33",100),
(777,4,972,NULL,-1,"2022-08-03 14:00:49",NULL,NULL,"NONE","1367.6000","2022-08-02 14:00:49",1052),
(778,4,1019,NULL,-1,"2022-08-04 13:29:12",NULL,NULL,"NONE","74.0000","2022-08-03 13:29:12",37),
(779,4,1139,NULL,-1,"2022-08-06 10:32:12",NULL,NULL,"NONE","130.0000","2022-08-05 10:32:12",100),
(780,4,932,NULL,-1,"2022-08-07 11:25:04",NULL,NULL,"NONE","11712.0000","2022-08-06 11:25:04",7808),
(781,4,1140,NULL,-1,"2022-08-11 12:31:50",NULL,NULL,"NONE","1252.9000","2022-08-10 12:31:50",737),
(782,4,1136,NULL,-1,"2022-08-13 12:11:28",NULL,NULL,"NONE","800.0000","2022-08-12 12:11:28",400),
(783,4,960,NULL,-1,"2022-08-14 09:39:05",NULL,NULL,"NONE","2024.0000","2022-08-13 09:39:05",44),
(784,4,1133,NULL,-1,"2022-08-14 11:35:51",NULL,NULL,"NONE","2388.5000","2022-08-13 11:35:51",1405),
(785,4,984,NULL,-1,"2022-08-14 11:48:23",NULL,NULL,"NONE","382.5000","2022-08-13 11:48:23",225),
(786,4,1128,NULL,-1,"2022-08-14 12:34:12",NULL,NULL,"NONE","1495.0000","2022-08-13 12:34:12",1150),
(787,4,1141,NULL,-1,"2022-08-15 12:26:01",NULL,NULL,"NONE","2024.0000","2022-08-14 12:26:01",44),
(788,4,1035,NULL,-1,"2022-08-16 08:15:30",NULL,NULL,"NONE","2181.1000","2022-08-15 08:15:30",1283),
(789,4,1128,NULL,-1,"2022-08-16 13:35:29",NULL,NULL,"NONE","1411.8000","2022-08-15 13:35:29",1086),
(790,4,1128,NULL,-1,"2022-08-17 12:37:56",NULL,NULL,"NONE","864.5000","2022-08-16 12:37:56",665),
(791,4,1026,NULL,-1,"2022-08-16 12:42:35",NULL,NULL,"NONE","5120.4000","2022-08-15 12:42:35",3012),
(792,4,1089,NULL,-1,"2022-08-18 10:08:04",NULL,NULL,"NONE","2300.0000","2022-08-17 10:08:04",50),
(793,4,975,NULL,-1,"2022-08-18 11:10:14",NULL,NULL,"NONE","2125.0000","2022-08-17 11:10:14",1250),
(794,4,1019,NULL,-1,"2022-08-18 13:15:43",NULL,NULL,"NONE","100.0000","2022-08-17 13:15:43",50),
(795,4,931,NULL,-1,"2022-08-20 12:23:49",NULL,NULL,"NONE","92.0000","2022-08-19 12:23:49",2),
(796,4,1140,NULL,-1,"2022-08-20 15:21:26",NULL,NULL,"NONE","1088.0000","2022-08-19 15:21:26",640),
(797,4,972,NULL,-1,"2022-08-22 13:48:19",NULL,NULL,"NONE","1003.0000","2022-08-21 13:48:19",590),
(798,4,1140,NULL,-1,"2022-08-24 13:30:44",NULL,NULL,"NONE","1089.7000","2022-08-23 13:30:44",641),
(799,4,1035,NULL,-1,"2022-08-27 12:11:24",NULL,NULL,"NONE","1236.0000","2022-08-26 12:11:24",824),
(800,4,1133,NULL,-1,"2022-08-28 10:20:43",NULL,NULL,"NONE","3304.8000","2022-08-27 10:20:43",1944),
(801,4,1140,NULL,-1,"2022-08-30 11:33:44",NULL,NULL,"NONE","1204.3000","2022-08-29 11:33:44",779),
(802,4,972,NULL,-1,"2022-08-31 11:18:34",NULL,NULL,"NONE","1139.0000","2022-08-30 11:18:34",670),
(803,4,984,NULL,-1,"2022-09-05 12:19:26",NULL,NULL,"NONE","332.5000","2022-09-04 12:19:26",350),
(804,4,994,NULL,-1,"2022-09-05 13:55:32",NULL,NULL,"NONE","1869.4000","2022-09-04 13:55:32",1438),
(805,4,1019,NULL,-1,"2022-09-06 08:26:22",NULL,NULL,"NONE","600.0000","2022-09-05 08:26:22",300),
(806,4,1127,NULL,-1,"2022-09-06 11:53:37",NULL,NULL,"NONE","1766.8000","2022-09-05 11:53:37",1262),
(807,4,931,NULL,-1,"2022-09-06 12:44:49",NULL,NULL,"NONE","856.0000","2022-09-05 12:44:49",535),
(808,4,1019,NULL,-1,"2022-09-06 13:34:07",NULL,NULL,"NONE","600.0000","2022-09-05 13:34:07",300),
(809,4,1140,NULL,-1,"2022-09-07 10:13:54",NULL,NULL,"NONE","2140.3000","2022-09-06 10:13:54",1259),
(810,4,932,NULL,-1,"2022-09-08 10:18:36",NULL,NULL,"NONE","7009.2000","2022-09-07 10:18:36",5841),
(811,4,1104,NULL,-1,"2022-09-10 11:27:49",NULL,NULL,"NONE","1600.0000","2022-09-09 11:27:49",1000),
(812,4,1128,NULL,-1,"2022-09-11 11:56:28",NULL,NULL,"NONE","852.6000","2022-09-10 11:56:28",609),
(813,4,1017,NULL,-1,"2022-09-11 13:32:58",NULL,NULL,"NONE","2499.6000","2022-09-10 13:32:58",2083),
(814,4,984,NULL,-1,"2022-09-11 14:23:27",NULL,NULL,"NONE","595.0000","2022-09-10 14:23:27",350),
(815,4,960,NULL,-1,"2022-09-11 14:41:17",NULL,NULL,"NONE","2024.0000","2022-09-10 14:41:17",44),
(816,4,1128,NULL,-1,"2022-09-12 13:08:05",NULL,NULL,"NONE","869.4000","2022-09-11 13:08:05",621),
(817,4,1104,NULL,-1,"2022-09-12 13:18:24",NULL,NULL,"NONE","1330.0000","2022-09-11 13:18:24",665),
(818,4,1036,NULL,-1,"2022-09-12 15:12:11",NULL,NULL,"NONE","302.4000","2022-09-11 15:12:11",189),
(819,4,981,NULL,-1,"2022-09-14 14:35:29",NULL,NULL,"NONE","334.1000","2022-09-13 14:35:29",257),
(820,4,1109,NULL,-1,"2022-09-15 14:16:44",NULL,NULL,"NONE","1322.1000","2022-09-14 14:16:44",1017),
(821,4,1143,NULL,-1,"2022-09-17 12:27:30",NULL,NULL,"NONE","1067.8000","2022-09-16 12:27:30",1124),
(822,4,1109,NULL,-1,"2022-09-17 12:27:30",NULL,NULL,"NONE","757.9000","2022-09-16 12:27:30",583),
(823,4,1109,NULL,-1,"2022-09-20 10:18:24",NULL,NULL,"NONE","976.3000","2022-09-19 10:18:24",751),
(824,4,1036,NULL,-1,"2022-09-21 11:38:14",NULL,NULL,"NONE","2031.9000","2022-09-20 11:38:14",1563),
(825,4,1036,NULL,-1,"2022-09-21 12:27:13",NULL,NULL,"NONE","1040.0000","2022-09-20 12:27:13",800),
(826,4,984,NULL,-1,"2022-09-22 11:32:57",NULL,NULL,"NONE","178.5000","2022-09-21 11:32:57",105),
(827,4,1104,NULL,-1,"2022-09-22 11:58:22",NULL,NULL,"NONE","1760.0000","2022-09-21 11:58:22",1100),
(828,4,984,NULL,-1,"2022-09-22 14:04:30",NULL,NULL,"NONE","204.0000","2022-09-21 14:04:30",120),
(829,4,931,NULL,-1,"2022-09-27 15:16:12",NULL,NULL,"NONE","382.5000","2022-09-26 15:16:12",225),
(830,4,994,NULL,-1,"2022-09-27 15:16:12",NULL,NULL,"NONE","879.2000","2022-09-26 15:16:12",628),
(831,4,972,NULL,-1,"2022-09-28 12:53:38",NULL,NULL,"NONE","1152.6000","2022-09-27 12:53:38",678),
(832,4,1109,NULL,-1,"2022-09-29 13:03:13",NULL,NULL,"NONE","1285.7000","2022-09-28 13:03:13",989),
(834,4,1144,NULL,-1,"2022-10-01 13:28:46",NULL,NULL,"NONE","653.9000","2022-09-30 13:28:46",503),
(835,4,1143,NULL,-1,"2022-10-02 13:11:44",NULL,NULL,"NONE","5459.6500","2022-10-01 13:11:44",5747),
(836,4,941,NULL,-1,"2022-10-02 14:37:58",NULL,NULL,"NONE","598.0000","2022-10-01 14:37:58",13),
(837,4,1017,NULL,-1,"2022-10-03 12:59:22",NULL,NULL,"NONE","2989.2000","2022-10-02 12:59:22",2491),
(838,4,1035,NULL,-1,"2022-10-06 11:12:07",NULL,NULL,"NONE","3150.0000","2022-10-05 11:12:07",1260),
(839,4,1035,2,-1,"2022-10-06 11:12:07",NULL,NULL,"NONE","1590.0000","2022-10-05 11:12:07",636),
(840,4,1109,NULL,-1,"2022-10-08 10:55:14",NULL,NULL,"NONE","2377.5000","2022-10-07 10:55:14",951),
(841,4,960,NULL,-1,"2022-10-08 11:49:04",NULL,NULL,"NONE","1340.0000","2022-10-07 11:49:04",536),
(842,4,931,NULL,-1,"2022-10-08 13:46:09",NULL,NULL,"NONE","1500.0000","2022-10-07 13:46:09",600),
(843,4,941,NULL,-1,"2022-10-09 15:02:33",NULL,NULL,"NONE","983.0000","2022-10-08 15:02:33",167),
(844,4,1104,NULL,-1,"2022-10-10 11:05:03",NULL,NULL,"NONE","1352.5000","2022-10-09 11:05:03",541),
(845,4,931,NULL,-1,"2022-10-11 09:05:27",NULL,NULL,"NONE","1255.0000","2022-10-10 09:05:27",502),
(846,4,1145,NULL,-1,"2022-10-11 13:03:08",NULL,NULL,"NONE","828.0000","2022-10-10 13:03:08",18),
(847,4,978,NULL,-1,"2022-10-11 13:59:09",NULL,NULL,"NONE","2637.5000","2022-10-10 13:59:09",1055),
(848,4,1017,NULL,-1,"2022-10-12 15:03:39",NULL,NULL,"NONE","5675.5000","2022-10-11 15:03:39",2250),
(849,4,986,NULL,-1,"2022-10-16 10:41:33",NULL,NULL,"NONE","1150.0000","2022-10-15 10:41:33",25),
(850,4,994,NULL,-1,"2022-10-16 13:27:17",NULL,NULL,"NONE","1450.0000","2022-10-15 13:27:17",580),
(851,4,977,NULL,-1,"2022-10-17 10:16:58",NULL,NULL,"NONE","2250.0000","2022-10-16 10:16:58",900),
(852,4,986,NULL,-1,"2022-10-17 13:16:43",NULL,NULL,"NONE","230.0000","2022-10-16 13:16:43",5);


DROP TABLE IF EXISTS `extended_products_inputs`;

CREATE ALGORITHM=UNDEFINED DEFINER=`root`@`localhost` SQL SECURITY DEFINER VIEW `extended_products_inputs` AS select `products_inputs`.`iD` AS `iD`,`products_inputs`.`WarehouseID` AS `WarehouseID`,`products_inputs`.`EmployeeID` AS `EmployeeID`,`products_inputs`.`CargoTransID` AS `CargoTransID`,`products_inputs`.`date` AS `date`,`products_inputs`.`comments` AS `comments`,sum(`products_inputs_details`.`quantity`) AS `quantity` from (`products_inputs` join `products_inputs_details` on(`products_inputs`.`iD` = `products_inputs_details`.`ProductInputID`)) group by `products_inputs`.`WarehouseID`,`products_inputs`.`iD`;

INSERT INTO `extended_products_inputs` VALUES (21,1,1,NULL,"2021-07-30 08:10:06",NULL,80),
(23,1,1,NULL,"2021-08-31 01:22:54",NULL,512),
(24,1,1,NULL,"2021-09-14 10:14:14",NULL,595),
(25,1,1,NULL,"2021-09-14 10:20:54",NULL,370),
(26,1,1,NULL,"2021-09-14 10:23:25",NULL,543),
(27,1,4,NULL,"2021-09-14 13:15:37",NULL,517),
(28,1,1,NULL,"2021-09-16 10:02:15",NULL,2928),
(29,1,1,NULL,"2021-09-18 09:25:07",NULL,2393),
(30,1,1,NULL,"2021-09-20 13:03:27",NULL,947),
(31,1,1,NULL,"2021-09-22 11:49:23",NULL,2623),
(32,1,1,NULL,"2021-09-22 11:52:45",NULL,2220),
(33,1,1,NULL,"2021-09-26 15:32:20",NULL,669),
(34,1,1,NULL,"2021-09-28 10:46:57",NULL,1809),
(35,1,1,NULL,"2021-09-28 12:19:44",NULL,287),
(36,1,1,NULL,"2021-09-28 12:19:44",NULL,336),
(37,1,1,NULL,"2021-09-28 12:19:46",NULL,372),
(38,1,1,NULL,"2021-09-28 13:09:51",NULL,1737),
(39,1,1,NULL,"2021-09-28 13:21:01",NULL,1213),
(40,1,1,NULL,"2021-09-30 12:22:41",NULL,1667),
(41,1,1,NULL,"2021-09-30 12:22:41",NULL,592),
(42,1,4,NULL,"2021-10-04 10:34:58",NULL,2234),
(43,1,4,NULL,"2021-10-04 10:37:33",NULL,2169),
(44,1,4,NULL,"2021-10-04 11:40:06",NULL,4769),
(45,1,4,NULL,"2021-10-04 13:39:51",NULL,1600),
(46,1,4,NULL,"2021-10-04 13:39:51",NULL,1673),
(47,1,4,NULL,"2021-10-04 13:54:44",NULL,301),
(48,1,4,NULL,"2021-10-04 13:54:44",NULL,301),
(57,1,4,NULL,"2021-10-10 11:16:02",NULL,654),
(60,1,4,NULL,"2021-10-10 12:52:06",NULL,1358),
(61,1,4,NULL,"2021-10-10 12:52:06",NULL,2491),
(62,1,4,NULL,"2021-10-10 12:57:59",NULL,855),
(63,1,4,NULL,"2021-10-10 12:59:46",NULL,1869),
(64,1,1,NULL,"2021-10-18 12:20:59",NULL,1580),
(65,1,4,NULL,"2021-10-23 16:03:41",NULL,765),
(67,1,1,NULL,"2021-10-25 11:16:26",NULL,1816),
(68,1,1,NULL,"2021-10-25 11:18:17",NULL,555),
(70,1,1,NULL,"2021-10-25 11:40:55",NULL,2907),
(71,1,1,NULL,"2021-10-26 13:04:10",NULL,971),
(74,1,4,NULL,"2021-10-27 11:22:29",NULL,872),
(75,1,4,NULL,"2021-10-27 11:25:59",NULL,785),
(77,1,4,NULL,"2021-10-27 12:54:20",NULL,3246),
(78,1,4,NULL,"2021-10-27 13:07:49",NULL,1117),
(79,1,1,NULL,"2021-10-27 15:26:25",NULL,7631),
(80,1,4,NULL,"2021-11-01 12:37:38",NULL,2097),
(81,1,4,NULL,"2021-11-01 12:41:33",NULL,2365),
(82,1,4,NULL,"2021-11-01 12:44:32",NULL,1118),
(83,1,4,NULL,"2021-11-01 14:58:09",NULL,1693),
(84,1,4,NULL,"2021-11-01 15:12:45",NULL,518),
(85,1,4,NULL,"2021-11-01 15:16:22",NULL,528),
(86,1,4,NULL,"2021-11-01 15:22:12",NULL,511),
(94,1,4,NULL,"2021-11-03 09:38:08",NULL,2552),
(95,1,4,NULL,"2021-11-03 09:43:53",NULL,725),
(96,1,1,NULL,"2021-11-03 10:13:23",NULL,7490),
(97,1,1,NULL,"2021-11-03 10:16:56",NULL,3027),
(98,1,4,NULL,"2021-11-03 12:04:36",NULL,625),
(99,1,4,NULL,"2021-11-03 13:38:24",NULL,2801),
(100,1,1,NULL,"2021-11-04 09:36:50",NULL,6226),
(101,1,4,NULL,"2021-11-07 11:23:58",NULL,7068),
(102,1,4,NULL,"2021-11-07 12:22:53",NULL,2725),
(103,1,4,NULL,"2021-11-07 13:11:19",NULL,3670),
(104,1,4,NULL,"2021-11-08 09:38:52",NULL,9152),
(106,1,1,NULL,"2021-11-10 11:22:12",NULL,309),
(107,1,1,NULL,"2021-11-17 13:57:46",NULL,2741),
(108,1,1,NULL,"2021-11-18 11:46:45",NULL,775),
(109,1,1,NULL,"2021-11-18 11:59:46",NULL,617),
(110,1,1,NULL,"2021-11-23 11:37:36",NULL,725),
(111,1,4,NULL,"2021-12-09 10:06:36",NULL,236),
(112,1,4,NULL,"2021-12-09 10:11:38",NULL,300),
(113,1,4,NULL,"2021-12-22 13:28:15",NULL,504),
(114,1,4,NULL,"2021-12-22 13:30:30",NULL,629),
(115,1,4,NULL,"2021-12-22 13:36:12",NULL,3272),
(117,1,4,NULL,"2021-12-23 12:47:57",NULL,269),
(118,1,4,NULL,"2021-12-23 13:40:06",NULL,809),
(119,1,4,NULL,"2021-12-23 13:40:40",NULL,2212),
(120,1,4,NULL,"2021-12-23 13:41:42",NULL,3536),
(121,1,16,NULL,"2021-12-23 13:45:26",NULL,1982),
(122,1,4,NULL,"2021-12-23 14:51:29",NULL,629),
(123,1,4,NULL,"2021-12-23 15:54:00",NULL,3123),
(124,1,4,NULL,"2021-12-25 09:22:03",NULL,2910),
(125,1,4,NULL,"2021-12-25 11:05:44",NULL,802),
(126,1,4,NULL,"2021-12-25 11:13:08",NULL,2947),
(127,1,4,NULL,"2021-12-25 11:17:39",NULL,510),
(128,1,4,NULL,"2021-12-25 11:33:52",NULL,721),
(129,1,4,NULL,"2021-12-25 11:37:21",NULL,554),
(130,1,4,NULL,"2021-12-25 11:41:46",NULL,594),
(131,1,4,NULL,"2021-12-25 11:42:00",NULL,1888),
(132,1,4,NULL,"2021-12-25 11:42:38",NULL,826),
(133,1,4,NULL,"2021-12-25 13:51:08",NULL,801),
(136,1,4,NULL,"2021-12-27 13:37:46",NULL,1626),
(137,1,4,NULL,"2021-12-27 13:56:32",NULL,1933),
(139,1,4,NULL,"2021-12-27 14:42:40",NULL,1398),
(140,1,4,NULL,"2021-12-27 14:56:03",NULL,7890),
(142,1,4,NULL,"2021-12-27 15:20:07",NULL,1495),
(143,1,4,NULL,"2021-12-28 08:57:19",NULL,1911),
(144,1,4,NULL,"2021-12-28 09:04:55",NULL,606),
(145,1,4,NULL,"2021-12-28 09:18:25",NULL,504),
(147,1,4,NULL,"2021-12-28 10:17:40",NULL,536),
(148,1,4,NULL,"2021-12-28 10:19:53",NULL,943),
(149,1,4,NULL,"2021-12-28 10:21:56",NULL,960),
(150,1,4,NULL,"2021-12-28 12:28:14",NULL,1697),
(151,1,4,NULL,"2021-12-28 13:03:32",NULL,3019),
(152,1,4,NULL,"2021-12-28 13:06:11",NULL,572),
(154,1,4,NULL,"2021-12-29 11:43:48",NULL,426),
(155,1,4,NULL,"2021-12-29 11:57:16",NULL,981),
(156,1,4,NULL,"2021-12-29 12:00:56",NULL,1081),
(157,1,4,NULL,"2021-12-29 12:08:11",NULL,560),
(158,1,4,NULL,"2021-12-29 13:08:24",NULL,2077),
(162,1,4,NULL,"2022-01-02 09:59:15",NULL,647),
(163,1,4,NULL,"2022-01-02 10:02:08",NULL,1044),
(164,1,4,NULL,"2022-01-02 10:03:30",NULL,540),
(165,1,4,NULL,"2022-01-02 10:05:30",NULL,1651),
(166,1,4,NULL,"2022-01-02 13:23:30",NULL,612),
(167,1,4,NULL,"2022-01-02 13:24:28",NULL,1489),
(168,1,4,NULL,"2022-01-02 13:27:01",NULL,1712),
(169,1,4,NULL,"2022-01-04 14:48:42",NULL,285),
(170,1,4,NULL,"2022-01-04 14:49:53",NULL,519),
(171,1,4,NULL,"2022-01-04 14:50:58",NULL,976),
(172,1,4,NULL,"2022-01-04 15:00:21",NULL,927),
(173,1,4,NULL,"2022-01-04 15:01:17",NULL,743),
(174,1,4,NULL,"2022-01-04 15:04:17",NULL,913),
(175,1,4,NULL,"2022-01-05 14:37:20",NULL,718),
(177,1,4,NULL,"2022-01-06 10:45:11",NULL,1927),
(178,1,4,NULL,"2022-01-06 10:53:54",NULL,6716),
(179,1,4,NULL,"2022-01-09 11:31:34",NULL,848),
(180,1,4,NULL,"2022-01-09 11:32:17",NULL,560),
(181,1,4,NULL,"2022-01-09 11:32:55",NULL,511),
(182,1,4,NULL,"2022-01-09 11:36:48",NULL,1341),
(183,1,4,NULL,"2022-01-09 14:04:22",NULL,2734),
(184,1,4,NULL,"2022-01-12 09:31:29",NULL,622),
(185,1,4,NULL,"2022-01-12 09:33:25",NULL,732),
(186,1,4,NULL,"2022-01-12 09:34:18",NULL,1045),
(187,1,4,NULL,"2022-01-12 09:35:23",NULL,844),
(189,1,4,NULL,"2022-01-12 09:40:33",NULL,730),
(190,1,4,NULL,"2022-01-12 10:49:36",NULL,807),
(191,1,4,NULL,"2022-01-12 10:51:59",NULL,1512),
(192,1,4,NULL,"2022-01-12 10:52:57",NULL,782),
(193,1,4,NULL,"2022-01-13 13:21:17",NULL,4730),
(195,1,4,NULL,"2022-01-16 14:36:37",NULL,588),
(196,1,4,NULL,"2022-01-20 15:01:13",NULL,2466),
(197,1,4,NULL,"2022-01-20 15:01:13",NULL,1598),
(198,1,4,NULL,"2022-01-20 15:01:13",NULL,640),
(200,1,4,NULL,"2022-01-24 14:16:02",NULL,1943),
(201,1,4,NULL,"2022-01-24 14:20:51",NULL,568),
(202,1,4,NULL,"2022-01-24 14:27:56",NULL,1672),
(205,1,4,NULL,"2022-01-31 11:10:55",NULL,1963),
(206,1,4,NULL,"2022-01-31 11:16:02",NULL,3926),
(207,1,4,NULL,"2022-02-03 13:14:21",NULL,801),
(208,1,4,NULL,"2022-02-08 13:36:31",NULL,1018),
(209,1,4,NULL,"2022-02-08 13:36:31",NULL,1070),
(210,1,4,NULL,"2022-02-13 12:05:10",NULL,1102),
(211,1,4,NULL,"2022-02-14 09:48:45",NULL,1016),
(213,1,4,NULL,"2022-03-01 10:18:23",NULL,2160),
(214,1,4,NULL,"2022-03-01 10:24:18",NULL,2720),
(215,1,4,NULL,"2022-03-01 10:36:35",NULL,2740),
(216,1,4,NULL,"2022-03-01 10:40:00",NULL,2849),
(217,1,4,NULL,"2022-03-02 08:32:28",NULL,1333),
(218,1,4,NULL,"2022-03-02 08:34:17",NULL,2849),
(219,1,4,NULL,"2022-03-02 08:39:08",NULL,1346),
(220,1,4,NULL,"2022-03-05 08:39:50",NULL,1473),
(222,1,4,NULL,"2022-03-12 09:03:10",NULL,3746),
(223,1,4,NULL,"2022-03-12 09:10:52",NULL,2562),
(224,1,4,NULL,"2022-03-12 13:09:44",NULL,1424),
(225,1,4,NULL,"2022-03-12 13:41:50",NULL,13640),
(226,1,4,NULL,"2022-03-12 13:48:37",NULL,11983),
(227,1,4,NULL,"2022-03-23 12:20:35",NULL,1344),
(228,1,4,NULL,"2022-03-23 12:20:35",NULL,1016),
(229,1,4,NULL,"2022-03-23 12:26:13",NULL,2737),
(230,1,4,NULL,"2022-03-26 11:41:56",NULL,1016),
(231,1,4,NULL,"2022-03-26 11:41:56",NULL,1307),
(232,1,4,NULL,"2022-03-26 13:38:30",NULL,1450),
(233,1,4,NULL,"2022-03-26 14:02:03",NULL,1450),
(234,1,4,NULL,"2022-03-26 14:03:54",NULL,1450),
(235,1,4,NULL,"2022-03-26 14:08:13",NULL,1477),
(236,1,4,NULL,"2022-03-26 14:17:41",NULL,1715),
(237,1,4,NULL,"2022-03-27 09:21:43",NULL,1451),
(238,1,4,NULL,"2022-03-28 08:59:38",NULL,1630),
(239,1,4,NULL,"2022-03-28 09:01:01",NULL,1572),
(240,1,4,NULL,"2022-03-28 09:02:22",NULL,1020),
(241,1,4,NULL,"2022-03-28 09:02:22",NULL,1333),
(242,1,4,NULL,"2022-03-28 10:42:22",NULL,2578),
(243,1,4,NULL,"2022-03-28 10:47:09",NULL,1308),
(244,1,4,NULL,"2022-03-29 08:25:08",NULL,1086),
(245,1,4,NULL,"2022-03-29 08:25:05",NULL,414),
(246,1,4,NULL,"2022-03-29 08:25:05",NULL,765),
(247,1,4,NULL,"2022-03-30 12:06:29",NULL,1495),
(248,1,4,NULL,"2022-03-30 12:06:29",NULL,432),
(249,1,4,NULL,"2022-03-30 12:06:29",NULL,1062),
(250,1,4,NULL,"2022-04-04 12:10:43",NULL,1692),
(251,1,4,NULL,"2022-04-04 12:10:03",NULL,583),
(252,1,4,NULL,"2022-04-04 12:10:43",NULL,1607),
(253,1,4,NULL,"2022-04-07 12:41:55",NULL,1445),
(254,1,4,NULL,"2022-04-07 12:47:35",NULL,1884),
(255,1,4,NULL,"2022-04-07 12:47:35",NULL,1440),
(256,1,4,NULL,"2022-04-09 11:39:33",NULL,1494),
(257,1,4,NULL,"2022-04-09 11:39:33",NULL,1964),
(258,1,4,NULL,"2022-04-13 09:16:49",NULL,1819),
(259,1,4,NULL,"2022-04-13 09:16:49",NULL,785),
(260,1,4,NULL,"2022-04-13 09:16:49",NULL,834),
(261,1,4,NULL,"2022-04-13 09:16:50",NULL,665),
(262,1,4,NULL,"2022-04-14 09:58:06",NULL,1577),
(264,1,4,NULL,"2022-04-16 09:33:50",NULL,810),
(265,1,4,NULL,"2022-04-19 10:41:42",NULL,690),
(266,1,4,NULL,"2022-04-19 13:55:06",NULL,2463),
(267,1,4,NULL,"2022-04-19 13:55:06",NULL,2290),
(268,1,4,NULL,"2022-04-19 13:55:06",NULL,1448),
(269,1,4,NULL,"2022-04-19 14:40:31",NULL,2119),
(270,1,4,NULL,"2022-04-26 12:11:17",NULL,1452),
(271,1,4,NULL,"2022-04-26 12:11:17",NULL,1803),
(272,1,4,NULL,"2022-04-26 12:11:17",NULL,1452),
(273,1,4,NULL,"2022-04-28 09:59:08",NULL,807),
(274,1,4,NULL,"2022-04-28 09:59:08",NULL,2029),
(275,1,4,NULL,"2022-05-10 08:22:20",NULL,1205),
(276,1,4,NULL,"2022-05-10 11:02:22",NULL,634),
(277,1,4,NULL,"2022-05-10 11:02:22",NULL,923),
(278,1,4,NULL,"2022-05-10 11:02:22",NULL,1627),
(279,1,4,NULL,"2022-05-10 11:05:38",NULL,659),
(282,1,4,NULL,"2022-05-14 10:55:16",NULL,547),
(283,1,4,NULL,"2022-05-14 10:55:42",NULL,2665),
(284,1,4,NULL,"2022-05-15 09:41:20",NULL,610),
(285,1,4,NULL,"2022-05-15 09:42:00",NULL,1084),
(286,1,4,NULL,"2022-05-15 09:48:58",NULL,547),
(287,1,4,NULL,"2022-05-16 10:50:35",NULL,517),
(288,1,4,NULL,"2022-05-16 10:50:36",NULL,1721),
(289,1,4,NULL,"2022-05-17 10:10:43",NULL,3721),
(290,1,4,NULL,"2022-05-18 14:54:39",NULL,538),
(291,1,4,NULL,"2022-05-18 14:54:39",NULL,538),
(292,1,4,NULL,"2022-05-18 14:54:39",NULL,1304),
(293,1,4,NULL,"2022-05-18 14:56:41",NULL,2126),
(294,1,4,NULL,"2022-05-22 11:46:18",NULL,1520),
(295,1,4,NULL,"2022-05-22 11:46:18",NULL,834),
(296,1,4,NULL,"2022-05-31 15:32:10",NULL,1522),
(297,1,4,NULL,"2022-05-31 15:32:11",NULL,2874),
(298,1,4,NULL,"2022-06-01 13:47:46",NULL,2334),
(300,1,4,NULL,"2022-06-04 15:13:47",NULL,1664),
(301,1,4,NULL,"2022-06-05 10:46:42",NULL,793),
(302,1,4,NULL,"2022-06-05 10:46:42",NULL,1236),
(303,1,4,NULL,"2022-06-05 10:48:10",NULL,1612),
(304,1,4,NULL,"2022-06-05 10:48:14",NULL,1005),
(305,1,4,NULL,"2022-06-05 10:51:55",NULL,1451),
(306,1,4,NULL,"2022-06-06 09:56:30",NULL,643),
(307,1,4,NULL,"2022-06-06 09:57:08",NULL,913),
(308,1,4,NULL,"2022-06-06 09:57:08",NULL,780),
(309,1,4,NULL,"2022-06-06 09:59:02",NULL,2594),
(310,1,4,NULL,"2022-06-08 10:19:55",NULL,459),
(311,1,4,NULL,"2022-06-08 10:19:56",NULL,1176),
(312,1,4,NULL,"2022-06-08 10:37:07",NULL,684),
(313,1,4,NULL,"2022-06-08 10:43:25",NULL,703),
(314,1,4,NULL,"2022-06-08 10:43:25",NULL,613),
(315,1,4,NULL,"2022-06-08 10:43:25",NULL,611),
(316,1,4,NULL,"2022-06-14 13:13:36",NULL,2713),
(317,1,4,NULL,"2022-06-14 13:14:09",NULL,754),
(318,1,4,NULL,"2022-06-14 13:14:09",NULL,1444),
(319,1,4,NULL,"2022-06-14 13:17:38",NULL,1815),
(322,1,4,NULL,"2022-06-18 08:41:34",NULL,800),
(323,1,4,NULL,"2022-06-18 10:20:22",NULL,1211),
(324,1,4,NULL,"2022-06-18 10:33:59",NULL,1398),
(325,1,4,NULL,"2022-06-18 10:33:59",NULL,3111),
(326,1,4,NULL,"2022-06-18 12:02:48",NULL,2164),
(328,1,4,NULL,"2022-06-18 15:17:16",NULL,1144),
(329,1,4,NULL,"2022-06-20 11:34:27",NULL,1593),
(332,1,4,NULL,"2022-06-20 11:47:14",NULL,412),
(333,1,4,NULL,"2022-06-22 13:01:18",NULL,750),
(334,1,4,NULL,"2022-06-22 13:05:25",NULL,1287),
(335,1,4,NULL,"2022-06-22 13:22:50",NULL,585),
(336,1,4,NULL,"2022-06-22 13:42:06",NULL,708),
(337,1,4,NULL,"2022-06-27 09:34:17",NULL,1422),
(338,1,4,NULL,"2022-06-28 13:26:45",NULL,2010),
(339,1,4,NULL,"2022-07-03 13:56:31",NULL,2090),
(340,1,4,NULL,"2022-07-06 09:38:28",NULL,2411),
(341,1,4,NULL,"2022-07-07 09:24:39",NULL,2090),
(342,1,4,NULL,"2022-07-17 09:04:37",NULL,2826),
(343,1,4,NULL,"2022-07-20 15:34:14",NULL,994),
(344,1,4,NULL,"2022-07-24 11:10:28",NULL,686),
(345,1,4,NULL,"2022-07-24 11:10:28",NULL,2816),
(346,1,4,NULL,"2022-07-24 11:10:28",NULL,2346),
(347,1,4,NULL,"2022-07-30 10:14:43",NULL,2070),
(348,1,4,NULL,"2022-08-01 14:21:20",NULL,3494),
(349,1,4,NULL,"2022-08-04 09:57:45",NULL,1469),
(350,1,4,NULL,"2022-08-04 09:57:45",NULL,2070),
(351,1,4,NULL,"2022-08-11 11:12:58",NULL,2551),
(352,1,4,NULL,"2022-08-13 15:01:59",NULL,2246),
(354,1,4,NULL,"2022-08-20 12:55:14",NULL,3194),
(355,1,4,NULL,"2022-08-28 10:08:37",NULL,2052),
(356,1,4,NULL,"2022-09-03 14:08:56",NULL,2172),
(357,1,4,NULL,"2022-09-04 12:59:19",NULL,626),
(358,1,4,NULL,"2022-09-04 13:01:07",NULL,876),
(359,1,4,NULL,"2022-09-06 10:47:50",NULL,650),
(360,1,4,NULL,"2022-09-06 10:47:50",NULL,636),
(361,1,4,NULL,"2022-09-06 10:47:50",NULL,668),
(362,1,4,NULL,"2022-09-06 10:47:50",NULL,643),
(363,1,4,NULL,"2022-09-06 10:51:15",NULL,2211),
(364,1,4,NULL,"2022-09-11 14:19:54",NULL,3010),
(365,1,4,NULL,"2022-09-11 14:19:54",NULL,2415),
(366,1,4,NULL,"2022-09-11 14:19:54",NULL,1039),
(367,1,4,NULL,"2022-09-12 11:12:52",NULL,1360),
(368,1,4,NULL,"2022-09-12 11:18:13",NULL,2070),
(369,1,4,NULL,"2022-09-15 12:51:13",NULL,1173),
(370,1,4,NULL,"2022-09-15 12:51:13",NULL,1037),
(371,1,4,NULL,"2022-09-15 12:51:13",NULL,530),
(374,1,4,NULL,"2022-09-22 11:23:08",NULL,925),
(375,1,4,NULL,"2022-09-22 11:40:09",NULL,2217),
(376,1,4,NULL,"2022-09-22 11:40:09",NULL,890),
(377,1,4,NULL,"2022-09-22 11:51:29",NULL,2621),
(378,1,4,NULL,"2022-09-27 09:21:53",NULL,643),
(379,1,4,NULL,"2022-09-27 09:24:03",NULL,951),
(380,1,4,NULL,"2022-09-27 09:24:34",NULL,775),
(382,1,4,NULL,"2022-09-27 09:27:42",NULL,1205),
(383,1,4,NULL,"2022-09-27 09:29:12",NULL,1173),
(384,1,4,NULL,"2022-09-29 11:40:38",NULL,1209),
(385,1,4,NULL,"2022-09-29 11:45:38",NULL,1725),
(386,1,4,NULL,"2022-09-29 11:57:02",NULL,1597),
(387,1,4,NULL,"2022-10-06 14:05:22",NULL,1896),
(388,1,4,NULL,"2022-10-08 13:45:03",NULL,3127),
(389,1,4,NULL,"2022-10-11 11:29:10",NULL,3666),
(390,1,4,NULL,"2022-10-12 14:55:00",NULL,1500),
(391,1,4,NULL,"2022-10-16 13:25:48",NULL,600),
(392,1,4,NULL,"2022-10-26 11:43:26",NULL,649),
(393,1,4,NULL,"2022-10-30 08:05:45",NULL,1420),
(394,1,4,NULL,"2022-11-03 13:26:11",NULL,640),
(395,1,4,NULL,"2022-11-03 13:40:32",NULL,1421),
(396,1,4,NULL,"2022-11-06 14:32:13",NULL,751),
(397,1,4,NULL,"2022-11-06 14:32:13",NULL,758),
(400,1,4,NULL,"2022-11-06 14:32:13",NULL,1306),
(401,1,4,NULL,"2022-11-06 14:33:36",NULL,1745),
(402,1,4,NULL,"2022-11-07 10:30:03",NULL,1810),
(403,1,4,NULL,"2022-11-08 14:47:29",NULL,1516),
(73,2,1,NULL,"2021-10-26 15:23:28",NULL,1500),
(159,2,16,NULL,"2021-12-30 13:03:48",NULL,487),
(160,2,16,NULL,"2021-12-30 13:06:07",NULL,1081),
(161,2,16,NULL,"2021-12-30 13:15:10",NULL,15),
(327,2,1,NULL,"2022-06-18 15:11:09",NULL,14256);


DROP TABLE IF EXISTS `extended_products_outputs`;

CREATE ALGORITHM=UNDEFINED DEFINER=`root`@`localhost` SQL SECURITY DEFINER VIEW `extended_products_outputs` AS select `products_outputs`.`iD` AS `iD`,`products_outputs`.`WarehouseID` AS `WarehouseID`,`products_outputs`.`EmployeeID` AS `EmployeeID`,`products_outputs`.`CargoTransID` AS `CargoTransID`,`products_outputs`.`date` AS `date`,`products_outputs`.`comments` AS `comments`,sum(`products_outputs_details`.`quantity`) AS `quantity` from (`products_outputs` join `products_outputs_details` on(`products_outputs`.`iD` = `products_outputs_details`.`ProductOutputID`)) group by `products_outputs`.`WarehouseID`,`products_outputs`.`iD`;

INSERT INTO `extended_products_outputs` VALUES (2,1,1,NULL,"2021-08-31 01:22:54",NULL,512),
(8,1,1,NULL,"2021-09-15 11:27:15",NULL,6469),
(9,1,1,NULL,"2021-09-14 10:19:27",NULL,3328),
(10,1,1,NULL,"2021-09-13 10:24:57",NULL,3306),
(13,1,1,NULL,"2021-09-22 11:49:23",NULL,2623),
(15,1,1,NULL,"2021-09-23 09:32:59","مباع",270),
(17,1,1,NULL,"2021-09-27 11:41:37","مباع سابقا",218),
(47,1,4,NULL,"2021-10-10 12:59:46",NULL,1556),
(48,1,1,NULL,"2021-10-10 13:14:16",NULL,1270),
(49,1,1,NULL,"2021-10-10 13:15:25",NULL,1932),
(50,1,1,NULL,"2021-10-11 10:07:39","للتأكد من المبيع",5165),
(51,1,1,NULL,"2021-10-11 10:37:09",NULL,575),
(52,1,1,NULL,"2021-10-11 14:49:35",NULL,916),
(53,1,1,NULL,"2021-10-18 12:20:37",NULL,1541),
(54,1,1,NULL,"2021-10-18 20:36:52",NULL,301),
(55,1,1,NULL,"2021-10-18 20:41:54","اخراج الهدؤ",1099),
(56,1,1,NULL,"2021-10-20 14:44:11",NULL,2),
(74,1,4,NULL,"2021-11-01 14:58:09",NULL,1693),
(97,1,1,NULL,"2021-11-09 10:48:35","مخرج سابقا طلب حركه ماده للتاكد",11886),
(98,1,1,NULL,"2021-11-09 11:08:24","مخرج إلى عماد شاكر",387),
(99,1,1,NULL,"2021-11-09 11:10:43","مخرج إلى محمود قضماني",3027),
(114,1,16,NULL,"2021-12-23 13:40:44",NULL,1982),
(204,1,1,NULL,"2022-02-17 11:01:31","ممكن فاتوره مو مسجله",88),
(369,1,4,NULL,"2022-09-22 11:40:09",NULL,2217),
(3,2,1,NULL,"2021-09-14 10:14:14",NULL,452),
(4,2,1,NULL,"2021-09-14 10:20:54",NULL,370),
(5,2,1,NULL,"2021-09-14 10:23:25",NULL,543),
(6,2,4,NULL,"2021-09-14 13:15:37",NULL,395),
(7,2,1,NULL,"2021-09-10 11:29:43","مباع سابقا",8625),
(11,2,1,NULL,"2021-09-18 09:25:07",NULL,2393),
(12,2,1,NULL,"2021-09-20 13:03:27",NULL,947),
(14,2,1,NULL,"2021-09-22 11:52:45",NULL,2206),
(16,2,1,NULL,"2021-09-26 15:32:20",NULL,669),
(18,2,1,NULL,"2021-09-28 10:46:57",NULL,1588),
(19,2,1,NULL,"2021-09-28 12:19:44",NULL,287),
(20,2,1,NULL,"2021-09-28 12:19:44",NULL,336),
(21,2,1,NULL,"2021-09-28 12:19:46",NULL,372),
(22,2,1,NULL,"2021-09-28 13:09:51",NULL,1737),
(23,2,1,NULL,"2021-09-28 13:21:01",NULL,1213),
(24,2,1,NULL,"2021-09-30 12:22:41",NULL,1667),
(25,2,1,NULL,"2021-09-30 12:22:41",NULL,592),
(26,2,4,NULL,"2021-10-04 10:34:58",NULL,2234),
(27,2,4,NULL,"2021-10-04 10:37:33",NULL,2169),
(28,2,4,NULL,"2021-10-04 11:40:06",NULL,4749),
(29,2,4,NULL,"2021-10-04 13:39:51",NULL,1600),
(30,2,4,NULL,"2021-10-04 13:39:51",NULL,1500),
(31,2,4,NULL,"2021-10-04 13:54:44",NULL,301),
(32,2,4,NULL,"2021-10-04 13:54:44",NULL,301),
(41,2,4,NULL,"2021-10-10 11:16:02",NULL,654),
(44,2,4,NULL,"2021-10-10 12:52:06",NULL,1358),
(45,2,4,NULL,"2021-10-10 12:52:06",NULL,2491),
(46,2,4,NULL,"2021-10-10 12:57:59",NULL,855),
(57,2,4,NULL,"2021-10-23 16:03:41",NULL,753),
(59,2,1,NULL,"2021-10-25 11:16:26",NULL,1816),
(60,2,1,NULL,"2021-10-25 11:18:17",NULL,555),
(62,2,1,NULL,"2021-10-25 11:40:55",NULL,2907),
(63,2,1,NULL,"2021-10-26 13:04:10",NULL,971),
(65,2,4,NULL,"2021-10-27 11:22:29",NULL,872),
(66,2,4,NULL,"2021-10-27 11:25:59",NULL,785),
(68,2,4,NULL,"2021-10-27 12:54:20",NULL,3246),
(69,2,4,NULL,"2021-10-27 13:07:49",NULL,1117),
(70,2,1,NULL,"2021-10-27 15:26:25",NULL,7631),
(71,2,4,NULL,"2021-11-01 12:37:38",NULL,2097),
(72,2,4,NULL,"2021-11-01 12:41:33",NULL,2365),
(73,2,4,NULL,"2021-11-01 12:44:32",NULL,1118),
(75,2,4,NULL,"2021-11-01 15:12:45",NULL,518),
(76,2,4,NULL,"2021-11-01 15:16:22",NULL,528),
(77,2,4,NULL,"2021-11-01 15:22:12",NULL,509),
(85,2,4,NULL,"2021-11-03 09:38:08",NULL,2552),
(86,2,4,NULL,"2021-11-03 09:43:53",NULL,725),
(87,2,1,NULL,"2021-11-03 10:13:23",NULL,7326),
(88,2,1,NULL,"2021-11-03 10:16:56",NULL,3027),
(89,2,4,NULL,"2021-11-03 12:04:36",NULL,625),
(90,2,4,NULL,"2021-11-03 13:38:24",NULL,2801),
(91,2,1,NULL,"2021-11-04 09:36:50",NULL,4717),
(92,2,1,NULL,"2021-11-07 10:49:31","مباع الى عامر فتال",1315),
(93,2,4,NULL,"2021-11-07 11:23:58",NULL,7068),
(94,2,4,NULL,"2021-11-07 12:22:53",NULL,2450),
(95,2,4,NULL,"2021-11-07 13:11:19",NULL,3670),
(96,2,4,NULL,"2021-11-08 09:38:52",NULL,5760),
(100,2,1,NULL,"2021-11-17 13:57:46",NULL,2571),
(101,2,1,NULL,"2021-11-18 11:46:45",NULL,721),
(102,2,1,NULL,"2021-11-18 11:59:46",NULL,617),
(103,2,1,NULL,"2021-11-23 11:37:36",NULL,725),
(104,2,4,NULL,"2021-12-09 10:06:36",NULL,236),
(105,2,4,NULL,"2021-12-09 10:11:38",NULL,300),
(106,2,4,NULL,"2021-12-22 13:28:15",NULL,504),
(107,2,4,NULL,"2021-12-22 13:30:30",NULL,612),
(108,2,4,NULL,"2021-12-22 13:36:12",NULL,2560),
(110,2,4,NULL,"2021-12-23 12:47:57",NULL,269),
(111,2,4,NULL,"2021-12-23 13:40:06",NULL,809),
(112,2,4,NULL,"2021-12-23 13:40:40",NULL,2212),
(113,2,4,NULL,"2021-12-23 13:41:42",NULL,3526),
(115,2,4,NULL,"2021-12-23 14:51:29",NULL,629),
(116,2,4,NULL,"2021-12-23 15:54:00",NULL,3104),
(117,2,4,NULL,"2021-12-25 09:22:03",NULL,2910),
(118,2,4,NULL,"2021-12-25 11:05:44",NULL,802),
(119,2,4,NULL,"2021-12-25 11:13:08",NULL,2947),
(120,2,4,NULL,"2021-12-25 11:17:39",NULL,510),
(121,2,4,NULL,"2021-12-25 11:33:52",NULL,721),
(122,2,4,NULL,"2021-12-25 11:37:21",NULL,554),
(123,2,4,NULL,"2021-12-25 11:41:46",NULL,594),
(124,2,4,NULL,"2021-12-25 11:42:00",NULL,1888),
(125,2,4,NULL,"2021-12-25 11:42:38",NULL,826),
(126,2,4,NULL,"2021-12-25 13:51:08",NULL,801),
(129,2,4,NULL,"2021-12-27 13:37:46",NULL,1611),
(130,2,4,NULL,"2021-12-27 13:56:32",NULL,1933),
(132,2,4,NULL,"2021-12-27 14:42:40",NULL,1398),
(133,2,4,NULL,"2021-12-27 14:56:03",NULL,6326),
(135,2,4,NULL,"2021-12-27 15:20:07",NULL,1495),
(136,2,4,NULL,"2021-12-28 08:57:19",NULL,1911),
(137,2,4,NULL,"2021-12-28 09:04:55",NULL,606),
(138,2,4,NULL,"2021-12-28 09:18:25",NULL,504),
(140,2,4,NULL,"2021-12-28 10:17:40",NULL,536),
(141,2,4,NULL,"2021-12-28 10:19:53",NULL,943),
(142,2,4,NULL,"2021-12-28 10:21:56",NULL,949),
(143,2,4,NULL,"2021-12-28 12:28:14",NULL,1697),
(144,2,4,NULL,"2021-12-28 13:03:32",NULL,2926),
(145,2,4,NULL,"2021-12-28 13:06:11",NULL,572),
(147,2,4,NULL,"2021-12-29 11:43:48",NULL,426),
(148,2,4,NULL,"2021-12-29 11:57:16",NULL,981),
(149,2,4,NULL,"2021-12-29 12:00:56",NULL,1081),
(150,2,4,NULL,"2021-12-29 12:08:11",NULL,560),
(151,2,4,NULL,"2021-12-29 13:08:24",NULL,2077),
(152,2,16,NULL,"2021-12-30 13:02:13",NULL,478),
(153,2,16,NULL,"2021-12-30 13:14:23",NULL,2),
(154,2,4,NULL,"2022-01-02 09:59:15",NULL,647),
(155,2,4,NULL,"2022-01-02 10:02:08",NULL,1043),
(156,2,4,NULL,"2022-01-02 10:03:30",NULL,540),
(157,2,4,NULL,"2022-01-02 10:05:30",NULL,1651),
(158,2,4,NULL,"2022-01-02 13:23:30",NULL,612),
(159,2,4,NULL,"2022-01-02 13:24:28",NULL,1489),
(160,2,4,NULL,"2022-01-02 13:27:01",NULL,1712),
(161,2,4,NULL,"2022-01-04 14:48:42",NULL,285),
(162,2,4,NULL,"2022-01-04 14:49:53",NULL,519),
(163,2,4,NULL,"2022-01-04 14:50:58",NULL,976),
(164,2,4,NULL,"2022-01-04 15:00:21",NULL,927),
(165,2,4,NULL,"2022-01-04 15:01:17",NULL,743),
(166,2,4,NULL,"2022-01-04 15:04:17",NULL,913),
(167,2,4,NULL,"2022-01-05 14:37:20",NULL,718),
(169,2,4,NULL,"2022-01-06 10:45:11",NULL,1927),
(170,2,4,NULL,"2022-01-06 10:53:54",NULL,4112),
(171,2,4,NULL,"2022-01-09 11:31:34",NULL,806),
(172,2,4,NULL,"2022-01-09 11:32:17",NULL,560),
(173,2,4,NULL,"2022-01-09 11:32:55",NULL,511),
(174,2,4,NULL,"2022-01-09 11:36:48",NULL,1341),
(175,2,4,NULL,"2022-01-09 14:04:22",NULL,2734),
(176,2,4,NULL,"2022-01-12 09:31:29",NULL,622),
(177,2,4,NULL,"2022-01-12 09:33:25",NULL,732),
(178,2,4,NULL,"2022-01-12 09:34:18",NULL,1045),
(179,2,4,NULL,"2022-01-12 09:35:23",NULL,844),
(181,2,4,NULL,"2022-01-12 09:40:33",NULL,730),
(182,2,4,NULL,"2022-01-12 10:49:36",NULL,807),
(183,2,4,NULL,"2022-01-12 10:51:59",NULL,1507),
(184,2,4,NULL,"2022-01-12 10:52:57",NULL,782),
(185,2,4,NULL,"2022-01-13 13:21:17",NULL,4593),
(187,2,4,NULL,"2022-01-16 14:36:37",NULL,588),
(188,2,4,NULL,"2022-01-20 15:01:13",NULL,2466),
(189,2,4,NULL,"2022-01-20 15:01:13",NULL,1598),
(190,2,4,NULL,"2022-01-20 15:01:13",NULL,640),
(192,2,4,NULL,"2022-01-24 14:16:02",NULL,1943),
(193,2,4,NULL,"2022-01-24 14:20:51",NULL,568),
(194,2,4,NULL,"2022-01-24 14:27:56",NULL,1672),
(197,2,4,NULL,"2022-01-31 11:10:55",NULL,1963),
(198,2,4,NULL,"2022-01-31 11:16:02",NULL,3926),
(199,2,4,NULL,"2022-02-03 13:14:21",NULL,781),
(200,2,4,NULL,"2022-02-08 13:36:31",NULL,1018),
(201,2,4,NULL,"2022-02-08 13:36:31",NULL,1070),
(202,2,4,NULL,"2022-02-13 12:05:10",NULL,1086),
(203,2,4,NULL,"2022-02-14 09:48:45",NULL,1016),
(206,2,4,NULL,"2022-03-01 10:18:23",NULL,2116),
(207,2,4,NULL,"2022-03-01 10:24:18",NULL,2634),
(208,2,4,NULL,"2022-03-01 10:36:35",NULL,2647),
(209,2,4,NULL,"2022-03-01 10:40:00",NULL,2849),
(210,2,4,NULL,"2022-03-02 08:32:28",NULL,1259),
(211,2,4,NULL,"2022-03-02 08:34:17",NULL,2849),
(212,2,4,NULL,"2022-03-02 08:39:08",NULL,1317),
(213,2,4,NULL,"2022-03-05 08:39:50",NULL,1454),
(215,2,4,NULL,"2022-03-12 09:03:10",NULL,3675),
(216,2,4,NULL,"2022-03-12 09:10:52",NULL,2541),
(217,2,4,NULL,"2022-03-12 13:09:44",NULL,1355),
(218,2,4,NULL,"2022-03-12 13:41:50",NULL,13567),
(219,2,4,NULL,"2022-03-12 13:48:37",NULL,10864),
(220,2,1,NULL,"2022-03-14 00:27:55",NULL,373),
(221,2,4,NULL,"2022-03-23 12:20:35",NULL,1344),
(222,2,4,NULL,"2022-03-23 12:20:35",NULL,1016),
(223,2,4,NULL,"2022-03-23 12:26:13",NULL,2737),
(224,2,4,NULL,"2022-03-26 11:41:56",NULL,1016),
(225,2,4,NULL,"2022-03-26 11:41:56",NULL,1307),
(226,2,4,NULL,"2022-03-26 13:38:30",NULL,1450),
(227,2,4,NULL,"2022-03-26 14:02:03",NULL,1450),
(228,2,4,NULL,"2022-03-26 14:03:54",NULL,1450),
(229,2,4,NULL,"2022-03-26 14:08:13",NULL,1477),
(230,2,4,NULL,"2022-03-26 14:17:41",NULL,1658),
(231,2,4,NULL,"2022-03-27 09:21:43",NULL,1450),
(232,2,4,NULL,"2022-03-28 08:59:38",NULL,1630),
(233,2,4,NULL,"2022-03-28 09:01:01",NULL,1510),
(234,2,4,NULL,"2022-03-28 09:02:22",NULL,1000),
(235,2,4,NULL,"2022-03-28 09:02:22",NULL,1333),
(236,2,4,NULL,"2022-03-28 10:42:22",NULL,2578),
(237,2,4,NULL,"2022-03-28 10:47:09",NULL,1265),
(238,2,4,NULL,"2022-03-29 08:25:08",NULL,1086),
(239,2,4,NULL,"2022-03-29 08:25:05",NULL,414),
(240,2,4,NULL,"2022-03-29 08:25:05",NULL,765),
(241,2,4,NULL,"2022-03-30 12:06:29",NULL,1495),
(242,2,4,NULL,"2022-03-30 12:06:29",NULL,432),
(243,2,4,NULL,"2022-03-30 12:06:29",NULL,1062),
(244,2,4,NULL,"2022-04-04 12:10:43",NULL,1453),
(245,2,4,NULL,"2022-04-04 12:10:03",NULL,583),
(246,2,4,NULL,"2022-04-04 12:10:43",NULL,1607),
(247,2,4,NULL,"2022-04-07 12:41:55",NULL,1445),
(248,2,4,NULL,"2022-04-07 12:47:35",NULL,1445),
(249,2,4,NULL,"2022-04-07 12:47:35",NULL,1440),
(250,2,4,NULL,"2022-04-09 11:39:33",NULL,1),
(251,2,4,NULL,"2022-04-09 11:39:33",NULL,1),
(252,2,4,NULL,"2022-04-13 09:16:49",NULL,1782),
(253,2,4,NULL,"2022-04-13 09:16:49",NULL,785),
(254,2,4,NULL,"2022-04-13 09:16:49",NULL,834),
(255,2,4,NULL,"2022-04-13 09:16:50",NULL,665),
(256,2,4,NULL,"2022-04-14 09:58:06",NULL,1535),
(258,2,4,NULL,"2022-04-16 09:33:50",NULL,810),
(259,2,4,NULL,"2022-04-19 10:41:42",NULL,690),
(260,2,4,NULL,"2022-04-19 13:55:06",NULL,2463),
(261,2,4,NULL,"2022-04-19 13:55:06",NULL,2290),
(262,2,4,NULL,"2022-04-19 13:55:06",NULL,1448),
(263,2,4,NULL,"2022-04-19 14:40:31",NULL,1450),
(264,2,4,NULL,"2022-04-26 12:11:17",NULL,1452),
(265,2,4,NULL,"2022-04-26 12:11:17",NULL,1460),
(266,2,4,NULL,"2022-04-26 12:11:17",NULL,1452),
(267,2,4,NULL,"2022-04-28 09:59:08",NULL,807),
(268,2,4,NULL,"2022-04-28 09:59:08",NULL,2029),
(269,2,4,NULL,"2022-05-10 08:22:20",NULL,1205),
(270,2,4,NULL,"2022-05-10 11:02:22",NULL,634),
(271,2,4,NULL,"2022-05-10 11:02:22",NULL,923),
(272,2,4,NULL,"2022-05-10 11:02:22",NULL,1627),
(273,2,4,NULL,"2022-05-10 11:05:38",NULL,659),
(275,2,4,NULL,"2022-05-14 10:55:16",NULL,1721),
(276,2,4,NULL,"2022-05-14 10:55:16",NULL,547),
(277,2,4,NULL,"2022-05-14 10:55:42",NULL,2665),
(278,2,4,NULL,"2022-05-15 09:41:20",NULL,610),
(279,2,4,NULL,"2022-05-15 09:42:00",NULL,1084),
(280,2,4,NULL,"2022-05-15 09:48:58",NULL,547),
(281,2,4,NULL,"2022-05-16 10:50:35",NULL,517),
(282,2,4,NULL,"2022-05-16 10:50:36",NULL,1721),
(283,2,4,NULL,"2022-05-17 10:10:43",NULL,3721),
(284,2,4,NULL,"2022-05-18 14:54:39",NULL,538),
(285,2,4,NULL,"2022-05-18 14:54:39",NULL,538),
(286,2,4,NULL,"2022-05-18 14:54:39",NULL,1304),
(287,2,4,NULL,"2022-05-18 14:56:41",NULL,2126),
(288,2,4,NULL,"2022-05-22 11:46:18",NULL,1520),
(289,2,4,NULL,"2022-05-22 11:46:18",NULL,834),
(290,2,4,NULL,"2022-05-31 15:32:10",NULL,1522),
(291,2,4,NULL,"2022-05-31 15:32:11",NULL,2117),
(292,2,4,NULL,"2022-06-01 13:47:46",NULL,2334),
(294,2,4,NULL,"2022-06-04 15:13:47",NULL,1664),
(295,2,4,NULL,"2022-06-05 10:46:42",NULL,793),
(296,2,4,NULL,"2022-06-05 10:46:42",NULL,1236),
(297,2,4,NULL,"2022-06-05 10:48:10",NULL,1517),
(298,2,4,NULL,"2022-06-05 10:48:14",NULL,1005),
(299,2,4,NULL,"2022-06-05 10:51:55",NULL,1451),
(300,2,4,NULL,"2022-06-06 09:56:30",NULL,643),
(301,2,4,NULL,"2022-06-06 09:57:08",NULL,913),
(302,2,4,NULL,"2022-06-06 09:57:08",NULL,780),
(303,2,4,NULL,"2022-06-06 09:59:02",NULL,2594),
(304,2,4,NULL,"2022-06-08 10:19:55",NULL,459),
(305,2,4,NULL,"2022-06-08 10:19:56",NULL,1176),
(306,2,4,NULL,"2022-06-08 10:37:07",NULL,684),
(307,2,4,NULL,"2022-06-08 10:43:25",NULL,703),
(308,2,4,NULL,"2022-06-08 10:43:25",NULL,613),
(309,2,4,NULL,"2022-06-08 10:43:25",NULL,611),
(310,2,4,NULL,"2022-06-14 13:13:36",NULL,2626),
(311,2,4,NULL,"2022-06-14 13:14:09",NULL,754),
(312,2,4,NULL,"2022-06-14 13:14:09",NULL,1444),
(313,2,4,NULL,"2022-06-14 13:17:38",NULL,1773),
(314,2,4,NULL,"2022-06-18 08:40:40",NULL,1352),
(316,2,4,NULL,"2022-06-18 08:41:34",NULL,800),
(317,2,4,NULL,"2022-06-18 10:20:22",NULL,1211),
(318,2,4,NULL,"2022-06-18 10:33:59",NULL,1352),
(319,2,4,NULL,"2022-06-18 10:33:59",NULL,3111),
(320,2,4,NULL,"2022-06-18 12:02:48",NULL,2164),
(321,2,1,NULL,"2022-06-18 15:13:40",NULL,769),
(322,2,4,NULL,"2022-06-18 15:17:16",NULL,1144),
(323,2,4,NULL,"2022-06-20 11:34:27",NULL,712),
(324,2,4,NULL,"2022-06-20 11:34:27",NULL,860),
(326,2,4,NULL,"2022-06-20 11:47:14",NULL,412),
(327,2,4,NULL,"2022-06-22 13:01:18",NULL,737),
(328,2,4,NULL,"2022-06-22 13:05:25",NULL,1287),
(329,2,4,NULL,"2022-06-22 13:22:50",NULL,585),
(330,2,4,NULL,"2022-06-22 13:42:06",NULL,708),
(331,2,4,NULL,"2022-06-27 09:34:17",NULL,1422),
(332,2,4,NULL,"2022-06-28 13:26:45",NULL,2010),
(333,2,4,NULL,"2022-07-03 13:56:31",NULL,2090),
(334,2,4,NULL,"2022-07-06 09:38:28",NULL,2002),
(335,2,4,NULL,"2022-07-07 09:24:39",NULL,2090),
(336,2,4,NULL,"2022-07-17 09:04:37",NULL,2826),
(337,2,4,NULL,"2022-07-20 15:34:14",NULL,994),
(338,2,4,NULL,"2022-07-24 11:10:28",NULL,686),
(339,2,4,NULL,"2022-07-24 11:10:28",NULL,2816),
(340,2,4,NULL,"2022-07-24 11:10:28",NULL,2346),
(341,2,4,NULL,"2022-07-30 10:14:43",NULL,2070),
(342,2,4,NULL,"2022-08-01 14:21:20",NULL,2912),
(343,2,4,NULL,"2022-08-04 09:57:45",NULL,1469),
(344,2,4,NULL,"2022-08-04 09:57:45",NULL,2070),
(345,2,4,NULL,"2022-08-11 11:12:58",NULL,2551),
(346,2,4,NULL,"2022-08-13 15:01:59",NULL,2246),
(348,2,4,NULL,"2022-08-20 12:55:14",NULL,3194),
(349,2,4,NULL,"2022-08-28 10:08:37",NULL,1998),
(350,2,4,NULL,"2022-09-03 14:08:56",NULL,2090),
(351,2,4,NULL,"2022-09-04 12:59:19",NULL,626),
(352,2,4,NULL,"2022-09-04 13:01:07",NULL,876),
(353,2,4,NULL,"2022-09-06 10:47:50",NULL,650),
(354,2,4,NULL,"2022-09-06 10:47:50",NULL,636),
(355,2,4,NULL,"2022-09-06 10:47:50",NULL,668),
(356,2,4,NULL,"2022-09-06 10:47:50",NULL,643),
(357,2,4,NULL,"2022-09-06 10:51:15",NULL,2211),
(358,2,4,NULL,"2022-09-11 14:19:54",NULL,2980),
(359,2,4,NULL,"2022-09-11 14:19:54",NULL,2415),
(360,2,4,NULL,"2022-09-11 14:19:54",NULL,1039),
(361,2,4,NULL,"2022-09-12 11:12:52",NULL,1360),
(362,2,4,NULL,"2022-09-12 11:18:13",NULL,2070),
(363,2,4,NULL,"2022-09-15 12:51:13",NULL,1173),
(364,2,4,NULL,"2022-09-15 12:51:13",NULL,1037),
(365,2,4,NULL,"2022-09-15 12:51:13",NULL,530),
(367,2,4,NULL,"2022-09-22 11:11:34",NULL,2217),
(368,2,4,NULL,"2022-09-22 11:23:08",NULL,925),
(370,2,4,NULL,"2022-09-22 11:40:09",NULL,890),
(371,2,4,NULL,"2022-09-22 11:51:29",NULL,2555),
(372,2,4,NULL,"2022-09-27 09:21:53",NULL,643),
(373,2,4,NULL,"2022-09-27 09:24:03",NULL,951),
(374,2,4,NULL,"2022-09-27 09:24:34",NULL,775),
(376,2,4,NULL,"2022-09-27 09:27:42",NULL,1205),
(377,2,4,NULL,"2022-09-27 09:29:12",NULL,1173),
(378,2,4,NULL,"2022-09-29 11:40:38",NULL,1209),
(379,2,4,NULL,"2022-09-29 11:45:38",NULL,1725),
(380,2,4,NULL,"2022-09-29 11:57:02",NULL,1597),
(381,2,4,NULL,"2022-10-06 14:05:22",NULL,1896),
(382,2,4,NULL,"2022-10-08 13:45:03",NULL,2987),
(383,2,4,NULL,"2022-10-11 11:29:10",NULL,2677),
(384,2,4,NULL,"2022-10-12 14:55:00",NULL,1500),
(385,2,4,NULL,"2022-10-16 13:25:48",NULL,600),
(386,2,4,NULL,"2022-10-26 11:43:26",NULL,649),
(387,2,4,NULL,"2022-10-30 08:05:45",NULL,1420),
(388,2,4,NULL,"2022-11-03 13:26:11",NULL,640),
(389,2,4,NULL,"2022-11-03 13:40:32",NULL,1421),
(390,2,4,NULL,"2022-11-06 14:32:13",NULL,751),
(391,2,4,NULL,"2022-11-06 14:32:13",NULL,758),
(394,2,4,NULL,"2022-11-06 14:32:13",NULL,1306),
(395,2,4,NULL,"2022-11-06 14:33:36",NULL,1745),
(396,2,4,NULL,"2022-11-07 10:30:03",NULL,1810),
(397,2,4,NULL,"2022-11-08 14:47:29",NULL,1516);


DROP TABLE IF EXISTS `extended_purchases`;

CREATE ALGORITHM=UNDEFINED DEFINER=`root`@`localhost` SQL SECURITY DEFINER VIEW `extended_purchases` AS select `purchases`.`iD` AS `iD`,`purchases`.`EmployeeID` AS `EmployeeID`,`purchases`.`CustomerID` AS `CustomerID`,`purchases`.`CargoTransID` AS `CargoTransID`,`purchases`.`date` AS `date`,`purchases`.`billNo` AS `billNo`,`purchases`.`comments` AS `comments`,sum(`purchases_details`.`quantity`) AS `quantity`,sum(`purchases_details`.`price`) AS `extendedPrice` from (`purchases` join `purchases_details` on(`purchases`.`iD` = `purchases_details`.`PurchaseID`)) group by `purchases`.`iD`;

INSERT INTO `extended_purchases` VALUES (35,1,932,NULL,"2021-08-19 10:44:39",NULL,NULL,35959,"23193.70"),
(36,1,932,NULL,"2021-08-21 10:05:53",NULL,NULL,47770,"32483.60"),
(37,1,932,NULL,"2021-08-30 10:53:56",NULL,NULL,124296,"129267.84"),
(40,1,932,NULL,"2021-09-14 10:05:49",NULL,NULL,148703,"122579.67"),
(41,1,932,NULL,"2021-09-20 10:08:05",NULL,NULL,83415,"53802.98"),
(42,1,932,NULL,"2021-09-22 09:54:45",NULL,NULL,10448,"6900.58"),
(43,4,962,NULL,"2021-09-22 11:35:22",NULL,NULL,1275,"860.63"),
(44,1,932,NULL,"2021-09-01 10:43:54",NULL,NULL,3533,"2614.42"),
(45,1,932,NULL,"2021-09-26 14:04:45",NULL,NULL,3396,"3396.00"),
(46,1,932,NULL,"2021-09-26 15:15:28",NULL,NULL,3474,"2570.76"),
(47,1,932,NULL,"2021-09-30 12:33:27",NULL,NULL,941,"564.60"),
(48,1,932,NULL,"2021-09-01 10:15:47",NULL,NULL,1556,"1322.60"),
(49,1,1017,NULL,"2021-10-07 09:51:11",NULL,NULL,3000,"3600.00"),
(50,1,999,NULL,"2021-10-01 14:21:02",NULL,NULL,764,"679.96"),
(51,1,932,NULL,"2021-10-10 13:17:14",NULL,NULL,1744,"1290.56"),
(52,1,959,NULL,"2021-10-19 11:15:56",NULL,NULL,220,"187.00"),
(53,1,932,NULL,"2021-10-23 10:22:50",NULL,NULL,123148,"78814.72"),
(54,1,937,NULL,"2021-10-30 10:01:59",NULL,NULL,1478,"2069.20"),
(55,4,932,NULL,"2021-11-14 01:20:25",NULL,NULL,8164,"5425.93"),
(56,1,932,NULL,"2021-11-30 14:21:17",NULL,NULL,213,"191.70"),
(57,4,932,NULL,"2021-12-16 12:43:09",NULL,NULL,16085,"19302.00"),
(58,4,932,NULL,"2021-12-19 10:46:57",NULL,NULL,1787,"2144.40"),
(59,1,932,NULL,"2021-12-19 12:15:40",NULL,"تريلا رقم 2",32919,"29297.91"),
(60,1,932,NULL,"2021-12-21 01:35:51",NULL,"تريلا رقم 1",32989,"29360.21"),
(61,1,932,NULL,"2021-12-21 01:37:00",NULL,"تريلا رقم 3",32969,"29342.41"),
(62,1,932,NULL,"2021-12-21 01:38:26",NULL,"تريلا رقم 4",33454,"29774.06"),
(63,1,932,NULL,"2021-12-21 01:39:07",NULL,"تريلا رقم 5",32268,"28718.52"),
(64,16,932,NULL,"2022-01-17 11:39:20",NULL,NULL,2640,"81840.00"),
(65,1,932,NULL,"2022-01-24 03:09:27",NULL,NULL,5889,"3415.62"),
(66,1,932,NULL,"2022-02-03 12:46:27",NULL,NULL,25204,"25204.00"),
(67,1,932,NULL,"2022-02-03 01:03:46",NULL,NULL,781,"695.09"),
(69,1,932,NULL,"2022-02-08 01:28:57",NULL,NULL,125578,"125578.00"),
(71,1,966,NULL,"2022-02-16 02:18:08",NULL,NULL,1806,"2601.00"),
(72,1,932,NULL,"2022-02-20 11:34:19",NULL,NULL,7266,"4759.25"),
(73,1,932,NULL,"2022-02-21 12:40:57",NULL,NULL,2321,"963.22"),
(74,1,932,NULL,"2022-02-23 10:02:58",NULL,NULL,1857,"910.20"),
(75,1,932,NULL,"2022-02-23 02:34:35",NULL,NULL,80208,"71385.12"),
(76,1,932,NULL,"2022-03-14 12:30:58",NULL,NULL,111660,"99377.40"),
(77,1,932,NULL,"2022-03-26 01:21:11",NULL,NULL,141317,"99628.77"),
(78,1,932,NULL,"2022-04-09 15:03:58",NULL,NULL,2640,"121440.00"),
(80,1,932,NULL,"2022-04-11 03:36:22",NULL,NULL,131709,"117221.01"),
(81,1,932,NULL,"2022-04-14 01:57:49",NULL,NULL,103451,"123106.69"),
(82,1,932,NULL,"2022-07-03 01:53:23",NULL,NULL,94396,"165193.00"),
(83,1,932,NULL,"2022-09-03 02:12:39",NULL,NULL,108680,"108680.00"),
(84,1,932,NULL,"2022-09-03 02:15:17",NULL,NULL,72718,"72718.00"),
(85,1,932,NULL,"2022-09-06 02:26:23",NULL,NULL,51919,"51919.00"),
(86,1,932,NULL,"2022-10-23 11:29:24",NULL,NULL,26565,"26565.00");


DROP TABLE IF EXISTS `extended_purchases_refund`;

CREATE ALGORITHM=UNDEFINED DEFINER=`root`@`localhost` SQL SECURITY DEFINER VIEW `extended_purchases_refund` AS select `purchases`.`iD` AS `iD`,`purchases`.`EmployeeID` AS `EmployeeID`,`purchases`.`CustomerID` AS `CustomerID`,`purchases`.`CargoTransID` AS `CargoTransID`,`purchases`.`date` AS `date`,`purchases`.`billNo` AS `billNo`,`purchases`.`comments` AS `comments`,sum(`purchases_details`.`quantity`) AS `quantity`,sum(`purchases_details`.`price`) AS `extendedPrice`,sum(`purchases_refunds_purchases_details`.`quantity`) AS `refundQuantity`,sum(round(`purchases_details`.`unitPrice` * `purchases_refunds_purchases_details`.`quantity`,3)) AS `extendedRefundPrice`,sum(`purchases_details`.`discount`) AS `extendedDiscount`,sum(`purchases_details`.`quantity`) - coalesce(sum(`purchases_refunds_purchases_details`.`quantity`),0) AS `extendedNetQuantity`,sum(round(coalesce(`purchases_details`.`price`,0) - (coalesce(`purchases_details`.`discount`,0) + coalesce(`purchases_details`.`unitPrice` * `purchases_refunds_purchases_details`.`quantity`,0)),3)) AS `extendedNetPrice` from (((`purchases_details` join `purchases` on(`purchases`.`iD` = `purchases_details`.`PurchaseID`)) left join `purchases_refunds` on(`purchases`.`iD` = `purchases_refunds`.`PurchaseID`)) left join `purchases_refunds_purchases_details` on(`purchases_refunds`.`iD` = `purchases_refunds_purchases_details`.`PurchaseRefundID` and `purchases_details`.`ProductID` = `purchases_refunds_purchases_details`.`ProductID` and `purchases_details`.`iD` = `purchases_refunds_purchases_details`.`PurchaseDetailsID` and `purchases_details`.`PurchaseID` = `purchases_refunds_purchases_details`.`PurchaseID`)) group by `purchases`.`iD`;

INSERT INTO `extended_purchases_refund` VALUES (35,1,932,NULL,"2021-08-19 10:44:39",NULL,NULL,35959,"23193.70",NULL,NULL,"0.0000",35959,"23193.700"),
(36,1,932,NULL,"2021-08-21 10:05:53",NULL,NULL,47770,"32483.60",NULL,NULL,"0.0000",47770,"32483.600"),
(37,1,932,NULL,"2021-08-30 10:53:56",NULL,NULL,124296,"129267.84",NULL,NULL,"0.0000",124296,"129267.840"),
(40,1,932,NULL,"2021-09-14 10:05:49",NULL,NULL,148703,"122579.67",NULL,NULL,"0.0000",148703,"122579.670"),
(41,1,932,NULL,"2021-09-20 10:08:05",NULL,NULL,83415,"53802.98",NULL,NULL,"0.0000",83415,"53802.980"),
(42,1,932,NULL,"2021-09-22 09:54:45",NULL,NULL,10448,"6900.58",NULL,NULL,"0.0000",10448,"6900.580"),
(43,4,962,NULL,"2021-09-22 11:35:22",NULL,NULL,1275,"860.63",NULL,NULL,"0.0000",1275,"860.630"),
(44,1,932,NULL,"2021-09-01 10:43:54",NULL,NULL,3533,"2614.42",NULL,NULL,"0.0000",3533,"2614.420"),
(45,1,932,NULL,"2021-09-26 14:04:45",NULL,NULL,3396,"3396.00",NULL,NULL,"0.0000",3396,"3396.000"),
(46,1,932,NULL,"2021-09-26 15:15:28",NULL,NULL,3474,"2570.76",NULL,NULL,"0.0000",3474,"2570.760"),
(47,1,932,NULL,"2021-09-30 12:33:27",NULL,NULL,941,"564.60",NULL,NULL,"0.0000",941,"564.600"),
(48,1,932,NULL,"2021-09-01 10:15:47",NULL,NULL,1556,"1322.60",NULL,NULL,"0.0000",1556,"1322.600"),
(49,1,1017,NULL,"2021-10-07 09:51:11",NULL,NULL,3000,"3600.00",NULL,NULL,"0.0000",3000,"3600.000"),
(50,1,999,NULL,"2021-10-01 14:21:02",NULL,NULL,764,"679.96",NULL,NULL,"0.0000",764,"679.960"),
(51,1,932,NULL,"2021-10-10 13:17:14",NULL,NULL,1744,"1290.56",NULL,NULL,"0.0000",1744,"1290.560"),
(52,1,959,NULL,"2021-10-19 11:15:56",NULL,NULL,220,"187.00",NULL,NULL,"0.0000",220,"187.000"),
(53,1,932,NULL,"2021-10-23 10:22:50",NULL,NULL,123148,"78814.72",NULL,NULL,"0.0000",123148,"78814.720"),
(54,1,937,NULL,"2021-10-30 10:01:59",NULL,NULL,1478,"2069.20",NULL,NULL,"0.0000",1478,"2069.200"),
(55,4,932,NULL,"2021-11-14 01:20:25",NULL,NULL,8164,"5425.93",NULL,NULL,"0.0000",8164,"5425.930"),
(56,1,932,NULL,"2021-11-30 14:21:17",NULL,NULL,213,"191.70",NULL,NULL,"0.0000",213,"191.700"),
(57,4,932,NULL,"2021-12-16 12:43:09",NULL,NULL,16085,"19302.00",NULL,NULL,"0.0000",16085,"19302.000"),
(58,4,932,NULL,"2021-12-19 10:46:57",NULL,NULL,1787,"2144.40",NULL,NULL,"0.0000",1787,"2144.400"),
(59,1,932,NULL,"2021-12-19 12:15:40",NULL,"تريلا رقم 2",32919,"29297.91",NULL,NULL,"0.0000",32919,"29297.910"),
(60,1,932,NULL,"2021-12-21 01:35:51",NULL,"تريلا رقم 1",32989,"29360.21",NULL,NULL,"0.0000",32989,"29360.210"),
(61,1,932,NULL,"2021-12-21 01:37:00",NULL,"تريلا رقم 3",32969,"29342.41",NULL,NULL,"0.0000",32969,"29342.410"),
(62,1,932,NULL,"2021-12-21 01:38:26",NULL,"تريلا رقم 4",33454,"29774.06",NULL,NULL,"0.0000",33454,"29774.060"),
(63,1,932,NULL,"2021-12-21 01:39:07",NULL,"تريلا رقم 5",32268,"28718.52",NULL,NULL,"0.0000",32268,"28718.520"),
(64,16,932,NULL,"2022-01-17 11:39:20",NULL,NULL,2640,"81840.00",NULL,NULL,"0.0000",2640,"81840.000"),
(65,1,932,NULL,"2022-01-24 03:09:27",NULL,NULL,5889,"3415.62",NULL,NULL,"0.0000",5889,"3415.620"),
(66,1,932,NULL,"2022-02-03 12:46:27",NULL,NULL,25204,"25204.00",NULL,NULL,"0.0000",25204,"25204.000"),
(67,1,932,NULL,"2022-02-03 01:03:46",NULL,NULL,781,"695.09",NULL,NULL,"0.0000",781,"695.090"),
(69,1,932,NULL,"2022-02-08 01:28:57",NULL,NULL,125578,"125578.00",NULL,NULL,"0.0000",125578,"125578.000"),
(71,1,966,NULL,"2022-02-16 02:18:08",NULL,NULL,1806,"2601.00",NULL,NULL,"0.0000",1806,"2601.000"),
(72,1,932,NULL,"2022-02-20 11:34:19",NULL,NULL,7266,"4759.25",NULL,NULL,"0.0000",7266,"4759.250"),
(73,1,932,NULL,"2022-02-21 12:40:57",NULL,NULL,2321,"963.22",NULL,NULL,"0.0000",2321,"963.220"),
(74,1,932,NULL,"2022-02-23 10:02:58",NULL,NULL,1857,"910.20",NULL,NULL,"0.0000",1857,"910.200"),
(75,1,932,NULL,"2022-02-23 02:34:35",NULL,NULL,80208,"71385.12",NULL,NULL,"0.0000",80208,"71385.120"),
(76,1,932,NULL,"2022-03-14 12:30:58",NULL,NULL,111660,"99377.40",NULL,NULL,"0.0000",111660,"99377.400"),
(77,1,932,NULL,"2022-03-26 01:21:11",NULL,NULL,141317,"99628.77",NULL,NULL,"0.0000",141317,"99628.770"),
(78,1,932,NULL,"2022-04-09 15:03:58",NULL,NULL,2640,"121440.00",NULL,NULL,"0.0000",2640,"121440.000"),
(80,1,932,NULL,"2022-04-11 03:36:22",NULL,NULL,131709,"117221.01",NULL,NULL,"0.0000",131709,"117221.010"),
(81,1,932,NULL,"2022-04-14 01:57:49",NULL,NULL,103451,"123106.69",NULL,NULL,"0.0000",103451,"123106.690"),
(82,1,932,NULL,"2022-07-03 01:53:23",NULL,NULL,94396,"165193.00",NULL,NULL,"0.0000",94396,"165193.000"),
(83,1,932,NULL,"2022-09-03 02:12:39",NULL,NULL,108680,"108680.00",NULL,NULL,"0.0000",108680,"108680.000"),
(84,1,932,NULL,"2022-09-03 02:15:17",NULL,NULL,72718,"72718.00",NULL,NULL,"0.0000",72718,"72718.000"),
(85,1,932,NULL,"2022-09-06 02:26:23",NULL,NULL,51919,"51919.00",NULL,NULL,"0.0000",51919,"51919.000"),
(86,1,932,NULL,"2022-10-23 11:29:24",NULL,NULL,26565,"26565.00",NULL,NULL,"0.0000",26565,"26565.000");


DROP TABLE IF EXISTS `extended_reservation_invoice`;

CREATE ALGORITHM=UNDEFINED DEFINER=`root`@`localhost` SQL SECURITY DEFINER VIEW `extended_reservation_invoice` AS select `reservation_invoice`.`iD` AS `iD`,`reservation_invoice`.`EmployeeID` AS `EmployeeID`,`reservation_invoice`.`CustomerID` AS `CustomerID`,`reservation_invoice`.`TermsID` AS `TermsID`,`reservation_invoice`.`date` AS `date`,`reservation_invoice`.`comments` AS `comments`,case when `reservation_invoice`.`TermsID` = -30 then last_day(`reservation_invoice`.`date`) when `reservation_invoice`.`TermsID` = -7 then `reservation_invoice`.`date` + interval 1 + dayofweek(`reservation_invoice`.`date`) day else `reservation_invoice`.`date` + interval `reservation_invoice`.`TermsID` day end AS `termsDate`,sum(`reservation_invoice_details`.`quantity`) AS `quantity` from (`reservation_invoice` join `reservation_invoice_details` on(`reservation_invoice`.`iD` = `reservation_invoice_details`.`ReservationID`)) group by `reservation_invoice`.`iD`;

INSERT INTO `extended_reservation_invoice` VALUES (16,1,960,10,"2021-10-09 14:45:54",NULL,"2021-10-19 14:45:54",1439),
(18,1,1036,60,"2021-11-02 09:15:56",NULL,"2022-01-01 09:15:56",8000);


DROP TABLE IF EXISTS `extended_transfers`;

CREATE ALGORITHM=UNDEFINED DEFINER=`root`@`localhost` SQL SECURITY DEFINER VIEW `extended_transfers` AS select `transfers`.`iD` AS `iD`,`transfers`.`EmployeeID` AS `EmployeeID`,`transfers`.`CargoTransID` AS `CargoTransID`,`transfers`.`date` AS `date`,`transfers`.`comments` AS `comments`,sum(`transfers_details`.`quantity`) AS `quantity`,`transfers`.`fromWarehouse` AS `fromWarehouse`,`transfers`.`toWarehouse` AS `toWarehouse`,`transfers`.`billNo` AS `billNo` from (`transfers` join `transfers_details` on(`transfers`.`iD` = `transfers_details`.`TransferID`)) group by `transfers`.`iD`;

INSERT INTO `extended_transfers` VALUES (32,1,NULL,"2021-09-06 00:42:43",NULL,465,2,1,NULL),
(33,1,NULL,"2021-09-15 14:51:08",NULL,2236,2,1,10229),
(34,1,NULL,"2021-10-23 16:25:30",NULL,2458,1,2,NULL),
(35,16,NULL,"2021-12-23 13:27:02",NULL,4416,2,1,NULL),
(36,1,NULL,"2022-02-17 09:56:18",NULL,1355,2,1,NULL),
(37,1,NULL,"2022-02-17 09:56:51",NULL,88,1,2,NULL),
(38,1,NULL,"2022-02-17 09:58:26",NULL,220,2,1,NULL),
(39,1,NULL,"2022-02-21 10:19:59",NULL,300,1,2,NULL),
(40,1,NULL,"2022-11-05 11:12:59",NULL,7639,2,1,NULL),
(41,1,NULL,"2022-11-05 11:19:14",NULL,7416,2,1,NULL);


DROP TABLE IF EXISTS `fund_balance`;

CREATE ALGORITHM=UNDEFINED DEFINER=`root`@`localhost` SQL SECURITY DEFINER VIEW `fund_balance` AS select `currency`.`iD` AS `iD`,`currency`.`name` AS `name`,sum(`credits`.`value`) AS `totalCredits`,sum(`debits`.`value`) AS `totalDebits` from (((`credits` join `equalities` on(`equalities`.`iD` = `credits`.`EqualitiesID`)) left join `currency` on(`currency`.`iD` = `equalities`.`CurrencyID`)) left join `debits` on(`equalities`.`iD` = `debits`.`EqualitiesID`)) group by `currency`.`iD`,`currency`.`name`;

INSERT INTO `fund_balance` VALUES (1,"S.Y.P","368791422.00","888900870.00"),
(2,"SYP","2020106200.00","1750000.00");


DROP TABLE IF EXISTS `governorates`;

CREATE TABLE `governorates` (
  `iD` int(11) NOT NULL AUTO_INCREMENT,
  `name` varchar(15) NOT NULL,
  PRIMARY KEY (`iD`)
) ENGINE=InnoDB AUTO_INCREMENT=4 DEFAULT CHARSET=utf8 COLLATE=utf8_general_ci;

INSERT INTO `governorates` VALUES (1,"دمشق"),
(2,"ريف دمشق"),
(3,"حلب");


DROP TABLE IF EXISTS `grades`;

CREATE TABLE `grades` (
  `iD` int(11) NOT NULL AUTO_INCREMENT,
  `name` varchar(50) NOT NULL,
  PRIMARY KEY (`iD`),
  UNIQUE KEY `name` (`name`)
) ENGINE=InnoDB AUTO_INCREMENT=34 DEFAULT CHARSET=utf8 COLLATE=utf8_general_ci;

INSERT INTO `grades` VALUES (8,"A"),
(5,"A-Uniboard"),
(10,"B"),
(31,"C Kraft"),
(20,"C Kraft: A"),
(21,"C Kraft: B"),
(16,"CK"),
(18,"GC"),
(33,"GC2"),
(27,"GC: A"),
(28,"GC: B"),
(14,"GD"),
(3,"GD A"),
(4,"GD B"),
(7,"GD: A"),
(6,"GD: B"),
(19,"GK"),
(29,"GK: A"),
(13,"GT"),
(1,"GT A"),
(2,"GT B"),
(9,"GT: A"),
(24,"GT: B"),
(25,"LIN: A"),
(26,"LIN: B"),
(17,"MM LIN"),
(32,"SAPP"),
(30,"SSK"),
(12,"TC"),
(11,"U"),
(15,"UC"),
(22,"UC: A"),
(23,"UC: B");


DROP TABLE IF EXISTS `gsms`;

CREATE TABLE `gsms` (
  `iD` int(11) NOT NULL AUTO_INCREMENT,
  `gsm` smallint(6) NOT NULL,
  PRIMARY KEY (`iD`),
  UNIQUE KEY `gsm` (`gsm`)
) ENGINE=InnoDB AUTO_INCREMENT=85 DEFAULT CHARSET=utf8 COLLATE=utf8_general_ci;

INSERT INTO `gsms` VALUES (29,1),
(55,45),
(63,48),
(64,49),
(54,53),
(62,54),
(53,60),
(65,62),
(52,65),
(51,80),
(78,88),
(79,98),
(45,100),
(80,112),
(71,125),
(81,127),
(57,135),
(82,137),
(14,140),
(15,145),
(83,146),
(12,150),
(59,152),
(32,160),
(58,170),
(84,171),
(72,175),
(16,180),
(42,190),
(41,195),
(4,200),
(48,205),
(7,210),
(20,215),
(35,216),
(22,220),
(18,225),
(21,230),
(26,235),
(27,240),
(60,242),
(47,245),
(19,250),
(30,255),
(31,260),
(66,265),
(28,270),
(17,275),
(6,280),
(49,290),
(10,300),
(37,310),
(56,312),
(9,320),
(23,325),
(33,330),
(67,340),
(1,350),
(34,360),
(38,370),
(8,375),
(2,380),
(73,385),
(61,390),
(11,400),
(74,410),
(75,415),
(46,420),
(13,425),
(76,430),
(77,435),
(68,440),
(3,450),
(24,475),
(36,500),
(25,550),
(44,800),
(70,980);


DROP TABLE IF EXISTS `home_ads_image_list`;

CREATE TABLE `home_ads_image_list` (
  `iD` int(11) NOT NULL AUTO_INCREMENT,
  `image` text NOT NULL,
  `title` text NOT NULL,
  `titleAr` text NOT NULL,
  `description` text NOT NULL,
  `descriptionAr` text NOT NULL,
  `date` datetime NOT NULL DEFAULT current_timestamp(),
  `endDate` datetime NOT NULL DEFAULT current_timestamp(),
  `buttonAction` enum('CALL_PHONE','WHATSAPP_PHONE','WEB_VIEW','AUTO_REST') NOT NULL DEFAULT 'CALL_PHONE',
  PRIMARY KEY (`iD`)
) ENGINE=InnoDB AUTO_INCREMENT=2 DEFAULT CHARSET=utf8 COLLATE=utf8_general_ci;

INSERT INTO `home_ads_image_list` VALUES (1,"/home1/saffoury/public_html/SaffouryPaper2/Images/24a802d340815c27a72f798234f26703.jpg","SaffouryPaper","شركة الصفوري","the first and the only place for pressing owners","The first and the only place for pressing owners","2022-03-04 13:36:36","2022-03-31 13:36:40","CALL_PHONE");


DROP TABLE IF EXISTS `home_image_list`;

CREATE TABLE `home_image_list` (
  `iD` int(11) NOT NULL AUTO_INCREMENT,
  `date` datetime NOT NULL DEFAULT current_timestamp(),
  `endDate` datetime NOT NULL DEFAULT current_timestamp(),
  `image` text NOT NULL,
  `title` text NOT NULL,
  `titleAr` text NOT NULL,
  PRIMARY KEY (`iD`)
) ENGINE=InnoDB DEFAULT CHARSET=utf8 COLLATE=utf8_general_ci;



DROP TABLE IF EXISTS `home_image_list_action`;

CREATE TABLE `home_image_list_action` (
  `iD` int(11) NOT NULL AUTO_INCREMENT,
  `ImageID` int(11) NOT NULL,
  `table_name` varchar(30) NOT NULL,
  PRIMARY KEY (`iD`),
  KEY `imhome` (`ImageID`),
  CONSTRAINT `imhome` FOREIGN KEY (`ImageID`) REFERENCES `home_image_list` (`iD`) ON DELETE CASCADE ON UPDATE NO ACTION
) ENGINE=InnoDB DEFAULT CHARSET=utf8 COLLATE=utf8_general_ci;



DROP TABLE IF EXISTS `incomes`;

CREATE TABLE `incomes` (
  `iD` int(11) NOT NULL AUTO_INCREMENT,
  `CashBoxID` int(11) NOT NULL,
  `EqualitiesID` int(11) NOT NULL,
  `EmployeeID` int(11) NOT NULL,
  `NameID` int(11) NOT NULL,
  `isDirect` int(11) DEFAULT NULL,
  `date` datetime NOT NULL DEFAULT current_timestamp(),
  `value` decimal(11,2) NOT NULL,
  `fromBox` tinyint(1) NOT NULL DEFAULT 0,
  `comments` text DEFAULT NULL,
  PRIMARY KEY (`iD`),
  KEY `incomes_ibfk_1` (`EqualitiesID`),
  KEY `incomes_ibfk_2` (`NameID`),
  KEY `incomes_ibfk_3` (`isDirect`),
  KEY `incomes_ibfk_4` (`EmployeeID`),
  KEY `incomes_ibfk_5` (`CashBoxID`),
  CONSTRAINT `incomes_ibfk_1` FOREIGN KEY (`EqualitiesID`) REFERENCES `equalities` (`iD`),
  CONSTRAINT `incomes_ibfk_2` FOREIGN KEY (`NameID`) REFERENCES `account_names` (`iD`),
  CONSTRAINT `incomes_ibfk_3` FOREIGN KEY (`isDirect`) REFERENCES `journal_voucher` (`iD`) ON DELETE SET NULL,
  CONSTRAINT `incomes_ibfk_4` FOREIGN KEY (`EmployeeID`) REFERENCES `employees` (`iD`),
  CONSTRAINT `incomes_ibfk_5` FOREIGN KEY (`CashBoxID`) REFERENCES `warehouse` (`iD`)
) ENGINE=InnoDB AUTO_INCREMENT=160 DEFAULT CHARSET=utf8 COLLATE=utf8_general_ci;

INSERT INTO `incomes` VALUES (53,1,158,1,16,70,"2021-07-31 02:54:39","100.00","0","100 $ مقابل: 322,000 ل.س سعر الصرف: 3220"),
(55,1,195,1,16,75,"2021-08-10 01:06:35","1000.00","0","1,000 $ مقابل: 3,280,000 ل.س سعر الصرف: 3280"),
(56,1,201,1,16,76,"2021-08-10 02:55:56","1500.00","0","1,500 $ مقابل: 4,897,500 ل.س سعر الصرف: 3265"),
(57,1,216,1,16,76,"2021-08-18 16:18:13","100.00","0","100 $ مقابل: 332,000 ل.س سعر الصرف: 3320"),
(58,1,241,1,16,79,"2021-08-24 17:33:07","1000.00","0","1,000 $ مقابل: 3,380,000 ل.س سعر الصرف: 3380"),
(59,1,250,1,16,80,"2021-08-26 14:38:30","2000.00","0","2,000 $ مقابل: 6,720,000 ل.س سعر الصرف: 3360"),
(60,1,1,1,37,NULL,"2021-08-26 15:48:57","1000.00","0",NULL),
(61,1,283,1,16,82,"2021-09-02 14:43:39","4170.00","0","4,170 $ مقابل: 417,000 ل.س سعر الصرف: 100"),
(62,1,285,1,16,82,"2021-09-02 14:44:17","4170.00","0","4,170 $ مقابل: 835,000 ل.س سعر الصرف: 200"),
(63,1,291,1,16,86,"2021-09-04 08:13:52","100.00","0","100 $ مقابل: 355,000 ل.س سعر الصرف: 3550"),
(64,1,292,1,30,NULL,"2021-09-04 12:09:56","100000.00","0","هي ٢٠٠ الف تبع سامر اعطيتو ١٠٠ منها حق جوازات"),
(65,1,310,1,16,88,"2021-09-06 16:11:16","2070000.00","0","600 $ مقابل: 2,070,000 ل.س سعر الصرف: 3,450"),
(66,1,315,1,16,89,"2021-09-07 14:05:30","1000.00","0","1,000 $ مقابل: 3,450,000 ل.س سعر الصرف: 3450"),
(67,1,319,1,16,90,"2021-09-07 16:16:08","4000.00","0","4,000 $ مقابل: 13,800,000 ل.س سعر الصرف: 3450"),
(69,1,346,1,16,110,"2021-09-12 13:57:50","1000.00","0","1,000 $ مقابل: 3,450,000 ل.س سعر الصرف: 3450"),
(70,1,363,1,16,111,"2021-09-14 15:04:42","500.00","0","500 $ مقابل: 1,750,000 ل.س سعر الصرف: 3500"),
(71,1,365,1,16,112,"2021-09-14 15:07:44","450.00","0","450 $ مقابل: 1,563,500 ل.س سعر الصرف: 3474"),
(72,1,1,9,16,NULL,"2021-09-16 15:42:21","1000.00","0","مقابل 3.500.000"),
(73,1,387,1,16,113,"2021-09-19 14:40:19","2000.00","0","شراء 2,000 طبق لاصق بسعر 6,960,000"),
(74,1,389,1,16,114,"2021-09-19 14:40:30","1000.00","0","شراء 1,000 طبق لاصق بسعر 3,480,000"),
(78,1,401,1,16,115,"2021-09-21 12:06:21","300.00","0","شراء 300 طبق لاصق بسعر 1,047,000"),
(79,1,405,1,16,116,"2021-09-21 13:41:07","600.00","0","شراء 600 طبق لاصق بسعر 2,094,000"),
(80,1,415,1,16,117,"2021-09-23 13:08:41","5000.00","0","شراء 5,000 طبق لاصق بسعر 17,375,000"),
(82,1,423,1,16,120,"2021-09-25 10:14:50","100.00","0","شراء 100 طبق لاصق بسعر 350,000"),
(83,1,451,1,16,124,"2021-09-29 13:59:15","1000.00","0","شراء 1,000 طبق لاصق بسعر 3,500,000"),
(84,1,454,1,16,125,"2021-09-29 22:12:31","1000.00","0","شراء 1,000 طبق لاصق بسعر 3,490,000"),
(85,1,476,1,16,126,"2021-10-04 11:31:37","2000.00","0","شراء 2,000 طبق لاصق بسعر 6,960,000"),
(86,1,480,1,16,127,"2021-10-04 16:19:09","100.00","0","شراء 100 طبق لاصق بسعر 348,000"),
(87,1,485,1,16,129,"2021-10-06 11:27:29","400.00","0","شراء 400 طبق لاصق بسعر 1,394,000"),
(88,1,500,1,16,130,"2021-10-07 14:49:24","100.00","0","شراء 100 طبق لاصق بسعر 350,000"),
(89,1,515,1,16,133,"2021-10-10 15:47:44","200.00","0","شراء 200 طبق لاصق بسعر 702,000"),
(90,1,551,1,16,141,"2021-10-20 17:53:45","40.00","0","شراء 40 طبق لاصق بسعر 140,000"),
(91,1,553,1,16,142,"2021-10-20 17:53:51","400.00","0","شراء 400 طبق لاصق بسعر 1,400,000"),
(92,1,558,1,16,143,"2021-10-21 14:08:11","600.00","0","شراء 600 طبق لاصق بسعر 2,100,000"),
(93,1,560,1,16,144,"2021-10-21 14:08:48","177.00","0","شراء 177 طبق لاصق بسعر 619,500"),
(94,1,572,1,16,145,"2021-10-23 17:31:43","300.00","0","شراء 300 طبق لاصق بسعر 1,044,000"),
(95,1,580,1,16,146,"2021-10-25 15:59:29","500.00","0","شراء 500 طبق لاصق بسعر 1,740,000"),
(96,1,585,1,16,149,"2021-10-26 17:02:41","700.00","0","شراء 700 طبق لاصق بسعر 2,446,000"),
(97,1,597,1,16,150,"2021-10-28 13:15:52","1000.00","0","شراء 1,000 طبق لاصق بسعر 3,500,000"),
(98,1,602,1,16,151,"2021-10-30 12:43:12","3000.00","0","شراء 3,000 طبق لاصق بسعر 10,410,000"),
(99,1,608,1,16,152,"2021-10-30 14:10:55","100.00","0","شراء 100 طبق لاصق بسعر 347,000"),
(100,1,621,1,16,155,"2021-11-02 16:09:26","1500.00","0","شراء 1,500 طبق لاصق بسعر 5,250,000"),
(101,1,625,1,16,156,"2021-11-04 10:34:30","1750000.00","0","شراء 500 طبق لاصق بسعر 1,750,000"),
(103,1,1,1,39,NULL,"2021-11-05 11:13:44","600.00","0",NULL),
(104,1,670,1,16,167,"2021-11-13 12:36:35","100.00","0","شراء 100 طبق لاصق بسعر 350,000"),
(105,1,684,1,16,171,"2021-11-18 15:42:48","300.00","0","شراء 300 طبق لاصق بسعر 1,045,000"),
(106,1,698,1,16,180,"2021-11-22 10:27:04","1000.00","0","شراء 1,000 طبق لاصق بسعر 3,500,000"),
(107,1,700,1,16,181,"2021-11-22 10:27:27","1000.00","0","شراء 1,000 طبق لاصق بسعر 3,450,000"),
(108,1,705,9,16,183,"2021-11-23 11:02:01","400.00","0","شراء 400 طبق لاصق بسعر 1,400,000"),
(109,1,747,9,16,187,"2021-12-09 11:37:04","120.00","0","شراء 120 طبق لاصق بسعر 420,000"),
(110,1,802,16,16,190,"2021-12-23 13:40:08","1500.00","0","شراء 1,500 طبق لاصق بسعر 5,392,500"),
(111,1,815,9,16,191,"2021-12-26 10:06:09","100.00","0","شراء 100 طبق لاصق بسعر 360,000"),
(112,1,827,9,16,192,"2021-12-28 11:29:04","1500.00","0","شراء 1,500 طبق لاصق بسعر 5,400,000"),
(113,1,837,16,16,193,"2021-12-29 17:01:32","2000.00","0","شراء 2,000 طبق لاصق بسعر 7,200,000"),
(114,1,851,10,16,194,"2022-01-02 14:33:32","100.00","0","شراء 100 طبق لاصق بسعر 360,000"),
(115,1,952,16,16,196,"2022-01-24 21:02:31","1300.00","0","شراء 1,300 طبق لاصق بسعر 4,654,000"),
(116,1,966,16,16,197,"2022-01-27 11:45:55","100.00","0","شراء 100 طبق لاصق بسعر 360,000"),
(117,1,975,16,16,198,"2022-01-28 23:17:53","2000.00","0","شراء 2,000 طبق لاصق بسعر 7,200,000"),
(118,1,977,16,16,199,"2022-01-28 23:18:16","850.00","0","شراء 850 طبق لاصق بسعر 3,043,000"),
(119,1,993,1,32,NULL,"2022-02-13 14:41:04","300000.00","0",NULL),
(120,1,1010,1,16,200,"2022-02-26 14:35:57","50.00","0","شراء 50 طبق لاصق بسعر 183,000"),
(121,1,1042,10,16,202,"2022-03-19 15:20:53","200.00","0","شراء 200 طبق لاصق بسعر 760,000"),
(122,1,1051,10,16,203,"2022-03-22 12:06:49","1544000.00","0","شراء 400 طبق لاصق بسعر 1,544,000"),
(123,1,1054,11,16,204,"2022-03-22 12:37:50","200.00","0","شراء 200 طبق لاصق بسعر 770,000"),
(124,1,1057,10,16,205,"2022-03-22 14:20:47","200.00","0","شراء 200 طبق لاصق بسعر 770,000"),
(125,1,1066,10,16,206,"2022-03-23 14:49:45","100.00","0","شراء 100 طبق لاصق بسعر 391,500"),
(126,1,1072,10,16,207,"2022-03-24 14:17:33","400.00","0","شراء 400 طبق لاصق بسعر 1,564,000"),
(127,1,1074,10,16,208,"2022-03-24 14:26:46","500.00","0","شراء 500 طبق لاصق بسعر 1,955,000"),
(128,1,1079,11,16,209,"2022-03-24 18:20:06","1000.00","0","شراء 1,000 طبق لاصق بسعر 3,910,000"),
(129,1,1081,10,16,210,"2022-03-26 11:15:49","300.00","0","شراء 300 طبق لاصق بسعر 1,137,000"),
(130,2,1087,10,16,211,"2022-03-28 15:37:51","500.00","0","شراء 500 طبق لاصق بسعر 1,950,000"),
(131,1,1089,11,16,212,"2022-03-29 09:39:31","100.00","0","شراء 100 طبق لاصق بسعر 395,000"),
(132,1,1094,11,16,213,"2022-03-31 12:46:14","900.00","0","شراء 900 طبق لاصق بسعر 3,528,000"),
(133,1,1097,11,16,214,"2022-03-31 14:08:25","350.00","0","شراء 350 طبق لاصق بسعر 1,365,000"),
(134,1,1102,11,16,215,"2022-04-03 13:43:37","100.00","0","شراء 100 طبق لاصق بسعر 390,000"),
(135,1,1109,11,16,216,"2022-04-04 13:44:58","100.00","0","شراء 100 طبق لاصق بسعر 380,000"),
(136,1,1116,11,16,217,"2022-04-05 15:49:05","50.00","0","شراء 50 طبق لاصق بسعر 195,000"),
(137,1,1129,11,16,218,"2022-04-10 11:37:10","100.00","0","شراء 100 طبق لاصق بسعر 390,000"),
(138,1,1134,11,16,219,"2022-04-11 15:55:00","300.00","0","شراء 300 طبق لاصق بسعر 1,173,000"),
(139,1,1157,11,16,220,"2022-04-18 13:15:05","60.00","0","شراء 60 طبق لاصق بسعر 235,500"),
(140,1,1160,11,16,221,"2022-04-19 13:13:21","100.00","0","شراء 100 طبق لاصق بسعر 395,000"),
(141,1,1163,11,16,222,"2022-04-21 14:10:38","300.00","0","شراء 300 طبق لاصق بسعر 1,177,500"),
(142,1,1165,11,16,223,"2022-04-21 14:11:26","100.00","0","شراء 100 طبق لاصق بسعر 395,000"),
(143,1,1167,11,16,224,"2022-04-21 14:12:06","500.00","0","شراء 500 طبق لاصق بسعر 1,937,500"),
(144,1,1171,11,16,225,"2022-04-21 15:30:28","500.00","0","شراء 500 طبق لاصق بسعر 1,937,500"),
(145,1,1175,11,16,226,"2022-04-25 13:44:46","500.00","0","شراء 500 طبق لاصق بسعر 1,925,000"),
(146,1,1189,11,16,227,"2022-05-09 13:14:49","100.00","0","شراء 100 طبق لاصق بسعر 392,500"),
(147,1,1194,11,16,228,"2022-05-12 13:45:31","300.00","0","شراء 300 طبق لاصق بسعر 1,185,000"),
(148,1,1196,11,16,229,"2022-05-12 20:11:20","300.00","0","شراء 300 طبق لاصق بسعر 1,185,000"),
(149,1,1202,11,16,230,"2022-05-14 22:56:53","25.00","0","شراء 25 طبق لاصق بسعر 98,000"),
(150,1,1228,11,16,232,"2022-05-26 15:31:19","500.00","0","شراء 500 طبق لاصق بسعر 1,975,000"),
(151,1,1230,11,16,233,"2022-05-27 23:27:56","1500.00","0","شراء 1,500 طبق لاصق بسعر 6,000,000"),
(152,1,1232,11,16,234,"2022-05-29 11:59:50","300.00","0","شراء 300 طبق لاصق بسعر 1,200,000"),
(153,1,1237,11,16,235,"2022-05-29 16:47:51","500.00","0","شراء 500 طبق لاصق بسعر 1,995,000"),
(154,1,1250,10,16,236,"2022-06-07 14:39:36","1000.00","0","شراء 1,000 طبق لاصق بسعر 3,985,000"),
(155,1,1257,11,16,237,"2022-06-09 16:18:01","1000.00","0","شراء 1,000 طبق لاصق بسعر 4,000,000"),
(156,1,1,10,16,239,"2022-06-20 14:21:42","200.00","0","شراء 200 طبق لاصق بسعر 800,000"),
(157,1,1293,11,16,240,"2022-06-22 11:30:10","500.00","0","شراء 500 طبق لاصق بسعر 2,000,000"),
(158,1,1305,16,16,241,"2022-06-26 16:49:21","1200.00","0","شراء 1,200 طبق لاصق بسعر 4,800,000"),
(159,1,1338,16,16,242,"2022-07-27 13:14:44","100.00","0","شراء 100 طبق لاصق بسعر 403,000");


DROP TABLE IF EXISTS `inventory_input`;

CREATE ALGORITHM=UNDEFINED DEFINER=`root`@`localhost` SQL SECURITY DEFINER VIEW `inventory_input` AS select `products`.`iD` AS `ProductID`,`warehouse`.`iD` AS `WarehouseID`,sum(`products_inputs_details`.`quantity`) AS `quantity` from (((`products_inputs_details` join `products_inputs` on(`products_inputs`.`iD` = `products_inputs_details`.`ProductInputID`)) join `products` on(`products`.`iD` = `products_inputs_details`.`ProductID`)) join `warehouse` on(`warehouse`.`iD` = `products_inputs`.`WarehouseID`)) group by `products`.`iD`,`warehouse`.`iD`;

INSERT INTO `inventory_input` VALUES (1402,1,80),
(1410,1,1982),
(1424,1,580),
(1426,1,2348),
(1494,1,512),
(1510,2,1500),
(1616,1,309),
(1669,1,245),
(1670,1,350),
(1671,1,355),
(1672,1,15),
(1673,1,478),
(1674,1,65),
(1675,1,517),
(1676,1,1510),
(1677,1,735),
(1678,1,148),
(1686,1,1580),
(1688,1,317),
(1689,1,415),
(1690,1,140),
(1691,1,75),
(1704,1,490),
(1705,1,155),
(1706,1,490),
(1707,1,460),
(1708,1,465),
(1709,1,500),
(1710,1,63),
(1711,1,530),
(1712,1,630),
(1713,1,530),
(1714,1,530),
(1716,1,290),
(1717,1,360),
(1718,1,19),
(1719,1,435),
(1720,1,700),
(1721,1,674),
(1722,1,280),
(1723,1,7),
(1724,1,300),
(1725,1,36),
(1726,1,343),
(1727,1,29),
(1728,1,476),
(1729,1,628),
(1730,1,585),
(1731,1,48),
(1732,1,616),
(1733,1,560),
(1734,1,37),
(1735,1,595),
(1736,1,539),
(1737,1,500),
(1738,1,33),
(1739,1,561),
(1740,1,31),
(1742,1,700),
(1743,1,700),
(1744,1,715),
(1745,1,119),
(1746,1,659),
(1747,1,658),
(1748,1,710),
(1749,1,142),
(1756,1,730),
(1757,1,822),
(1758,1,860),
(1759,1,842),
(1760,1,753),
(1761,1,762),
(1762,1,566),
(1763,1,552),
(1764,1,396),
(1765,1,86),
(1766,1,353),
(1767,1,647),
(1768,1,673),
(1769,1,81),
(1770,1,210),
(1771,1,10),
(1772,1,81),
(1773,1,210),
(1774,1,10),
(1796,1,418),
(1797,1,236),
(1804,1,490),
(1805,1,510),
(1806,1,270),
(1807,1,88),
(1808,1,513),
(1809,1,461),
(1810,1,500),
(1811,1,458),
(1812,1,463),
(1813,1,96),
(1814,1,754),
(1815,1,101),
(1816,1,413),
(1817,1,830),
(1818,1,313),
(1831,1,451),
(1832,1,24),
(1835,1,1755),
(1836,1,61),
(1837,1,505),
(1838,1,50),
(1839,1,2734),
(1840,1,173),
(1841,1,313),
(1842,1,1460),
(1843,1,29),
(1844,1,7343),
(1845,1,288),
(1846,1,870),
(1847,1,2),
(1848,1,757),
(1849,1,28),
(1850,1,3152),
(1851,1,94),
(1852,1,995),
(1853,1,122),
(1856,1,2017),
(1857,1,80),
(1858,1,2363),
(1859,1,2),
(1860,1,1069),
(1861,1,49),
(1862,1,1652),
(1863,1,41),
(1864,1,510),
(1865,1,18),
(1866,1,1010),
(1867,1,11626),
(1868,1,5016),
(1869,1,224),
(1870,1,3212),
(1871,1,2493),
(1872,1,59),
(1873,1,524),
(1874,1,30),
(1875,1,3027),
(1876,1,101),
(1877,1,6415),
(1878,1,56),
(1879,1,6907),
(1880,1,1494),
(1881,1,7068),
(1882,1,550),
(1883,1,290),
(1893,1,150),
(1894,1,200),
(1895,1,317),
(1896,1,108),
(1897,1,328),
(1898,1,289),
(1899,1,725),
(1901,1,197),
(1902,1,39),
(1903,1,290),
(1904,1,10),
(1910,2,3813),
(1911,2,4287),
(1912,2,6254),
(1915,2,389),
(1923,2,1081),
(1927,2,15),
(1928,1,500),
(1929,1,4),
(1930,1,595),
(1931,1,34),
(1932,1,3272),
(1933,1,266),
(1934,1,3),
(1935,1,809),
(1936,1,2187),
(1937,1,25),
(1938,1,3516),
(1939,1,20),
(1940,1,613),
(1941,1,16),
(1943,1,38),
(1944,1,3085),
(1945,1,2886),
(1946,1,24),
(1947,1,800),
(1948,1,2),
(1949,1,2903),
(1950,1,44),
(1951,1,478),
(1952,1,32),
(1953,1,717),
(1954,1,4),
(1955,1,1074),
(1956,1,16),
(1957,1,594),
(1958,1,1888),
(1959,1,826),
(1960,1,355),
(1961,1,4103),
(1962,1,23),
(1963,1,4231),
(1964,1,186),
(1965,1,1495),
(1967,1,1596),
(1968,1,30),
(1969,1,1933),
(1970,1,1398),
(1971,1,10840),
(1972,1,60),
(1973,1,409),
(1974,1,1862),
(1975,1,49),
(1976,1,606),
(1977,1,95),
(1978,1,2041),
(1979,1,928),
(1980,1,15),
(1981,1,3351),
(1982,1,25),
(1983,1,1666),
(1984,1,31),
(1985,1,2733),
(1986,1,79),
(1987,1,560),
(1989,1,400),
(1990,1,26),
(1991,1,966),
(1992,1,15),
(1993,1,1079),
(1994,1,2),
(1995,1,36),
(1996,1,635),
(1997,1,12),
(1998,1,515),
(1999,1,25),
(2000,1,1616),
(2001,1,35),
(2002,1,600),
(2003,1,12),
(2004,1,1471),
(2005,1,18),
(2006,1,1674),
(2007,1,38),
(2008,1,353),
(2009,1,5),
(2010,1,970),
(2011,1,6),
(2012,1,723),
(2013,1,20),
(2014,1,445),
(2015,1,23),
(2016,1,20),
(2017,1,694),
(2018,1,24),
(2019,1,786),
(2020,1,244),
(2021,1,244),
(2022,1,67),
(2023,1,1898),
(2024,1,29),
(2025,1,2232),
(2026,1,1694),
(2027,1,2790),
(2028,1,764),
(2029,1,84),
(2030,1,1142),
(2031,1,40),
(2032,1,505),
(2033,1,6),
(2034,1,2639),
(2035,1,95),
(2036,1,5397),
(2037,1,364),
(2038,1,1028),
(2039,1,17),
(2040,1,800),
(2041,1,44),
(2044,1,805),
(2045,1,2),
(2046,1,1512),
(2047,1,758),
(2048,1,24),
(2049,1,4456),
(2050,1,274),
(2051,1,376),
(2052,1,100),
(2053,1,39),
(2056,1,2415),
(2057,1,51),
(2058,1,1568),
(2059,1,30),
(2060,1,618),
(2061,1,22),
(2062,1,952),
(2063,1,943),
(2064,1,48),
(2066,1,1786),
(2068,1,2568),
(2069,1,779),
(2070,1,476),
(2071,1,280),
(2080,1,47),
(2081,1,578),
(2082,1,136),
(2083,1,40),
(2086,1,985),
(2087,1,33),
(2088,1,637),
(2089,1,109),
(2090,1,300),
(2091,1,24),
(2093,1,513),
(2094,1,2682),
(2096,1,32),
(2097,1,35),
(2098,1,1003),
(2099,1,13),
(2124,1,15440),
(2126,1,1504),
(2127,1,172),
(2128,1,1505),
(2129,1,186),
(2130,1,1615),
(2131,1,1152),
(2132,1,82),
(2133,1,861),
(2134,1,139),
(2135,1,1540),
(2136,1,1185),
(2137,1,1994),
(2138,1,1049),
(2139,1,852),
(2140,1,58),
(2141,1,357),
(2142,1,1044),
(2143,1,436),
(2144,1,1017),
(2145,1,38),
(2146,1,11050),
(2147,1,1985),
(2148,1,142),
(2149,1,1393),
(2150,1,42),
(2151,1,293),
(2152,1,555),
(2153,1,279),
(2154,1,746),
(2155,1,873),
(2156,1,818),
(2157,1,641),
(2158,1,676),
(2159,1,27),
(2160,1,2000),
(2161,1,32),
(2162,1,606),
(2163,1,414),
(2164,1,200),
(2165,1,200),
(2166,1,469),
(2284,1,1425),
(2285,1,25),
(2286,1,1427),
(2287,1,23),
(2288,1,1418),
(2289,1,32),
(2290,1,1472),
(2291,1,5),
(2292,1,815),
(2293,1,900),
(2294,1,1451),
(2295,1,1570),
(2296,1,60),
(2297,1,1448),
(2298,1,124),
(2299,1,980),
(2300,1,40),
(2301,1,1330),
(2302,1,3),
(2303,1,1699),
(2304,1,827),
(2305,1,52),
(2306,1,1222),
(2307,1,86),
(2308,1,1054),
(2309,1,32),
(2310,1,410),
(2311,1,4),
(2312,1,754),
(2313,1,11),
(2314,1,1486),
(2315,1,9),
(2316,1,408),
(2317,1,24),
(2318,1,983),
(2319,1,79),
(2320,1,1692),
(2322,1,573),
(2323,1,10),
(2324,1,842),
(2325,1,748),
(2326,1,17),
(2327,1,1170),
(2328,1,275),
(2329,1,1884),
(2330,1,933),
(2331,1,507),
(2332,1,1494),
(2333,1,1964),
(2335,1,606),
(2336,1,74),
(2337,1,782),
(2338,1,3),
(2339,1,203),
(2340,1,1174),
(2341,1,280),
(2342,1,5),
(2343,1,382),
(2344,1,13),
(2345,1,620),
(2346,1,873),
(2347,1,84),
(2396,1,817),
(2397,1,462),
(2398,1,1139),
(2399,1,778),
(2400,1,32),
(2401,1,4),
(2402,1,2440),
(2403,1,23),
(2404,1,604),
(2405,1,1686),
(2406,1,700),
(2407,1,748),
(2408,1,2119),
(2409,1,1050),
(2410,1,402),
(2411,1,1803),
(2412,1,1437),
(2413,1,15),
(2414,1,775),
(2415,1,32),
(2416,1,1995),
(2417,1,34),
(2418,1,615),
(2419,1,590),
(2420,1,906),
(2421,1,17),
(2422,1,1565),
(2423,1,62),
(2424,1,1254),
(2425,1,16),
(2426,1,2147),
(2427,1,44),
(2428,1,4200),
(2429,1,155),
(2430,1,542),
(2431,1,5),
(2432,1,2623),
(2433,1,42),
(2434,1,600),
(2435,1,10),
(2436,1,1063),
(2437,1,21),
(2438,1,540),
(2439,1,7),
(2440,1,41),
(2441,1,1050),
(2442,1,26),
(2443,1,740),
(2444,1,518),
(2445,1,46),
(2446,1,2045),
(2447,1,81),
(2448,1,1501),
(2449,1,19),
(2450,1,821),
(2451,1,13),
(2452,1,1396),
(2453,1,126),
(2454,1,2874),
(2455,1,1460),
(2456,1,874),
(2459,1,174),
(2460,1,1636),
(2461,1,28),
(2462,1,774),
(2463,1,19),
(2464,1,1210),
(2465,1,26),
(2466,1,1612),
(2467,1,869),
(2468,1,136),
(2469,1,1404),
(2470,1,47),
(2471,1,631),
(2472,1,12),
(2473,1,864),
(2474,1,49),
(2475,1,768),
(2476,1,12),
(2477,1,816),
(2478,1,1746),
(2479,1,32),
(2480,1,449),
(2481,1,10),
(2482,1,1139),
(2483,1,37),
(2484,1,670),
(2485,1,14),
(2486,1,2821),
(2487,1,46),
(2488,1,418),
(2489,1,1767),
(2490,1,718),
(2491,1,36),
(2492,1,7731),
(2493,1,148),
(2494,1,1731),
(2495,1,84),
(2496,1,772),
(2497,1,3051),
(2498,1,60),
(2499,1,778),
(2500,1,22),
(2501,1,692),
(2502,1,20),
(2504,1,42),
(2505,1,839),
(2506,1,398),
(2507,1,14),
(2508,1,724),
(2509,1,26),
(2510,1,1285),
(2511,1,2),
(2512,1,567),
(2513,1,18),
(2514,1,1006),
(2515,1,416),
(2516,1,1968),
(2517,1,42),
(2521,1,2070),
(2522,1,256),
(2523,1,1190),
(2524,1,818),
(2525,1,849),
(2526,1,1214),
(2527,1,403),
(2528,1,452),
(2529,1,542),
(2530,1,670),
(2531,1,16),
(2532,1,1420),
(2533,1,1300),
(2534,1,96),
(2535,1,983),
(2536,1,1283),
(2537,1,80),
(2538,1,1174),
(2539,1,1381),
(2540,1,341),
(2541,1,1064),
(2542,1,64),
(2543,1,878),
(2544,1,1161),
(2545,1,31),
(2546,1,590),
(2547,1,483),
(2548,1,670),
(2549,1,737),
(2550,1,71),
(2551,1,1743),
(2552,1,450),
(2553,1,53),
(2554,1,767),
(2555,1,132),
(2556,1,3019),
(2557,1,175),
(2558,1,1474),
(2559,1,470),
(2560,1,108),
(2561,1,1158),
(2752,1,48),
(2753,1,631),
(2754,1,19),
(2755,1,631),
(2756,1,5),
(2757,1,621),
(2758,1,47),
(2759,1,609),
(2760,1,34),
(2761,1,535),
(2762,1,1541),
(2763,1,135),
(2764,1,320),
(2778,1,2363),
(2779,1,52),
(2780,1,1012),
(2781,1,27),
(2782,1,189),
(2783,1,655),
(2784,1,487),
(2785,1,29),
(2786,1,358),
(2787,1,307),
(2788,1,1405),
(2789,1,707),
(2790,1,417),
(2791,1,49),
(2792,1,105),
(2793,1,768),
(2794,1,17),
(2795,1,2113),
(2796,1,104),
(2797,1,1047),
(2798,1,903),
(2799,1,22),
(2800,1,628),
(2801,1,15),
(2802,1,921),
(2803,1,30),
(2804,1,750),
(2805,1,25),
(2807,1,18),
(2808,1,1161),
(2809,1,44),
(2810,1,1094),
(2811,1,79),
(2812,1,675),
(2813,1,1191),
(2814,1,630),
(2815,1,1095),
(2816,1,951),
(2817,1,1102),
(2818,1,280),
(2819,1,1055),
(2820,1,1256),
(2821,1,505),
(2822,1,995),
(2823,1,1745),
(2824,1,580),
(2825,1,20),
(2826,1,450),
(2827,1,450),
(2829,1,632),
(2830,1,17),
(2831,1,520),
(2832,1,900),
(2833,1,250),
(2834,1,205),
(2835,1,320),
(2836,1,309),
(2837,1,11),
(2838,1,706),
(2839,1,715),
(2840,1,740),
(2841,1,11),
(2842,1,735),
(2843,1,23),
(2844,1,1195),
(2845,1,615),
(2846,1,710),
(2847,1,596),
(2848,1,730),
(2849,1,1015),
(2851,1,679),
(2852,1,837);


DROP TABLE IF EXISTS `inventory_orders`;

CREATE ALGORITHM=UNDEFINED DEFINER=`root`@`localhost` SQL SECURITY DEFINER VIEW `inventory_orders` AS select `products`.`iD` AS `ProductID`,`warehouse`.`iD` AS `WarehouseID`,sum(`orders_details`.`quantity`) AS `quantity` from ((`products` join `orders_details` on(`products`.`iD` = `orders_details`.`ProductID`)) join `warehouse` on(`warehouse`.`iD` = `orders_details`.`WarehouseID`)) group by `products`.`iD`,`warehouse`.`iD`;

INSERT INTO `inventory_orders` VALUES (1402,1,2848),
(1402,2,1065),
(1405,1,66561),
(1405,2,1960),
(1410,1,45758),
(1410,2,2926),
(1414,1,4613),
(1415,1,7238),
(1416,1,3215),
(1417,1,1142),
(1418,1,5463),
(1419,1,9826),
(1420,1,803),
(1421,1,3177),
(1422,1,7559),
(1423,1,29584),
(1424,1,8131),
(1425,1,1328),
(1426,1,4696),
(1431,2,1539),
(1432,2,556),
(1433,2,466),
(1434,2,3717),
(1435,2,503),
(1436,2,465),
(1437,2,502),
(1438,2,1003),
(1439,2,2061),
(1440,2,487),
(1441,2,432),
(1442,2,612),
(1443,2,3307),
(1444,2,246),
(1445,2,449),
(1446,2,3290),
(1447,2,944),
(1448,2,5235),
(1449,2,1858),
(1450,1,2236),
(1450,2,30150),
(1451,2,468),
(1452,2,465),
(1453,2,1650),
(1454,2,1375),
(1455,2,1),
(1456,1,434),
(1457,2,3114),
(1458,2,793),
(1459,2,7580),
(1460,2,741),
(1461,2,811),
(1462,2,914),
(1463,2,540),
(1464,2,3311),
(1465,2,723),
(1466,2,478),
(1467,2,555),
(1468,2,2866),
(1469,2,1209),
(1470,2,1087),
(1471,2,384),
(1472,1,465),
(1473,2,404),
(1474,2,651),
(1475,2,458),
(1476,2,719),
(1477,2,1135),
(1478,2,500),
(1479,2,17254),
(1480,2,1022),
(1481,2,2106),
(1482,2,564),
(1483,2,428),
(1484,2,631),
(1485,2,586),
(1486,1,279),
(1487,2,415),
(1488,2,2163),
(1489,1,324),
(1489,2,433),
(1490,2,613),
(1491,2,2532),
(1492,1,428),
(1493,2,629),
(1494,1,512),
(1508,2,1230),
(1509,2,360),
(1514,2,8636),
(1522,2,2202),
(1523,2,792),
(1524,2,752),
(1525,2,5843),
(1526,2,3000),
(1527,2,4160),
(1528,2,517),
(1534,2,1537),
(1535,2,425),
(1536,2,307),
(1537,2,2427),
(1541,2,670),
(1544,1,474),
(1545,1,4752),
(1547,1,327),
(1548,1,323),
(1549,1,263),
(1550,1,535),
(1554,1,887),
(1555,1,765),
(1556,1,652),
(1557,1,458),
(1558,1,637),
(1559,1,251),
(1560,1,235),
(1561,1,442),
(1562,1,560),
(1563,1,279),
(1564,1,293),
(1565,1,223),
(1566,1,248),
(1567,1,372),
(1570,1,237),
(1571,1,383),
(1573,1,410),
(1574,1,1087),
(1575,1,309),
(1577,1,466),
(1578,1,347),
(1579,1,425),
(1580,1,328),
(1584,1,735),
(1585,1,6617),
(1587,1,1036),
(1588,1,396),
(1589,1,324),
(1591,1,268),
(1592,1,239),
(1594,1,227),
(1596,1,1018),
(1600,1,365),
(1601,1,225),
(1602,1,304),
(1603,1,347),
(1605,1,598),
(1606,1,489),
(1609,1,402),
(1610,1,557),
(1612,1,2951),
(1613,1,546),
(1614,1,468),
(1615,1,241),
(1616,1,309),
(1617,1,334),
(1618,1,255),
(1620,1,1177),
(1621,1,344),
(1622,1,331),
(1623,1,323),
(1624,1,950),
(1626,1,354),
(1627,1,344),
(1628,1,677),
(1629,1,350),
(1630,1,452),
(1631,1,374),
(1634,1,339),
(1635,1,1974),
(1636,1,1328),
(1638,1,501),
(1639,1,1099),
(1640,1,529),
(1641,1,446),
(1642,1,862),
(1643,1,992),
(1644,1,794),
(1645,1,983),
(1646,1,515),
(1647,1,538),
(1648,1,883),
(1649,1,1038),
(1650,1,584),
(1651,1,2110),
(1652,1,540),
(1653,1,2777),
(1654,1,1528),
(1659,1,585),
(1660,1,1258),
(1661,1,803),
(1662,1,509),
(1663,1,475),
(1664,1,1089),
(1665,1,1077),
(1666,1,428),
(1667,1,356),
(1668,1,854),
(1669,1,245),
(1670,1,350),
(1671,1,355),
(1672,1,15),
(1673,1,478),
(1674,1,65),
(1675,1,517),
(1676,1,1510),
(1677,1,735),
(1685,1,37547),
(1686,1,33906),
(1688,1,317),
(1689,1,415),
(1690,1,140),
(1692,1,1663),
(1693,1,3728),
(1694,1,1691),
(1695,1,346),
(1696,1,728),
(1697,1,353),
(1698,1,300),
(1699,1,330),
(1700,1,228),
(1701,1,661),
(1702,1,420),
(1703,1,1275),
(1704,1,517),
(1705,1,155),
(1706,1,490),
(1707,1,460),
(1708,1,465),
(1709,1,500),
(1711,1,530),
(1712,1,630),
(1713,1,530),
(1714,1,530),
(1715,1,28681),
(1716,1,290),
(1717,1,360),
(1719,1,435),
(1720,1,700),
(1721,1,674),
(1722,1,280),
(1724,1,300),
(1726,1,343),
(1728,1,476),
(1729,1,628),
(1730,1,585),
(1732,1,616),
(1733,1,560),
(1735,1,595),
(1736,1,539),
(1737,1,500),
(1739,1,561),
(1741,1,941),
(1742,1,700),
(1743,1,700),
(1744,1,715),
(1746,1,659),
(1747,1,658),
(1748,1,710),
(1756,1,730),
(1757,1,822),
(1758,1,860),
(1759,1,842),
(1760,1,753),
(1761,1,762),
(1762,1,566),
(1763,1,552),
(1764,1,396),
(1766,1,353),
(1767,1,647),
(1768,1,673),
(1772,1,81),
(1773,1,210),
(1787,1,3000),
(1796,1,418),
(1812,1,463),
(1814,1,754),
(1816,1,413),
(1817,1,830),
(1820,1,9094),
(1821,1,5814),
(1822,1,14823),
(1823,1,10294),
(1826,2,704),
(1831,1,451),
(1835,1,1755),
(1837,1,505),
(1839,1,2734),
(1842,1,1460),
(1844,1,7343),
(1846,1,870),
(1848,1,757),
(1855,1,1478),
(1856,1,2017),
(1858,1,2363),
(1862,1,1652),
(1864,1,510),
(1866,1,1010),
(1867,1,11626),
(1869,1,224),
(1870,1,3212),
(1871,1,2493),
(1873,1,524),
(1879,1,6907),
(1880,1,1494),
(1881,1,7068),
(1883,1,290),
(1887,1,1096),
(1893,1,150),
(1894,1,200),
(1895,1,317),
(1897,1,328),
(1899,1,725),
(1900,1,213),
(1901,1,197),
(1903,1,290),
(1905,1,6271),
(1906,1,5196),
(1907,1,10461),
(1908,1,2591),
(1909,2,1421),
(1910,1,4285),
(1910,2,4437),
(1911,1,4859),
(1911,2,6933),
(1912,1,4952),
(1912,2,5441),
(1913,2,6390),
(1916,2,2005),
(1917,2,16543),
(1919,2,1417),
(1922,2,2078),
(1923,2,2323),
(1928,1,500),
(1930,1,595),
(1932,1,3272),
(1933,1,266),
(1935,1,809),
(1936,1,2187),
(1938,1,3516),
(1940,1,613),
(1944,1,3075),
(1945,1,2886),
(1947,1,800),
(1949,1,2903),
(1951,1,478),
(1953,1,717),
(1955,1,1074),
(1957,1,594),
(1958,1,1888),
(1959,1,826),
(1960,1,355),
(1961,1,4103),
(1963,1,4231),
(1965,1,1495),
(1967,1,1596),
(1969,1,1933),
(1970,1,1398),
(1971,1,7890),
(1973,1,409),
(1974,1,1862),
(1976,1,606),
(1979,1,928),
(1981,1,3351),
(1983,1,4184),
(1985,1,2733),
(1987,1,1639),
(1989,1,400),
(1991,1,966),
(1996,1,635),
(1998,1,515),
(2000,1,1616),
(2002,1,600),
(2004,1,1471),
(2006,1,1674),
(2008,1,353),
(2010,1,970),
(2012,1,723),
(2014,1,445),
(2017,1,694),
(2019,1,786),
(2020,1,244),
(2021,1,244),
(2023,1,1898),
(2025,1,2232),
(2026,1,1694),
(2027,1,2493),
(2028,1,764),
(2030,1,1142),
(2032,1,505),
(2034,1,2639),
(2036,1,4537),
(2038,1,1028),
(2040,1,800),
(2044,1,805),
(2046,1,1512),
(2047,1,758),
(2049,1,4456),
(2051,1,376),
(2052,1,100),
(2056,1,2415),
(2058,1,1568),
(2060,1,618),
(2062,1,952),
(2063,1,943),
(2066,1,1786),
(2068,1,2568),
(2070,1,476),
(2071,1,280),
(2072,2,1827),
(2073,2,3566),
(2074,2,2063),
(2075,2,2179),
(2077,2,3582),
(2078,2,5874),
(2079,2,3297),
(2081,1,578),
(2082,1,136),
(2084,2,110094),
(2085,2,6084),
(2086,1,985),
(2088,1,637),
(2089,1,109),
(2090,1,300),
(2093,1,513),
(2094,1,2682),
(2094,2,300),
(2098,1,1003),
(2100,1,540),
(2101,1,785),
(2102,1,364),
(2103,1,109),
(2119,2,5584),
(2120,2,1393),
(2122,2,2642),
(2123,2,11603),
(2124,1,15460),
(2126,1,1504),
(2128,1,1505),
(2130,1,1615),
(2131,1,1152),
(2133,1,861),
(2135,1,1540),
(2136,1,1185),
(2138,1,1049),
(2139,1,852),
(2141,1,357),
(2142,1,1044),
(2143,1,436),
(2144,1,1017),
(2146,1,11050),
(2147,1,1985),
(2149,1,1393),
(2151,1,293),
(2152,1,555),
(2153,1,279),
(2154,1,746),
(2155,1,873),
(2156,1,818),
(2157,1,641),
(2158,1,676),
(2160,1,2000),
(2162,1,606),
(2163,1,414),
(2164,1,200),
(2165,1,200),
(2166,1,469),
(2284,1,1425),
(2286,1,1427),
(2288,1,1418),
(2290,1,1472),
(2292,1,815),
(2293,1,900),
(2294,1,1451),
(2295,1,1570),
(2297,1,1448),
(2299,1,980),
(2301,1,1330),
(2303,1,1699),
(2304,1,827),
(2306,1,1222),
(2308,1,1054),
(2310,1,410),
(2312,1,754),
(2314,1,1836),
(2316,1,408),
(2318,1,983),
(2320,1,1692),
(2322,1,573),
(2324,1,842),
(2325,1,748),
(2327,1,1170),
(2329,1,1884),
(2330,1,933),
(2332,1,1494),
(2333,1,1964),
(2334,1,9859),
(2335,1,606),
(2337,1,782),
(2339,1,203),
(2340,1,1174),
(2341,1,280),
(2343,1,382),
(2345,1,620),
(2346,1,500),
(2348,2,1889),
(2351,2,3012),
(2359,2,2007),
(2369,2,1881),
(2381,2,1878),
(2385,2,2384),
(2396,1,817),
(2397,1,462),
(2398,1,1139),
(2399,1,778),
(2402,1,2440),
(2404,1,604),
(2406,1,700),
(2408,1,2119),
(2409,1,1050),
(2411,1,1803),
(2412,1,1437),
(2414,1,775),
(2416,1,1995),
(2418,1,615),
(2420,1,906),
(2422,1,1565),
(2424,1,1254),
(2426,1,2147),
(2428,1,4200),
(2432,1,2623),
(2434,1,600),
(2436,1,1063),
(2438,1,540),
(2441,1,525),
(2443,1,740),
(2444,1,518),
(2446,1,2045),
(2448,1,1501),
(2450,1,821),
(2452,1,1396),
(2454,1,2874),
(2455,1,1460),
(2460,1,2442),
(2462,1,774),
(2464,1,1210),
(2466,1,1612),
(2467,1,869),
(2469,1,1404),
(2471,1,631),
(2473,1,864),
(2475,1,768),
(2477,1,816),
(2478,1,1746),
(2480,1,449),
(2482,1,1139),
(2484,1,670),
(2486,1,2821),
(2488,1,418),
(2489,1,1767),
(2490,1,718),
(2492,1,7731),
(2494,1,1731),
(2496,1,772),
(2497,1,3051),
(2499,1,778),
(2501,1,692),
(2505,1,839),
(2506,1,398),
(2508,1,724),
(2510,1,1285),
(2512,1,567),
(2514,1,1006),
(2518,2,7330),
(2521,1,1322),
(2523,1,2380),
(2525,1,87),
(2527,1,403),
(2528,1,452),
(2530,1,670),
(2532,1,1420),
(2533,1,1300),
(2535,1,983),
(2536,1,1283),
(2538,1,300),
(2540,1,341),
(2541,1,1064),
(2543,1,50),
(2544,1,300),
(2546,1,590),
(2547,1,483),
(2548,1,670),
(2549,1,737),
(2552,1,450),
(2554,1,767),
(2556,1,3019),
(2558,1,1474),
(2559,1,470),
(2753,1,631),
(2755,1,631),
(2757,1,621),
(2759,1,609),
(2761,1,535),
(2762,1,1541),
(2768,2,2083),
(2774,2,2491),
(2776,2,2986),
(2777,2,2855),
(2778,1,2363),
(2780,1,350),
(2782,1,189),
(2786,1,358),
(2787,1,307),
(2789,1,707),
(2790,1,417),
(2792,1,105),
(2793,1,120),
(2795,1,1100),
(2797,1,678),
(2800,1,628),
(2802,1,921),
(2804,1,750),
(2808,1,1161),
(2810,1,1094),
(2813,1,1191),
(2814,1,630),
(2816,1,951),
(2817,1,1102),
(2819,1,1055),
(2821,1,505),
(2823,1,1745),
(2824,1,580),
(2826,1,450),
(2827,1,450);


DROP TABLE IF EXISTS `inventory_orders_refund`;

CREATE ALGORITHM=UNDEFINED DEFINER=`root`@`localhost` SQL SECURITY DEFINER VIEW `inventory_orders_refund` AS select `products`.`iD` AS `ProductID`,`warehouse`.`iD` AS `WarehouseID`,sum(`order_refunds_order_details`.`quantity`) AS `quantity` from ((`products` join `order_refunds_order_details` on(`products`.`iD` = `order_refunds_order_details`.`ProductID`)) join `warehouse` on(`warehouse`.`iD` = `order_refunds_order_details`.`WarehouseID`)) group by `products`.`iD`,`warehouse`.`iD`;

INSERT INTO `inventory_orders_refund` VALUES (1402,1,32),
(1405,1,630),
(1419,1,30),
(1422,1,600),
(1704,1,27),
(2073,1,3566),
(2074,1,2063),
(2075,1,2179),
(2094,1,300),
(2124,1,616),
(2314,1,1827),
(2402,1,90),
(2460,1,806),
(2523,1,1190),
(2544,1,300);


DROP TABLE IF EXISTS `inventory_output`;

CREATE ALGORITHM=UNDEFINED DEFINER=`root`@`localhost` SQL SECURITY DEFINER VIEW `inventory_output` AS select `products`.`iD` AS `ProductID`,`warehouse`.`iD` AS `WarehouseID`,sum(`products_outputs_details`.`quantity`) AS `quantity` from (((`products_outputs_details` join `products` on(`products`.`iD` = `products_outputs_details`.`ProductID`)) join `products_outputs` on(`products_outputs`.`iD` = `products_outputs_details`.`ProductOutputID`)) join `warehouse` on(`warehouse`.`iD` = `products_outputs`.`WarehouseID`)) group by `products`.`iD`,`warehouse`.`iD`;

INSERT INTO `inventory_output` VALUES (1402,1,88),
(1405,1,1982),
(1414,1,512),
(1502,2,721),
(1503,2,287),
(1504,2,654),
(1505,2,336),
(1506,2,452),
(1507,2,395),
(1511,2,718),
(1512,2,555),
(1513,2,947),
(1514,1,1556),
(1514,2,1630),
(1515,2,777),
(1516,2,2393),
(1517,2,543),
(1518,2,1167),
(1519,2,2544),
(1520,2,621),
(1521,2,936),
(1522,2,950),
(1529,2,370),
(1530,2,372),
(1532,2,426),
(1536,2,269),
(1538,2,373),
(1539,2,236),
(1540,2,602),
(1542,2,1173),
(1543,1,232),
(1546,1,270),
(1549,1,354),
(1551,1,461),
(1552,1,390),
(1553,1,316),
(1568,1,370),
(1569,1,218),
(1572,1,420),
(1576,1,300),
(1581,1,500),
(1582,1,501),
(1583,1,487),
(1585,1,2),
(1586,1,468),
(1587,1,323),
(1590,1,269),
(1593,1,383),
(1595,1,490),
(1597,1,288),
(1598,1,398),
(1599,1,278),
(1604,1,387),
(1607,1,650),
(1608,1,356),
(1611,1,375),
(1616,1,541),
(1619,1,327),
(1625,1,336),
(1627,1,2691),
(1632,1,183),
(1633,1,211),
(1655,1,575),
(1656,1,4867),
(1657,1,1602),
(1658,1,1141),
(1679,2,1213),
(1680,2,1737),
(1681,2,11105),
(1682,2,4976),
(1683,2,8407),
(1684,2,8971),
(1685,1,1541),
(1687,1,4316),
(1723,1,7),
(1725,1,36),
(1727,1,29),
(1731,1,48),
(1734,1,37),
(1738,1,33),
(1740,1,31),
(1745,1,119),
(1749,1,142),
(1765,1,86),
(1769,1,81),
(1770,1,210),
(1771,1,10),
(1774,1,10),
(1797,1,236),
(1804,1,490),
(1805,1,510),
(1806,1,270),
(1807,1,88),
(1808,1,513),
(1809,1,461),
(1810,1,500),
(1811,1,458),
(1813,1,96),
(1815,1,101),
(1819,2,7167),
(1824,2,24780),
(1825,2,9214),
(1826,2,5018),
(1827,2,8503),
(1828,2,9303),
(1830,2,6583),
(1850,1,3152),
(1852,1,995),
(1875,1,3027),
(1877,1,6415),
(1909,2,2887),
(1910,2,16569),
(1911,2,15288),
(1912,2,22740),
(1913,2,25088),
(1914,2,8171),
(1915,2,4886),
(1916,2,3674),
(1917,2,5453),
(1918,2,4953),
(1919,2,5010),
(1920,2,8643),
(1921,2,6570),
(1922,2,4853),
(1923,2,2732),
(1924,2,3902),
(1925,2,5500),
(1926,2,3615),
(1927,2,2947),
(2065,2,5889),
(2076,2,2816),
(2084,2,4272),
(2085,2,5128),
(2119,2,6937),
(2120,2,5225),
(2121,2,31372),
(2122,2,8902),
(2123,2,2541),
(2173,2,1173),
(2174,2,1173),
(2181,2,994),
(2187,2,775),
(2191,2,1664),
(2196,2,951),
(2200,2,1205),
(2201,2,1209),
(2202,2,1725),
(2204,2,2010),
(2205,2,860),
(2206,2,1516),
(2207,2,800),
(2208,2,459),
(2209,2,780),
(2213,2,1005),
(2214,2,1176),
(2215,2,1517),
(2216,2,432),
(2217,2,585),
(2219,2,913),
(2221,2,684),
(2222,2,412),
(2223,2,583),
(2224,2,414),
(2228,2,1630),
(2229,2,1607),
(2230,2,1627),
(2232,2,1495),
(2233,2,1),
(2234,2,643),
(2236,2,1500),
(2240,2,1205),
(2241,2,2029),
(2242,2,1535),
(2243,2,1658),
(2244,2,1745),
(2246,2,1086),
(2247,2,1306),
(2248,2,1782),
(2249,2,1000),
(2250,2,765),
(2251,2,1333),
(2252,2,1265),
(2253,2,1),
(2254,2,1451),
(2255,2,1440),
(2256,2,1445),
(2257,2,1450),
(2259,2,834),
(2260,2,1445),
(2261,2,1448),
(2262,2,1450),
(2263,2,1450),
(2264,2,1450),
(2265,2,1452),
(2266,2,1460),
(2267,2,1477),
(2269,2,1450),
(2270,2,1453),
(2271,2,1452),
(2272,2,2290),
(2273,2,1520),
(2278,2,1510),
(2350,2,1422),
(2352,2,2626),
(2355,2,2346),
(2357,2,1084),
(2358,2,2677),
(2363,2,1421),
(2364,2,807),
(2365,2,3194),
(2368,2,2594),
(2371,2,1773),
(2372,2,1998),
(2373,2,1469),
(2376,2,2126),
(2377,2,2551),
(2378,2,2002),
(2380,2,2334),
(2382,2,1420),
(2384,2,1522),
(2386,2,2555),
(2387,2,2117),
(2388,2,810),
(2390,2,2987),
(2391,2,1304),
(2393,2,2246),
(2519,2,2070),
(2520,2,10410),
(2566,2,636),
(2575,2,650),
(2582,2,643),
(2600,2,649),
(2601,2,643),
(2604,2,668),
(2677,2,758),
(2678,2,751),
(2688,2,925),
(2699,2,640),
(2710,2,890),
(2714,2,1039),
(2720,1,2217),
(2720,2,2217),
(2723,2,2211),
(2733,2,1360),
(2739,2,1810);
